email,type_contact,department,category,source_url,page_title,query
crip03@allier.fr,protection_enfance,allier,CRIP protection enfance ASE,https://www.allier.fr/741-enfance-en-danger.htm,Enfance en danger - Conseil Departemental de l'Allier,manual public source: CRIP protection enfance ASE
pij.moulins@ville-moulins.fr,jeunesse_loisirs,allier,PIJ information jeunesse,https://lannuaire.service-public.gouv.fr/auvergne-rhone-alpes/allier/bf2be535-22c1-4c9d-ab44-4429bd9e5bfe,Point information jeunesse - Moulins,official source: Annuaire de l'administration Service-public.fr
pij.varennes@viltais.eu,jeunesse_loisirs,allier,PIJ information jeunesse,https://lannuaire.service-public.gouv.fr/auvergne-rhone-alpes/allier/2923507b-c384-4649-aa01-84b96ac0524e,Point information jeunesse - Varennes-sur-Allier,official source: Annuaire de l'administration Service-public.fr
pij@ville-gannat.fr,jeunesse_loisirs,allier,PIJ information jeunesse,https://lannuaire.service-public.gouv.fr/auvergne-rhone-alpes/allier/f21daa64-b904-40ad-8781-5aa092d12662,Point information jeunesse - Gannat,official source: Annuaire de l'administration Service-public.fr
pijcommentry@wanadoo.fr,jeunesse_loisirs,allier,PIJ information jeunesse,https://lannuaire.service-public.gouv.fr/auvergne-rhone-alpes/allier/bbb9ddc1-317f-499d-addf-41b479ca4024,Point information jeunesse - Commentry,official source: Annuaire de l'administration Service-public.fr
pointcyb.montlucon@wanadoo.fr,jeunesse_loisirs,allier,PIJ information jeunesse,https://lannuaire.service-public.gouv.fr/auvergne-rhone-alpes/allier/1f45380a-3735-496f-a069-d62c7b310028,Point information jeunesse - Montluçon,official source: Annuaire de l'administration Service-public.fr
accueil-montbeugny@orange.fr,collectivite_administration,allier,administration collectivite service public,https://lannuaire.service-public.gouv.fr/auvergne-rhone-alpes/allier/d7183762-1d69-4da3-a28d-ef45f49f44eb,Centre communal d'action sociale (CCAS) - Montbeugny,official source: Annuaire de l'administration Service-public.fr
accueil.moulins@justice.fr,collectivite_administration,allier,administration collectivite service public,https://lannuaire.service-public.gouv.fr/auvergne-rhone-alpes/allier/78f5bfb7-e128-45a4-8f70-9ab85df66327,Tribunal judiciaire de Moulins,official source: Annuaire de l'administration Service-public.fr
accueil.tj-cusset@justice.fr,collectivite_administration,allier,administration collectivite service public,https://lannuaire.service-public.gouv.fr/auvergne-rhone-alpes/allier/61452cc0-c031-48ac-a803-66a34b30f635,Tribunal judiciaire de Cusset,official source: Annuaire de l'administration Service-public.fr
accueil@ccspsl.fr,collectivite_administration,allier,administration collectivite service public,https://lannuaire.service-public.gouv.fr/auvergne-rhone-alpes/allier/85039543-6ba3-464f-944e-7b24507e2e3c,Communauté de communes - Saint-Pourçain Sioule Limagne,official source: Annuaire de l'administration Service-public.fr
accueil@mjcmontlucon.fr,collectivite_administration,allier,administration collectivite service public,https://lannuaire.service-public.gouv.fr/auvergne-rhone-alpes/allier/9edb4681-2f6c-48b3-8534-40c4bd7a3c1e,France services - Montluçon,official source: Annuaire de l'administration Service-public.fr
accueil@vichy-communaute.fr,collectivite_administration,allier,administration collectivite service public,https://lannuaire.service-public.gouv.fr/auvergne-rhone-alpes/allier/bd0f190a-8582-44ca-9210-e1de5a9aeed6,Communauté d'agglomération - Vichy Communauté,official source: Annuaire de l'administration Service-public.fr
archives@allier.fr,collectivite_administration,allier,administration collectivite service public,https://lannuaire.service-public.gouv.fr/auvergne-rhone-alpes/allier/62f65f2b-d07a-416f-91fc-64c618d31137,Archives départementales - Allier,official source: Annuaire de l'administration Service-public.fr
ars-dt03-delegue-territorial@ars.sante.fr,collectivite_administration,allier,administration collectivite service public,https://lannuaire.service-public.gouv.fr/auvergne-rhone-alpes/allier/80c99cf2-ac09-4ef4-93b0-810cd4d59343,Agence régionale de santé (ARS) - Délégation départementale - Allier,official source: Annuaire de l'administration Service-public.fr
autonomie-tsdmontlucon@allier.fr,collectivite_administration,allier,administration collectivite service public,https://lannuaire.service-public.gouv.fr/auvergne-rhone-alpes/allier/80c632f1-2cf0-4b8c-85cc-8704917ca8c3,Point d'information local dédié aux personnes âgées - Montluçon,official source: Annuaire de l'administration Service-public.fr
auvergne@profession-sport-loisirs.fr,collectivite_administration,allier,administration collectivite service public,https://lannuaire.service-public.gouv.fr/auvergne-rhone-alpes/allier/8f310b45-0d7a-49d2-9658-826c25dcfe00,Centre de ressources et d'information des bénévoles (CRIB) - Profession sport et loisirs d'Auvergne,official source: Annuaire de l'administration Service-public.fr
bda-coulandon@allier.fr,collectivite_administration,allier,administration collectivite service public,https://lannuaire.service-public.gouv.fr/auvergne-rhone-alpes/allier/ed3c3e85-04fc-4b04-b40b-119ae2ebe150,Médiathèque départementale - Allier,official source: Annuaire de l'administration Service-public.fr
bourbonnet@allier.fr,collectivite_administration,allier,administration collectivite service public,https://lannuaire.service-public.gouv.fr/auvergne-rhone-alpes/allier/5e049b88-07d3-4b34-b6c8-f1d1c0ae66ea,France services - Moulins (itinérant),official source: Annuaire de l'administration Service-public.fr
capeb.allier@orange.fr,collectivite_administration,allier,administration collectivite service public,https://lannuaire.service-public.gouv.fr/auvergne-rhone-alpes/allier/4f0c5eb4-9479-465b-8040-4baa72149918,Confédération départementale de l'artisanat et des petites entreprises du bâtiment  (Capeb) - Allier,official source: Annuaire de l'administration Service-public.fr
ccas-amd@orange.fr,collectivite_administration,allier,administration collectivite service public,https://lannuaire.service-public.gouv.fr/auvergne-rhone-alpes/allier/fbab5414-17e6-4567-a971-bae260fe542f,Centre communal d'action sociale (CCAS) - Néris-les-Bains,official source: Annuaire de l'administration Service-public.fr
ccas@ville-bellerive.com,collectivite_administration,allier,administration collectivite service public,https://lannuaire.service-public.gouv.fr/auvergne-rhone-alpes/allier/894575ea-27d7-4f6e-a446-4bbc040797b2,Centre communal d'action sociale (CCAS) - Bellerive-sur-Allier,official source: Annuaire de l'administration Service-public.fr
ccas@ville-commentry.fr,collectivite_administration,allier,administration collectivite service public,https://lannuaire.service-public.gouv.fr/auvergne-rhone-alpes/allier/5add5deb-157f-4380-ad22-770f7e3a120f,Centre communal d'action sociale (CCAS) - Commentry,official source: Annuaire de l'administration Service-public.fr
ccas@ville-gannat.fr,collectivite_administration,allier,administration collectivite service public,https://lannuaire.service-public.gouv.fr/auvergne-rhone-alpes/allier/0d9b07aa-2e0f-446a-b7a0-72da8a695e4b,Centre communal d'action sociale (CCAS) - Gannat,official source: Annuaire de l'administration Service-public.fr
ccas@ville-moulins.fr,collectivite_administration,allier,administration collectivite service public,https://lannuaire.service-public.gouv.fr/auvergne-rhone-alpes/allier/7de5e9c9-d083-414c-bfc0-8b0fdace17ad,Centre communal d'action sociale (CCAS) - Moulins Allier,official source: Annuaire de l'administration Service-public.fr
ccas@ville-saint-pourcain-sur-sioule.com,collectivite_administration,allier,administration collectivite service public,https://lannuaire.service-public.gouv.fr/auvergne-rhone-alpes/allier/21af0cae-bf1b-4727-b90b-60174d25ec6d,Centre communal d'action sociale (CCAS) - Saint-Pourçain-sur-Sioule,official source: Annuaire de l'administration Service-public.fr
ccas@ville-yzeure.com,collectivite_administration,allier,administration collectivite service public,https://lannuaire.service-public.gouv.fr/auvergne-rhone-alpes/allier/3482f51b-eff9-4c89-af5b-3209dbfc52c3,Centre communal d'action sociale (CCAS) - Yzeure,official source: Annuaire de l'administration Service-public.fr
cd.03@ordre.medecin.fr,collectivite_administration,allier,administration collectivite service public,https://lannuaire.service-public.gouv.fr/auvergne-rhone-alpes/allier/4ade6f4f-0542-499f-898e-1b039fc84980,Conseil départemental de l'ordre des médecins - Allier,official source: Annuaire de l'administration Service-public.fr
cda.03@allier.chambagri.fr,collectivite_administration,allier,administration collectivite service public,https://lannuaire.service-public.gouv.fr/auvergne-rhone-alpes/allier/bb5e8528-0ff4-473b-899d-f08ef0349286,Chambre d'agriculture - Allier,official source: Annuaire de l'administration Service-public.fr
cdad-allier@justice.fr,collectivite_administration,allier,administration collectivite service public,https://lannuaire.service-public.gouv.fr/auvergne-rhone-alpes/allier/5f805135-1b7b-4383-98b1-8e5f1054ed2e,Conseil départemental d'accès au droit de l'Allier,official source: Annuaire de l'administration Service-public.fr
cerilly@france-services.gouv.fr,collectivite_administration,allier,administration collectivite service public,https://lannuaire.service-public.gouv.fr/auvergne-rhone-alpes/allier/8d036b66-5e4a-4eb2-b2b6-1727e41ede95,France services - Cérilly,official source: Annuaire de l'administration Service-public.fr
cidff.03@orange.fr,collectivite_administration,allier,administration collectivite service public,https://lannuaire.service-public.gouv.fr/auvergne-rhone-alpes/allier/82199f8a-8676-4a6e-b838-49751144cdce,Centre d'information sur les droits des femmes et des familles (CIDFF) - Allier,official source: Annuaire de l'administration Service-public.fr
cio.montlucon@ac-clermont.fr,collectivite_administration,allier,administration collectivite service public,https://lannuaire.service-public.gouv.fr/auvergne-rhone-alpes/allier/7d1f1def-b211-4158-bc19-05fdc44706b8,Centre d'information et d'orientation (CIO) - Montluçon,official source: Annuaire de l'administration Service-public.fr
cio.vichy-cusset@ac-clermont.fr,collectivite_administration,allier,administration collectivite service public,https://lannuaire.service-public.gouv.fr/auvergne-rhone-alpes/allier/9f768aa3-4f1a-4fb4-9bc8-c856888af483,Centre d'information et d'orientation (CIO) - Vichy,official source: Annuaire de l'administration Service-public.fr
cio.yzeure@ac-clermont.fr,collectivite_administration,allier,administration collectivite service public,https://lannuaire.service-public.gouv.fr/auvergne-rhone-alpes/allier/a9f260d0-608a-41eb-8a10-6c6e4f3a2391,Centre d'information et d'orientation (CIO) - Yzeure,official source: Annuaire de l'administration Service-public.fr
cmnc@cmnc03.fr,collectivite_administration,allier,administration collectivite service public,https://lannuaire.service-public.gouv.fr/auvergne-rhone-alpes/allier/8d068ead-d162-4dc1-a0f3-0438d5e0279a,Communauté de communes - Commentry Montmarault Néris Communauté,official source: Annuaire de l'administration Service-public.fr
cnfpt.allier@cnfpt.fr,collectivite_administration,allier,administration collectivite service public,https://lannuaire.service-public.gouv.fr/auvergne-rhone-alpes/allier/1687f952-27b6-48f1-9072-66917a018adf,Centre national de la fonction publique territoriale (CNFPT) - Antenne départementale - Allier,official source: Annuaire de l'administration Service-public.fr
codefi.ccsf03@dgfip.finances.gouv.fr,collectivite_administration,allier,administration collectivite service public,https://lannuaire.service-public.gouv.fr/auvergne-rhone-alpes/allier/a333a558-0cfb-4fb7-8b16-f70394f3084f,Commission des chefs de services financiers (CCSF) - Allier,official source: Annuaire de l'administration Service-public.fr
comcom@paysdetroncais.fr,collectivite_administration,allier,administration collectivite service public,https://lannuaire.service-public.gouv.fr/auvergne-rhone-alpes/allier/5e727590-45d0-45e2-85e2-50ababa7c440,Communauté de communes - Pays de Tronçais,official source: Annuaire de l'administration Service-public.fr
conciliateurfiscal03@dgfip.finances.gouv.fr,collectivite_administration,allier,administration collectivite service public,https://lannuaire.service-public.gouv.fr/auvergne-rhone-alpes/allier/58f9e5b8-26e0-44d1-bbf5-f1abe553ff82,Conciliateur fiscal départemental - Allier,official source: Annuaire de l'administration Service-public.fr
contact.agglo@agglo-moulins.fr,collectivite_administration,allier,administration collectivite service public,https://lannuaire.service-public.gouv.fr/auvergne-rhone-alpes/allier/7c1ae671-e9af-4b4b-b4fb-cc80ad8fa9df,Communauté d'agglomération - Moulins communauté,official source: Annuaire de l'administration Service-public.fr
contact.allier@cma-auvergnerhonealpes.fr,collectivite_administration,allier,administration collectivite service public,https://lannuaire.service-public.gouv.fr/auvergne-rhone-alpes/allier/f7ccdb6a-9978-44a9-9b7a-a04a2b691bfb,Chambre de métiers et de l'artisanat (CMA) - Allier,official source: Annuaire de l'administration Service-public.fr
contact.atelier03@reseau-canope.fr,collectivite_administration,allier,administration collectivite service public,https://lannuaire.service-public.gouv.fr/auvergne-rhone-alpes/allier/941b289b-9212-40d8-a1cc-795b208482fa,Atelier Canopé 03 - Moulins,official source: Annuaire de l'administration Service-public.fr
contact@adil03.org,collectivite_administration,allier,administration collectivite service public,https://lannuaire.service-public.gouv.fr/auvergne-rhone-alpes/allier/0a33c202-1eb8-40d3-98b8-2d0bce59044f,Agence départementale d'information sur le logement (ADIL) - Allier - Vichy,official source: Annuaire de l'administration Service-public.fr
contact@agglo-montlucon.fr,collectivite_administration,allier,administration collectivite service public,https://lannuaire.service-public.gouv.fr/auvergne-rhone-alpes/allier/421d109f-86fe-4f13-81d0-181a17eb15f0,Communauté d'agglomération - Montluçon Communauté,official source: Annuaire de l'administration Service-public.fr
contact@allier.cci.fr,collectivite_administration,allier,administration collectivite service public,https://lannuaire.service-public.gouv.fr/auvergne-rhone-alpes/allier/b9b43306-edce-498d-b85a-a81890683841,Chambre de commerce et d'industrie (CCI) 03 - Allier - Délégation de Montluçon,official source: Annuaire de l'administration Service-public.fr
contact@caue03.fr,collectivite_administration,allier,administration collectivite service public,https://lannuaire.service-public.gouv.fr/auvergne-rhone-alpes/allier/a1ab71ae-2c5e-4b88-bd2a-3ec70124d947,"Conseil d'architecture, d'urbanisme et de l'environnement (CAUE) - Allier",official source: Annuaire de l'administration Service-public.fr
contact@cc-pays-huriel.com,collectivite_administration,allier,administration collectivite service public,https://lannuaire.service-public.gouv.fr/auvergne-rhone-alpes/allier/4ced9a02-3ba4-4d1b-a392-25e6a5448093,Communauté de communes - Pays d'Huriel,official source: Annuaire de l'administration Service-public.fr
contact@cc-paysdelapalisse.fr,collectivite_administration,allier,administration collectivite service public,https://lannuaire.service-public.gouv.fr/auvergne-rhone-alpes/allier/333ca82c-626a-4f05-a46c-74e79e0abe7e,Communauté de communes - Pays de Lapalisse,official source: Annuaire de l'administration Service-public.fr
contact@ccbb.fr,collectivite_administration,allier,administration collectivite service public,https://lannuaire.service-public.gouv.fr/auvergne-rhone-alpes/allier/1a06c556-12c6-470d-bc74-3929fc79193f,Communauté de communes - Bocage Bourbonnais,official source: Annuaire de l'administration Service-public.fr
contact@greta-doreallier.fr,collectivite_administration,allier,administration collectivite service public,https://lannuaire.service-public.gouv.fr/auvergne-rhone-alpes/allier/5d61140b-75ec-40e2-a746-02b0fcd9c2c1,Greta Bassin Dore Allier - Cusset,official source: Annuaire de l'administration Service-public.fr
contact@interco-abl.fr,collectivite_administration,allier,administration collectivite service public,https://lannuaire.service-public.gouv.fr/auvergne-rhone-alpes/allier/4ca3cd61-cb44-4afb-857e-6ca95f90d60c,Communauté de communes - Entr'Allier Besbre et Loire,official source: Annuaire de l'administration Service-public.fr
contact@sdis03.fr,collectivite_administration,allier,administration collectivite service public,https://lannuaire.service-public.gouv.fr/auvergne-rhone-alpes/allier/c390c235-d4e3-4859-a880-8357d174b9ee,Service départemental d'incendie et de secours (SDIS) - Allier,official source: Annuaire de l'administration Service-public.fr
contact@udaf03.fr,collectivite_administration,allier,administration collectivite service public,https://lannuaire.service-public.gouv.fr/auvergne-rhone-alpes/allier/92425ec1-c408-44f5-b0d9-0435339126d6,Point info famille - Moulins,official source: Annuaire de l'administration Service-public.fr
contact@valdecher.fr,collectivite_administration,allier,administration collectivite service public,https://lannuaire.service-public.gouv.fr/auvergne-rhone-alpes/allier/6ad0d449-cd8a-4bb7-9073-8a0ab825263a,Communauté de communes - Val de Cher,official source: Annuaire de l'administration Service-public.fr
contact@ville-saint-pourcain-sur-sioule.com,collectivite_administration,allier,administration collectivite service public,https://lannuaire.service-public.gouv.fr/auvergne-rhone-alpes/allier/046ccbfa-a2ab-46d1-ab7e-187efd03d516,Centre communal d'action sociale (CCAS) - Châtel-de-Neuvre,official source: Annuaire de l'administration Service-public.fr
contactfederation@d03.ffbatiment.fr,collectivite_administration,allier,administration collectivite service public,https://lannuaire.service-public.gouv.fr/auvergne-rhone-alpes/allier/54ff2132-f1db-4d93-877e-cc1d4b55e0e1,Fédération française du bâtiment (FFB) - Allier,official source: Annuaire de l'administration Service-public.fr
cph-montlucon@justice.fr,collectivite_administration,allier,administration collectivite service public,https://lannuaire.service-public.gouv.fr/auvergne-rhone-alpes/allier/a334979f-8e0b-4142-961c-2ad75e940d06,Conseil de prud'hommes de Montluçon,official source: Annuaire de l'administration Service-public.fr
cph-moulins@justice.fr,collectivite_administration,allier,administration collectivite service public,https://lannuaire.service-public.gouv.fr/auvergne-rhone-alpes/allier/16c9572a-7467-4aab-b898-b6311b990a0e,Conseil de prud'hommes de Moulins,official source: Annuaire de l'administration Service-public.fr
cph-vichy@justice.fr,collectivite_administration,allier,administration collectivite service public,https://lannuaire.service-public.gouv.fr/auvergne-rhone-alpes/allier/df2675f4-ca7b-4bd5-8701-1478126353ce,Conseil de prud'hommes de Vichy,official source: Annuaire de l'administration Service-public.fr
cv@cdg03.fr,collectivite_administration,allier,administration collectivite service public,https://lannuaire.service-public.gouv.fr/auvergne-rhone-alpes/allier/8de9adf4-ac74-4f62-91aa-27b21308002d,Centre de gestion de la fonction publique territoriale - Allier,official source: Annuaire de l'administration Service-public.fr
ddetspp-ddfe@allier.gouv.fr,collectivite_administration,allier,administration collectivite service public,https://lannuaire.service-public.gouv.fr/auvergne-rhone-alpes/allier/d779e641-9860-40e1-8b63-bf5ab337b934,Délégation départementale aux droits des femmes et à l'égalité (DDDFE) - Allier,official source: Annuaire de l'administration Service-public.fr
ddetspp@allier.gouv.fr,collectivite_administration,allier,administration collectivite service public,https://lannuaire.service-public.gouv.fr/auvergne-rhone-alpes/allier/602255ce-834e-4389-87c0-2a329aa00757,"Direction départementale de l'emploi, du travail, des solidarités et de la protection des populations (DDETSPP) - Allier",official source: Annuaire de l'administration Service-public.fr
ddfip03@dgfip.finances.gouv.fr,collectivite_administration,allier,administration collectivite service public,https://lannuaire.service-public.gouv.fr/auvergne-rhone-alpes/allier/d9e9b641-dd49-40d6-9788-4751772e168b,Direction départementale des finances publiques (DDFIP) - Allier,official source: Annuaire de l'administration Service-public.fr
ddt@allier.gouv.fr,collectivite_administration,allier,administration collectivite service public,https://lannuaire.service-public.gouv.fr/auvergne-rhone-alpes/allier/eae987c2-fdd9-4a07-9aa1-1e94bdd7d9df,Commission départementale de conciliation - Allier,official source: Annuaire de l'administration Service-public.fr
direction03@safer-aura.fr,collectivite_administration,allier,administration collectivite service public,https://lannuaire.service-public.gouv.fr/auvergne-rhone-alpes/allier/ebb52c15-0855-4660-b14d-90c246daed07,Société d'aménagement foncier et d'établissement rural (Safer) - Allier,official source: Annuaire de l'administration Service-public.fr
dmd03.cmi.fct@intradef.gouv.fr,collectivite_administration,allier,administration collectivite service public,https://lannuaire.service-public.gouv.fr/auvergne-rhone-alpes/allier/08dbc20d-c076-4906-82de-77602a132aec,Délégation militaire départementale (DMD) - Allier,official source: Annuaire de l'administration Service-public.fr
federation-peche-allier@wanadoo.fr,collectivite_administration,allier,administration collectivite service public,https://lannuaire.service-public.gouv.fr/auvergne-rhone-alpes/allier/28b50344-ff4d-428f-b9a9-ab6bd908d751,Fédération départementale pour la pêche et la protection du milieu aquatique - Allier,official source: Annuaire de l'administration Service-public.fr
france-services-sp-montluçon@orange.fr,collectivite_administration,allier,administration collectivite service public,https://lannuaire.service-public.gouv.fr/auvergne-rhone-alpes/allier/05ebb5fd-9ee8-4426-b4aa-887827b35781,France services - Montluçon,official source: Annuaire de l'administration Service-public.fr
francerenovallier@allier.fr,collectivite_administration,allier,administration collectivite service public,https://lannuaire.service-public.gouv.fr/auvergne-rhone-alpes/allier/64b8ac41-3a79-485c-acd7-1440f646c487,Agence nationale de l'habitat (Anah) - Délégation locale - Allier,official source: Annuaire de l'administration Service-public.fr
franceservices.dompierre@interco-abl.fr,collectivite_administration,allier,administration collectivite service public,https://lannuaire.service-public.gouv.fr/auvergne-rhone-alpes/allier/e73d4f09-ef25-49dc-bd77-f86f57ec3c7b,France services - Dompierre-sur-Besbre,official source: Annuaire de l'administration Service-public.fr
franceservices.ledonjon@interco-abl.fr,collectivite_administration,allier,administration collectivite service public,https://lannuaire.service-public.gouv.fr/auvergne-rhone-alpes/allier/bd27b547-22b0-4191-bf91-e596eda506bb,France services - Le Donjon,official source: Annuaire de l'administration Service-public.fr
franceservices.varennes@interco-abl.fr,collectivite_administration,allier,administration collectivite service public,https://lannuaire.service-public.gouv.fr/auvergne-rhone-alpes/allier/4d0cd1e1-dc32-4356-b460-2706f9cf9dfc,France services - Varennes-sur-Allier,official source: Annuaire de l'administration Service-public.fr
franceservices@ccbb.fr,collectivite_administration,allier,administration collectivite service public,https://lannuaire.service-public.gouv.fr/auvergne-rhone-alpes/allier/03da85d8-0cfd-4045-a797-9deb16f1409b,France services - Le Montet,official source: Annuaire de l'administration Service-public.fr
franceservices@ccspsl.fr,collectivite_administration,allier,administration collectivite service public,https://lannuaire.service-public.gouv.fr/auvergne-rhone-alpes/allier/60ef27b3-106f-44e7-9dce-00f05009e8dc,France services - Ébreuil (itinérant),official source: Annuaire de l'administration Service-public.fr
franceservices@ville-commentry.fr,collectivite_administration,allier,administration collectivite service public,https://lannuaire.service-public.gouv.fr/auvergne-rhone-alpes/allier/faa9ac50-1d4d-4ff5-9ea2-4b375af3d5dc,France services - Commentry,official source: Annuaire de l'administration Service-public.fr
g.davaud@vichy-communaute.fr,collectivite_administration,allier,administration collectivite service public,https://lannuaire.service-public.gouv.fr/auvergne-rhone-alpes/allier/72031ad3-d01c-41b8-b5e2-a08f8942a64e,France services - Saint-Germain-des-Fossés,official source: Annuaire de l'administration Service-public.fr
greta-nord-allier@ac-clermont.fr,collectivite_administration,allier,administration collectivite service public,https://lannuaire.service-public.gouv.fr/auvergne-rhone-alpes/allier/a3b4abfa-142a-4d09-a751-bb32fcc40996,Greta Nord Allier - Yzeure,official source: Annuaire de l'administration Service-public.fr
greta.bc@ac-clermont.fr,collectivite_administration,allier,administration collectivite service public,https://lannuaire.service-public.gouv.fr/auvergne-rhone-alpes/allier/e4fb930f-29a0-4493-b45e-c1f49bf0f57b,Greta Bourbonnais-Combraille - Montluçon,official source: Annuaire de l'administration Service-public.fr
habitat@vichy-communaute.fr,collectivite_administration,allier,administration collectivite service public,https://lannuaire.service-public.gouv.fr/auvergne-rhone-alpes/allier/d6bb621e-b477-4de8-a929-70e8a0d4e281,Espace conseil France Rénov' - Vichy,official source: Annuaire de l'administration Service-public.fr
marcillatrelaisservicespublics@orange.fr,collectivite_administration,allier,administration collectivite service public,https://lannuaire.service-public.gouv.fr/auvergne-rhone-alpes/allier/6971a07d-4bdf-4779-909c-543396daf852,France services - Marcillat-en-Combraille,official source: Annuaire de l'administration Service-public.fr
mfs-yzeure@allier.fr,collectivite_administration,allier,administration collectivite service public,https://lannuaire.service-public.gouv.fr/auvergne-rhone-alpes/allier/9c957e03-d054-4944-9cca-a6691d60c81e,France services - Yzeure,official source: Annuaire de l'administration Service-public.fr
msap@vichy-communaute.fr,collectivite_administration,allier,administration collectivite service public,https://lannuaire.service-public.gouv.fr/auvergne-rhone-alpes/allier/6827f06f-3c22-45b8-b40f-c8fac2e1c1d3,France services - Le Mayet-de-Montagne,official source: Annuaire de l'administration Service-public.fr
msapmontmarault@adem03.fr,collectivite_administration,allier,administration collectivite service public,https://lannuaire.service-public.gouv.fr/auvergne-rhone-alpes/allier/179ba01a-a31f-459d-acb1-e7687364a698,France services - Montmarault,official source: Annuaire de l'administration Service-public.fr
msd-berlioz@allier.fr,collectivite_administration,allier,administration collectivite service public,https://lannuaire.service-public.gouv.fr/auvergne-rhone-alpes/allier/b3f9540d-c06a-429f-bd2b-f66a609af5a1,Centre de protection maternelle et infantile (PMI) - Montluçon,official source: Annuaire de l'administration Service-public.fr
msd-cosnedallier@allier.fr,collectivite_administration,allier,administration collectivite service public,https://lannuaire.service-public.gouv.fr/auvergne-rhone-alpes/allier/97d7c2bc-4f68-49b2-ba46-a33eb4ddf168,France services - Cosne-d'Allier,official source: Annuaire de l'administration Service-public.fr
msd-cusset@allier.fr,collectivite_administration,allier,administration collectivite service public,https://lannuaire.service-public.gouv.fr/auvergne-rhone-alpes/allier/e5375a9a-950d-4528-bb21-a6221291cfc6,Centre de protection maternelle et infantile (PMI) - Cusset,official source: Annuaire de l'administration Service-public.fr
msd-vichy@allier.fr,collectivite_administration,allier,administration collectivite service public,https://lannuaire.service-public.gouv.fr/auvergne-rhone-alpes/allier/a2dbe560-e2dd-47fc-b9be-93018bc5ab9d,Centre de protection maternelle et infantile (PMI) - Vichy,official source: Annuaire de l'administration Service-public.fr
ordre@avocats-montlucon.fr,collectivite_administration,allier,administration collectivite service public,https://lannuaire.service-public.gouv.fr/auvergne-rhone-alpes/allier/26feab30-73a0-4c64-9e8b-29588d61b3bb,Ordre des avocats - Barreau de Montluçon,official source: Annuaire de l'administration Service-public.fr
ordre@barreau-cussetvichy.fr,collectivite_administration,allier,administration collectivite service public,https://lannuaire.service-public.gouv.fr/auvergne-rhone-alpes/allier/4d6b8c91-aa82-4205-897d-3768cdd801dc,Ordre des avocats - Barreau de Cusset-Vichy,official source: Annuaire de l'administration Service-public.fr
ordre@odabarreaumoulins.fr,collectivite_administration,allier,administration collectivite service public,https://lannuaire.service-public.gouv.fr/auvergne-rhone-alpes/allier/1bb97655-e58d-4a52-86b9-b06c38d0abb5,Ordre des avocats - Barreau de Moulins,official source: Annuaire de l'administration Service-public.fr
pcb03@udaf03.fr,collectivite_administration,allier,administration collectivite service public,https://lannuaire.service-public.gouv.fr/auvergne-rhone-alpes/allier/a53052cb-e220-4ae0-b1af-ca763ae32db4,Point conseil budget - Union départementale des associations familiales (UDAF 03) - Moulins,official source: Annuaire de l'administration Service-public.fr
pm.bellerive@ville-bellerive.com,collectivite_administration,allier,administration collectivite service public,https://lannuaire.service-public.gouv.fr/auvergne-rhone-alpes/allier/a57f387b-19ee-4097-8648-20847f86ec8f,Police municipale - Bellerive-sur-Allier,official source: Annuaire de l'administration Service-public.fr
pm.saintgermaindesfosses@orange.fr,collectivite_administration,allier,administration collectivite service public,https://lannuaire.service-public.gouv.fr/auvergne-rhone-alpes/allier/dce33f09-9129-4705-9862-b9f2f2207025,Police municipale - Saint-Germain-des-Fossés,official source: Annuaire de l'administration Service-public.fr
pmi-tsdmoulins@allier.fr,collectivite_administration,allier,administration collectivite service public,https://lannuaire.service-public.gouv.fr/auvergne-rhone-alpes/allier/80e4afc3-278b-403a-b896-7b9a6695c28c,Centre de protection maternelle et infantile (PMI) - Yzeure,official source: Annuaire de l'administration Service-public.fr
police-montlucon@interieur.gouv.fr,collectivite_administration,allier,administration collectivite service public,https://lannuaire.service-public.gouv.fr/auvergne-rhone-alpes/allier/46142161-8c73-4332-bf75-ce396dce3b44,Commissariat de police de Montluçon,official source: Annuaire de l'administration Service-public.fr
police-moulins@interieur.gouv.fr,collectivite_administration,allier,administration collectivite service public,https://lannuaire.service-public.gouv.fr/auvergne-rhone-alpes/allier/b75f3c7c-2951-4743-81b4-08458ecad44f,Commissariat de police de Moulins,official source: Annuaire de l'administration Service-public.fr
police-neris@orange.fr,collectivite_administration,allier,administration collectivite service public,https://lannuaire.service-public.gouv.fr/auvergne-rhone-alpes/allier/d3631f8b-0ca7-44cc-a02d-1add5c8a3b2a,Police municipale - Neris-les-Bains,official source: Annuaire de l'administration Service-public.fr
police-vichy@interieur.gouv.fr,collectivite_administration,allier,administration collectivite service public,https://lannuaire.service-public.gouv.fr/auvergne-rhone-alpes/allier/24a6aaec-eb2d-47b3-9c2d-86870121b50f,Commissariat de police de Vichy,official source: Annuaire de l'administration Service-public.fr
police.municipale@ville-lapalisse.fr,collectivite_administration,allier,administration collectivite service public,https://lannuaire.service-public.gouv.fr/auvergne-rhone-alpes/allier/f954c567-d3b5-4ea2-9bd5-ecc0b1d91351,Police municipale - Lapalisse,official source: Annuaire de l'administration Service-public.fr
police@ville-cusset.fr,collectivite_administration,allier,administration collectivite service public,https://lannuaire.service-public.gouv.fr/auvergne-rhone-alpes/allier/afc0fe9e-ffbd-48b0-84da-b7c94aa83d9a,Police municipale - Cusset,official source: Annuaire de l'administration Service-public.fr
policeabrest@gmail.com,collectivite_administration,allier,administration collectivite service public,https://lannuaire.service-public.gouv.fr/auvergne-rhone-alpes/allier/321ba729-a1e2-465f-96ed-700847dddb08,Police municipale - Abrest,official source: Annuaire de l'administration Service-public.fr
policemunicipale@varennes-sur-allier.fr,collectivite_administration,allier,administration collectivite service public,https://lannuaire.service-public.gouv.fr/auvergne-rhone-alpes/allier/57eb7c14-5efc-4dd4-ada7-f249ca91bd0b,Police municipale - Varennes-sur-Allier,official source: Annuaire de l'administration Service-public.fr
policemunicipale@ville-moulins.fr,collectivite_administration,allier,administration collectivite service public,https://lannuaire.service-public.gouv.fr/auvergne-rhone-alpes/allier/2fa38e3d-1c43-4524-b6a2-f422ad050581,Police municipale - Moulins,official source: Annuaire de l'administration Service-public.fr
pref-point-numerique@allier.gouv.fr,collectivite_administration,allier,administration collectivite service public,https://lannuaire.service-public.gouv.fr/auvergne-rhone-alpes/allier/6711c3a9-11c0-470b-b01b-e576e556c14e,Point d'accueil numérique - Moulins (Préfecture),official source: Annuaire de l'administration Service-public.fr
pref-repartition@allier.gouv.fr,collectivite_administration,allier,administration collectivite service public,https://lannuaire.service-public.gouv.fr/auvergne-rhone-alpes/allier/2fbaca24-49f1-4eea-9e13-f37c279d1046,Bureau de l'éducation routière (BER) - Allier,official source: Annuaire de l'administration Service-public.fr
rsp@cc-paysdelapalisse.fr,collectivite_administration,allier,administration collectivite service public,https://lannuaire.service-public.gouv.fr/auvergne-rhone-alpes/allier/46705b83-3838-44fb-a78d-4869b187e1fb,France services - Lapalisse,official source: Annuaire de l'administration Service-public.fr
samu03@ch-moulins-yzeure.fr,collectivite_administration,allier,administration collectivite service public,https://lannuaire.service-public.gouv.fr/auvergne-rhone-alpes/allier/000ee7b2-a669-44f0-9e6f-837fa7d912da,Service d’aide médicale urgente (Samu) - Allier,official source: Annuaire de l'administration Service-public.fr
sec.adjpdr@ch-moulins-yzeure.fr,collectivite_administration,allier,administration collectivite service public,https://lannuaire.service-public.gouv.fr/auvergne-rhone-alpes/allier/b4976fcf-be28-4637-af57-a66def96c6c3,Plateforme d'accompagnement et de répit pour les aidants de personnes âgées - Moulins,official source: Annuaire de l'administration Service-public.fr
securite.publique@ville-vichy.fr,collectivite_administration,allier,administration collectivite service public,https://lannuaire.service-public.gouv.fr/auvergne-rhone-alpes/allier/ba519afa-d4bc-4fa1-9a42-6365aa593fcc,Police municipale - Vichy,official source: Annuaire de l'administration Service-public.fr
sgc-direction@allier.gouv.fr,collectivite_administration,allier,administration collectivite service public,https://lannuaire.service-public.gouv.fr/auvergne-rhone-alpes/allier/43850978-ca6d-4b95-854a-33247d13d796,Secrétariat général commun départemental - Allier,official source: Annuaire de l'administration Service-public.fr
sgc.gannat@dgfip.finances.gouv.fr,collectivite_administration,allier,administration collectivite service public,https://lannuaire.service-public.gouv.fr/auvergne-rhone-alpes/allier/c429b1b2-cd92-4f2d-88be-9fcef185e819,Service de gestion comptable (SGC) - Gannat,official source: Annuaire de l'administration Service-public.fr
sgc.montlucon@dgfip.finances.gouv.fr,collectivite_administration,allier,administration collectivite service public,https://lannuaire.service-public.gouv.fr/auvergne-rhone-alpes/allier/e29585bf-ad77-4d7e-96bf-8508d0d24ada,Service de gestion comptable (SGC) - Montluçon,official source: Annuaire de l'administration Service-public.fr
sgc.moulins@dgfip.finances.gouv.fr,collectivite_administration,allier,administration collectivite service public,https://lannuaire.service-public.gouv.fr/auvergne-rhone-alpes/allier/74b970ae-433d-4a4b-9ee7-ccb6ad3abc62,Service de gestion comptable (SGC) - Moulins,official source: Annuaire de l'administration Service-public.fr
sgc.vichy@dgfip.finances.gouv.fr,collectivite_administration,allier,administration collectivite service public,https://lannuaire.service-public.gouv.fr/auvergne-rhone-alpes/allier/1ca51444-8c0a-4d67-97d5-0bd89c7237f2,Service de gestion comptable (SGC) - Vichy,official source: Annuaire de l'administration Service-public.fr
solidarites@allier.fr,collectivite_administration,allier,administration collectivite service public,https://lannuaire.service-public.gouv.fr/auvergne-rhone-alpes/allier/3691eb41-0f7c-41ad-bece-e3e016572f75,Point d'information local dédié aux personnes âgées - Yzeure,official source: Annuaire de l'administration Service-public.fr
sp-montlucon@allier.gouv.fr,collectivite_administration,allier,administration collectivite service public,https://lannuaire.service-public.gouv.fr/auvergne-rhone-alpes/allier/f5efddd2-fc81-4c4b-b97d-47a8c66e12af,Point d'accueil numérique - Montluçon (Sous-préfecture),official source: Annuaire de l'administration Service-public.fr
sp-point-numerique-vichy@allier.gouv.fr,collectivite_administration,allier,administration collectivite service public,https://lannuaire.service-public.gouv.fr/auvergne-rhone-alpes/allier/4675cc94-3b9c-4fa0-948a-267047102e71,Point d'accueil numérique - Vichy (Sous-préfecture),official source: Annuaire de l'administration Service-public.fr
sp-vichy@allier.gouv.fr,collectivite_administration,allier,administration collectivite service public,https://lannuaire.service-public.gouv.fr/auvergne-rhone-alpes/allier/17b648a9-cfdf-43ab-9f8b-6b8b68e419a7,France services - Vichy,official source: Annuaire de l'administration Service-public.fr
spfe.allier@dgfip.finances.gouv.fr,collectivite_administration,allier,administration collectivite service public,https://lannuaire.service-public.gouv.fr/auvergne-rhone-alpes/allier/c87343b5-8cc4-42fd-a0f4-220898bf8e59,Service de la publicité foncière et de l'enregistrement (SPFE) - Yzeure,official source: Annuaire de l'administration Service-public.fr
t003090@dgfip.finances.gouv.fr,collectivite_administration,allier,administration collectivite service public,https://lannuaire.service-public.gouv.fr/auvergne-rhone-alpes/allier/bde24751-50b0-40af-9790-ac9aa144802f,Paierie départementale - Allier - Moulins,official source: Annuaire de l'administration Service-public.fr
th.allier@dgfip.finances.gouv.fr,collectivite_administration,allier,administration collectivite service public,https://lannuaire.service-public.gouv.fr/auvergne-rhone-alpes/allier/21d5e93e-5e50-4947-bb65-ebb70bb1e272,Trésorerie des établissements publics de santé de l'Allier,official source: Annuaire de l'administration Service-public.fr
tprx-vichy@justice.fr,collectivite_administration,allier,administration collectivite service public,https://lannuaire.service-public.gouv.fr/auvergne-rhone-alpes/allier/59467562-ec8e-4b1a-b318-c3e58d660fb3,Tribunal de proximité de Vichy,official source: Annuaire de l'administration Service-public.fr
udap03@culture.gouv.fr,collectivite_administration,allier,administration collectivite service public,https://lannuaire.service-public.gouv.fr/auvergne-rhone-alpes/allier/ba48e16e-1379-4e68-afbc-7886f237b9a2,Unité départementale de l'architecture et du patrimoine (UDAP) - Allier,official source: Annuaire de l'administration Service-public.fr
vallon-en-sully@france-services.gouv.fr,collectivite_administration,allier,administration collectivite service public,https://lannuaire.service-public.gouv.fr/auvergne-rhone-alpes/allier/ff875b1f-e453-4846-be3e-c2543d885baf,France services - Vallon-en-Sully,official source: Annuaire de l'administration Service-public.fr
veronique.soussan@allier.gouv.fr,collectivite_administration,allier,administration collectivite service public,https://lannuaire.service-public.gouv.fr/auvergne-rhone-alpes/allier/02cc98e5-1940-4f0c-a52e-81d9f6ae5491,Mission d'accueil et d'information des associations (MAIA) - Allier,official source: Annuaire de l'administration Service-public.fr
ville.cosnedallier@orange.fr,collectivite_administration,allier,administration collectivite service public,https://lannuaire.service-public.gouv.fr/auvergne-rhone-alpes/allier/b51c9c9a-df27-4afe-825c-5105adc013da,Centre communal d'action sociale (CCAS) - Cosne-d'Allier,official source: Annuaire de l'administration Service-public.fr
contact@allier.fr,protection_enfance,allier,departement solidarite enfance famille,https://www.allier.fr/741-enfance-en-danger.htm,Conseil Departemental de l'Allier,manual public source: departement solidarite enfance famille
accueil-charmeil@orange.fr,collectivite_administration,allier,mairie collectivite,https://lannuaire.service-public.gouv.fr/auvergne-rhone-alpes/allier/3721010c-2e55-4182-ae44-e3f300e6f724,Mairie - Charmeil,official source: Annuaire de l'administration Service-public.fr
accueil.mairie@premilhat.fr,collectivite_administration,allier,mairie collectivite,https://lannuaire.service-public.gouv.fr/auvergne-rhone-alpes/allier/d3741d0a-437e-4950-aaaf-1dff92a1eaa9,Mairie - Prémilhat,official source: Annuaire de l'administration Service-public.fr
accueil.mairie@toulon-sur-allier.fr,collectivite_administration,allier,mairie collectivite,https://lannuaire.service-public.gouv.fr/auvergne-rhone-alpes/allier/a24d19b3-de40-42b1-ac5e-5a477237d6c9,Mairie - Toulon-sur-Allier,official source: Annuaire de l'administration Service-public.fr
accueil.mairielavaultsteanne@gmail.com,collectivite_administration,allier,mairie collectivite,https://lannuaire.service-public.gouv.fr/auvergne-rhone-alpes/allier/0fa34937-f1fa-4b9f-a239-e266f59d9a0f,Mairie - Lavault-Sainte-Anne,official source: Annuaire de l'administration Service-public.fr
accueil@brout-vernet.fr,collectivite_administration,allier,mairie collectivite,https://lannuaire.service-public.gouv.fr/auvergne-rhone-alpes/allier/7cf2ab5a-fde2-487c-aae0-cdb1a58d7d16,Mairie - Broût-Vernet,official source: Annuaire de l'administration Service-public.fr
accueil@creuzier-le-vieux.com,collectivite_administration,allier,mairie collectivite,https://lannuaire.service-public.gouv.fr/auvergne-rhone-alpes/allier/b1a3c057-847d-4da0-af4f-5ca391062daf,Mairie - Creuzier-le-Vieux,official source: Annuaire de l'administration Service-public.fr
accueil@magnet03.fr,collectivite_administration,allier,mairie collectivite,https://lannuaire.service-public.gouv.fr/auvergne-rhone-alpes/allier/8b02503b-7c2c-4ae0-b716-3479e31ba15b,Mairie - Magnet,official source: Annuaire de l'administration Service-public.fr
accueil@mairieavermes.fr,collectivite_administration,allier,mairie collectivite,https://lannuaire.service-public.gouv.fr/auvergne-rhone-alpes/allier/d0a3df9b-93a7-41b1-91af-e0375747327a,Mairie - Avermes,official source: Annuaire de l'administration Service-public.fr
accueil@mairiemazirat.fr,collectivite_administration,allier,mairie collectivite,https://lannuaire.service-public.gouv.fr/auvergne-rhone-alpes/allier/bbd9808f-1912-4882-b8c5-30655f9ae029,Mairie - Mazirat,official source: Annuaire de l'administration Service-public.fr
accueil@mariol.fr,collectivite_administration,allier,mairie collectivite,https://lannuaire.service-public.gouv.fr/auvergne-rhone-alpes/allier/ad029a16-d9aa-4c32-8e9e-8696484c8307,Mairie - Mariol,official source: Annuaire de l'administration Service-public.fr
accueil@ville-saint-pourcain-sur-sioule.com,collectivite_administration,allier,mairie collectivite,https://lannuaire.service-public.gouv.fr/auvergne-rhone-alpes/allier/d56a7a89-5871-42b5-a9c7-4b25b8c210eb,Mairie - Saint-Pourçain-sur-Sioule,official source: Annuaire de l'administration Service-public.fr
c.eclaircy@mairie-montlucon.fr,collectivite_administration,allier,mairie collectivite,https://lannuaire.service-public.gouv.fr/auvergne-rhone-alpes/allier/7d07a337-68a6-43e5-a177-66a5f400e9b9,Centre communal d'action sociale (CCAS) - Lavault-Sainte-Anne,official source: Annuaire de l'administration Service-public.fr
ccas2@mairie-bourbon.com,collectivite_administration,allier,mairie collectivite,https://lannuaire.service-public.gouv.fr/auvergne-rhone-alpes/allier/72e7d840-edf4-418d-a67d-e9d6d73b5e7f,Centre communal d'action sociale (CCAS) - Bourbon-l'Archambault,official source: Annuaire de l'administration Service-public.fr
ccas@mairieavermes.fr,collectivite_administration,allier,mairie collectivite,https://lannuaire.service-public.gouv.fr/auvergne-rhone-alpes/allier/5a32af74-9662-4c98-8458-e40196fdc6c2,Centre communal d'action sociale (CCAS) - Avermes,official source: Annuaire de l'administration Service-public.fr
cesset.mairie@wanadoo.fr,collectivite_administration,allier,mairie collectivite,https://lannuaire.service-public.gouv.fr/auvergne-rhone-alpes/allier/ebaec818-6513-49a1-abc3-546b9f705156,Mairie - Cesset,official source: Annuaire de l'administration Service-public.fr
chantelle.mairie@wanadoo.fr,collectivite_administration,allier,mairie collectivite,https://lannuaire.service-public.gouv.fr/auvergne-rhone-alpes/allier/4ff690c1-5fea-4424-aaf3-8f6075de5069,Mairie - Chantelle,official source: Annuaire de l'administration Service-public.fr
charmes.mairie@orange.fr,collectivite_administration,allier,mairie collectivite,https://lannuaire.service-public.gouv.fr/auvergne-rhone-alpes/allier/d3091466-5905-470d-83c0-f3c6f7c1acea,Mairie - Charmes,official source: Annuaire de l'administration Service-public.fr
commune-de-poezat@wanadoo.fr,collectivite_administration,allier,mairie collectivite,https://lannuaire.service-public.gouv.fr/auvergne-rhone-alpes/allier/c1d679b6-b41b-4de0-b51a-638f2cd8d395,Mairie - Poëzat,official source: Annuaire de l'administration Service-public.fr
commune.arronnes@orange.fr,collectivite_administration,allier,mairie collectivite,https://lannuaire.service-public.gouv.fr/auvergne-rhone-alpes/allier/73c536eb-c41d-4ad9-971a-744cb0580d8e,Mairie - Arronnes,official source: Annuaire de l'administration Service-public.fr
commune.chamberat@wanadoo.fr,collectivite_administration,allier,mairie collectivite,https://lannuaire.service-public.gouv.fr/auvergne-rhone-alpes/allier/e85c12ed-f997-4a77-8efb-a474a0f8f0d6,Mairie - Chambérat,official source: Annuaire de l'administration Service-public.fr
commune.de.hyds@cegetel.net,collectivite_administration,allier,mairie collectivite,https://lannuaire.service-public.gouv.fr/auvergne-rhone-alpes/allier/f326b60c-4c2c-4847-a476-54ebf4d94678,Mairie - Hyds,official source: Annuaire de l'administration Service-public.fr
commune.de.viplaix@wanadoo.fr,collectivite_administration,allier,mairie collectivite,https://lannuaire.service-public.gouv.fr/auvergne-rhone-alpes/allier/c7f9596c-7cca-45f2-bf2f-fc17119cc708,Mairie - Viplaix,official source: Annuaire de l'administration Service-public.fr
commune.mesples@orange.fr,collectivite_administration,allier,mairie collectivite,https://lannuaire.service-public.gouv.fr/auvergne-rhone-alpes/allier/f714658c-b161-4b60-9b1b-e2ad06cc0837,Mairie - Mesples,official source: Annuaire de l'administration Service-public.fr
communedebillezois@orange.fr,collectivite_administration,allier,mairie collectivite,https://lannuaire.service-public.gouv.fr/auvergne-rhone-alpes/allier/97a75a4c-d8ec-407a-886b-e0eeb00b8939,Mairie - Billezois,official source: Annuaire de l'administration Service-public.fr
communedelachapelaude@orange.fr,collectivite_administration,allier,mairie collectivite,https://lannuaire.service-public.gouv.fr/auvergne-rhone-alpes/allier/c77500da-e06d-4558-9b0b-411063bf4dad,Mairie - La Chapelaude,official source: Annuaire de l'administration Service-public.fr
communedetarget@orange.fr,collectivite_administration,allier,mairie collectivite,https://lannuaire.service-public.gouv.fr/auvergne-rhone-alpes/allier/c1ec9a58-952f-48da-9442-8e43dd6bc8c0,Mairie - Target,official source: Annuaire de l'administration Service-public.fr
communedeterjat@orange.fr,collectivite_administration,allier,mairie collectivite,https://lannuaire.service-public.gouv.fr/auvergne-rhone-alpes/allier/45ef5e7f-0d4c-43c4-91b0-8ef77fd17c52,Mairie - Terjat,official source: Annuaire de l'administration Service-public.fr
communedetreteau@orange.fr,collectivite_administration,allier,mairie collectivite,https://lannuaire.service-public.gouv.fr/auvergne-rhone-alpes/allier/2a9c77db-d11a-4ec3-8161-04e4512d77a5,Mairie - Treteau,official source: Annuaire de l'administration Service-public.fr
communication@ville-commentry.fr,collectivite_administration,allier,mairie collectivite,https://lannuaire.service-public.gouv.fr/auvergne-rhone-alpes/allier/3a6a54d5-4f1a-4677-8dd9-c209a7e0cb2b,Mairie - Commentry,official source: Annuaire de l'administration Service-public.fr
contact@abrest.fr,collectivite_administration,allier,mairie collectivite,https://lannuaire.service-public.gouv.fr/auvergne-rhone-alpes/allier/c747128e-6f15-4823-930b-1a0a2f08c95c,Mairie - Abrest,official source: Annuaire de l'administration Service-public.fr
contact@avrilly03.fr,collectivite_administration,allier,mairie collectivite,https://lannuaire.service-public.gouv.fr/auvergne-rhone-alpes/allier/d4193a24-fba7-450d-bdc4-d91e89a743da,Mairie - Avrilly,official source: Annuaire de l'administration Service-public.fr
contact@commune-creuzier-le-neuf.fr,collectivite_administration,allier,mairie collectivite,https://lannuaire.service-public.gouv.fr/auvergne-rhone-alpes/allier/6c728d35-fc55-447e-a012-f0b56d1013e1,Mairie - Creuzier-le-Neuf,official source: Annuaire de l'administration Service-public.fr
contact@communelurcylevis.fr,collectivite_administration,allier,mairie collectivite,https://lannuaire.service-public.gouv.fr/auvergne-rhone-alpes/allier/66fb6fe6-7a00-473c-a47a-dee7c067498c,Mairie - Lurcy-Lévis,official source: Annuaire de l'administration Service-public.fr
contact@diou03.fr,collectivite_administration,allier,mairie collectivite,https://lannuaire.service-public.gouv.fr/auvergne-rhone-alpes/allier/f4363f77-7406-43ae-85bd-6982e11f4496,Mairie - Diou,official source: Annuaire de l'administration Service-public.fr
contact@domerat.fr,collectivite_administration,allier,mairie collectivite,https://lannuaire.service-public.gouv.fr/auvergne-rhone-alpes/allier/e3c3efbf-1020-49c6-ad0e-aa546a843b3b,Mairie - Domérat,official source: Annuaire de l'administration Service-public.fr
contact@estivareilles03.com,collectivite_administration,allier,mairie collectivite,https://lannuaire.service-public.gouv.fr/auvergne-rhone-alpes/allier/199418b9-a5e6-43fc-b5bc-077a02ad9ab8,Mairie - Estivareilles,official source: Annuaire de l'administration Service-public.fr
contact@lafertehauterive.fr,collectivite_administration,allier,mairie collectivite,https://lannuaire.service-public.gouv.fr/auvergne-rhone-alpes/allier/229f2ec1-f55d-44db-bcd0-705b1fc338f8,Mairie - La Ferté-Hauterive,official source: Annuaire de l'administration Service-public.fr
contact@levernet.fr,collectivite_administration,allier,mairie collectivite,https://lannuaire.service-public.gouv.fr/auvergne-rhone-alpes/allier/dd5ee2d0-21ca-4bd7-bd91-d60d8ca3c35e,Mairie - Le Vernet,official source: Annuaire de l'administration Service-public.fr
contact@mairie-dompierre03.fr,collectivite_administration,allier,mairie collectivite,https://lannuaire.service-public.gouv.fr/auvergne-rhone-alpes/allier/d612e6cf-8db9-449c-8fd8-730e4480c98f,Mairie - Dompierre-sur-Besbre,official source: Annuaire de l'administration Service-public.fr
contact@mairie-hauterive.fr,collectivite_administration,allier,mairie collectivite,https://lannuaire.service-public.gouv.fr/auvergne-rhone-alpes/allier/50320817-a4db-47be-a535-6a57eb0b64be,Mairie - Hauterive,official source: Annuaire de l'administration Service-public.fr
contact@mairie-molinet.fr,collectivite_administration,allier,mairie collectivite,https://lannuaire.service-public.gouv.fr/auvergne-rhone-alpes/allier/eec04a5b-8c1f-4fbb-848e-a6cb1527e2c3,Mairie - Molinet,official source: Annuaire de l'administration Service-public.fr
contact@mairie-montlucon.fr,collectivite_administration,allier,mairie collectivite,https://lannuaire.service-public.gouv.fr/auvergne-rhone-alpes/allier/ac787cfe-1370-4193-a3e6-b5bbb2758926,Mairie - Montluçon,official source: Annuaire de l'administration Service-public.fr
contact@mairiebiozat.fr,collectivite_administration,allier,mairie collectivite,https://lannuaire.service-public.gouv.fr/auvergne-rhone-alpes/allier/bc2aef02-9030-4bf6-8786-c017d0609cc0,Mairie - Biozat,official source: Annuaire de l'administration Service-public.fr
contact@mairiebressolles.fr,collectivite_administration,allier,mairie collectivite,https://lannuaire.service-public.gouv.fr/auvergne-rhone-alpes/allier/1850b8c5-0f78-473c-ac2a-45521626838e,Mairie - Bressolles,official source: Annuaire de l'administration Service-public.fr
contact@mairiechavroches.fr,collectivite_administration,allier,mairie collectivite,https://lannuaire.service-public.gouv.fr/auvergne-rhone-alpes/allier/d6277052-7f3f-45ed-97f0-6ca826de7fad,Mairie - Chavroches,official source: Annuaire de l'administration Service-public.fr
contact@mairieneuvy.fr,collectivite_administration,allier,mairie collectivite,https://lannuaire.service-public.gouv.fr/auvergne-rhone-alpes/allier/bf64f4bb-9489-4cb3-be96-869ed0951239,Mairie - Neuvy,official source: Annuaire de l'administration Service-public.fr
contact@mairiestgeranddevaux.fr,collectivite_administration,allier,mairie collectivite,https://lannuaire.service-public.gouv.fr/auvergne-rhone-alpes/allier/495928bc-a4bc-4892-9682-2027d4a09230,Mairie - Saint-Gérand-de-Vaux,official source: Annuaire de l'administration Service-public.fr
contact@montbeugny.fr,collectivite_administration,allier,mairie collectivite,https://lannuaire.service-public.gouv.fr/auvergne-rhone-alpes/allier/b2772540-2c5d-40fb-9d5f-bd19669d3bd9,Mairie - Montbeugny,official source: Annuaire de l'administration Service-public.fr
contact@montmarault.fr,collectivite_administration,allier,mairie collectivite,https://lannuaire.service-public.gouv.fr/auvergne-rhone-alpes/allier/e652b6c0-ba53-43b6-9b46-6ca1d4fe054e,Mairie - Montmarault,official source: Annuaire de l'administration Service-public.fr
contact@saint-victor.org,collectivite_administration,allier,mairie collectivite,https://lannuaire.service-public.gouv.fr/auvergne-rhone-alpes/allier/5fc459a9-a137-4308-ab5b-fed1d044e8cf,Mairie - Saint-Victor,official source: Annuaire de l'administration Service-public.fr
contact@saintpriestdandelot.fr,collectivite_administration,allier,mairie collectivite,https://lannuaire.service-public.gouv.fr/auvergne-rhone-alpes/allier/fb99b3ba-fe88-4f5f-97f1-e5341ec44e9e,Mairie - Saint-Priest-d'Andelot,official source: Annuaire de l'administration Service-public.fr
contact@ville-moulins.fr,collectivite_administration,allier,mairie collectivite,https://lannuaire.service-public.gouv.fr/auvergne-rhone-alpes/allier/a626b1b9-9d23-4faa-b1ba-bb99599958e2,Mairie - Moulins,official source: Annuaire de l'administration Service-public.fr
contactmairie@villebret.fr,collectivite_administration,allier,mairie collectivite,https://lannuaire.service-public.gouv.fr/auvergne-rhone-alpes/allier/a2ce4e70-f743-412c-b5f6-9bc610ad754b,Mairie - Villebret,official source: Annuaire de l'administration Service-public.fr
couzon.mairie@wanadoo.fr,collectivite_administration,allier,mairie collectivite,https://lannuaire.service-public.gouv.fr/auvergne-rhone-alpes/allier/bf44acf3-bc29-4b2c-9aea-daa4e4b1bcb8,Mairie - Couzon,official source: Annuaire de l'administration Service-public.fr
deneuille.chantelle@wanadoo.fr,collectivite_administration,allier,mairie collectivite,https://lannuaire.service-public.gouv.fr/auvergne-rhone-alpes/allier/dadea985-3546-4a66-abb4-748b77a0afc8,Mairie - Deneuille-lès-Chantelle,official source: Annuaire de l'administration Service-public.fr
lapalisse@ville-lapalisse.fr,collectivite_administration,allier,mairie collectivite,https://lannuaire.service-public.gouv.fr/auvergne-rhone-alpes/allier/a874c225-365a-42c6-ab05-3ebe8f163dcb,Mairie - Lapalisse,official source: Annuaire de l'administration Service-public.fr
louroux-de-beaune@wanadoo.fr,collectivite_administration,allier,mairie collectivite,https://lannuaire.service-public.gouv.fr/auvergne-rhone-alpes/allier/a461c305-a0a4-4d51-9213-1fa34275898b,Mairie - Louroux-de-Beaune,official source: Annuaire de l'administration Service-public.fr
mairie-arpheuilles-st-priest@wanadoo.fr,collectivite_administration,allier,mairie collectivite,https://lannuaire.service-public.gouv.fr/auvergne-rhone-alpes/allier/935b165f-4761-448c-a599-bd8078ca0a69,Mairie - Arpheuilles-Saint-Priest,official source: Annuaire de l'administration Service-public.fr
mairie-aubigny031@orange.fr,collectivite_administration,allier,mairie collectivite,https://lannuaire.service-public.gouv.fr/auvergne-rhone-alpes/allier/b0d72769-3ea9-4fc4-9f9d-ecbc06805ca2,Mairie - Aubigny,official source: Annuaire de l'administration Service-public.fr
mairie-autry-issards@wanadoo.fr,collectivite_administration,allier,mairie collectivite,https://lannuaire.service-public.gouv.fr/auvergne-rhone-alpes/allier/6523602a-dd72-427c-92ab-050341cc2a14,Mairie - Autry-Issards,official source: Annuaire de l'administration Service-public.fr
mairie-bagneux@wanadoo.fr,collectivite_administration,allier,mairie collectivite,https://lannuaire.service-public.gouv.fr/auvergne-rhone-alpes/allier/92a6fb36-de39-4fc3-845c-9b10aa9b550f,Mairie - Bagneux,official source: Annuaire de l'administration Service-public.fr
mairie-barrais-bussolles@orange.fr,collectivite_administration,allier,mairie collectivite,https://lannuaire.service-public.gouv.fr/auvergne-rhone-alpes/allier/f30a9a46-0a04-41c2-8f74-f7f9d515c122,Mairie - Barrais-Bussolles,official source: Annuaire de l'administration Service-public.fr
mairie-beaune-d-allier@wanadoo.fr,collectivite_administration,allier,mairie collectivite,https://lannuaire.service-public.gouv.fr/auvergne-rhone-alpes/allier/61ae6e60-ef37-4986-aa99-ad3deabb24bc,Mairie - Beaune-d'Allier,official source: Annuaire de l'administration Service-public.fr
mairie-begues@wanadoo.fr,collectivite_administration,allier,mairie collectivite,https://lannuaire.service-public.gouv.fr/auvergne-rhone-alpes/allier/f958edf2-87e6-4e0e-9edd-78f627c6612f,Mairie - Bègues,official source: Annuaire de l'administration Service-public.fr
mairie-bellenaves@wanadoo.fr,collectivite_administration,allier,mairie collectivite,https://lannuaire.service-public.gouv.fr/auvergne-rhone-alpes/allier/3ef1d4f1-f954-448f-a193-e75565bf3790,Mairie - Bellenaves,official source: Annuaire de l'administration Service-public.fr
mairie-bert@orange.fr,collectivite_administration,allier,mairie collectivite,https://lannuaire.service-public.gouv.fr/auvergne-rhone-alpes/allier/12b45640-7d3a-485e-86b8-39d8eaae0575,Mairie - Bert,official source: Annuaire de l'administration Service-public.fr
mairie-billy@wanadoo.fr,collectivite_administration,allier,mairie collectivite,https://lannuaire.service-public.gouv.fr/auvergne-rhone-alpes/allier/3cca1c2a-85d1-4e31-a5ec-d8d7fa466842,Mairie - Billy,official source: Annuaire de l'administration Service-public.fr
mairie-bizeneuille@wanadoo.fr,collectivite_administration,allier,mairie collectivite,https://lannuaire.service-public.gouv.fr/auvergne-rhone-alpes/allier/5c07969a-cd63-4cd7-b008-0bbfe6c4b910,Mairie - Bizeneuille,official source: Annuaire de l'administration Service-public.fr
mairie-blomard@orange.fr,collectivite_administration,allier,mairie collectivite,https://lannuaire.service-public.gouv.fr/auvergne-rhone-alpes/allier/de5d0d89-cdfd-4c64-b378-57046fa80661,Mairie - Blomard,official source: Annuaire de l'administration Service-public.fr
mairie-braize@wanadoo.fr,collectivite_administration,allier,mairie collectivite,https://lannuaire.service-public.gouv.fr/auvergne-rhone-alpes/allier/d74b0ea6-61f2-431f-a4b0-30c9a1a864dc,Mairie - Braize,official source: Annuaire de l'administration Service-public.fr
mairie-bransat@wanadoo.fr,collectivite_administration,allier,mairie collectivite,https://lannuaire.service-public.gouv.fr/auvergne-rhone-alpes/allier/d9f2703f-efdb-4d89-b818-d0f4fe18819b,Mairie - Bransat,official source: Annuaire de l'administration Service-public.fr
mairie-chappes@wanadoo.fr,collectivite_administration,allier,mairie collectivite,https://lannuaire.service-public.gouv.fr/auvergne-rhone-alpes/allier/9aca8cb1-c2ab-497d-afd9-4eccd6cf7c38,Mairie - Chappes,official source: Annuaire de l'administration Service-public.fr
mairie-chatillon03@wanadoo.fr,collectivite_administration,allier,mairie collectivite,https://lannuaire.service-public.gouv.fr/auvergne-rhone-alpes/allier/8708bc00-d501-43e4-853b-d854d58cf486,Mairie - Châtillon,official source: Annuaire de l'administration Service-public.fr
mairie-chazemais@wanadoo.fr,collectivite_administration,allier,mairie collectivite,https://lannuaire.service-public.gouv.fr/auvergne-rhone-alpes/allier/eedeff4a-4921-4baf-a639-0703ffa70c3e,Mairie - Chazemais,official source: Annuaire de l'administration Service-public.fr
mairie-chiratleglise@orange.fr,collectivite_administration,allier,mairie collectivite,https://lannuaire.service-public.gouv.fr/auvergne-rhone-alpes/allier/f3c8ea38-99d2-4731-a8ba-1e52419727b7,Mairie - Chirat-l'Église,official source: Annuaire de l'administration Service-public.fr
mairie-contigny@wanadoo.fr,collectivite_administration,allier,mairie collectivite,https://lannuaire.service-public.gouv.fr/auvergne-rhone-alpes/allier/3e92f588-179e-4e77-8045-d376d86c7c0d,Mairie - Contigny,official source: Annuaire de l'administration Service-public.fr
mairie-coulandon@orange.fr,collectivite_administration,allier,mairie collectivite,https://lannuaire.service-public.gouv.fr/auvergne-rhone-alpes/allier/3a361540-0e64-450b-8664-f99893369edb,Mairie - Coulandon,official source: Annuaire de l'administration Service-public.fr
mairie-courcais@sfr.fr,collectivite_administration,allier,mairie collectivite,https://lannuaire.service-public.gouv.fr/auvergne-rhone-alpes/allier/b44cfa48-f973-4ab9-bbb9-5152830f1669,Mairie - Courçais,official source: Annuaire de l'administration Service-public.fr
mairie-coutansouze@wanadoo.fr,collectivite_administration,allier,mairie collectivite,https://lannuaire.service-public.gouv.fr/auvergne-rhone-alpes/allier/35e4e430-5777-48e7-8b06-ee31a74617a5,Mairie - Coutansouze,official source: Annuaire de l'administration Service-public.fr
mairie-de-bost@orange.fr,collectivite_administration,allier,mairie collectivite,https://lannuaire.service-public.gouv.fr/auvergne-rhone-alpes/allier/b8651a21-d263-4c21-89cb-add7c406249a,Mairie - Bost,official source: Annuaire de l'administration Service-public.fr
mairie-de-desertines@wanadoo.fr,collectivite_administration,allier,mairie collectivite,https://lannuaire.service-public.gouv.fr/auvergne-rhone-alpes/allier/de77abe6-221d-4a0e-9295-9de678363434,Mairie - Désertines,official source: Annuaire de l'administration Service-public.fr
mairie-de-diou@wanadoo.fr,collectivite_administration,allier,mairie collectivite,https://lannuaire.service-public.gouv.fr/auvergne-rhone-alpes/allier/4576d146-1884-40b7-b905-652466d1389e,Centre communal d'action sociale (CCAS) - Dompierre-sur-Besbre,official source: Annuaire de l'administration Service-public.fr
mairie-de-monteignet@orange.fr,collectivite_administration,allier,mairie collectivite,https://lannuaire.service-public.gouv.fr/auvergne-rhone-alpes/allier/00dd5c5b-8b55-43af-84fc-62ea2ec07b50,Mairie - Monteignet-sur-l'Andelot,official source: Annuaire de l'administration Service-public.fr
mairie-espinasse-vozelle@orange.fr,collectivite_administration,allier,mairie collectivite,https://lannuaire.service-public.gouv.fr/auvergne-rhone-alpes/allier/e2cb697b-b96e-4964-8316-75721ed7c154,Mairie - Espinasse-Vozelle,official source: Annuaire de l'administration Service-public.fr
mairie-estivareilles@wanadoo.fr,collectivite_administration,allier,mairie collectivite,https://lannuaire.service-public.gouv.fr/auvergne-rhone-alpes/allier/a638ffe4-f383-4a17-8523-40235e1707c4,Centre communal d'action sociale (CCAS) - Estivareilles,official source: Annuaire de l'administration Service-public.fr
mairie-franchesse@wanadoo.fr,collectivite_administration,allier,mairie collectivite,https://lannuaire.service-public.gouv.fr/auvergne-rhone-alpes/allier/0ce0aecd-be2a-49fc-a37c-3f1eb444e9eb,Mairie - Franchesse,official source: Annuaire de l'administration Service-public.fr
mairie-hautbocage03@orange.fr,collectivite_administration,allier,mairie collectivite,https://lannuaire.service-public.gouv.fr/auvergne-rhone-alpes/allier/3b2fcecf-64dc-4bfc-90a0-3c46248206e1,Mairie - Haut-Bocage,official source: Annuaire de l'administration Service-public.fr
mairie-herisson@wanadoo.fr,collectivite_administration,allier,mairie collectivite,https://lannuaire.service-public.gouv.fr/auvergne-rhone-alpes/allier/4cbedde9-341c-4230-a723-2c186a58713d,Mairie - Hérisson,official source: Annuaire de l'administration Service-public.fr
mairie-isles-et-bardais@wanadoo.fr,collectivite_administration,allier,mairie collectivite,https://lannuaire.service-public.gouv.fr/auvergne-rhone-alpes/allier/802c7e7f-62fe-474f-a9b8-5766f076b15f,Mairie - Isle-et-Bardais,official source: Annuaire de l'administration Service-public.fr
mairie-jenzat@wanadoo.fr,collectivite_administration,allier,mairie collectivite,https://lannuaire.service-public.gouv.fr/auvergne-rhone-alpes/allier/e6abb7ea-c555-463e-a112-7c0ce3627061,Mairie - Jenzat,official source: Annuaire de l'administration Service-public.fr
mairie-la-celle@wanadoo.fr,collectivite_administration,allier,mairie collectivite,https://lannuaire.service-public.gouv.fr/auvergne-rhone-alpes/allier/e1195402-870c-4eee-a34e-0b487fbe3184,Mairie - La Celle,official source: Annuaire de l'administration Service-public.fr
mairie-la-petite-marche@wanadoo.fr,collectivite_administration,allier,mairie collectivite,https://lannuaire.service-public.gouv.fr/auvergne-rhone-alpes/allier/af719c05-ff7e-4ccc-801f-8f213d9dd96a,Mairie - La Petite-Marche,official source: Annuaire de l'administration Service-public.fr
mairie-lachapelle@wanadoo.fr,collectivite_administration,allier,mairie collectivite,https://lannuaire.service-public.gouv.fr/auvergne-rhone-alpes/allier/7175f248-3bff-49e5-887d-642ea2cefce1,Mairie - La Chapelle,official source: Annuaire de l'administration Service-public.fr
mairie-lafeline@wanadoo.fr,collectivite_administration,allier,mairie collectivite,https://lannuaire.service-public.gouv.fr/auvergne-rhone-alpes/allier/a13d313c-b020-4fd1-8033-af7c6f882753,Mairie - Laféline,official source: Annuaire de l'administration Service-public.fr
mairie-lalizolle@orange.fr,collectivite_administration,allier,mairie collectivite,https://lannuaire.service-public.gouv.fr/auvergne-rhone-alpes/allier/7e44c440-8e3a-4534-8983-5de475c94a40,Mairie - Lalizolle,official source: Annuaire de l'administration Service-public.fr
mairie-le-mayet-decole@orange.fr,collectivite_administration,allier,mairie collectivite,https://lannuaire.service-public.gouv.fr/auvergne-rhone-alpes/allier/449d9c38-6ebb-4ffd-8c49-66cd67754d55,Mairie - Le Mayet-d'École,official source: Annuaire de l'administration Service-public.fr
mairie-lignerolles@orange.fr,collectivite_administration,allier,mairie collectivite,https://lannuaire.service-public.gouv.fr/auvergne-rhone-alpes/allier/85b21880-6def-4f26-9ba0-ba7de0ade6e7,Mairie - Lignerolles,official source: Annuaire de l'administration Service-public.fr
mairie-loddes@wanadoo.fr,collectivite_administration,allier,mairie collectivite,https://lannuaire.service-public.gouv.fr/auvergne-rhone-alpes/allier/f911f7cb-4d67-4eb6-936f-962aad9c6028,Mairie - Loddes,official source: Annuaire de l'administration Service-public.fr
mairie-louchy-montfand@wanadoo.fr,collectivite_administration,allier,mairie collectivite,https://lannuaire.service-public.gouv.fr/auvergne-rhone-alpes/allier/d1dcaa23-c987-4155-a7b1-6c319d580ccb,Mairie - Louchy-Montfand,official source: Annuaire de l'administration Service-public.fr
mairie-marcenat@wanadoo.fr,collectivite_administration,allier,mairie collectivite,https://lannuaire.service-public.gouv.fr/auvergne-rhone-alpes/allier/6dd71711-fdf2-45cf-9b09-2ed5cc362e13,Mairie - Marcenat,official source: Annuaire de l'administration Service-public.fr
mairie-mariol@wanadoo.fr,collectivite_administration,allier,mairie collectivite,https://lannuaire.service-public.gouv.fr/auvergne-rhone-alpes/allier/bc4ad742-d9f0-4042-b92a-8d701c20d30e,Centre communal d'action sociale (CCAS) - Mariol,official source: Annuaire de l'administration Service-public.fr
mairie-mercy03@wanadoo.fr,collectivite_administration,allier,mairie collectivite,https://lannuaire.service-public.gouv.fr/auvergne-rhone-alpes/allier/2049fec8-3424-4bb3-96af-269c6d5a1c99,Mairie - Mercy,official source: Annuaire de l'administration Service-public.fr
mairie-monestier@orange.fr,collectivite_administration,allier,mairie collectivite,https://lannuaire.service-public.gouv.fr/auvergne-rhone-alpes/allier/9b9752b3-c073-43c3-85e1-99ba690cb526,Mairie - Monestier,official source: Annuaire de l'administration Service-public.fr
mairie-montord@wanadoo.fr,collectivite_administration,allier,mairie collectivite,https://lannuaire.service-public.gouv.fr/auvergne-rhone-alpes/allier/b63807cc-7229-41e2-830b-f250bee93705,Mairie - Montord,official source: Annuaire de l'administration Service-public.fr
mairie-neuilly-le-real@pays-allier.com,collectivite_administration,allier,mairie collectivite,https://lannuaire.service-public.gouv.fr/auvergne-rhone-alpes/allier/c1d8e691-4806-46c3-85ad-860e0ba0cc08,Centre communal d'action sociale (CCAS) - Neuilly-le-Réal,official source: Annuaire de l'administration Service-public.fr
mairie-ronnet@wanadoo.fr,collectivite_administration,allier,mairie collectivite,https://lannuaire.service-public.gouv.fr/auvergne-rhone-alpes/allier/c00188b9-d817-4cf0-92a0-481c5e6ba3a2,Mairie - Ronnet,official source: Annuaire de l'administration Service-public.fr
mairie-saint-angel03@wanadoo.fr,collectivite_administration,allier,mairie collectivite,https://lannuaire.service-public.gouv.fr/auvergne-rhone-alpes/allier/8c496aed-c067-4ef6-9eba-3b3546062cd6,Mairie - Saint-Angel,official source: Annuaire de l'administration Service-public.fr
mairie-saint-desire@wanadoo.fr,collectivite_administration,allier,mairie collectivite,https://lannuaire.service-public.gouv.fr/auvergne-rhone-alpes/allier/6e960713-eff2-4a3a-93ca-410f10401f78,Mairie - Saint-Désiré,official source: Annuaire de l'administration Service-public.fr
mairie-saint-fargeol@wanadoo.fr,collectivite_administration,allier,mairie collectivite,https://lannuaire.service-public.gouv.fr/auvergne-rhone-alpes/allier/6ff1542c-b907-49e7-b145-c03401833797,Mairie - Saint-Fargeol,official source: Annuaire de l'administration Service-public.fr
mairie-saint-genest@wanadoo.fr,collectivite_administration,allier,mairie collectivite,https://lannuaire.service-public.gouv.fr/auvergne-rhone-alpes/allier/64a58d6b-9129-4c15-a71d-9d8f0730608e,Mairie - Saint-Genest,official source: Annuaire de l'administration Service-public.fr
mairie-saint-germain-des-fosses@wanadoo.fr,collectivite_administration,allier,mairie collectivite,https://lannuaire.service-public.gouv.fr/auvergne-rhone-alpes/allier/bce3c3ae-6c27-40d8-87d9-d67a2abb7f81,Mairie - Saint-Germain-des-Fossés,official source: Annuaire de l'administration Service-public.fr
mairie-saint-martinien@orange.fr,collectivite_administration,allier,mairie collectivite,https://lannuaire.service-public.gouv.fr/auvergne-rhone-alpes/allier/00ec797b-b618-4ee9-ab29-1aad4efeb6da,Mairie - Saint-Martinien,official source: Annuaire de l'administration Service-public.fr
mairie-saint-pierre-laval@wanadoo.fr,collectivite_administration,allier,mairie collectivite,https://lannuaire.service-public.gouv.fr/auvergne-rhone-alpes/allier/34f05dfc-691a-4e3f-bea0-bcbc5f85323d,Mairie - Saint-Pierre-Laval,official source: Annuaire de l'administration Service-public.fr
mairie-saint-sauvier@wanadoo.fr,collectivite_administration,allier,mairie collectivite,https://lannuaire.service-public.gouv.fr/auvergne-rhone-alpes/allier/5da4b5af-1ec6-4915-a1ac-ae1ecf0e1669,Mairie - Saint-Sauvier,official source: Annuaire de l'administration Service-public.fr
mairie-saintbonnetdefour@wanadoo.fr,collectivite_administration,allier,mairie collectivite,https://lannuaire.service-public.gouv.fr/auvergne-rhone-alpes/allier/fa8d7da2-3d0e-4a58-aeb1-9a53ec013dcf,Mairie - Saint-Bonnet-de-Four,official source: Annuaire de l'administration Service-public.fr
mairie-saulcet@orange.fr,collectivite_administration,allier,mairie collectivite,https://lannuaire.service-public.gouv.fr/auvergne-rhone-alpes/allier/36694095-e081-4cc7-9266-60a55ff20b05,Mairie - Saulcet,official source: Annuaire de l'administration Service-public.fr
mairie-saulzet@orange.fr,collectivite_administration,allier,mairie collectivite,https://lannuaire.service-public.gouv.fr/auvergne-rhone-alpes/allier/1291b4d1-0a58-4b3c-9937-a9b60ee380c8,Mairie - Saulzet,official source: Annuaire de l'administration Service-public.fr
mairie-sauvagny@wanadoo.fr,collectivite_administration,allier,mairie collectivite,https://lannuaire.service-public.gouv.fr/auvergne-rhone-alpes/allier/5927b70d-e8a3-46a5-aec1-7cd934f451ac,Mairie - Sauvagny,official source: Annuaire de l'administration Service-public.fr
mairie-sazeret@wanadoo.fr,collectivite_administration,allier,mairie collectivite,https://lannuaire.service-public.gouv.fr/auvergne-rhone-alpes/allier/12aac4db-5232-44b3-ad2d-89574424517f,Mairie - Sazeret,official source: Annuaire de l'administration Service-public.fr
mairie-serbannes@wanadoo.fr,collectivite_administration,allier,mairie collectivite,https://lannuaire.service-public.gouv.fr/auvergne-rhone-alpes/allier/d1b4ace9-462a-4af7-b4f2-fcdb5968d43f,Mairie - Serbannes,official source: Annuaire de l'administration Service-public.fr
mairie-servilly@orange.fr,collectivite_administration,allier,mairie collectivite,https://lannuaire.service-public.gouv.fr/auvergne-rhone-alpes/allier/d52fdcd3-f0b4-4750-9d13-1e1c90a63a3a,Mairie - Servilly,official source: Annuaire de l'administration Service-public.fr
mairie-st-bonnet-rochefort@orange.fr,collectivite_administration,allier,mairie collectivite,https://lannuaire.service-public.gouv.fr/auvergne-rhone-alpes/allier/83087047-1f28-4270-923a-6bcf038d0954,Mairie - Saint-Bonnet-de-Rochefort,official source: Annuaire de l'administration Service-public.fr
mairie-st-caprais@orange.fr,collectivite_administration,allier,mairie collectivite,https://lannuaire.service-public.gouv.fr/auvergne-rhone-alpes/allier/d7f0a6e4-2313-4189-906a-0049c2f2dbcd,Mairie - Saint-Caprais,official source: Annuaire de l'administration Service-public.fr
mairie-st-marcel-en-murat@wanadoo.fr,collectivite_administration,allier,mairie collectivite,https://lannuaire.service-public.gouv.fr/auvergne-rhone-alpes/allier/4dd3f819-67bd-47dc-bc60-a1d42f141aca,Mairie - Saint-Marcel-en-Murat,official source: Annuaire de l'administration Service-public.fr
mairie-st-marcel-marcillat@wanadoo.fr,collectivite_administration,allier,mairie collectivite,https://lannuaire.service-public.gouv.fr/auvergne-rhone-alpes/allier/b8e12438-9a57-412e-879b-1cdeeb1bab21,Mairie - Saint-Marcel-en-Marcillat,official source: Annuaire de l'administration Service-public.fr
mairie-st-priest-en-murat@wanadoo.fr,collectivite_administration,allier,mairie collectivite,https://lannuaire.service-public.gouv.fr/auvergne-rhone-alpes/allier/b1b2e5d8-2cc6-4dd5-92ea-8d47d2c59270,Mairie - Saint-Priest-en-Murat,official source: Annuaire de l'administration Service-public.fr
mairie-st-prix@wanadoo.fr,collectivite_administration,allier,mairie collectivite,https://lannuaire.service-public.gouv.fr/auvergne-rhone-alpes/allier/6750b3d3-6275-407a-a451-08a497e29a57,Mairie - Saint-Prix,official source: Annuaire de l'administration Service-public.fr
mairie-ste-therence@orange.fr,collectivite_administration,allier,mairie collectivite,https://lannuaire.service-public.gouv.fr/auvergne-rhone-alpes/allier/9f22984e-b4e3-4e48-a5ac-d95d535b0947,Mairie - Sainte-Thérence,official source: Annuaire de l'administration Service-public.fr
mairie-sussat@wanadoo.fr,collectivite_administration,allier,mairie collectivite,https://lannuaire.service-public.gouv.fr/auvergne-rhone-alpes/allier/3a906217-f1c7-41a9-96ff-97120b03a0d7,Mairie - Sussat,official source: Annuaire de l'administration Service-public.fr
mairie-taxat-senat@wanadoo.fr,collectivite_administration,allier,mairie collectivite,https://lannuaire.service-public.gouv.fr/auvergne-rhone-alpes/allier/6dc0a3b7-d397-428a-9520-3e18c1ae41cb,Mairie - Taxat-Senat,official source: Annuaire de l'administration Service-public.fr
mairie-teillet-argenty@wanadoo.fr,collectivite_administration,allier,mairie collectivite,https://lannuaire.service-public.gouv.fr/auvergne-rhone-alpes/allier/a5bf41cd-04c8-4402-b670-ad713fa2383b,Mairie - Teillet-Argenty,official source: Annuaire de l'administration Service-public.fr
mairie-tortezais@wanadoo.fr,collectivite_administration,allier,mairie collectivite,https://lannuaire.service-public.gouv.fr/auvergne-rhone-alpes/allier/b940d077-f513-4d2a-94ec-4ce0b4db70cd,Mairie - Tortezais,official source: Annuaire de l'administration Service-public.fr
mairie-trezelles@wanadoo.fr,collectivite_administration,allier,mairie collectivite,https://lannuaire.service-public.gouv.fr/auvergne-rhone-alpes/allier/38f1f5b2-91bd-4285-a581-152b5348fcad,Mairie - Trézelles,official source: Annuaire de l'administration Service-public.fr
mairie-urcay@wanadoo.fr,collectivite_administration,allier,mairie collectivite,https://lannuaire.service-public.gouv.fr/auvergne-rhone-alpes/allier/72e1fc46-c4dc-406e-90d6-9d38b9beb5b5,Mairie - Urçay,official source: Annuaire de l'administration Service-public.fr
mairie-ussel-allier@wanadoo.fr,collectivite_administration,allier,mairie collectivite,https://lannuaire.service-public.gouv.fr/auvergne-rhone-alpes/allier/de765cf2-4f1c-4427-8b83-c07ee212e192,Mairie - Ussel-d'Allier,official source: Annuaire de l'administration Service-public.fr
mairie-valignat@wanadoo.fr,collectivite_administration,allier,mairie collectivite,https://lannuaire.service-public.gouv.fr/auvergne-rhone-alpes/allier/cf889410-d069-4d96-a8a9-6ef04932cc6e,Mairie - Valignat,official source: Annuaire de l'administration Service-public.fr
mairie-verneix@wanadoo.fr,collectivite_administration,allier,mairie collectivite,https://lannuaire.service-public.gouv.fr/auvergne-rhone-alpes/allier/1055a9b5-09ba-4c40-8cee-4c19e21e5f9c,Mairie - Verneix,official source: Annuaire de l'administration Service-public.fr
mairie-verneuil-en-bourbonnais@wanadoo.fr,collectivite_administration,allier,mairie collectivite,https://lannuaire.service-public.gouv.fr/auvergne-rhone-alpes/allier/92a12954-9dff-4a99-afbb-56932c4f1991,Mairie - Verneuil-en-Bourbonnais,official source: Annuaire de l'administration Service-public.fr
mairie-vernusse@wanadoo.fr,collectivite_administration,allier,mairie collectivite,https://lannuaire.service-public.gouv.fr/auvergne-rhone-alpes/allier/c78694d9-e784-4fdc-915d-c4ed19f5afd9,Mairie - Vernusse,official source: Annuaire de l'administration Service-public.fr
mairie-vieure@orange.fr,collectivite_administration,allier,mairie collectivite,https://lannuaire.service-public.gouv.fr/auvergne-rhone-alpes/allier/5efe24f8-dc7a-4a21-92fe-35cc9ca28271,Mairie - Vieure,official source: Annuaire de l'administration Service-public.fr
mairie-villeneuve-sur-allier@wanadoo.fr,collectivite_administration,allier,mairie collectivite,https://lannuaire.service-public.gouv.fr/auvergne-rhone-alpes/allier/60fee9ee-13a4-4b49-923f-e27f5031e003,Centre communal d'action sociale (CCAS) - Aurouër,official source: Annuaire de l'administration Service-public.fr
mairie.aurouer@orange.fr,collectivite_administration,allier,mairie collectivite,https://lannuaire.service-public.gouv.fr/auvergne-rhone-alpes/allier/7405b8d0-06be-4eb1-8503-b1169e88d4bd,Mairie - Aurouër,official source: Annuaire de l'administration Service-public.fr
mairie.barberier@wanadoo.fr,collectivite_administration,allier,mairie collectivite,https://lannuaire.service-public.gouv.fr/auvergne-rhone-alpes/allier/18a2dbbd-c8c4-41cd-bea4-94336b0338dc,Mairie - Barberier,official source: Annuaire de l'administration Service-public.fr
mairie.bezenet@wanadoo.fr,collectivite_administration,allier,mairie collectivite,https://lannuaire.service-public.gouv.fr/auvergne-rhone-alpes/allier/ae8bbbda-9d81-42ef-a3b4-2604700a505c,Mairie - Bézenet,official source: Annuaire de l'administration Service-public.fr
mairie.brugheas@wanadoo.fr,collectivite_administration,allier,mairie collectivite,https://lannuaire.service-public.gouv.fr/auvergne-rhone-alpes/allier/cfccb692-ad2b-49ce-8910-45928d96b700,Mairie - Brugheas,official source: Annuaire de l'administration Service-public.fr
mairie.busset@wanadoo.fr,collectivite_administration,allier,mairie collectivite,https://lannuaire.service-public.gouv.fr/auvergne-rhone-alpes/allier/349ebb16-ca8d-4aae-9099-66dbb8ee5248,Mairie - Busset,official source: Annuaire de l'administration Service-public.fr
mairie.chamblet@wanadoo.fr,collectivite_administration,allier,mairie collectivite,https://lannuaire.service-public.gouv.fr/auvergne-rhone-alpes/allier/032e072d-1485-4a5e-937c-b66dede9cebd,Mairie - Chamblet,official source: Annuaire de l'administration Service-public.fr
mairie.chareil-cintrat@wanadoo.fr,collectivite_administration,allier,mairie collectivite,https://lannuaire.service-public.gouv.fr/auvergne-rhone-alpes/allier/68a2d9df-c06d-47d9-aade-120329b39ef2,Centre communal d'action sociale (CCAS) - Fourilles,official source: Annuaire de l'administration Service-public.fr
mairie.chatelus03@gmail.com,collectivite_administration,allier,mairie collectivite,https://lannuaire.service-public.gouv.fr/auvergne-rhone-alpes/allier/d18a0902-0600-4652-b5a4-6ef24e03e961,Mairie - Châtelus,official source: Annuaire de l'administration Service-public.fr
mairie.chavenon@wanadoo.fr,collectivite_administration,allier,mairie collectivite,https://lannuaire.service-public.gouv.fr/auvergne-rhone-alpes/allier/49389cec-d3b3-4b6c-9c6c-c14ac7a426f0,Mairie - Chavenon,official source: Annuaire de l'administration Service-public.fr
mairie.chevagnes@wanadoo.fr,collectivite_administration,allier,mairie collectivite,https://lannuaire.service-public.gouv.fr/auvergne-rhone-alpes/allier/0b60a807-0884-4f08-8366-2b0712fdac8c,Mairie - Chevagnes,official source: Annuaire de l'administration Service-public.fr
mairie.chezelle03@wanadoo.fr,collectivite_administration,allier,mairie collectivite,https://lannuaire.service-public.gouv.fr/auvergne-rhone-alpes/allier/b6f74329-b361-4c18-9c84-c4947f418df2,Mairie - Chezelle,official source: Annuaire de l'administration Service-public.fr
mairie.chouvigny@wanadoo.fr,collectivite_administration,allier,mairie collectivite,https://lannuaire.service-public.gouv.fr/auvergne-rhone-alpes/allier/3ae99389-2482-4e37-9ca1-4fba56c6b822,Mairie - Chouvigny,official source: Annuaire de l'administration Service-public.fr
mairie.cognat-lyonne@wanadoo.fr,collectivite_administration,allier,mairie collectivite,https://lannuaire.service-public.gouv.fr/auvergne-rhone-alpes/allier/05ae66b8-6e56-488b-a2a0-3b38c8bfbb5b,Centre communal d'action sociale (CCAS) - Cognat-Lyonne,official source: Annuaire de l'administration Service-public.fr
mairie.colombier@wanadoo.fr,collectivite_administration,allier,mairie collectivite,https://lannuaire.service-public.gouv.fr/auvergne-rhone-alpes/allier/e5f286c0-e52f-4bfa-97cb-298e85b6f659,Mairie - Colombier,official source: Annuaire de l'administration Service-public.fr
mairie.commune-de-laprugne@orange.fr,collectivite_administration,allier,mairie collectivite,https://lannuaire.service-public.gouv.fr/auvergne-rhone-alpes/allier/434b6c7d-fb6c-4037-90cf-5010ca8d335f,Mairie - Laprugne,official source: Annuaire de l'administration Service-public.fr
mairie.couleuvre@gmail.com,collectivite_administration,allier,mairie collectivite,https://lannuaire.service-public.gouv.fr/auvergne-rhone-alpes/allier/e59cda24-d352-4e68-98d7-e8f599e63c44,Mairie - Couleuvre,official source: Annuaire de l'administration Service-public.fr
mairie.de.naves@wanadoo.fr,collectivite_administration,allier,mairie collectivite,https://lannuaire.service-public.gouv.fr/auvergne-rhone-alpes/allier/abdc0309-2666-42a2-b40f-a101cbd5aec9,Mairie - Naves,official source: Annuaire de l'administration Service-public.fr
mairie.de.neure@wanadoo.fr,collectivite_administration,allier,mairie collectivite,https://lannuaire.service-public.gouv.fr/auvergne-rhone-alpes/allier/50cf0046-aeba-46c4-b3e9-550dd967815a,Mairie - Neure,official source: Annuaire de l'administration Service-public.fr
mairie.de.perigny@wanadoo.fr,collectivite_administration,allier,mairie collectivite,https://lannuaire.service-public.gouv.fr/auvergne-rhone-alpes/allier/be8313f4-d2d9-465e-a6d8-8b4ad2cefe93,Mairie - Périgny,official source: Annuaire de l'administration Service-public.fr
mairie.de.vicq@wanadoo.fr,collectivite_administration,allier,mairie collectivite,https://lannuaire.service-public.gouv.fr/auvergne-rhone-alpes/allier/60541786-feeb-40d6-a422-817bf73d183b,Mairie - Vicq,official source: Annuaire de l'administration Service-public.fr
mairie.domerat@wanadoo.fr,collectivite_administration,allier,mairie collectivite,https://lannuaire.service-public.gouv.fr/auvergne-rhone-alpes/allier/80019da8-c9f4-466e-ab65-acdf7f75a217,Centre communal d'action sociale (CCAS) - Domérat,official source: Annuaire de l'administration Service-public.fr
mairie.droiturier@wanadoo.fr,collectivite_administration,allier,mairie collectivite,https://lannuaire.service-public.gouv.fr/auvergne-rhone-alpes/allier/cd02e32e-6667-47ba-b9b0-17ad3aead28a,Mairie - Droiturier,official source: Annuaire de l'administration Service-public.fr
mairie.ferrieres@orange.fr,collectivite_administration,allier,mairie collectivite,https://lannuaire.service-public.gouv.fr/auvergne-rhone-alpes/allier/4542510a-eba8-4c2c-8435-9c15dfbbf8d3,Mairie - Ferrières-sur-Sichon,official source: Annuaire de l'administration Service-public.fr
mairie.fleuriel@wanadoo.fr,collectivite_administration,allier,mairie collectivite,https://lannuaire.service-public.gouv.fr/auvergne-rhone-alpes/allier/95582fb5-e078-4aab-a4f5-89c1c77e585b,Centre communal d'action sociale (CCAS) - Fleuriel,official source: Annuaire de l'administration Service-public.fr
mairie.gennetines03@gmail.com,collectivite_administration,allier,mairie collectivite,https://lannuaire.service-public.gouv.fr/auvergne-rhone-alpes/allier/dd542b93-5c7c-454d-b526-508c901956d1,Mairie - Gennetines,official source: Annuaire de l'administration Service-public.fr
mairie.gipcy@wanadoo.fr,collectivite_administration,allier,mairie collectivite,https://lannuaire.service-public.gouv.fr/auvergne-rhone-alpes/allier/f0f0c40e-79a3-4290-b5f5-9e2d3ff34e28,Mairie - Gipcy,official source: Annuaire de l'administration Service-public.fr
mairie.isserpent@wanadoo.fr,collectivite_administration,allier,mairie collectivite,https://lannuaire.service-public.gouv.fr/auvergne-rhone-alpes/allier/8362b294-9a99-41d8-a4a6-c158bea81c4a,Mairie - Isserpent,official source: Annuaire de l'administration Service-public.fr
mairie.la-guillermie@wanadoo.fr,collectivite_administration,allier,mairie collectivite,https://lannuaire.service-public.gouv.fr/auvergne-rhone-alpes/allier/4c44b58f-c78d-49ba-b22c-e82b90b20f14,Mairie - La Guillermie,official source: Annuaire de l'administration Service-public.fr
mairie.le.veurdre@wanadoo.fr,collectivite_administration,allier,mairie collectivite,https://lannuaire.service-public.gouv.fr/auvergne-rhone-alpes/allier/ab51b274-f739-42c9-b758-2d93c6a5e23c,Mairie - Le Veurdre,official source: Annuaire de l'administration Service-public.fr
mairie.lebrethon@wanadoo.fr,collectivite_administration,allier,mairie collectivite,https://lannuaire.service-public.gouv.fr/auvergne-rhone-alpes/allier/3aff6854-d483-4777-9d2d-7fb18959d522,Mairie - Le Brethon,official source: Annuaire de l'administration Service-public.fr
mairie.lebreuil.03@wanadoo.fr,collectivite_administration,allier,mairie collectivite,https://lannuaire.service-public.gouv.fr/auvergne-rhone-alpes/allier/fbb2b2bd-8e3e-4900-814b-cf8877f7f666,Mairie - Le Breuil,official source: Annuaire de l'administration Service-public.fr
mairie.lenax@orange.fr,collectivite_administration,allier,mairie collectivite,https://lannuaire.service-public.gouv.fr/auvergne-rhone-alpes/allier/d50da74d-095c-468c-9f97-40c1a4460d9b,Mairie - Lenax,official source: Annuaire de l'administration Service-public.fr
mairie.letelon@orange.fr,collectivite_administration,allier,mairie collectivite,https://lannuaire.service-public.gouv.fr/auvergne-rhone-alpes/allier/83921bf5-5848-493d-8925-86c9ed2b6ec3,Mairie - Lételon,official source: Annuaire de l'administration Service-public.fr
mairie.mazerier03800@gmail.com,collectivite_administration,allier,mairie collectivite,https://lannuaire.service-public.gouv.fr/auvergne-rhone-alpes/allier/44c71210-3908-490f-8cd3-d2b4a87cd6b7,Mairie - Mazerier,official source: Annuaire de l'administration Service-public.fr
mairie.meaulne@orange.fr,collectivite_administration,allier,mairie collectivite,https://lannuaire.service-public.gouv.fr/auvergne-rhone-alpes/allier/a50ba729-020f-418a-a8f5-2c08b3de23c7,Centre communal d'action sociale (CCAS) - Meaulne-Vitray,official source: Annuaire de l'administration Service-public.fr
mairie.molles@wanadoo.fr,collectivite_administration,allier,mairie collectivite,https://lannuaire.service-public.gouv.fr/auvergne-rhone-alpes/allier/38472657-feb3-4115-a70d-a880bb80faac,Mairie - Molles,official source: Annuaire de l'administration Service-public.fr
mairie.monetay-sur-loire@wanadoo.fr,collectivite_administration,allier,mairie collectivite,https://lannuaire.service-public.gouv.fr/auvergne-rhone-alpes/allier/c8d488bd-e550-4963-9f09-1f701dfcaad4,Centre communal d'action sociale (CCAS) - Monétay-sur-Loire,official source: Annuaire de l'administration Service-public.fr
mairie.montmarault@wanadoo.fr,collectivite_administration,allier,mairie collectivite,https://lannuaire.service-public.gouv.fr/auvergne-rhone-alpes/allier/9c3536d2-6b56-4631-8a46-96845a730a39,Centre communal d'action sociale (CCAS) - Montmarault,official source: Annuaire de l'administration Service-public.fr
mairie.montoldre@gmail.com,collectivite_administration,allier,mairie collectivite,https://lannuaire.service-public.gouv.fr/auvergne-rhone-alpes/allier/beee6a0a-fc86-43f9-969b-9bd0e4895ba7,Mairie - Montoldre,official source: Annuaire de l'administration Service-public.fr
mairie.montvicq@wanadoo.fr,collectivite_administration,allier,mairie collectivite,https://lannuaire.service-public.gouv.fr/auvergne-rhone-alpes/allier/c2031ffa-ca6b-4c08-a8ac-9aa809a51450,Mairie - Montvicq,official source: Annuaire de l'administration Service-public.fr
mairie.nades@orange.fr,collectivite_administration,allier,mairie collectivite,https://lannuaire.service-public.gouv.fr/auvergne-rhone-alpes/allier/9c13db67-84bd-437c-a290-34f8a17fdd05,Mairie - Nades,official source: Annuaire de l'administration Service-public.fr
mairie.nassigny@orange.fr,collectivite_administration,allier,mairie collectivite,https://lannuaire.service-public.gouv.fr/auvergne-rhone-alpes/allier/d2d7e7b4-938a-4012-b109-63c514860822,Mairie - Nassigny,official source: Annuaire de l'administration Service-public.fr
mairie.nizerolles@gmail.com,collectivite_administration,allier,mairie collectivite,https://lannuaire.service-public.gouv.fr/auvergne-rhone-alpes/allier/5cd0d29e-7e65-426f-8641-69adcd1ae8a5,Mairie - Nizerolles,official source: Annuaire de l'administration Service-public.fr
mairie.paray.sous.briailles@orange.fr,collectivite_administration,allier,mairie collectivite,https://lannuaire.service-public.gouv.fr/auvergne-rhone-alpes/allier/41a2968f-f618-4f47-8fc7-f438525cdffe,Mairie - Paray-sous-Briailles,official source: Annuaire de l'administration Service-public.fr
mairie.quinssaines@wanadoo.fr,collectivite_administration,allier,mairie collectivite,https://lannuaire.service-public.gouv.fr/auvergne-rhone-alpes/allier/2836a40f-648d-4b9d-ac76-af06d58c040b,Mairie - Quinssaines,official source: Annuaire de l'administration Service-public.fr
mairie.saint-christophe@wanadoo.fr,collectivite_administration,allier,mairie collectivite,https://lannuaire.service-public.gouv.fr/auvergne-rhone-alpes/allier/ea8a5233-6b20-4926-b76d-efbffe1c2453,Mairie - Saint-Christophe-en-Bourbonnais,official source: Annuaire de l'administration Service-public.fr
mairie.saint-palais03@wanadoo.fr,collectivite_administration,allier,mairie collectivite,https://lannuaire.service-public.gouv.fr/auvergne-rhone-alpes/allier/096c66e9-8b63-44f1-8828-6d7ff4451d17,Mairie - Saint-Palais,official source: Annuaire de l'administration Service-public.fr
mairie.saint-pont@wanadoo.fr,collectivite_administration,allier,mairie collectivite,https://lannuaire.service-public.gouv.fr/auvergne-rhone-alpes/allier/eb59f2e4-508a-46f7-a8a4-b1373031177a,Mairie - Saint-Pont,official source: Annuaire de l'administration Service-public.fr
mairie.saint-sornin@wanadoo.fr,collectivite_administration,allier,mairie collectivite,https://lannuaire.service-public.gouv.fr/auvergne-rhone-alpes/allier/5c64a1bb-4c50-4151-8357-344dc4fc8c6c,Mairie - Saint-Sornin,official source: Annuaire de l'administration Service-public.fr
mairie.saintbonnettroncais@wanadoo.fr,collectivite_administration,allier,mairie collectivite,https://lannuaire.service-public.gouv.fr/auvergne-rhone-alpes/allier/7753aeed-3b41-445e-af86-1e7974f625f9,Mairie - Saint-Bonnet-Tronçais,official source: Annuaire de l'administration Service-public.fr
mairie.seuillet@wanadoo.fr,collectivite_administration,allier,mairie collectivite,https://lannuaire.service-public.gouv.fr/auvergne-rhone-alpes/allier/0c3bc7a6-5c1f-4e10-94ae-b8cc11b45736,Centre communal d'action sociale (CCAS) - Seuillet,official source: Annuaire de l'administration Service-public.fr
mairie.sgs@wanadoo.fr,collectivite_administration,allier,mairie collectivite,https://lannuaire.service-public.gouv.fr/auvergne-rhone-alpes/allier/f98bd6ee-0e11-4a6d-93d7-d8fe8a514d66,Mairie - Saint-Germain-de-Salles,official source: Annuaire de l'administration Service-public.fr
mairie.sorbier@orange.fr,collectivite_administration,allier,mairie collectivite,https://lannuaire.service-public.gouv.fr/auvergne-rhone-alpes/allier/cf7f331d-13e8-4aae-84bc-fd3a631f7f5d,Mairie - Sorbier,official source: Annuaire de l'administration Service-public.fr
mairie.st.etienne.vicq@wanadoo.fr,collectivite_administration,allier,mairie collectivite,https://lannuaire.service-public.gouv.fr/auvergne-rhone-alpes/allier/cf6a2410-bebd-4678-b3a5-6b1124cb466c,Mairie - Saint-Étienne-de-Vicq,official source: Annuaire de l'administration Service-public.fr
mairie.st.leopardin.daugy@wanadoo.fr,collectivite_administration,allier,mairie collectivite,https://lannuaire.service-public.gouv.fr/auvergne-rhone-alpes/allier/143ab7ca-76c4-4708-9ef8-73319fb8fd9c,Mairie - Saint-Léopardin-d'Augy,official source: Annuaire de l'administration Service-public.fr
mairie.st.loup03@wanadoo.fr,collectivite_administration,allier,mairie collectivite,https://lannuaire.service-public.gouv.fr/auvergne-rhone-alpes/allier/ab03e910-36ff-40f8-b806-7606f2419952,Mairie - Saint-Loup,official source: Annuaire de l'administration Service-public.fr
mairie.vallonensully@orange.fr,collectivite_administration,allier,mairie collectivite,https://lannuaire.service-public.gouv.fr/auvergne-rhone-alpes/allier/80d1be3c-c0c0-4337-98c9-3c945b13a1c2,Mairie - Vallon-en-Sully,official source: Annuaire de l'administration Service-public.fr
mairie.veauce@wanadoo.fr,collectivite_administration,allier,mairie collectivite,https://lannuaire.service-public.gouv.fr/auvergne-rhone-alpes/allier/21d2dea7-899f-4571-98f0-f008a5858293,Mairie - Veauce,official source: Annuaire de l'administration Service-public.fr
mairie.venas@orange.fr,collectivite_administration,allier,mairie collectivite,https://lannuaire.service-public.gouv.fr/auvergne-rhone-alpes/allier/7bdaeab8-0dc6-43d2-ad3f-0e773bfba450,Mairie - Venas,official source: Annuaire de l'administration Service-public.fr
mairie.vendat@wanadoo.fr,collectivite_administration,allier,mairie collectivite,https://lannuaire.service-public.gouv.fr/auvergne-rhone-alpes/allier/98b7f2b7-2d88-439d-b979-ba6843f971bb,Mairie - Vendat,official source: Annuaire de l'administration Service-public.fr
mairie.villefranche.allier@villefranche-allier.fr,collectivite_administration,allier,mairie collectivite,https://lannuaire.service-public.gouv.fr/auvergne-rhone-alpes/allier/fabf418d-94d2-43e4-9934-a2df2c9c6313,Mairie - Villefranche-d'Allier,official source: Annuaire de l'administration Service-public.fr
mairie.vitray@orange.fr,collectivite_administration,allier,mairie collectivite,https://lannuaire.service-public.gouv.fr/auvergne-rhone-alpes/allier/1af2daeb-9d33-40fd-a5ab-44aab77fc975,Mairie - Vitray,official source: Annuaire de l'administration Service-public.fr
mairie.ygrande@orange.fr,collectivite_administration,allier,mairie collectivite,https://lannuaire.service-public.gouv.fr/auvergne-rhone-alpes/allier/63061878-30a7-4baa-8213-067fd5b0f9e1,Mairie - Ygrande,official source: Annuaire de l'administration Service-public.fr
mairie03@chemilly.fr,collectivite_administration,allier,mairie collectivite,https://lannuaire.service-public.gouv.fr/auvergne-rhone-alpes/allier/a5598b94-8cc9-4c78-9ece-639e1a077923,Mairie - Chemilly,official source: Annuaire de l'administration Service-public.fr
mairie03@communedechapeau.fr,collectivite_administration,allier,mairie collectivite,https://lannuaire.service-public.gouv.fr/auvergne-rhone-alpes/allier/a6cfc22d-23f5-4ba1-aa4a-4c0b2ef51863,Mairie - Chapeau,official source: Annuaire de l'administration Service-public.fr
mairie03@le-theil.fr,collectivite_administration,allier,mairie collectivite,https://lannuaire.service-public.gouv.fr/auvergne-rhone-alpes/allier/976c9b0b-19e5-4ed6-b23e-9d08a273c88d,Mairie - Le Theil,official source: Annuaire de l'administration Service-public.fr
mairie@agonges.fr,collectivite_administration,allier,mairie collectivite,https://lannuaire.service-public.gouv.fr/auvergne-rhone-alpes/allier/b66d78cd-075e-438c-b680-4a60b7305e6d,Mairie - Agonges,official source: Annuaire de l'administration Service-public.fr
mairie@ainay-le-chateau.fr,collectivite_administration,allier,mairie collectivite,https://lannuaire.service-public.gouv.fr/auvergne-rhone-alpes/allier/7950e998-dcb6-4007-bbba-9c1d50178936,Mairie - Ainay-le-Château,official source: Annuaire de l'administration Service-public.fr
mairie@andelaroche03.fr,collectivite_administration,allier,mairie collectivite,https://lannuaire.service-public.gouv.fr/auvergne-rhone-alpes/allier/ebe012eb-00e8-4de9-b820-3c76ba352c4d,Mairie - Andelaroche,official source: Annuaire de l'administration Service-public.fr
mairie@archignat.fr,collectivite_administration,allier,mairie collectivite,https://lannuaire.service-public.gouv.fr/auvergne-rhone-alpes/allier/535284ec-d7f8-4265-a636-a8a137732a33,Mairie - Archignat,official source: Annuaire de l'administration Service-public.fr
mairie@bayet.fr,collectivite_administration,allier,mairie collectivite,https://lannuaire.service-public.gouv.fr/auvergne-rhone-alpes/allier/5a7f9043-3c17-46e7-8fac-0e3322083aff,Mairie - Bayet,official source: Annuaire de l'administration Service-public.fr
mairie@beaulon03.fr,collectivite_administration,allier,mairie collectivite,https://lannuaire.service-public.gouv.fr/auvergne-rhone-alpes/allier/9ad47fd9-5b9f-478b-b539-bec8c5382f81,Mairie - Beaulon,official source: Annuaire de l'administration Service-public.fr
mairie@bessay03.fr,collectivite_administration,allier,mairie collectivite,https://lannuaire.service-public.gouv.fr/auvergne-rhone-alpes/allier/58e2e447-a558-4a88-b00e-59074bd838b4,Mairie - Bessay-sur-Allier,official source: Annuaire de l'administration Service-public.fr
mairie@besson.fr,collectivite_administration,allier,mairie collectivite,https://lannuaire.service-public.gouv.fr/auvergne-rhone-alpes/allier/3d9cc6be-4d2d-48e7-8821-c206a0484fd7,Mairie - Besson,official source: Annuaire de l'administration Service-public.fr
mairie@bouce03.fr,collectivite_administration,allier,mairie collectivite,https://lannuaire.service-public.gouv.fr/auvergne-rhone-alpes/allier/d3f75165-ec09-4027-917b-58849c41840f,Mairie - Boucé,official source: Annuaire de l'administration Service-public.fr
mairie@bresnay.fr,collectivite_administration,allier,mairie collectivite,https://lannuaire.service-public.gouv.fr/auvergne-rhone-alpes/allier/34c87c8c-14e7-4cca-98fe-74a55c63512f,Mairie - Bresnay,official source: Annuaire de l'administration Service-public.fr
mairie@buxiereslesmines03.fr,collectivite_administration,allier,mairie collectivite,https://lannuaire.service-public.gouv.fr/auvergne-rhone-alpes/allier/161fd55d-c84a-4def-9520-cc6e739ea7a5,Mairie - Buxières-les-Mines,official source: Annuaire de l'administration Service-public.fr
mairie@chassenard.com,collectivite_administration,allier,mairie collectivite,https://lannuaire.service-public.gouv.fr/auvergne-rhone-alpes/allier/dd3e1e3e-d752-4089-8458-b0db79265243,Mairie - Chassenard,official source: Annuaire de l'administration Service-public.fr
mairie@chateau03320.fr,collectivite_administration,allier,mairie collectivite,https://lannuaire.service-public.gouv.fr/auvergne-rhone-alpes/allier/a8f302c5-bf48-4da8-b8c0-82dd155a6930,Mairie - Château-sur-Allier,official source: Annuaire de l'administration Service-public.fr
mairie@chatel-de-neuvre.fr,collectivite_administration,allier,mairie collectivite,https://lannuaire.service-public.gouv.fr/auvergne-rhone-alpes/allier/ce6346b3-e657-47bc-ae2a-95e884b55106,Mairie - Châtel-de-Neuvre,official source: Annuaire de l'administration Service-public.fr
mairie@chatel-montagne.fr,collectivite_administration,allier,mairie collectivite,https://lannuaire.service-public.gouv.fr/auvergne-rhone-alpes/allier/1ef311bd-18b8-4464-925c-488fbc365874,Mairie - Châtel-Montagne,official source: Annuaire de l'administration Service-public.fr
mairie@chatelperron03.fr,collectivite_administration,allier,mairie collectivite,https://lannuaire.service-public.gouv.fr/auvergne-rhone-alpes/allier/934ab496-c299-4d38-89d9-52c81f5d1206,Mairie - Châtelperron,official source: Annuaire de l'administration Service-public.fr
mairie@chezy-allier.fr,collectivite_administration,allier,mairie collectivite,https://lannuaire.service-public.gouv.fr/auvergne-rhone-alpes/allier/dd5911dc-e1ce-4d51-ba1e-d9ab44439ad3,Mairie - Chézy,official source: Annuaire de l'administration Service-public.fr
mairie@cindre03.fr,collectivite_administration,allier,mairie collectivite,https://lannuaire.service-public.gouv.fr/auvergne-rhone-alpes/allier/a04b2fcf-a223-4de0-b090-7c9bf6d7363b,Mairie - Cindré,official source: Annuaire de l'administration Service-public.fr
mairie@coulanges03.fr,collectivite_administration,allier,mairie collectivite,https://lannuaire.service-public.gouv.fr/auvergne-rhone-alpes/allier/9072389e-cf4f-4970-b791-f02144cf5654,Mairie - Coulanges,official source: Annuaire de l'administration Service-public.fr
mairie@crechy.fr,collectivite_administration,allier,mairie collectivite,https://lannuaire.service-public.gouv.fr/auvergne-rhone-alpes/allier/d168fd22-fdd4-4524-86ed-0ed33a897d10,Mairie - Créchy,official source: Annuaire de l'administration Service-public.fr
mairie@cressanges.fr,collectivite_administration,allier,mairie collectivite,https://lannuaire.service-public.gouv.fr/auvergne-rhone-alpes/allier/c9d328db-da2a-4816-815e-cd7f4777a467,Mairie - Cressanges,official source: Annuaire de l'administration Service-public.fr
mairie@deux-chaises.fr,collectivite_administration,allier,mairie collectivite,https://lannuaire.service-public.gouv.fr/auvergne-rhone-alpes/allier/7d445cbe-a87b-402c-bbd8-3af666913d3c,Mairie - Deux-Chaises,official source: Annuaire de l'administration Service-public.fr
mairie@dlm03.fr,collectivite_administration,allier,mairie collectivite,https://lannuaire.service-public.gouv.fr/auvergne-rhone-alpes/allier/29db1bdf-50cf-4b43-9631-ed93dee61d9d,Mairie - Deneuille-les-Mines,official source: Annuaire de l'administration Service-public.fr
mairie@doyet.fr,collectivite_administration,allier,mairie collectivite,https://lannuaire.service-public.gouv.fr/auvergne-rhone-alpes/allier/870f700c-06c5-4b02-b9a4-7bad4d630711,Mairie - Doyet,official source: Annuaire de l'administration Service-public.fr
mairie@durdat-larequille.fr,collectivite_administration,allier,mairie collectivite,https://lannuaire.service-public.gouv.fr/auvergne-rhone-alpes/allier/c914b333-f035-401d-8f1a-49229fa88ce5,Mairie - Durdat-Larequille,official source: Annuaire de l'administration Service-public.fr
mairie@escurolles.fr,collectivite_administration,allier,mairie collectivite,https://lannuaire.service-public.gouv.fr/auvergne-rhone-alpes/allier/e550360f-9bc3-4725-ad76-df63db5e68f2,Mairie - Escurolles,official source: Annuaire de l'administration Service-public.fr
mairie@etroussat.fr,collectivite_administration,allier,mairie collectivite,https://lannuaire.service-public.gouv.fr/auvergne-rhone-alpes/allier/7aa1ecb8-8e1c-4511-a198-0e12ee14b42d,Mairie - Étroussat,official source: Annuaire de l'administration Service-public.fr
mairie@gannay03.fr,collectivite_administration,allier,mairie collectivite,https://lannuaire.service-public.gouv.fr/auvergne-rhone-alpes/allier/55030ab2-649f-4e0e-b815-d2051029b93a,Mairie - Gannay-sur-Loire,official source: Annuaire de l'administration Service-public.fr
mairie@garnat03.fr,collectivite_administration,allier,mairie collectivite,https://lannuaire.service-public.gouv.fr/auvergne-rhone-alpes/allier/b64e3dcb-9a29-45e3-b0d0-5dad34315775,Mairie - Garnat-sur-Engièvre,official source: Annuaire de l'administration Service-public.fr
mairie@gouise03.fr,collectivite_administration,allier,mairie collectivite,https://lannuaire.service-public.gouv.fr/auvergne-rhone-alpes/allier/f2631d6e-fd8c-4fa5-a2f8-88930fb4a98e,Mairie - Gouise,official source: Annuaire de l'administration Service-public.fr
mairie@haut-bocage.fr,collectivite_administration,allier,mairie collectivite,https://lannuaire.service-public.gouv.fr/auvergne-rhone-alpes/allier/2147c98e-5149-47b6-a0bb-19a506118558,Mairie déléguée - Givarlais,official source: Annuaire de l'administration Service-public.fr
mairie@huriel.fr,collectivite_administration,allier,mairie collectivite,https://lannuaire.service-public.gouv.fr/auvergne-rhone-alpes/allier/1b4f7188-efa2-4ba4-ab6e-7a9286ee496d,Mairie - Huriel,official source: Annuaire de l'administration Service-public.fr
mairie@jalignysurbesbre.fr,collectivite_administration,allier,mairie collectivite,https://lannuaire.service-public.gouv.fr/auvergne-rhone-alpes/allier/3045325c-2556-4bd0-9682-46fa1854675f,Mairie - Jaligny-sur-Besbre,official source: Annuaire de l'administration Service-public.fr
mairie@lachapelleauxchasses03.fr,collectivite_administration,allier,mairie collectivite,https://lannuaire.service-public.gouv.fr/auvergne-rhone-alpes/allier/29a5a283-ea2b-478a-8406-5383d9bb836c,Mairie - La Chapelle-aux-Chasses,official source: Annuaire de l'administration Service-public.fr
mairie@le-vilhain.fr,collectivite_administration,allier,mairie collectivite,https://lannuaire.service-public.gouv.fr/auvergne-rhone-alpes/allier/cb70ae9a-ccfb-4294-a842-75e0054b87dc,Mairie - Le Vilhain,official source: Annuaire de l'administration Service-public.fr
mairie@lebouchaud.fr,collectivite_administration,allier,mairie collectivite,https://lannuaire.service-public.gouv.fr/auvergne-rhone-alpes/allier/a3ec3a4f-e56f-4fef-9c5f-33e9f06a2563,Mairie - Le Bouchaud,official source: Annuaire de l'administration Service-public.fr
mairie@ledonjon03.fr,collectivite_administration,allier,mairie collectivite,https://lannuaire.service-public.gouv.fr/auvergne-rhone-alpes/allier/9c43c187-a404-4858-805a-120913032bd9,Mairie - Le Donjon,official source: Annuaire de l'administration Service-public.fr
mairie@lemayetdemontagne.fr,collectivite_administration,allier,mairie collectivite,https://lannuaire.service-public.gouv.fr/auvergne-rhone-alpes/allier/708d733e-d1b9-4dce-9db3-8aa2ee3825f2,Mairie - Le Mayet-de-Montagne,official source: Annuaire de l'administration Service-public.fr
mairie@lemontet03.fr,collectivite_administration,allier,mairie collectivite,https://lannuaire.service-public.gouv.fr/auvergne-rhone-alpes/allier/0a8ba059-9f24-40bf-8160-4cc4bc2fc3b0,Mairie - Le Montet,official source: Annuaire de l'administration Service-public.fr
mairie@liernolles.fr,collectivite_administration,allier,mairie collectivite,https://lannuaire.service-public.gouv.fr/auvergne-rhone-alpes/allier/211a67c1-e19c-400d-887c-0aa0a5b4ff9a,Mairie - Liernolles,official source: Annuaire de l'administration Service-public.fr
mairie@limoise03.fr,collectivite_administration,allier,mairie collectivite,https://lannuaire.service-public.gouv.fr/auvergne-rhone-alpes/allier/63135ca4-f226-462c-a54d-a5cd79beb8c3,Mairie - Limoise,official source: Annuaire de l'administration Service-public.fr
mairie@loriges.com,collectivite_administration,allier,mairie collectivite,https://lannuaire.service-public.gouv.fr/auvergne-rhone-alpes/allier/65df66c5-98fa-49c2-84e3-65d11be7c612,Mairie - Loriges,official source: Annuaire de l'administration Service-public.fr
mairie@lourouxbourbonnais03.fr,collectivite_administration,allier,mairie collectivite,https://lannuaire.service-public.gouv.fr/auvergne-rhone-alpes/allier/f4c94e3b-35cf-42ee-87ed-434582cba70b,Mairie - Louroux-Bourbonnais,official source: Annuaire de l'administration Service-public.fr
mairie@luneau03.fr,collectivite_administration,allier,mairie collectivite,https://lannuaire.service-public.gouv.fr/auvergne-rhone-alpes/allier/20f62a6a-616b-485b-afe4-3d7f62756c57,Mairie - Luneau,official source: Annuaire de l'administration Service-public.fr
mairie@lusigny.fr,collectivite_administration,allier,mairie collectivite,https://lannuaire.service-public.gouv.fr/auvergne-rhone-alpes/allier/8b17a63d-ff1b-468e-addf-fd31c2d7a3e1,Mairie - Lusigny,official source: Annuaire de l'administration Service-public.fr
mairie@mairie-audes.fr,collectivite_administration,allier,mairie collectivite,https://lannuaire.service-public.gouv.fr/auvergne-rhone-alpes/allier/f489c190-0c32-42ce-ad08-fa31ccd070b7,Mairie - Audes,official source: Annuaire de l'administration Service-public.fr
mairie@mairie-bourbon.com,collectivite_administration,allier,mairie collectivite,https://lannuaire.service-public.gouv.fr/auvergne-rhone-alpes/allier/40a54171-c572-4e5f-93c5-23691839ca28,Mairie - Bourbon-l'Archambault,official source: Annuaire de l'administration Service-public.fr
mairie@mairie-cerilly.com,collectivite_administration,allier,mairie collectivite,https://lannuaire.service-public.gouv.fr/auvergne-rhone-alpes/allier/2cfbcbfb-ebe1-4067-99e7-f0879ccaf762,Mairie - Cérilly,official source: Annuaire de l'administration Service-public.fr
mairie@mairie-marcillatcombraille.fr,collectivite_administration,allier,mairie collectivite,https://lannuaire.service-public.gouv.fr/auvergne-rhone-alpes/allier/4d73e604-7567-4aea-812e-98c9036eb0fc,Mairie - Marcillat-en-Combraille,official source: Annuaire de l'administration Service-public.fr
mairie@meillers03.fr,collectivite_administration,allier,mairie collectivite,https://lannuaire.service-public.gouv.fr/auvergne-rhone-alpes/allier/62a03c20-f561-4487-99a1-0f572d482418,Mairie - Meillers,official source: Annuaire de l'administration Service-public.fr
mairie@monetaysurallier.fr,collectivite_administration,allier,mairie collectivite,https://lannuaire.service-public.gouv.fr/auvergne-rhone-alpes/allier/ab104cd4-70e4-4892-bc88-e05a6a1e4a47,Mairie - Monétay-sur-Allier,official source: Annuaire de l'administration Service-public.fr
mairie@montaigu-le-blin.fr,collectivite_administration,allier,mairie collectivite,https://lannuaire.service-public.gouv.fr/auvergne-rhone-alpes/allier/9dc18618-27f6-482a-b2ed-95169aeacc2e,Mairie - Montaigu-le-Blin,official source: Annuaire de l'administration Service-public.fr
mairie@montaiguetenforez03.fr,collectivite_administration,allier,mairie collectivite,https://lannuaire.service-public.gouv.fr/auvergne-rhone-alpes/allier/d6505b54-1221-476c-8938-34192d160f8b,Mairie - Montaiguët-en-Forez,official source: Annuaire de l'administration Service-public.fr
mairie@montcombrouxlesmines03.fr,collectivite_administration,allier,mairie collectivite,https://lannuaire.service-public.gouv.fr/auvergne-rhone-alpes/allier/7d9e65e6-b506-4da4-bd9d-634ab7a2c5ab,Mairie - Montcombroux-les-Mines,official source: Annuaire de l'administration Service-public.fr
mairie@montilly03.fr,collectivite_administration,allier,mairie collectivite,https://lannuaire.service-public.gouv.fr/auvergne-rhone-alpes/allier/7113d9c0-da02-4bc8-ab07-2fc54d940163,Mairie - Montilly,official source: Annuaire de l'administration Service-public.fr
mairie@nerislesbains.fr,collectivite_administration,allier,mairie collectivite,https://lannuaire.service-public.gouv.fr/auvergne-rhone-alpes/allier/37a49bdf-e925-4d68-bd2a-3210fa4dbbf0,Mairie - Néris-les-Bains,official source: Annuaire de l'administration Service-public.fr
mairie@neuillyendonjon03.fr,collectivite_administration,allier,mairie collectivite,https://lannuaire.service-public.gouv.fr/auvergne-rhone-alpes/allier/20998760-a1df-4858-bc54-5a2f50b3874b,Mairie - Neuilly-en-Donjon,official source: Annuaire de l'administration Service-public.fr
mairie@neuillylereal.fr,collectivite_administration,allier,mairie collectivite,https://lannuaire.service-public.gouv.fr/auvergne-rhone-alpes/allier/0cb0ecfe-4486-435a-81e5-8b549a78a5d5,Mairie - Neuilly-le-Réal,official source: Annuaire de l'administration Service-public.fr
mairie@noyantdallier.fr,collectivite_administration,allier,mairie collectivite,https://lannuaire.service-public.gouv.fr/auvergne-rhone-alpes/allier/63755724-e95d-46e4-b134-0d4173f9ac46,Mairie - Noyant-d'Allier,official source: Annuaire de l'administration Service-public.fr
mairie@paraylefresil03.fr,collectivite_administration,allier,mairie collectivite,https://lannuaire.service-public.gouv.fr/auvergne-rhone-alpes/allier/48682414-205c-4613-a435-0a18058b156c,Mairie - Paray-le-Frésil,official source: Annuaire de l'administration Service-public.fr
mairie@pierrefitte03.fr,collectivite_administration,allier,mairie collectivite,https://lannuaire.service-public.gouv.fr/auvergne-rhone-alpes/allier/1e7c1d70-0586-417d-b800-abae82dcb75e,Mairie - Pierrefitte-sur-Loire,official source: Annuaire de l'administration Service-public.fr
mairie@pouzymesangy03.fr,collectivite_administration,allier,mairie collectivite,https://lannuaire.service-public.gouv.fr/auvergne-rhone-alpes/allier/c41f45a6-7e13-4ea4-9d8b-11dd0963ac04,Mairie - Pouzy-Mésangy,official source: Annuaire de l'administration Service-public.fr
mairie@reugny03.fr,collectivite_administration,allier,mairie collectivite,https://lannuaire.service-public.gouv.fr/auvergne-rhone-alpes/allier/bd239092-3c52-421c-a4c0-b3d45545356f,Mairie - Reugny,official source: Annuaire de l'administration Service-public.fr
mairie@rocles03.fr,collectivite_administration,allier,mairie collectivite,https://lannuaire.service-public.gouv.fr/auvergne-rhone-alpes/allier/7a2f50d9-8ebf-4c2c-837f-dbd4c68799f8,Mairie - Rocles,official source: Annuaire de l'administration Service-public.fr
mairie@saint-ennemond.fr,collectivite_administration,allier,mairie collectivite,https://lannuaire.service-public.gouv.fr/auvergne-rhone-alpes/allier/b0c15405-aa4b-4e3d-853f-16814d290b09,Mairie - Saint-Ennemond,official source: Annuaire de l'administration Service-public.fr
mairie@saint-hilaire03.fr,collectivite_administration,allier,mairie collectivite,https://lannuaire.service-public.gouv.fr/auvergne-rhone-alpes/allier/c4063282-dff5-43ed-9622-2fdfba6b4bc0,Mairie - Saint-Hilaire,official source: Annuaire de l'administration Service-public.fr
mairie@saint-plaisir.fr,collectivite_administration,allier,mairie collectivite,https://lannuaire.service-public.gouv.fr/auvergne-rhone-alpes/allier/1dafb9c4-c892-470c-820e-1aa659a4e2f2,Mairie - Saint-Plaisir,official source: Annuaire de l'administration Service-public.fr
mairie@saint-voir.fr,collectivite_administration,allier,mairie collectivite,https://lannuaire.service-public.gouv.fr/auvergne-rhone-alpes/allier/2b1ecc41-6ecd-4437-8a80-63f93a877170,Mairie - Saint-Voir,official source: Annuaire de l'administration Service-public.fr
mairie@saintdidierendonjon.fr,collectivite_administration,allier,mairie collectivite,https://lannuaire.service-public.gouv.fr/auvergne-rhone-alpes/allier/911876e5-6069-4ea7-bdd4-6a55d81d6624,Mairie - Saint-Didier-en-Donjon,official source: Annuaire de l'administration Service-public.fr
mairie@saintfelix03.fr,collectivite_administration,allier,mairie collectivite,https://lannuaire.service-public.gouv.fr/auvergne-rhone-alpes/allier/5970b94d-4dfb-4c20-ab73-2c84806823be,Mairie - Saint-Félix,official source: Annuaire de l'administration Service-public.fr
mairie@saintgerandlp03.fr,collectivite_administration,allier,mairie collectivite,https://lannuaire.service-public.gouv.fr/auvergne-rhone-alpes/allier/38107a83-4cb4-4f15-9873-08c3f1f73299,Mairie - Saint-Gérand-le-Puy,official source: Annuaire de l'administration Service-public.fr
mairie@saintleger03.fr,collectivite_administration,allier,mairie collectivite,https://lannuaire.service-public.gouv.fr/auvergne-rhone-alpes/allier/42096073-0e9d-4aa3-9827-ed1a3cc2bfc4,Mairie - Saint-Léger-sur-Vouzance,official source: Annuaire de l'administration Service-public.fr
mairie@saintleon03.fr,collectivite_administration,allier,mairie collectivite,https://lannuaire.service-public.gouv.fr/auvergne-rhone-alpes/allier/ffa7757f-0130-42d6-ad1b-eab764b50c8a,Mairie - Saint-Léon,official source: Annuaire de l'administration Service-public.fr
mairie@saintmartindeslais.fr,collectivite_administration,allier,mairie collectivite,https://lannuaire.service-public.gouv.fr/auvergne-rhone-alpes/allier/c1ecd274-a7d0-4070-965c-8cc3b2103fe2,Mairie - Saint-Martin-des-Lais,official source: Annuaire de l'administration Service-public.fr
mairie@saintpourcainsurbesbre.fr,collectivite_administration,allier,mairie collectivite,https://lannuaire.service-public.gouv.fr/auvergne-rhone-alpes/allier/b33de077-0ef7-441a-95cb-75ecf8c42abe,Mairie - Saint-Pourçain-sur-Besbre,official source: Annuaire de l'administration Service-public.fr
mairie@saligny-sur-roudon.fr,collectivite_administration,allier,mairie collectivite,https://lannuaire.service-public.gouv.fr/auvergne-rhone-alpes/allier/2e20b5f7-d509-4817-8dd2-3818421ffe48,Mairie - Saligny-sur-Roudon,official source: Annuaire de l'administration Service-public.fr
mairie@souvigny.fr,collectivite_administration,allier,mairie collectivite,https://lannuaire.service-public.gouv.fr/auvergne-rhone-alpes/allier/a8e811fa-52c9-410d-aad1-c999cd9678ca,Mairie - Souvigny,official source: Annuaire de l'administration Service-public.fr
mairie@st-menoux.fr,collectivite_administration,allier,mairie collectivite,https://lannuaire.service-public.gouv.fr/auvergne-rhone-alpes/allier/cfa65a21-ec14-40ba-bcd2-6995895665e1,Mairie - Saint-Menoux,official source: Annuaire de l'administration Service-public.fr
mairie@staubinlemonial.fr,collectivite_administration,allier,mairie collectivite,https://lannuaire.service-public.gouv.fr/auvergne-rhone-alpes/allier/d56453fd-7e4a-47ae-9623-988827ef2952,Mairie - Saint-Aubin-le-Monial,official source: Annuaire de l'administration Service-public.fr
mairie@theneuille03.fr,collectivite_administration,allier,mairie collectivite,https://lannuaire.service-public.gouv.fr/auvergne-rhone-alpes/allier/4c663ecc-6e38-416a-8768-68a1a0fa4222,Mairie - Theneuille,official source: Annuaire de l'administration Service-public.fr
mairie@thiel03.fr,collectivite_administration,allier,mairie collectivite,https://lannuaire.service-public.gouv.fr/auvergne-rhone-alpes/allier/349b1c13-cd27-4f34-95a8-1f6b6b3a9aa7,Mairie - Thiel-sur-Acolin,official source: Annuaire de l'administration Service-public.fr
mairie@trevol.fr,collectivite_administration,allier,mairie collectivite,https://lannuaire.service-public.gouv.fr/auvergne-rhone-alpes/allier/ecf1f1e3-e7da-417e-bd7c-bcc2d87def1e,Mairie - Trévol,official source: Annuaire de l'administration Service-public.fr
mairie@tronget.fr,collectivite_administration,allier,mairie collectivite,https://lannuaire.service-public.gouv.fr/auvergne-rhone-alpes/allier/0640d1e0-196d-4518-b27b-c0aaab19862a,Mairie - Tronget,official source: Annuaire de l'administration Service-public.fr
mairie@valigny.fr,collectivite_administration,allier,mairie collectivite,https://lannuaire.service-public.gouv.fr/auvergne-rhone-alpes/allier/8bf87d10-85fa-40c2-b524-b2ad9fea3549,Mairie - Valigny,official source: Annuaire de l'administration Service-public.fr
mairie@varennessurteche03.fr,collectivite_administration,allier,mairie collectivite,https://lannuaire.service-public.gouv.fr/auvergne-rhone-alpes/allier/5e4382c9-314f-4a03-b755-a3e5fa2f7ceb,Mairie - Varennes-sur-Tèche,official source: Annuaire de l'administration Service-public.fr
mairie@vaumas03.fr,collectivite_administration,allier,mairie collectivite,https://lannuaire.service-public.gouv.fr/auvergne-rhone-alpes/allier/293b9a88-1f7e-45d9-9b6b-546adbdab132,Mairie - Vaumas,official source: Annuaire de l'administration Service-public.fr
mairie@vaux03.fr,collectivite_administration,allier,mairie collectivite,https://lannuaire.service-public.gouv.fr/auvergne-rhone-alpes/allier/0218996b-97ca-4257-bb54-5351c7717e10,Mairie - Vaux,official source: Annuaire de l'administration Service-public.fr
mairie@ville-bellerive.com,collectivite_administration,allier,mairie collectivite,https://lannuaire.service-public.gouv.fr/auvergne-rhone-alpes/allier/481e42ad-5183-4692-a015-7b06663cb9db,Mairie - Bellerive-sur-Allier,official source: Annuaire de l'administration Service-public.fr
mairie@ville-cusset.fr,collectivite_administration,allier,mairie collectivite,https://lannuaire.service-public.gouv.fr/auvergne-rhone-alpes/allier/1802b421-5acd-4974-ad71-5dd6bfdfbf47,Mairie - Cusset,official source: Annuaire de l'administration Service-public.fr
mairie@ville-gannat.fr,collectivite_administration,allier,mairie collectivite,https://lannuaire.service-public.gouv.fr/auvergne-rhone-alpes/allier/479024f1-6be7-4946-ab67-e0cc8f31fb7c,Mairie - Gannat,official source: Annuaire de l'administration Service-public.fr
mairie@ville-saint-yorre.fr,collectivite_administration,allier,mairie collectivite,https://lannuaire.service-public.gouv.fr/auvergne-rhone-alpes/allier/605b3382-149a-4ce6-bb93-522806e593d3,Mairie - Saint-Yorre,official source: Annuaire de l'administration Service-public.fr
mairie@ville-vichy.fr,collectivite_administration,allier,mairie collectivite,https://lannuaire.service-public.gouv.fr/auvergne-rhone-alpes/allier/9b4ad94d-a697-403c-84f5-3ce567ee1b51,Mairie - Vichy,official source: Annuaire de l'administration Service-public.fr
mairie@ville-yzeure.com,collectivite_administration,allier,mairie collectivite,https://lannuaire.service-public.gouv.fr/auvergne-rhone-alpes/allier/8df5362a-3427-41f7-811d-26b933ad9f6f,Mairie - Yzeure,official source: Annuaire de l'administration Service-public.fr
mairie@voussac.fr,collectivite_administration,allier,mairie collectivite,https://lannuaire.service-public.gouv.fr/auvergne-rhone-alpes/allier/42f50c11-fd91-4e49-9bdc-276ba0348485,Mairie - Voussac,official source: Annuaire de l'administration Service-public.fr
mairiebessay03@wanadoo.fr,collectivite_administration,allier,mairie collectivite,https://lannuaire.service-public.gouv.fr/auvergne-rhone-alpes/allier/92335136-76a3-4a9f-81de-a7c837a987be,Centre communal d'action sociale (CCAS) - Bessay-sur-Allier,official source: Annuaire de l'administration Service-public.fr
mairiecharroux03@orange.fr,collectivite_administration,allier,mairie collectivite,https://lannuaire.service-public.gouv.fr/auvergne-rhone-alpes/allier/ec1b4ad5-aaa2-4bfd-9a8c-1797a67c80c3,Mairie - Charroux,official source: Annuaire de l'administration Service-public.fr
mairiedesanssat@orange.fr,collectivite_administration,allier,mairie collectivite,https://lannuaire.service-public.gouv.fr/auvergne-rhone-alpes/allier/0b5d66d9-f009-4dc0-97f5-31ea53523ae8,Mairie - Sanssat,official source: Annuaire de l'administration Service-public.fr
mairieebreuil@ville-ebreuil.fr,collectivite_administration,allier,mairie collectivite,https://lannuaire.service-public.gouv.fr/auvergne-rhone-alpes/allier/5bef8076-8b6d-4010-9a51-5d0d52ab3c21,Mairie - Ébreuil,official source: Annuaire de l'administration Service-public.fr
mairieechassieres@gmail.com,collectivite_administration,allier,mairie collectivite,https://lannuaire.service-public.gouv.fr/auvergne-rhone-alpes/allier/39f1193d-69ed-4197-8aa8-1876a69cb58f,Mairie - Échassières,official source: Annuaire de l'administration Service-public.fr
mairiefourilles@orange.fr,collectivite_administration,allier,mairie collectivite,https://lannuaire.service-public.gouv.fr/auvergne-rhone-alpes/allier/b1e157d0-adf3-4e2c-a06f-399ea7f9c631,Mairie - Fourilles,official source: Annuaire de l'administration Service-public.fr
mairielachabanne@gmail.com,collectivite_administration,allier,mairie collectivite,https://lannuaire.service-public.gouv.fr/auvergne-rhone-alpes/allier/9393c2c6-3ea2-4cdd-a76e-c4eb975bc8ab,Mairie - La Chabanne,official source: Annuaire de l'administration Service-public.fr
mairielamaids@orange.fr,collectivite_administration,allier,mairie collectivite,https://lannuaire.service-public.gouv.fr/auvergne-rhone-alpes/allier/87607c63-5c1b-4ae6-8d70-f2e54ea39b62,Mairie - Lamaids,official source: Annuaire de l'administration Service-public.fr
mairielangy@wanadoo.fr,collectivite_administration,allier,mairie collectivite,https://lannuaire.service-public.gouv.fr/auvergne-rhone-alpes/allier/b2496bef-820c-40d8-bbf6-19b290b4e2a0,Mairie - Langy,official source: Annuaire de l'administration Service-public.fr
mairielepin03@gmail.com,collectivite_administration,allier,mairie collectivite,https://lannuaire.service-public.gouv.fr/auvergne-rhone-alpes/allier/cf22e1ff-1cfa-4146-8c6f-f465f06c7225,Mairie - Le Pin,official source: Annuaire de l'administration Service-public.fr
mairiemeillard@wanadoo.fr,collectivite_administration,allier,mairie collectivite,https://lannuaire.service-public.gouv.fr/auvergne-rhone-alpes/allier/4e8a2fb1-c365-4b82-9301-ddf75c59f257,Mairie - Meillard,official source: Annuaire de l'administration Service-public.fr
mairierongeres@wanadoo.fr,collectivite_administration,allier,mairie collectivite,https://lannuaire.service-public.gouv.fr/auvergne-rhone-alpes/allier/9178bdb4-9965-4dc6-9820-10fcdccef525,Mairie - Rongères,official source: Annuaire de l'administration Service-public.fr
mairiesaintdidierlaforet@gmail.com,collectivite_administration,allier,mairie collectivite,https://lannuaire.service-public.gouv.fr/auvergne-rhone-alpes/allier/761ddf5d-a6a5-4755-be2c-b7ee18d40a0b,Mairie - Saint-Didier-la-Forêt,official source: Annuaire de l'administration Service-public.fr
mairiesc@orange.fr,collectivite_administration,allier,mairie collectivite,https://lannuaire.service-public.gouv.fr/auvergne-rhone-alpes/allier/b8c0b134-d746-4f88-bb95-545c96df0a2b,Mairie - Saint-Clément,official source: Annuaire de l'administration Service-public.fr
mairietreban@gmail.com,collectivite_administration,allier,mairie collectivite,https://lannuaire.service-public.gouv.fr/auvergne-rhone-alpes/allier/0c1fe7b1-1285-44db-afd0-4a0b1c9136ef,Mairie - Treban,official source: Annuaire de l'administration Service-public.fr
malicorne.mairie@orange.fr,collectivite_administration,allier,mairie collectivite,https://lannuaire.service-public.gouv.fr/auvergne-rhone-alpes/allier/6ee8024f-6e4c-49be-93c6-c25dcf8800cd,Mairie - Malicorne,official source: Annuaire de l'administration Service-public.fr
marigny.mairie@wanadoo.fr,collectivite_administration,allier,mairie collectivite,https://lannuaire.service-public.gouv.fr/auvergne-rhone-alpes/allier/c6227a62-72bc-4338-8194-05d0140ff8c9,Mairie - Marigny,official source: Annuaire de l'administration Service-public.fr
murat.mairie@wanadoo.fr,collectivite_administration,allier,mairie collectivite,https://lannuaire.service-public.gouv.fr/auvergne-rhone-alpes/allier/2d1350ae-e4be-44c0-a6c8-2b852b78d90d,Mairie - Murat,official source: Annuaire de l'administration Service-public.fr
policemunicipale@mairie-montlucon.fr,collectivite_administration,allier,mairie collectivite,https://lannuaire.service-public.gouv.fr/auvergne-rhone-alpes/allier/3d930d39-647d-400c-a743-64aa4033d178,Police municipale - Montluçon,official source: Annuaire de l'administration Service-public.fr
saint.nicolas.des.biefs@orange.fr,collectivite_administration,allier,mairie collectivite,https://lannuaire.service-public.gouv.fr/auvergne-rhone-alpes/allier/76186773-446b-4f16-8b58-2b053305a53f,Mairie - Saint-Nicolas-des-Biefs,official source: Annuaire de l'administration Service-public.fr
sainteloydallier@orange.fr,collectivite_administration,allier,mairie collectivite,https://lannuaire.service-public.gouv.fr/auvergne-rhone-alpes/allier/cc44d6c9-4c3f-4829-9f86-04b3ca577c7f,Mairie - Saint-Éloy-d'Allier,official source: Annuaire de l'administration Service-public.fr
secretariat.mairie@treignat.fr,collectivite_administration,allier,mairie collectivite,https://lannuaire.service-public.gouv.fr/auvergne-rhone-alpes/allier/a1f04e2e-9146-4355-81ad-616af8012e3d,Mairie - Treignat,official source: Annuaire de l'administration Service-public.fr
secretariat@arfeuilles.com,collectivite_administration,allier,mairie collectivite,https://lannuaire.service-public.gouv.fr/auvergne-rhone-alpes/allier/d5fa6b59-d5dd-4479-a213-100f5cebb05a,Mairie - Arfeuilles,official source: Annuaire de l'administration Service-public.fr
secretariat@commune-lavoine.fr,collectivite_administration,allier,mairie collectivite,https://lannuaire.service-public.gouv.fr/auvergne-rhone-alpes/allier/f55d027d-2ad4-499a-bed9-7f6bdebeddfd,Mairie - Lavoine,official source: Annuaire de l'administration Service-public.fr
secretariat@lourouxdebouble.fr,collectivite_administration,allier,mairie collectivite,https://lannuaire.service-public.gouv.fr/auvergne-rhone-alpes/allier/4c007d2d-e421-419a-90ec-170f2163125a,Mairie - Louroux-de-Bouble,official source: Annuaire de l'administration Service-public.fr
st.remy.mairie@wanadoo.fr,collectivite_administration,allier,mairie collectivite,https://lannuaire.service-public.gouv.fr/auvergne-rhone-alpes/allier/b69ea24e-31ba-40f5-8240-6ded548d3550,Mairie - Saint-Rémy-en-Rollat,official source: Annuaire de l'administration Service-public.fr
standard@varennes-sur-allier.fr,collectivite_administration,allier,mairie collectivite,https://lannuaire.service-public.gouv.fr/auvergne-rhone-alpes/allier/661d7a3b-09d5-47ea-835e-0b4a4e98d885,Mairie - Varennes-sur-Allier,official source: Annuaire de l'administration Service-public.fr
thionne03@gmail.com,collectivite_administration,allier,mairie collectivite,https://lannuaire.service-public.gouv.fr/auvergne-rhone-alpes/allier/08942a91-6255-4f4a-8214-fe62c5870b5a,Mairie - Thionne,official source: Annuaire de l'administration Service-public.fr
villeneuve-sa@orange.fr,collectivite_administration,allier,mairie collectivite,https://lannuaire.service-public.gouv.fr/auvergne-rhone-alpes/allier/4a544e40-6fa1-4175-b37d-a10a91947b03,Mairie - Villeneuve-sur-Allier,official source: Annuaire de l'administration Service-public.fr
autonomie-tsdmoulins@allier.fr,structure,allier,maison france services,https://lannuaire.service-public.gouv.fr/auvergne-rhone-alpes/allier/caaf6f72-714d-400e-9b38-0d1634ec3685,Maison départementale des personnes handicapées (MDPH) - Allier,official source: Annuaire de l'administration Service-public.fr
maison.services@cc-pays-huriel.com,structure,allier,maison france services,https://lannuaire.service-public.gouv.fr/auvergne-rhone-alpes/allier/426902d2-7722-45b3-9a42-e809fff8dd67,France services - Huriel,official source: Annuaire de l'administration Service-public.fr
maisonfranceservices@agglo-moulins.fr,structure,allier,maison france services,https://lannuaire.service-public.gouv.fr/auvergne-rhone-alpes/allier/d2b09630-2f7f-41d3-87dc-2ea4eedfceaa,France services - multi-sites Moulins Communauté,official source: Annuaire de l'administration Service-public.fr
mjd-montlucon@justice.fr,structure,allier,maison france services,https://lannuaire.service-public.gouv.fr/auvergne-rhone-alpes/allier/cbb51dce-84bf-4b0f-96ba-a7a861b18258,Maison de justice et du droit  de Montluçon,official source: Annuaire de l'administration Service-public.fr
avenir.jeunes@mission-locale.asso.fr,jeunesse_loisirs,allier,mission locale jeunesse insertion,https://lannuaire.service-public.gouv.fr/auvergne-rhone-alpes/allier/2b298cb7-df38-4c96-9077-41abb5f89cc1,Mission locale pour l'insertion professionnelle et sociale des jeunes (16-25 ans) - Montluçon,official source: Annuaire de l'administration Service-public.fr
contact@ml-moulins.fr,jeunesse_loisirs,allier,mission locale jeunesse insertion,https://lannuaire.service-public.gouv.fr/auvergne-rhone-alpes/allier/aefff075-1f11-4de0-9309-5d5d13955fe9,Mission locale pour l'insertion professionnelle et sociale des jeunes (16-25 ans) - Moulins,official source: Annuaire de l'administration Service-public.fr
contact@mlvichy.fr,jeunesse_loisirs,allier,mission locale jeunesse insertion,https://lannuaire.service-public.gouv.fr/auvergne-rhone-alpes/allier/6c90f71c-a246-4c74-bcc4-6627a25a6b2a,Mission locale pour l'insertion professionnelle et sociale des jeunes (16-25 ans) - Gannat,official source: Annuaire de l'administration Service-public.fr
msap-dompierre@interco-abl.fr,jeunesse_loisirs,allier,mission locale jeunesse insertion,https://lannuaire.service-public.gouv.fr/auvergne-rhone-alpes/allier/c9ee1b0a-b2a2-42f9-8cb6-f6c979a8722e,Mission locale pour l'insertion professionnelle et sociale des jeunes (16-25 ans) - Dompierre-sur-Besbre,official source: Annuaire de l'administration Service-public.fr
pref-associations@allier.gouv.fr,collectivite_administration,allier,prefecture administration,https://lannuaire.service-public.gouv.fr/auvergne-rhone-alpes/allier/609043f1-162c-42f9-999b-a2953835de13,Greffe des associations - Allier (Montluçon),official source: Annuaire de l'administration Service-public.fr
prefecture@allier.gouv.fr,collectivite_administration,allier,prefecture administration,https://lannuaire.service-public.gouv.fr/auvergne-rhone-alpes/allier/b2acb4c3-63b6-4c66-9b5b-d1d559f97e08,Direction de la citoyenneté et de la légalité - Allier,official source: Annuaire de l'administration Service-public.fr
ce.sdjes03@ac-clermont.fr,jeunesse_loisirs,allier,service jeunesse,https://lannuaire.service-public.gouv.fr/auvergne-rhone-alpes/allier/f966e1fd-7813-4e78-93c3-5cbf688a2f95,"Service départemental à la jeunesse, à l'engagement et aux sports (SDJES) - Allier",official source: Annuaire de l'administration Service-public.fr
scom@aveyron.fr,protection_enfance,aveyron,departement solidarite enfance famille,https://aveyron.fr/qui-contacter,Departement de l'Aveyron - contacts,manual public source: departement solidarite enfance famille
tas.esp@aveyron.fr,structure,aveyron,maison solidarite departementale,https://aveyron.fr/qui-contacter,Aveyron Services solidarites Espalion,manual public source: maison solidarite departementale
cdos.cantal@wanadoo.fr,sport,cantal,CDOS sport,https://www.associations.gouv.fr/comite-departemental-olympique-et-sportif-du-cantal.html,CDOS Cantal,manual public source: CDOS sport
chanteclair-mecs@itinova.org,protection_enfance,cantal,MECS protection enfance ASE,https://itinova.org/etablissements/mecs-chanteclair/,MECS Chanteclair - Itinova,manual public source: MECS protection enfance ASE
contact@anmecs.fr,protection_enfance,cantal,MECS reseau national protection enfance,https://www.anmecs.fr/,ANMECS,manual public source: MECS reseau national protection enfance
pij@hautesterres.fr,jeunesse_loisirs,cantal,PIJ information jeunesse,https://lannuaire.service-public.gouv.fr/auvergne-rhone-alpes/cantal/3fbdbe1b-b0b1-4888-ab5d-2baae4a9ffff,Point information jeunesse - Murat,official source: Annuaire de l'administration Service-public.fr
pij@saint-flour.net,jeunesse_loisirs,cantal,PIJ information jeunesse,https://lannuaire.service-public.gouv.fr/auvergne-rhone-alpes/cantal/e7df5699-7538-465f-86d2-c1d0ab2421e8,Point information jeunesse - Saint-Flour,official source: Annuaire de l'administration Service-public.fr
sij@caba.fr,jeunesse_loisirs,cantal,PIJ information jeunesse,https://lannuaire.service-public.gouv.fr/auvergne-rhone-alpes/cantal/a825ca7d-96d4-48af-8eb4-ca6beda29906,Point information jeunesse - Aurillac,official source: Annuaire de l'administration Service-public.fr
sdjes15.vieassociative@ac-clermont.fr,association,cantal,SDJES vie associative,https://www.cantal.gouv.fr/index.php/Action-de-l-Etat/Jeunesse.-Sports-Vie-associative/Vie-associative/Le-FDVA/Contacts-Guid-Asso-SDEJS-15,Contacts Guid'Asso et SDEJS 15,manual public source: SDJES vie associative
accueil.aurillac@justice.fr,collectivite_administration,cantal,administration collectivite service public,https://lannuaire.service-public.gouv.fr/auvergne-rhone-alpes/cantal/84b8dcfa-47ee-4471-86fe-7995a8d9bc7f,Tribunal judiciaire d'Aurillac,official source: Annuaire de l'administration Service-public.fr
accueil@acismt15.fr,collectivite_administration,cantal,administration collectivite service public,https://lannuaire.service-public.gouv.fr/auvergne-rhone-alpes/cantal/d8a19e49-88fd-471f-a7d9-6bc49cfd2480,Service de santé au travail du Cantal - Aurillac,official source: Annuaire de l'administration Service-public.fr
accueil@capemploi15.com,collectivite_administration,cantal,administration collectivite service public,https://lannuaire.service-public.gouv.fr/auvergne-rhone-alpes/cantal/28c5bf82-0830-4bac-ad18-e65a22011c02,Cap emploi - Cantal,official source: Annuaire de l'administration Service-public.fr
accueil@chataigneraie15.fr,collectivite_administration,cantal,administration collectivite service public,https://lannuaire.service-public.gouv.fr/auvergne-rhone-alpes/cantal/54e352a3-71d2-40f8-8001-ed3bd723b35d,Communauté de communes - Châtaigneraie Cantalienne,official source: Annuaire de l'administration Service-public.fr
administration@paysdemauriac.fr,collectivite_administration,cantal,administration collectivite service public,https://lannuaire.service-public.gouv.fr/auvergne-rhone-alpes/cantal/958767ad-6a4a-4cb3-9c83-df08035bb9be,Communauté de communes - Pays de Mauriac,official source: Annuaire de l'administration Service-public.fr
archives@cantal.fr,collectivite_administration,cantal,administration collectivite service public,https://lannuaire.service-public.gouv.fr/auvergne-rhone-alpes/cantal/8476696d-ec5f-484c-a200-ed82bf688b58,Archives départementales - Cantal,official source: Annuaire de l'administration Service-public.fr
ars-dt15-delegue-territorial@ars.sante.fr,collectivite_administration,cantal,administration collectivite service public,https://lannuaire.service-public.gouv.fr/auvergne-rhone-alpes/cantal/f37c8cf4-e41a-429b-870e-3b1decf62206,Agence régionale de santé (ARS) - Délégation départementale - Cantal,official source: Annuaire de l'administration Service-public.fr
ca.cantal@cantal.chambagri.fr,collectivite_administration,cantal,administration collectivite service public,https://lannuaire.service-public.gouv.fr/auvergne-rhone-alpes/cantal/b4d3b7b4-e2d1-4d32-8938-cf2a726366d6,Chambre d'agriculture - Cantal,official source: Annuaire de l'administration Service-public.fr
cantal@labo-terana.fr,collectivite_administration,cantal,administration collectivite service public,https://lannuaire.service-public.gouv.fr/auvergne-rhone-alpes/cantal/ece4f3e3-f0a3-4245-8309-29f13714b7b7,Laboratoire départemental d'analyses - Cantal,official source: Annuaire de l'administration Service-public.fr
ccas@aurillac.fr,collectivite_administration,cantal,administration collectivite service public,https://lannuaire.service-public.gouv.fr/auvergne-rhone-alpes/cantal/db14152d-6c89-4307-8e89-963662b04a77,Centre communal d'action sociale (CCAS) - Aurillac,official source: Annuaire de l'administration Service-public.fr
ccas@polminhac.fr,collectivite_administration,cantal,administration collectivite service public,https://lannuaire.service-public.gouv.fr/auvergne-rhone-alpes/cantal/86c19fcf-a10a-4a9e-8032-abb662d6f9ad,Centre communal d'action sociale (CCAS) - Polminhac,official source: Annuaire de l'administration Service-public.fr
ccas@saint-flour.net,collectivite_administration,cantal,administration collectivite service public,https://lannuaire.service-public.gouv.fr/auvergne-rhone-alpes/cantal/653932d4-1e67-46e9-b938-7b6ba69eba4a,Centre communal d'action sociale (CCAS) - Saint-Flour,official source: Annuaire de l'administration Service-public.fr
cd.15@ordre.medecin.fr,collectivite_administration,cantal,administration collectivite service public,https://lannuaire.service-public.gouv.fr/auvergne-rhone-alpes/cantal/9a4b44c1-adfb-49b9-90c5-8fac018cb696,Conseil départemental de l'ordre des médecins - Cantal,official source: Annuaire de l'administration Service-public.fr
cdad15@orange.fr,collectivite_administration,cantal,administration collectivite service public,https://lannuaire.service-public.gouv.fr/auvergne-rhone-alpes/cantal/cbbeac8f-ef1d-43c4-adba-7afd49dcf3e4,Conseil départemental d'accès au droit du Cantal,official source: Annuaire de l'administration Service-public.fr
cdg15@cdg15.fr,collectivite_administration,cantal,administration collectivite service public,https://lannuaire.service-public.gouv.fr/auvergne-rhone-alpes/cantal/c749915e-d635-4395-9486-5d9703ed454f,Centre de gestion de la fonction publique territoriale - Cantal,official source: Annuaire de l'administration Service-public.fr
ce.sdjes15.vieassociative@ac-clermont.fr,collectivite_administration,cantal,administration collectivite service public,https://lannuaire.service-public.gouv.fr/auvergne-rhone-alpes/cantal/89824a44-313a-4d86-aa45-fe01135599a6,Délégué départemental à la vie associative (DDVA) - Cantal,official source: Annuaire de l'administration Service-public.fr
champs-sur-tarentaine@france-services.gouv.fr,collectivite_administration,cantal,administration collectivite service public,https://lannuaire.service-public.gouv.fr/auvergne-rhone-alpes/cantal/727668de-4ca1-4b94-acfd-6b3a2a44f8a6,France services - Champs-sur-Tarentaine,official source: Annuaire de l'administration Service-public.fr
cio.aurillac@ac-clermont.fr,collectivite_administration,cantal,administration collectivite service public,https://lannuaire.service-public.gouv.fr/auvergne-rhone-alpes/cantal/079d8097-b1a1-42c0-8b6d-d52da3da487d,Centre d'information et d'orientation (CIO) - Aurillac,official source: Annuaire de l'administration Service-public.fr
cio.saintflour@ac-clermont.fr,collectivite_administration,cantal,administration collectivite service public,https://lannuaire.service-public.gouv.fr/auvergne-rhone-alpes/cantal/00fac0d6-f1c3-42b1-a8be-4aab3dd133ec,Centre d'information et d'orientation (CIO) - Saint-Flour,official source: Annuaire de l'administration Service-public.fr
clic@aurillac.fr,collectivite_administration,cantal,administration collectivite service public,https://lannuaire.service-public.gouv.fr/auvergne-rhone-alpes/cantal/e0cbda2e-5578-4e31-9333-a087265a8988,Point d'information local dédié aux personnes âgées - Aurillac,official source: Annuaire de l'administration Service-public.fr
clic@pays-gentiane.com,collectivite_administration,cantal,administration collectivite service public,https://lannuaire.service-public.gouv.fr/auvergne-rhone-alpes/cantal/4a30fa54-9bf5-46ac-86d0-b2f377e73990,Point d'information local dédié aux personnes âgées - Riom-ès-Montagnes,official source: Annuaire de l'administration Service-public.fr
cnfpt.cantal@cnfpt.fr,collectivite_administration,cantal,administration collectivite service public,https://lannuaire.service-public.gouv.fr/auvergne-rhone-alpes/cantal/43878479-3dae-4f07-9b84-48149355e97c,Centre national de la fonction publique territoriale (CNFPT) - Antenne départementale - Cantal,official source: Annuaire de l'administration Service-public.fr
codefi.ccsf15@dgfip.finances.gouv.fr,collectivite_administration,cantal,administration collectivite service public,https://lannuaire.service-public.gouv.fr/auvergne-rhone-alpes/cantal/f081f25d-7609-4ba0-9f96-d25165c20870,Comité départemental d’examen des difficultés des entreprises (Codefi)  - Cantal,official source: Annuaire de l'administration Service-public.fr
conciliateurfiscal15@dgfip.finances.gouv.fr,collectivite_administration,cantal,administration collectivite service public,https://lannuaire.service-public.gouv.fr/auvergne-rhone-alpes/cantal/09179611-ea1f-4cd1-8bf6-14a127a51125,Conciliateur fiscal départemental - Cantal,official source: Annuaire de l'administration Service-public.fr
condat@france-services.gouv.fr,collectivite_administration,cantal,administration collectivite service public,https://lannuaire.service-public.gouv.fr/auvergne-rhone-alpes/cantal/3dc68236-5601-46d2-ba1e-f4e04cc728a2,France services - Condat,official source: Annuaire de l'administration Service-public.fr
contact.atelier15@reseau-canope.fr,collectivite_administration,cantal,administration collectivite service public,https://lannuaire.service-public.gouv.fr/auvergne-rhone-alpes/cantal/7e5ba244-5a41-4225-a32b-63f658fedf3b,Atelier Canopé 15 - Aurillac,official source: Annuaire de l'administration Service-public.fr
contact.cantal@cma-auvergnerhonealpes.fr,collectivite_administration,cantal,administration collectivite service public,https://lannuaire.service-public.gouv.fr/auvergne-rhone-alpes/cantal/6d731114-0ef2-444d-aa29-3f9ec8a888ad,Chambre de métiers et de l'artisanat (CMA) - Cantal,official source: Annuaire de l'administration Service-public.fr
contact@caba.fr,collectivite_administration,cantal,administration collectivite service public,https://lannuaire.service-public.gouv.fr/auvergne-rhone-alpes/cantal/043db1ce-a865-4d71-b1ac-c188793066d5,Communauté d'agglomération - Bassin d'Aurillac,official source: Annuaire de l'administration Service-public.fr
contact@cauecantal.fr,collectivite_administration,cantal,administration collectivite service public,https://lannuaire.service-public.gouv.fr/auvergne-rhone-alpes/cantal/3216c7f3-8443-401a-9dba-62cf4b72f931,"Conseil d'architecture, d'urbanisme et de l'environnement (CAUE) - Cantal",official source: Annuaire de l'administration Service-public.fr
contact@hautesterres.fr,collectivite_administration,cantal,administration collectivite service public,https://lannuaire.service-public.gouv.fr/auvergne-rhone-alpes/cantal/13bb3803-022e-4d86-85b7-016b0c2e98a0,Communauté de communes - Hautes Terres Communauté,official source: Annuaire de l'administration Service-public.fr
contact@pays-salers.fr,collectivite_administration,cantal,administration collectivite service public,https://lannuaire.service-public.gouv.fr/auvergne-rhone-alpes/cantal/d3fff799-32bd-4422-a7a5-418a3ef1584f,Communauté de communes - Pays de Salers,official source: Annuaire de l'administration Service-public.fr
contact@saintflourco.fr,collectivite_administration,cantal,administration collectivite service public,https://lannuaire.service-public.gouv.fr/auvergne-rhone-alpes/cantal/d2c6efd3-5c1b-4bc1-b82c-117d04be7e0c,Communauté de communes - Saint-Flour Communauté,official source: Annuaire de l'administration Service-public.fr
contact@sumene-artense.com,collectivite_administration,cantal,administration collectivite service public,https://lannuaire.service-public.gouv.fr/auvergne-rhone-alpes/cantal/d8fcef57-aee0-485c-bd42-d49fee79f5c1,Communauté de communes - Sumène Artense,official source: Annuaire de l'administration Service-public.fr
courrier@cantal.pref.gouv.fr,collectivite_administration,cantal,administration collectivite service public,https://lannuaire.service-public.gouv.fr/auvergne-rhone-alpes/cantal/18ce15f5-de66-4555-96a5-2bdbf591a806,Direction du cabinet - Cantal,official source: Annuaire de l'administration Service-public.fr
cph-aurillac@justice.fr,collectivite_administration,cantal,administration collectivite service public,https://lannuaire.service-public.gouv.fr/auvergne-rhone-alpes/cantal/e13afcf3-b9b1-4966-b5f1-78e40901491e,Conseil de prud'hommes d'Aurillac,official source: Annuaire de l'administration Service-public.fr
culturecantal@cantal.fr,collectivite_administration,cantal,administration collectivite service public,https://lannuaire.service-public.gouv.fr/auvergne-rhone-alpes/cantal/b21a6c0f-a2c3-481a-b2f8-a285e3b338c2,Médiathèque départementale - Cantal,official source: Annuaire de l'administration Service-public.fr
cybercantal@france-services.gouv.fr,collectivite_administration,cantal,administration collectivite service public,https://lannuaire.service-public.gouv.fr/auvergne-rhone-alpes/cantal/da994a4f-35d6-415d-bc68-fac126fa3e8c,France services - Aurillac (itinérant),official source: Annuaire de l'administration Service-public.fr
ddetspp-ddfe@cantal.gouv.fr,collectivite_administration,cantal,administration collectivite service public,https://lannuaire.service-public.gouv.fr/auvergne-rhone-alpes/cantal/3b661b78-e3fc-4c68-9d1b-6a45dcf13c45,Délégation départementale aux droits des femmes et à l'égalité (DDDFE) - Cantal,official source: Annuaire de l'administration Service-public.fr
ddetspp@cantal.gouv.fr,collectivite_administration,cantal,administration collectivite service public,https://lannuaire.service-public.gouv.fr/auvergne-rhone-alpes/cantal/1e2fafe0-1666-49a8-80d3-120a8f853834,"Direction départementale de l'emploi, du travail, des solidarités et de la protection des populations (DDETSPP) - Cantal",official source: Annuaire de l'administration Service-public.fr
ddfip15@dgfip.finances.gouv.fr,collectivite_administration,cantal,administration collectivite service public,https://lannuaire.service-public.gouv.fr/auvergne-rhone-alpes/cantal/d814d1ff-8cf0-42f8-9b1b-911043e459e3,Direction départementale des finances publiques (DDFIP) - Cantal,official source: Annuaire de l'administration Service-public.fr
ddsp15@interieur.gouv.fr,collectivite_administration,cantal,administration collectivite service public,https://lannuaire.service-public.gouv.fr/auvergne-rhone-alpes/cantal/46b7ea3a-9a00-4a39-8c7c-e3f0c1d1cb66,Commissariat de police d'Aurillac,official source: Annuaire de l'administration Service-public.fr
ddt-shc-uhl@cantal.gouv.fr,collectivite_administration,cantal,administration collectivite service public,https://lannuaire.service-public.gouv.fr/auvergne-rhone-alpes/cantal/e2191b51-caa2-436d-884c-cd6650ea7803,Agence nationale de l'habitat (Anah) - Délégation locale - Cantal,official source: Annuaire de l'administration Service-public.fr
ddt@cantal.gouv.fr,collectivite_administration,cantal,administration collectivite service public,https://lannuaire.service-public.gouv.fr/auvergne-rhone-alpes/cantal/8619fbc7-1ea7-4a70-8c9b-a99fffb361ed,Commission départementale de conciliation - Cantal,official source: Annuaire de l'administration Service-public.fr
direction15@safer-aura.fr,collectivite_administration,cantal,administration collectivite service public,https://lannuaire.service-public.gouv.fr/auvergne-rhone-alpes/cantal/6ce10727-db22-434b-b845-75b96cacce0d,Société d'aménagement foncier et d'établissement rural (Safer) - Cantal,official source: Annuaire de l'administration Service-public.fr
dmd15.cmi.fct@intradef.gouv.fr,collectivite_administration,cantal,administration collectivite service public,https://lannuaire.service-public.gouv.fr/auvergne-rhone-alpes/cantal/0a358cd9-4b11-420b-927b-2f9bbb344035,Délégation militaire départementale (DMD) - Cantal,official source: Annuaire de l'administration Service-public.fr
efs@pays-gentiane.com,collectivite_administration,cantal,administration collectivite service public,https://lannuaire.service-public.gouv.fr/auvergne-rhone-alpes/cantal/7c1f734d-d6da-4502-b0df-53a9ca4a6fd4,Communauté de communes - Pays Gentiane,official source: Annuaire de l'administration Service-public.fr
eps@pays-gentiane.com,collectivite_administration,cantal,administration collectivite service public,https://lannuaire.service-public.gouv.fr/auvergne-rhone-alpes/cantal/4f0701b7-0b20-4bf7-9280-86924d61f345,France services - Riom-ès-Montagne,official source: Annuaire de l'administration Service-public.fr
fdc15@fdc15.fr,collectivite_administration,cantal,administration collectivite service public,https://lannuaire.service-public.gouv.fr/auvergne-rhone-alpes/cantal/a3939a90-590d-468b-9bcb-72c6f9793c06,Fédération départementale des chasseurs - Cantal,official source: Annuaire de l'administration Service-public.fr
fedepeche.cantal@wanadoo.fr,collectivite_administration,cantal,administration collectivite service public,https://lannuaire.service-public.gouv.fr/auvergne-rhone-alpes/cantal/570cea09-2e4f-4209-8467-893886d53155,Fédération départementale pour la pêche et la protection du milieu aquatique - Cantal,official source: Annuaire de l'administration Service-public.fr
franceservicesvalmaronne@laposte.net,collectivite_administration,cantal,administration collectivite service public,https://lannuaire.service-public.gouv.fr/auvergne-rhone-alpes/cantal/fba8eed7-74a8-40dc-9774-b3e5de233bb1,France services - Saint-Martin Valmeroux,official source: Annuaire de l'administration Service-public.fr
greta.monts-cantal@ac-clermont.fr,collectivite_administration,cantal,administration collectivite service public,https://lannuaire.service-public.gouv.fr/auvergne-rhone-alpes/cantal/ee3bfb7a-0347-4a20-a5dd-37a4f6241a29,Greta Monts du Cantal - Aurillac,official source: Annuaire de l'administration Service-public.fr
hpad.neussargues@wanadoo.fr,collectivite_administration,cantal,administration collectivite service public,https://lannuaire.service-public.gouv.fr/auvergne-rhone-alpes/cantal/6c2164e1-255a-45ba-922e-32087afe0673,Centre communal d'action sociale (CCAS) - Neussargues en Pinatelle,official source: Annuaire de l'administration Service-public.fr
ia15@ac-clermont.fr,collectivite_administration,cantal,administration collectivite service public,https://lannuaire.service-public.gouv.fr/auvergne-rhone-alpes/cantal/adf97786-346e-4da8-8bab-4e7b002a618e,Direction des services départementaux de l'Éducation nationale (DSDEN) - Cantal,official source: Annuaire de l'administration Service-public.fr
institution@udaf15.fr,collectivite_administration,cantal,administration collectivite service public,https://lannuaire.service-public.gouv.fr/auvergne-rhone-alpes/cantal/96986ead-067a-4437-8044-ea41ca43042e,Point info famille - Aurillac,official source: Annuaire de l'administration Service-public.fr
lea.chambon@cantal.gouv.fr,collectivite_administration,cantal,administration collectivite service public,https://lannuaire.service-public.gouv.fr/auvergne-rhone-alpes/cantal/78a9969b-d5c7-49cf-82ad-9cc6573fb498,Point d'accueil numérique - Mauriac (sous-préfecture),official source: Annuaire de l'administration Service-public.fr
mdsallanche@hautesterres.fr,collectivite_administration,cantal,administration collectivite service public,https://lannuaire.service-public.gouv.fr/auvergne-rhone-alpes/cantal/0dc659fb-8f64-47e7-9699-48753132b112,France services - Allanche,official source: Annuaire de l'administration Service-public.fr
mdsmassiac@hautesterres.fr,collectivite_administration,cantal,administration collectivite service public,https://lannuaire.service-public.gouv.fr/auvergne-rhone-alpes/cantal/425c0a86-b34b-4fab-aa16-0b21a94b73ec,France services - Massiac,official source: Annuaire de l'administration Service-public.fr
mdsmurat@hautesterres.fr,collectivite_administration,cantal,administration collectivite service public,https://lannuaire.service-public.gouv.fr/auvergne-rhone-alpes/cantal/571b4f9a-52c0-4c33-9ced-fef8163772f1,France services - Murat,official source: Annuaire de l'administration Service-public.fr
mdstneussargues@hautesterres.fr,collectivite_administration,cantal,administration collectivite service public,https://lannuaire.service-public.gouv.fr/auvergne-rhone-alpes/cantal/3adcb7d9-e623-41c8-9056-cc4da7a89f6d,France services - Neussargues-Moissac - Gare,official source: Annuaire de l'administration Service-public.fr
mlaflorencie@cantal.fr,collectivite_administration,cantal,administration collectivite service public,https://lannuaire.service-public.gouv.fr/auvergne-rhone-alpes/cantal/e861df4d-090f-45eb-b174-5cef8ec39221,France services - Aurillac,official source: Annuaire de l'administration Service-public.fr
mlauque-chatte@cantal.fr,collectivite_administration,cantal,administration collectivite service public,https://lannuaire.service-public.gouv.fr/auvergne-rhone-alpes/cantal/e43f7de9-d1ed-414f-8314-ea74d62db2bb,Centre de protection maternelle et infantile (PMI) - Mauriac,official source: Annuaire de l'administration Service-public.fr
msap@sumene-artense.com,collectivite_administration,cantal,administration collectivite service public,https://lannuaire.service-public.gouv.fr/auvergne-rhone-alpes/cantal/4dd8c80f-42c0-4651-9f61-43a887e21426,France services - Ydes,official source: Annuaire de l'administration Service-public.fr
msapchaudesaigues@saintflourco.fr,collectivite_administration,cantal,administration collectivite service public,https://lannuaire.service-public.gouv.fr/auvergne-rhone-alpes/cantal/cec1aff4-72cb-4ae1-ac9e-1630b1b3bff7,France services - Chaudes-Aigues,official source: Annuaire de l'administration Service-public.fr
msapneuveglise@saintflourco.fr,collectivite_administration,cantal,administration collectivite service public,https://lannuaire.service-public.gouv.fr/auvergne-rhone-alpes/cantal/b8633b8a-d943-4fa0-a4db-83df85d48f5e,France services - Neuvéglise-sur-Truyère,official source: Annuaire de l'administration Service-public.fr
msappierrefort@saintflourco.fr,collectivite_administration,cantal,administration collectivite service public,https://lannuaire.service-public.gouv.fr/auvergne-rhone-alpes/cantal/dc33065c-644d-4b0e-bd21-b705d3da022b,France services - Pierrefort,official source: Annuaire de l'administration Service-public.fr
msappruynes@saintflourco.fr,collectivite_administration,cantal,administration collectivite service public,https://lannuaire.service-public.gouv.fr/auvergne-rhone-alpes/cantal/575ac364-d87c-4a8e-a8f1-ad41589eab70,France services - Ruynes-en-Margeride,official source: Annuaire de l'administration Service-public.fr
msp.laroquebrou@chataigneraie15.fr,collectivite_administration,cantal,administration collectivite service public,https://lannuaire.service-public.gouv.fr/auvergne-rhone-alpes/cantal/26de4e5d-a273-4638-a10a-a536d53c224b,France services - Laroquebrou,official source: Annuaire de l'administration Service-public.fr
msp.maurs@chataigneraie15.fr,collectivite_administration,cantal,administration collectivite service public,https://lannuaire.service-public.gouv.fr/auvergne-rhone-alpes/cantal/89281954-e4fc-47e6-8cbc-468f0ecf15ed,France services - Maurs,official source: Annuaire de l'administration Service-public.fr
msp.montsalvy@chataigneraie15.fr,collectivite_administration,cantal,administration collectivite service public,https://lannuaire.service-public.gouv.fr/auvergne-rhone-alpes/cantal/70377729-3c3a-4150-a8b2-3742e468e734,France services - Montsalvy,official source: Annuaire de l'administration Service-public.fr
msp.stmamet@chataigneraie15.fr,collectivite_administration,cantal,administration collectivite service public,https://lannuaire.service-public.gouv.fr/auvergne-rhone-alpes/cantal/0e694a12-cb5e-493f-815d-7d9beffc128e,France services  - Saint-Mamet-la-Salvetat,official source: Annuaire de l'administration Service-public.fr
ordre-avocats15@orange.fr,collectivite_administration,cantal,administration collectivite service public,https://lannuaire.service-public.gouv.fr/auvergne-rhone-alpes/cantal/3bcc4d82-8d3c-44be-abf1-a7ac48b5c022,Ordre des avocats - Barreau d'Aurillac,official source: Annuaire de l'administration Service-public.fr
ousmane.ka@cantal.gouv.fr,collectivite_administration,cantal,administration collectivite service public,https://lannuaire.service-public.gouv.fr/auvergne-rhone-alpes/cantal/4e4b7150-3cf3-426c-8e37-d6014c1d5a8d,Mission d'accueil et d'information des associations (MAIA) - Cantal,official source: Annuaire de l'administration Service-public.fr
pcb@udaf15.fr,collectivite_administration,cantal,administration collectivite service public,https://lannuaire.service-public.gouv.fr/auvergne-rhone-alpes/cantal/c54b194a-98d1-41c1-9554-356bf8b71b29,Point conseil budget - Union départementale des associations familiales (UDAF 15) - Aurillac,official source: Annuaire de l'administration Service-public.fr
pmi-stflour@cantal.fr,collectivite_administration,cantal,administration collectivite service public,https://lannuaire.service-public.gouv.fr/auvergne-rhone-alpes/cantal/bf86a8ec-c9d9-42cc-b11d-7f556d304536,Centre de protection maternelle et infantile (PMI) - Saint-Flour,official source: Annuaire de l'administration Service-public.fr
pref-courrier@cantal.gouv.fr,collectivite_administration,cantal,administration collectivite service public,https://lannuaire.service-public.gouv.fr/auvergne-rhone-alpes/cantal/400283ac-9000-4bb4-94ba-1d97f96e8b3f,Point d'accueil numérique - Aurillac (Préfecture),official source: Annuaire de l'administration Service-public.fr
pref-education-routiere@cantal.gouv.fr,collectivite_administration,cantal,administration collectivite service public,https://lannuaire.service-public.gouv.fr/auvergne-rhone-alpes/cantal/a955a805-ea39-4764-bcc5-2e85ff40c9bc,Bureau de l'éducation routière (BER) - Cantal,official source: Annuaire de l'administration Service-public.fr
renovenergie@cantal.fr,collectivite_administration,cantal,administration collectivite service public,https://lannuaire.service-public.gouv.fr/auvergne-rhone-alpes/cantal/1eb75e29-443e-436f-be37-c749dad51442,Espace conseil France Rénov' - Aurillac,official source: Annuaire de l'administration Service-public.fr
sdif.aurillac@dgfip.finances.gouv.fr,collectivite_administration,cantal,administration collectivite service public,https://lannuaire.service-public.gouv.fr/auvergne-rhone-alpes/cantal/de790e86-551b-4b4b-9e68-89940a02b021,Service départemental des impôts foncier (SDIF) Cantal - Aurillac,official source: Annuaire de l'administration Service-public.fr
secretariat@capeb15.fr,collectivite_administration,cantal,administration collectivite service public,https://lannuaire.service-public.gouv.fr/auvergne-rhone-alpes/cantal/16285ad3-e1e3-48e2-984d-3a3e588fbd04,Confédération départementale de l'artisanat et des petites entreprises du bâtiment  (Capeb) - Cantal,official source: Annuaire de l'administration Service-public.fr
secretariat@carlades.fr,collectivite_administration,cantal,administration collectivite service public,https://lannuaire.service-public.gouv.fr/auvergne-rhone-alpes/cantal/4b15dd65-2ec4-4f19-9780-5a318eabaf9d,Communauté de communes - Cère et Goul en Carladès,official source: Annuaire de l'administration Service-public.fr
sgc-direction@cantal.pref.gouv.fr,collectivite_administration,cantal,administration collectivite service public,https://lannuaire.service-public.gouv.fr/auvergne-rhone-alpes/cantal/4251e9a7-a831-4bfb-8a60-e08ab14dfbc0,Secrétariat général commun départemental - Cantal,official source: Annuaire de l'administration Service-public.fr
sgc.aurillac@dgfip.finances.gouv.fr,collectivite_administration,cantal,administration collectivite service public,https://lannuaire.service-public.gouv.fr/auvergne-rhone-alpes/cantal/9dc7c25b-b782-4c1a-b6c2-70b75ac5b301,Service de gestion comptable (SGC) - Aurillac,official source: Annuaire de l'administration Service-public.fr
sgc.mauriac@dgfip.finances.gouv.fr,collectivite_administration,cantal,administration collectivite service public,https://lannuaire.service-public.gouv.fr/auvergne-rhone-alpes/cantal/10bef15d-af7c-45c4-98bf-a2ab7e27bb33,Service de gestion comptable (SGC) - Mauriac,official source: Annuaire de l'administration Service-public.fr
sgc.saint-flour@dgfip.finances.gouv.fr,collectivite_administration,cantal,administration collectivite service public,https://lannuaire.service-public.gouv.fr/auvergne-rhone-alpes/cantal/167b385d-ece7-431b-adc0-88f02e073d7a,Service de gestion comptable (SGC) - Saint-Flour,official source: Annuaire de l'administration Service-public.fr
sp-saint-flour@cantal.gouv.fr,collectivite_administration,cantal,administration collectivite service public,https://lannuaire.service-public.gouv.fr/auvergne-rhone-alpes/cantal/42e8e29e-cb13-4ed7-b5a8-021483f3721b,Point d'accueil numérique - Saint-Flour (Sous-préfecture),official source: Annuaire de l'administration Service-public.fr
spfe.cantal@dgfip.finances.gouv.fr,collectivite_administration,cantal,administration collectivite service public,https://lannuaire.service-public.gouv.fr/auvergne-rhone-alpes/cantal/957dbf88-f7d0-439b-b90f-9eddc807b819,Service de la publicité foncière et de l'enregistrement (SPFE) - Aurillac,official source: Annuaire de l'administration Service-public.fr
tprx-st-flour@justice.fr,collectivite_administration,cantal,administration collectivite service public,https://lannuaire.service-public.gouv.fr/auvergne-rhone-alpes/cantal/fecc1d19-b3c8-408e-ad93-cc6e9bf752de,Tribunal de proximité de Saint-Flour,official source: Annuaire de l'administration Service-public.fr
ud-cap.dreal-ara@developpement-durable.gouv.fr,collectivite_administration,cantal,administration collectivite service public,https://lannuaire.service-public.gouv.fr/auvergne-rhone-alpes/cantal/bce070be-f029-4f91-ab90-b037e15d6a89,"Direction régionale de l'environnement, de l'aménagement et du logement (Dréal) Auvergne-Rhône-Alpes - Unité interdépartementale Cantal, Allier et Puy-de-Dôme (Aurillac)",official source: Annuaire de l'administration Service-public.fr
udap.cantal@culture.gouv.fr,collectivite_administration,cantal,administration collectivite service public,https://lannuaire.service-public.gouv.fr/auvergne-rhone-alpes/cantal/2cf8adce-cc90-4f1c-bcbd-9b41c3faa4ae,Unité départementale de l'architecture et du patrimoine (UDAP) - Cantal,official source: Annuaire de l'administration Service-public.fr
vic-sur-cere@france-services.gouv.fr,collectivite_administration,cantal,administration collectivite service public,https://lannuaire.service-public.gouv.fr/auvergne-rhone-alpes/cantal/5de486ba-9cf2-46da-ba46-51b876e33756,France services - Vic-sur-Cère,official source: Annuaire de l'administration Service-public.fr
vsouquiere@cantal.fr,collectivite_administration,cantal,administration collectivite service public,https://lannuaire.service-public.gouv.fr/auvergne-rhone-alpes/cantal/ecf8fa0e-70d6-4863-90f9-9bd4facb36fc,Centre de protection maternelle et infantile (PMI) - Aurillac,official source: Annuaire de l'administration Service-public.fr
ada15.contact@gmail.com,association,cantal,association accessibilite culture,https://www.culture.cantal.fr/images/portail/Reseau_culturel/V3web_Accessibilite_de_la_culture.pdf,Reseau culturel Cantal,manual public source: association accessibilite culture
contact@cantadear.fr,association,cantal,association agriculture paysanne,https://www.leguidepratique.com/guide/aurillac/cadre-de-vie/environnement-associations/adear-cantal,ADEAR Cantal,manual public source: association agriculture paysanne
aurillac-cantal@clcv.org,association,cantal,association consommateurs usagers,https://www.aurillac.fr/associations/annuaire/clcv-aurillac-cantal/,CLCV Aurillac-Cantal,manual public source: association consommateurs usagers
chorale.multiphonie@cantalpassion.com,association,cantal,association culturelle,https://www.aurillac.fr/associations/annuaire/chorale-multiphonie-2/,Chorale Multiphonie,manual public source: association culturelle
uiha@orange.fr,association,cantal,association culturelle,https://www.aurillac.fr/associations/annuaire/uiha-aurillac/,Universite Inter Age de Haute Auvergne,manual public source: association culturelle
contact@ieo-cantal.com,association,cantal,association culturelle education populaire,https://www.aurillac.fr/wp-content/uploads/2020/12/IEO-du-Cantal-ques-aquo.pdf,IEO du Cantal,manual public source: association culturelle education populaire
asso.baara@gmail.com,jeunesse_loisirs,cantal,association culturelle jeunesse,https://www.aurillac.fr/associations/annuaire/association-baara/,Association Baara,manual public source: association culturelle jeunesse
cidff.15@orange.fr,social_insertion,cantal,association droits familles insertion,https://lannuaire.service-public.gouv.fr/auvergne-rhone-alpes/cantal/cidf-15014-01,CIDFF Cantal,manual public source: association droits familles insertion
enfanceetchansons@orange.fr,jeunesse_loisirs,cantal,association jeunesse culture,https://www.aurillac.fr/associations/annuaire/enfance-et-chansons/,Enfance et Chansons - Aurillac,manual public source: association jeunesse culture
bc.aurillac@gmail.com,association,cantal,association loisirs,https://www.aurillac.fr/associations/annuaire/aurillac-bridge-club/,Aurillac Bridge Club,manual public source: association loisirs
fcpe.cantal@gmail.com,association_parents,cantal,association parents eleves,https://georges-brassens-ydes.ent.auvergnerhonealpes.fr/lectureFichiergw.do?ID_FICHIER=12044,FCPE Cantal,manual public source: association parents eleves
direction@anef15.fr,social_insertion,cantal,association sociale justice insertion,https://www.anjap.org/IMG/pdf/repertoire_pe_-_federation_citoyens_et_justice_-_2022.pdf,ANEF Cantal,manual public source: association sociale justice insertion
accueil@csalacroiseedesautres.fr,social_insertion,cantal,centre social,https://www.cantal.gouv.fr/index.php/Action-de-l-Etat/Jeunesse.-Sports-Vie-associative/Vie-associative/Le-FDVA/Contacts-Guid-Asso-SDEJS-15,Contacts Guid'Asso et SDEJS 15,manual public source: centre social
centre.social.vallee.authre@csiva.fr,social_insertion,cantal,centre social,https://www.cantal.gouv.fr/index.php/Action-de-l-Etat/Jeunesse.-Sports-Vie-associative/Vie-associative/Le-FDVA/Contacts-Guid-Asso-SDEJS-15,Contacts Guid'Asso et SDEJS 15,manual public source: centre social
directioncentresocial@asljmauriac.com,jeunesse_loisirs,cantal,centre social jeunesse loisirs,https://www.cantal.gouv.fr/index.php/Action-de-l-Etat/Jeunesse.-Sports-Vie-associative/Vie-associative/Le-FDVA/Contacts-Guid-Asso-SDEJS-15,Contacts Guid'Asso et SDEJS 15,manual public source: centre social jeunesse loisirs
acceuil@cantal.cci.fr,acteur_economique,cantal,chambre commerce industrie,https://lannuaire.service-public.gouv.fr/auvergne-rhone-alpes/cantal/1b31a8ac-bd84-437c-bb7b-3402fb997bdf,CCI 15 Cantal - Service Public,manual public source: chambre commerce industrie
dg@cantal.cci.fr,acteur_economique,cantal,chambre commerce industrie,https://www.allbiz.fr/chambre-de-commerce-daurillac-et-du_1c-04-71-45-40-40,Chambre de Commerce d'Aurillac et du Cantal,manual public source: chambre commerce industrie
aurillac@asptt.com,sport,cantal,club sportif,https://cdos-cantal.fr/les-comites/,Les comites - CDOS Cantal,manual public source: club sportif
autoclub@sfr.fr,sport,cantal,club sportif,https://www.aurillac.fr/associations/annuaire/auto-club-du-cantal/,Auto Club du Cantal,manual public source: club sportif
cd.athle15@gmail.com,sport,cantal,club sportif,https://cdos-cantal.fr/les-comites/,Les comites - CDOS Cantal,manual public source: club sportif
comitecantalasptt@gmail.com,sport,cantal,club sportif,https://cdos-cantal.fr/les-comites/,Les comites - CDOS Cantal,manual public source: club sportif
contact@la-cantalienne.fr,sport,cantal,club sportif,https://www.la-cantalienne.fr/,La Cantalienne,manual public source: club sportif
murmurnature15.asso@gmail.com,sport,cantal,club sportif,https://www.ffme.fr/club/3102/,Mur-Mur Nature Cantal,manual public source: club sportif
cvad.asso@gmail.com,sport,cantal,club sportif loisirs,https://cdos-cantal.fr/les-comites/,Les comites - CDOS Cantal,manual public source: club sportif loisirs
fcpe@fcpe.asso.fr,association_parents,cantal,federation parents eleves,https://www.fcpe.asso.fr/pres-chez-vous,FCPE nationale,manual public source: federation parents eleves
pref-sp-mauriac-associations@cantal.gouv.fr,association,cantal,greffe associations,https://lannuaire.service-public.fr/auvergne-rhone-alpes/cantal/ccbbe095-108c-4012-aed1-d45c512aa3f9/avertissement-demande-de-mise-a-jour,Greffe des associations Cantal Mauriac,manual public source: greffe associations
15villedieu.mairie@orange.fr,collectivite_administration,cantal,mairie collectivite,https://lannuaire.service-public.gouv.fr/auvergne-rhone-alpes/cantal/2250647f-f1c3-4dba-a511-3fd6313d288d,Mairie - Villedieu,official source: Annuaire de l'administration Service-public.fr
accueil@mairie-ytrac.fr,collectivite_administration,cantal,mairie collectivite,https://lannuaire.service-public.gouv.fr/auvergne-rhone-alpes/cantal/1d76f1ed-d7f1-4b98-9403-9e752d961c68,Mairie - Ytrac,official source: Annuaire de l'administration Service-public.fr
accueil@mairiedemassiac.fr,collectivite_administration,cantal,mairie collectivite,https://lannuaire.service-public.gouv.fr/auvergne-rhone-alpes/cantal/9556e7fb-c58c-4020-a0dd-11c15820c583,Mairie - Massiac,official source: Annuaire de l'administration Service-public.fr
accueil@ruynes-margeride.fr,collectivite_administration,cantal,mairie collectivite,https://lannuaire.service-public.gouv.fr/auvergne-rhone-alpes/cantal/c8359aa3-8e23-4ba5-b3a5-b124f7ba6458,Mairie - Ruynes-en-Margeride,official source: Annuaire de l'administration Service-public.fr
accueilmairie@allanche15.fr,collectivite_administration,cantal,mairie collectivite,https://lannuaire.service-public.gouv.fr/auvergne-rhone-alpes/cantal/4c8106f0-7ac8-4863-b868-e3e1066c7006,Mairie - Allanche,official source: Annuaire de l'administration Service-public.fr
administration@aurillac.fr,collectivite_administration,cantal,mairie collectivite,https://lannuaire.service-public.gouv.fr/auvergne-rhone-alpes/cantal/36cb4285-18ee-45f8-b781-2bfe3b352986,Mairie - Aurillac,official source: Annuaire de l'administration Service-public.fr
administration@mairiedemurat.fr,collectivite_administration,cantal,mairie collectivite,https://lannuaire.service-public.gouv.fr/auvergne-rhone-alpes/cantal/6fa0f312-7df9-427c-8fa7-7bdd22c319a8,Mairie - Murat,official source: Annuaire de l'administration Service-public.fr
auzers.mairie@orange.fr,collectivite_administration,cantal,mairie collectivite,https://lannuaire.service-public.gouv.fr/auvergne-rhone-alpes/cantal/5b452f18-b065-497a-9c50-aa1923d7ff66,Mairie - Auzers,official source: Annuaire de l'administration Service-public.fr
badailhac.mairie@wanadoo.fr,collectivite_administration,cantal,mairie collectivite,https://lannuaire.service-public.gouv.fr/auvergne-rhone-alpes/cantal/a920e62a-140e-4b35-aafc-c9856cb136bb,Mairie - Badailhac,official source: Annuaire de l'administration Service-public.fr
chalinargues.mairie@wanadoo.fr,collectivite_administration,cantal,mairie collectivite,https://lannuaire.service-public.gouv.fr/auvergne-rhone-alpes/cantal/3b941474-5efc-4cac-ade9-c837d5b66afb,Mairie - Chalinargues,official source: Annuaire de l'administration Service-public.fr
chapelle-laurent.mairie@wanadoo.fr,collectivite_administration,cantal,mairie collectivite,https://lannuaire.service-public.gouv.fr/auvergne-rhone-alpes/cantal/c97def38-b05f-4399-866f-ed5c10bbd551,Mairie - La Chapelle-Laurent,official source: Annuaire de l'administration Service-public.fr
chapellealagnon.mairie@orange.fr,collectivite_administration,cantal,mairie collectivite,https://lannuaire.service-public.gouv.fr/auvergne-rhone-alpes/cantal/38435c6c-071e-4658-b090-117efb3e066c,Mairie - La Chapelle-d'Alagnon,official source: Annuaire de l'administration Service-public.fr
coltines@wanadoo.fr,collectivite_administration,cantal,mairie collectivite,https://lannuaire.service-public.gouv.fr/auvergne-rhone-alpes/cantal/d737413d-a6d0-4329-b6da-1c4aaff0ef06,Mairie - Coltines,official source: Annuaire de l'administration Service-public.fr
commune-chazelles@orange.fr,collectivite_administration,cantal,mairie collectivite,https://lannuaire.service-public.gouv.fr/auvergne-rhone-alpes/cantal/377ebd4e-5800-4e66-b402-a3b83c447d56,Mairie - Chazelles,official source: Annuaire de l'administration Service-public.fr
commune-de-raulhac@wanadoo.fr,collectivite_administration,cantal,mairie collectivite,https://lannuaire.service-public.gouv.fr/auvergne-rhone-alpes/cantal/4ebab5b7-9a84-4d46-bc5c-89a6f0348ec5,Mairie - Raulhac,official source: Annuaire de l'administration Service-public.fr
commune-de-sauvat@orange.fr,collectivite_administration,cantal,mairie collectivite,https://lannuaire.service-public.gouv.fr/auvergne-rhone-alpes/cantal/a48bcf69-7f65-4e11-8df6-cae3463eaaf0,Mairie - Sauvat,official source: Annuaire de l'administration Service-public.fr
commune-de-tiviers@orange.fr,collectivite_administration,cantal,mairie collectivite,https://lannuaire.service-public.gouv.fr/auvergne-rhone-alpes/cantal/150dd383-29e0-45dc-87aa-ecb1b13e43b4,Mairie - Tiviers,official source: Annuaire de l'administration Service-public.fr
commune-de-vernols@wanadoo.fr,collectivite_administration,cantal,mairie collectivite,https://lannuaire.service-public.gouv.fr/auvergne-rhone-alpes/cantal/9e1a1703-b806-433d-abeb-1e9e4942c653,Mairie - Vernols,official source: Annuaire de l'administration Service-public.fr
commune-roffiac@orange.fr,collectivite_administration,cantal,mairie collectivite,https://lannuaire.service-public.gouv.fr/auvergne-rhone-alpes/cantal/565bc40d-7cee-4398-a941-02e089b7ad27,Mairie - Roffiac,official source: Annuaire de l'administration Service-public.fr
commune.ferrieresstmary@orange.fr,collectivite_administration,cantal,mairie collectivite,https://lannuaire.service-public.gouv.fr/auvergne-rhone-alpes/cantal/d3af547d-f289-4af0-b253-da7558cbe21f,Mairie - Ferrières-Saint-Mary,official source: Annuaire de l'administration Service-public.fr
commune.rageade@orange.fr,collectivite_administration,cantal,mairie collectivite,https://lannuaire.service-public.gouv.fr/auvergne-rhone-alpes/cantal/e29b71ce-6e2b-4abc-a887-5e39b1a47368,Mairie - Rageade,official source: Annuaire de l'administration Service-public.fr
commune.valjouze@orange.fr,collectivite_administration,cantal,mairie collectivite,https://lannuaire.service-public.gouv.fr/auvergne-rhone-alpes/cantal/76ecd6c5-375d-4639-a41a-3dd2885a214e,Mairie - Valjouze,official source: Annuaire de l'administration Service-public.fr
commune.vitrac@wanadoo.fr,collectivite_administration,cantal,mairie collectivite,https://lannuaire.service-public.gouv.fr/auvergne-rhone-alpes/cantal/ad26ff7b-5f5e-4a18-a204-8942b5992db9,Mairie - Vitrac,official source: Annuaire de l'administration Service-public.fr
communeboisset@wanadoo.fr,collectivite_administration,cantal,mairie collectivite,https://lannuaire.service-public.gouv.fr/auvergne-rhone-alpes/cantal/dfe9797f-6fc7-4c63-a475-b2291ac7e577,Mairie - Boisset,official source: Annuaire de l'administration Service-public.fr
communedelasegalassiere@wanadoo.fr,collectivite_administration,cantal,mairie collectivite,https://lannuaire.service-public.gouv.fr/auvergne-rhone-alpes/cantal/e85e86db-669c-4c6f-b0da-6911473c3a01,Mairie - La Ségalassière,official source: Annuaire de l'administration Service-public.fr
communedesalins@orange.fr,collectivite_administration,cantal,mairie collectivite,https://lannuaire.service-public.gouv.fr/auvergne-rhone-alpes/cantal/dbde99e2-f2bc-4dd4-9c8d-56c7e5a396b8,Mairie - Salins,official source: Annuaire de l'administration Service-public.fr
communepaulhac@orange.fr,collectivite_administration,cantal,mairie collectivite,https://lannuaire.service-public.gouv.fr/auvergne-rhone-alpes/cantal/6f32f0a2-3791-4914-914a-69109c8a3c22,Mairie - Paulhac,official source: Annuaire de l'administration Service-public.fr
condat.mairie@wanadoo.fr,collectivite_administration,cantal,mairie collectivite,https://lannuaire.service-public.gouv.fr/auvergne-rhone-alpes/cantal/4b7ac004-660c-4293-a4da-dbf2c088dcc1,Mairie - Condat,official source: Annuaire de l'administration Service-public.fr
contact@chaudes-aigues.fr,collectivite_administration,cantal,mairie collectivite,https://lannuaire.service-public.gouv.fr/auvergne-rhone-alpes/cantal/73bbc6b6-a13c-4ce9-b019-fc77cbf21c93,Mairie - Chaudes-Aigues,official source: Annuaire de l'administration Service-public.fr
contact@mairieayrens.fr,collectivite_administration,cantal,mairie collectivite,https://lannuaire.service-public.gouv.fr/auvergne-rhone-alpes/cantal/f7f1de22-89e2-491e-ac26-c86c0f465f2c,Mairie - Ayrens,official source: Annuaire de l'administration Service-public.fr
contact@mairiesalers.fr,collectivite_administration,cantal,mairie collectivite,https://lannuaire.service-public.gouv.fr/auvergne-rhone-alpes/cantal/644a9521-080b-4e8f-959e-480c0a9d6508,Mairie - Salers,official source: Annuaire de l'administration Service-public.fr
contact@neuveglisesurtruyere.fr,collectivite_administration,cantal,mairie collectivite,https://lannuaire.service-public.gouv.fr/auvergne-rhone-alpes/cantal/fc0f2b49-a987-48e9-b936-a1be704a1ee4,Mairie - Neuvéglise-sur-Truyère,official source: Annuaire de l'administration Service-public.fr
contact@pleaux.fr,collectivite_administration,cantal,mairie collectivite,https://lannuaire.service-public.gouv.fr/auvergne-rhone-alpes/cantal/835a3699-2d7c-4cc0-b817-9f51a79ea69b,Mairie - Pleaux,official source: Annuaire de l'administration Service-public.fr
courrier@stmamet-lasalvetat.com,collectivite_administration,cantal,mairie collectivite,https://lannuaire.service-public.gouv.fr/auvergne-rhone-alpes/cantal/a0ce3f8b-3205-44a9-9878-e31288e389aa,Mairie - Saint-Mamet-la-Salvetat,official source: Annuaire de l'administration Service-public.fr
ecole.jou-sous-monjou@wanadoo.fr,collectivite_administration,cantal,mairie collectivite,https://lannuaire.service-public.gouv.fr/auvergne-rhone-alpes/cantal/daf42db1-0477-4ca0-98d9-672c11672306,Mairie - Jou-sous-Monjou,official source: Annuaire de l'administration Service-public.fr
espinasse.mairie@wanadoo.fr,collectivite_administration,cantal,mairie collectivite,https://lannuaire.service-public.gouv.fr/auvergne-rhone-alpes/cantal/afda0fdf-18c3-4c12-83a4-d6075b6dbb70,Mairie - Espinasse,official source: Annuaire de l'administration Service-public.fr
freixanglards.mairie@wanadoo.fr,collectivite_administration,cantal,mairie collectivite,https://lannuaire.service-public.gouv.fr/auvergne-rhone-alpes/cantal/1134818c-e55d-4aae-8349-89ba44d99a00,Mairie - Freix-Anglards,official source: Annuaire de l'administration Service-public.fr
girgols@wanadoo.fr,collectivite_administration,cantal,mairie collectivite,https://lannuaire.service-public.gouv.fr/auvergne-rhone-alpes/cantal/3f6f1911-f493-4559-9376-8679889a60c9,Mairie - Girgols,official source: Annuaire de l'administration Service-public.fr
gourdieges.commune@orange.fr,collectivite_administration,cantal,mairie collectivite,https://lannuaire.service-public.gouv.fr/auvergne-rhone-alpes/cantal/ec4808c4-db98-43ea-b054-1106979cbfc3,Mairie - Gourdièges,official source: Annuaire de l'administration Service-public.fr
ladinhac.mairie@orange.fr,collectivite_administration,cantal,mairie collectivite,https://lannuaire.service-public.gouv.fr/auvergne-rhone-alpes/cantal/8536539c-09ac-465f-9185-2a7e7d057c99,Mairie - Ladinhac,official source: Annuaire de l'administration Service-public.fr
landeyrat.mairie@wanadoo.fr,collectivite_administration,cantal,mairie collectivite,https://lannuaire.service-public.gouv.fr/auvergne-rhone-alpes/cantal/c1dae4c8-81ff-4c54-bbb0-38db5a13c6c0,Mairie - Landeyrat,official source: Annuaire de l'administration Service-public.fr
laurie36@orange.fr,collectivite_administration,cantal,mairie collectivite,https://lannuaire.service-public.gouv.fr/auvergne-rhone-alpes/cantal/f2208568-0365-4194-90c6-76139eb87300,Mairie - Laurie,official source: Annuaire de l'administration Service-public.fr
leynhac.mairie@wanadoo.fr,collectivite_administration,cantal,mairie collectivite,https://lannuaire.service-public.gouv.fr/auvergne-rhone-alpes/cantal/e343a3fb-4516-4e7b-b735-5d42a412cf57,Mairie - Leynhac,official source: Annuaire de l'administration Service-public.fr
leyvaux@orange.fr,collectivite_administration,cantal,mairie collectivite,https://lannuaire.service-public.gouv.fr/auvergne-rhone-alpes/cantal/54bce81f-4bd9-4bfd-9190-dcc0e7d973cb,Mairie - Leyvaux,official source: Annuaire de l'administration Service-public.fr
m.eulalie@wanadoo.fr,collectivite_administration,cantal,mairie collectivite,https://lannuaire.service-public.gouv.fr/auvergne-rhone-alpes/cantal/10075bf6-5e8a-407d-869c-c7eb935472ff,Mairie - Sainte-Eulalie,official source: Annuaire de l'administration Service-public.fr
mairie-andelat@wanadoo.fr,collectivite_administration,cantal,mairie collectivite,https://lannuaire.service-public.gouv.fr/auvergne-rhone-alpes/cantal/5aa23fad-a955-4d41-aa66-16183de97994,Mairie - Andelat,official source: Annuaire de l'administration Service-public.fr
mairie-beaulieu3@wanadoo.fr,collectivite_administration,cantal,mairie collectivite,https://lannuaire.service-public.gouv.fr/auvergne-rhone-alpes/cantal/05822487-221b-457a-8753-77a06257e065,Mairie - Beaulieu,official source: Annuaire de l'administration Service-public.fr
mairie-chanterelle@wanadoo.fr,collectivite_administration,cantal,mairie collectivite,https://lannuaire.service-public.gouv.fr/auvergne-rhone-alpes/cantal/2bef2411-e83e-4c8f-a23a-eb5cf55171b0,Mairie - Chanterelle,official source: Annuaire de l'administration Service-public.fr
mairie-cros@orange.fr,collectivite_administration,cantal,mairie collectivite,https://lannuaire.service-public.gouv.fr/auvergne-rhone-alpes/cantal/de305615-36e6-420b-8789-fee24fb1f67e,Mairie - Cros-de-Ronesque,official source: Annuaire de l'administration Service-public.fr
mairie-de-meallet@wanadoo.fr,collectivite_administration,cantal,mairie collectivite,https://lannuaire.service-public.gouv.fr/auvergne-rhone-alpes/cantal/3f8e409e-7d40-44d9-9236-b7e05369e865,Mairie - Méallet,official source: Annuaire de l'administration Service-public.fr
mairie-malbo@wanadoo.fr,collectivite_administration,cantal,mairie collectivite,https://lannuaire.service-public.gouv.fr/auvergne-rhone-alpes/cantal/914d3bd3-2867-4199-a960-f324d0c291fb,Mairie - Malbo,official source: Annuaire de l'administration Service-public.fr
mairie-marcoles@wanadoo.fr,collectivite_administration,cantal,mairie collectivite,https://lannuaire.service-public.gouv.fr/auvergne-rhone-alpes/cantal/2add48d9-9ae7-47fe-bf52-28a2f874edb4,Mairie - Marcolès,official source: Annuaire de l'administration Service-public.fr
mairie-montboudif@orange.fr,collectivite_administration,cantal,mairie collectivite,https://lannuaire.service-public.gouv.fr/auvergne-rhone-alpes/cantal/74da15e9-c42d-4145-9f67-02f7623b0b80,Mairie - Montboudif,official source: Annuaire de l'administration Service-public.fr
mairie-montsalvy@wanadoo.fr,collectivite_administration,cantal,mairie collectivite,https://lannuaire.service-public.gouv.fr/auvergne-rhone-alpes/cantal/fb544046-234b-41e3-8e2a-5433070f0f90,Mairie - Montsalvy,official source: Annuaire de l'administration Service-public.fr
mairie-moussages@wanadoo.fr,collectivite_administration,cantal,mairie collectivite,https://lannuaire.service-public.gouv.fr/auvergne-rhone-alpes/cantal/bd857b0c-7164-4047-8a18-7084971c207a,Mairie - Moussages,official source: Annuaire de l'administration Service-public.fr
mairie-naucelles@orange.fr,collectivite_administration,cantal,mairie collectivite,https://lannuaire.service-public.gouv.fr/auvergne-rhone-alpes/cantal/9e837600-9d75-41d3-9f52-4fb51ef3a300,Mairie - Naucelles,official source: Annuaire de l'administration Service-public.fr
mairie-rouziers@orange.fr,collectivite_administration,cantal,mairie collectivite,https://lannuaire.service-public.gouv.fr/auvergne-rhone-alpes/cantal/32c95952-fffd-4cd8-8388-6b4b7ecc94e2,Mairie - Rouziers,official source: Annuaire de l'administration Service-public.fr
mairie-saintclement@wanadoo.fr,collectivite_administration,cantal,mairie collectivite,https://lannuaire.service-public.gouv.fr/auvergne-rhone-alpes/cantal/eecf119d-122f-48d3-a071-126592df4af1,Mairie - Saint-Clément,official source: Annuaire de l'administration Service-public.fr
mairie-siran@orange.fr,collectivite_administration,cantal,mairie collectivite,https://lannuaire.service-public.gouv.fr/auvergne-rhone-alpes/cantal/5337176f-932f-415f-848a-9430a8fbafb7,Mairie - Siran,official source: Annuaire de l'administration Service-public.fr
mairie-sourniac@orange.fr,collectivite_administration,cantal,mairie collectivite,https://lannuaire.service-public.gouv.fr/auvergne-rhone-alpes/cantal/15b28163-503d-4df4-8549-1d5808030a7b,Mairie - Sourniac,official source: Annuaire de l'administration Service-public.fr
mairie-st-etienne@wanadoo.fr,collectivite_administration,cantal,mairie collectivite,https://lannuaire.service-public.gouv.fr/auvergne-rhone-alpes/cantal/546b5c5e-c57c-40d8-ac8d-b4be16bbebfd,Mairie - Saint-Étienne-de-Maurs,official source: Annuaire de l'administration Service-public.fr
mairie-st-jacques-des-blats@orange.fr,collectivite_administration,cantal,mairie collectivite,https://lannuaire.service-public.gouv.fr/auvergne-rhone-alpes/cantal/6fa0b22f-a857-467c-ac83-a429fd0fd579,Mairie - Saint-Jacques-des-Blats,official source: Annuaire de l'administration Service-public.fr
mairie-st-paul-des-landes@orange.fr,collectivite_administration,cantal,mairie collectivite,https://lannuaire.service-public.gouv.fr/auvergne-rhone-alpes/cantal/cdf40cd4-e92a-4594-aec5-9588c15012c4,Mairie - Saint-Paul-des-Landes,official source: Annuaire de l'administration Service-public.fr
mairie-stgeorges@orange.fr,collectivite_administration,cantal,mairie collectivite,https://lannuaire.service-public.gouv.fr/auvergne-rhone-alpes/cantal/ab1cde43-6074-4199-9f7a-9c311981dfaa,Mairie - Saint-Georges,official source: Annuaire de l'administration Service-public.fr
mairie-stvincent@orange.fr,collectivite_administration,cantal,mairie collectivite,https://lannuaire.service-public.gouv.fr/auvergne-rhone-alpes/cantal/8d3becab-1d3e-4b31-b6c8-ea03b6ad1488,Mairie - Saint-Vincent-de-Salers,official source: Annuaire de l'administration Service-public.fr
mairie-tanavelle@orange.fr,collectivite_administration,cantal,mairie collectivite,https://lannuaire.service-public.gouv.fr/auvergne-rhone-alpes/cantal/dee4261e-66d0-4738-8ad3-1f9e0e7c02df,Mairie - Tanavelle,official source: Annuaire de l'administration Service-public.fr
mairie-vabres@wanadoo.fr,collectivite_administration,cantal,mairie collectivite,https://lannuaire.service-public.gouv.fr/auvergne-rhone-alpes/cantal/f6833785-7c24-43dd-96eb-489372271ea3,Mairie - Vabres,official source: Annuaire de l'administration Service-public.fr
mairie-veyrieres@wanadoo.fr,collectivite_administration,cantal,mairie collectivite,https://lannuaire.service-public.gouv.fr/auvergne-rhone-alpes/cantal/0b71000c-669e-4bc0-826d-86d309a917c8,Mairie - Veyrières,official source: Annuaire de l'administration Service-public.fr
mairie.albepierre@wanadoo.fr,collectivite_administration,cantal,mairie collectivite,https://lannuaire.service-public.gouv.fr/auvergne-rhone-alpes/cantal/2aec2d3e-ee3d-4b74-9342-edd285297789,Mairie - Albepierre-Bredons,official source: Annuaire de l'administration Service-public.fr
mairie.anglards0641@orange.fr,collectivite_administration,cantal,mairie collectivite,https://lannuaire.service-public.gouv.fr/auvergne-rhone-alpes/cantal/9cadafa0-da72-4d07-8779-9e2741c9d2fd,Mairie - Anglards-de-Saint-Flour,official source: Annuaire de l'administration Service-public.fr
mairie.anterrieux@orange.fr,collectivite_administration,cantal,mairie collectivite,https://lannuaire.service-public.gouv.fr/auvergne-rhone-alpes/cantal/fc721815-794c-4858-94c1-f434bc063566,Mairie - Anterrieux,official source: Annuaire de l'administration Service-public.fr
mairie.antignac@orange.fr,collectivite_administration,cantal,mairie collectivite,https://lannuaire.service-public.gouv.fr/auvergne-rhone-alpes/cantal/73415221-6c2e-4abe-a24e-1bd8d24e1aba,Mairie - Antignac,official source: Annuaire de l'administration Service-public.fr
mairie.apchon@wanadoo.fr,collectivite_administration,cantal,mairie collectivite,https://lannuaire.service-public.gouv.fr/auvergne-rhone-alpes/cantal/8f1fc1f0-9792-4657-b756-03d5aab534a1,Mairie - Apchon,official source: Annuaire de l'administration Service-public.fr
mairie.arches@wanadoo.fr,collectivite_administration,cantal,mairie collectivite,https://lannuaire.service-public.gouv.fr/auvergne-rhone-alpes/cantal/82fe74f7-882f-4425-9149-644207d4f9d1,Mairie - Arches,official source: Annuaire de l'administration Service-public.fr
mairie.auriac.leglise@wanadoo.fr,collectivite_administration,cantal,mairie collectivite,https://lannuaire.service-public.gouv.fr/auvergne-rhone-alpes/cantal/459dac00-fa84-4544-afcd-90757fce8204,Mairie - Auriac-l'Église,official source: Annuaire de l'administration Service-public.fr
mairie.barriac@orange.fr,collectivite_administration,cantal,mairie collectivite,https://lannuaire.service-public.gouv.fr/auvergne-rhone-alpes/cantal/123bf5f7-8fd5-4adb-87d7-0c7eaaf29bf5,Mairie - Barriac-les-Bosquets,official source: Annuaire de l'administration Service-public.fr
mairie.bassignac@laposte.net,collectivite_administration,cantal,mairie collectivite,https://lannuaire.service-public.gouv.fr/auvergne-rhone-alpes/cantal/7fbf91f6-f5e0-4484-b1e6-c9d3cd763fe2,Mairie - Bassignac,official source: Annuaire de l'administration Service-public.fr
mairie.besse15@wanadoo.fr,collectivite_administration,cantal,mairie collectivite,https://lannuaire.service-public.gouv.fr/auvergne-rhone-alpes/cantal/e7bf1fb8-c6d9-4cd8-9ac5-0a21011ebb5e,Mairie - Besse,official source: Annuaire de l'administration Service-public.fr
mairie.bonnac.commune@wanadoo.fr,collectivite_administration,cantal,mairie collectivite,https://lannuaire.service-public.gouv.fr/auvergne-rhone-alpes/cantal/44eb5af9-7bd3-4223-a07b-c096f401ab20,Mairie - Bonnac,official source: Annuaire de l'administration Service-public.fr
mairie.brageac@gmail.com,collectivite_administration,cantal,mairie collectivite,https://lannuaire.service-public.gouv.fr/auvergne-rhone-alpes/cantal/33fc3efc-6fe7-4b67-ab72-612fd92c8f35,Mairie - Brageac,official source: Annuaire de l'administration Service-public.fr
mairie.brezons@wanadoo.fr,collectivite_administration,cantal,mairie collectivite,https://lannuaire.service-public.gouv.fr/auvergne-rhone-alpes/cantal/310475d1-20b6-45a4-8eae-00ceab8fd4c2,Mairie - Brezons,official source: Annuaire de l'administration Service-public.fr
mairie.carlat@wanadoo.fr,collectivite_administration,cantal,mairie collectivite,https://lannuaire.service-public.gouv.fr/auvergne-rhone-alpes/cantal/5de4de45-679a-4e02-9915-2e586afea7d0,Mairie - Carlat,official source: Annuaire de l'administration Service-public.fr
mairie.cassaniouze@wanadoo.fr,collectivite_administration,cantal,mairie collectivite,https://lannuaire.service-public.gouv.fr/auvergne-rhone-alpes/cantal/263ce233-57f8-451d-9bdb-5d568e8e5143,Mairie - Cassaniouze,official source: Annuaire de l'administration Service-public.fr
mairie.celoux@orange.fr,collectivite_administration,cantal,mairie collectivite,https://lannuaire.service-public.gouv.fr/auvergne-rhone-alpes/cantal/e6a78461-ba98-4bdf-a19d-d920d0bbce2e,Mairie - Celoux,official source: Annuaire de l'administration Service-public.fr
mairie.cezens@orange.fr,collectivite_administration,cantal,mairie collectivite,https://lannuaire.service-public.gouv.fr/auvergne-rhone-alpes/cantal/bbf25fb5-5ca0-447b-a6c9-9072bc4ad843,Mairie - Cézens,official source: Annuaire de l'administration Service-public.fr
mairie.chalvignac@wanadoo.fr,collectivite_administration,cantal,mairie collectivite,https://lannuaire.service-public.gouv.fr/auvergne-rhone-alpes/cantal/7e580f40-781c-4129-8ac1-1c8be1b7c531,Mairie - Chalvignac,official source: Annuaire de l'administration Service-public.fr
mairie.cheylade@wanadoo.fr,collectivite_administration,cantal,mairie collectivite,https://lannuaire.service-public.gouv.fr/auvergne-rhone-alpes/cantal/9b14779f-8225-4c05-9e58-18fec254aa1a,Mairie - Cheylade,official source: Annuaire de l'administration Service-public.fr
mairie.clavieres15@wanadoo.fr,collectivite_administration,cantal,mairie collectivite,https://lannuaire.service-public.gouv.fr/auvergne-rhone-alpes/cantal/638f4d7d-ed9b-4204-beb8-cbd611423e92,Mairie - Clavières,official source: Annuaire de l'administration Service-public.fr
mairie.collandres@wanadoo.fr,collectivite_administration,cantal,mairie collectivite,https://lannuaire.service-public.gouv.fr/auvergne-rhone-alpes/cantal/4e453510-5cf3-4480-af64-ac01788eeb1e,Mairie - Collandres,official source: Annuaire de l'administration Service-public.fr
mairie.coren@orange.fr,collectivite_administration,cantal,mairie collectivite,https://lannuaire.service-public.gouv.fr/auvergne-rhone-alpes/cantal/9c5ebc10-04b4-449e-b3a5-66ad3ebcdc5f,Mairie - Coren,official source: Annuaire de l'administration Service-public.fr
mairie.crandelles@wanadoo.fr,collectivite_administration,cantal,mairie collectivite,https://lannuaire.service-public.gouv.fr/auvergne-rhone-alpes/cantal/8dbcea9e-9f24-48aa-bb0e-0b0ef49940ee,Mairie - Crandelles,official source: Annuaire de l'administration Service-public.fr
mairie.crosdemontvert@wanadoo.fr,collectivite_administration,cantal,mairie collectivite,https://lannuaire.service-public.gouv.fr/auvergne-rhone-alpes/cantal/2ad559ed-c98d-4092-998e-7e5154e01286,Mairie - Cros-de-Montvert,official source: Annuaire de l'administration Service-public.fr
mairie.cussac@orange.fr,collectivite_administration,cantal,mairie collectivite,https://lannuaire.service-public.gouv.fr/auvergne-rhone-alpes/cantal/ace28cff-6c47-4298-a7e0-21e57ce9a423,Mairie - Cussac,official source: Annuaire de l'administration Service-public.fr
mairie.deux-verges@wanadoo.fr,collectivite_administration,cantal,mairie collectivite,https://lannuaire.service-public.gouv.fr/auvergne-rhone-alpes/cantal/7128ab5b-3e1d-4da0-afa5-debf2dbd28ca,Mairie - Deux-Verges,official source: Annuaire de l'administration Service-public.fr
mairie.dienne@wanadoo.fr,collectivite_administration,cantal,mairie collectivite,https://lannuaire.service-public.gouv.fr/auvergne-rhone-alpes/cantal/d844e962-4e79-4a47-927b-a2313b40efde,Mairie - Dienne,official source: Annuaire de l'administration Service-public.fr
mairie.drugeac@wanadoo.fr,collectivite_administration,cantal,mairie collectivite,https://lannuaire.service-public.gouv.fr/auvergne-rhone-alpes/cantal/dbae1de0-4e18-4474-b5df-897efa8316ae,Mairie - Drugeac,official source: Annuaire de l'administration Service-public.fr
mairie.escorailles@wanadoo.fr,collectivite_administration,cantal,mairie collectivite,https://lannuaire.service-public.gouv.fr/auvergne-rhone-alpes/cantal/6fd9bb4e-4ad5-4ec1-ab99-f8dfa54407e9,Mairie - Escorailles,official source: Annuaire de l'administration Service-public.fr
mairie.fontanges2@wanadoo.fr,collectivite_administration,cantal,mairie collectivite,https://lannuaire.service-public.gouv.fr/auvergne-rhone-alpes/cantal/85d40d76-e3bf-4825-a5e4-9263015e532e,Mairie - Fontanges,official source: Annuaire de l'administration Service-public.fr
mairie.fridefont@wanadoo.fr,collectivite_administration,cantal,mairie collectivite,https://lannuaire.service-public.gouv.fr/auvergne-rhone-alpes/cantal/c2538fcc-267d-4eec-9663-a46ec9629301,Mairie - Fridefont,official source: Annuaire de l'administration Service-public.fr
mairie.glenat@wanadoo.fr,collectivite_administration,cantal,mairie collectivite,https://lannuaire.service-public.gouv.fr/auvergne-rhone-alpes/cantal/ab991e53-847a-4a17-a90a-61b0faeabd59,Mairie - Glénat,official source: Annuaire de l'administration Service-public.fr
mairie.jabrun@wanadoo.fr,collectivite_administration,cantal,mairie collectivite,https://lannuaire.service-public.gouv.fr/auvergne-rhone-alpes/cantal/aa0df93d-d1a2-4f21-be4c-b6528d7382c0,Mairie - Jabrun,official source: Annuaire de l'administration Service-public.fr
mairie.jaleyrac@wanadoo.fr,collectivite_administration,cantal,mairie collectivite,https://lannuaire.service-public.gouv.fr/auvergne-rhone-alpes/cantal/642168ad-3a20-4ecb-9b6f-ce2bba7d00dd,Mairie - Jaleyrac,official source: Annuaire de l'administration Service-public.fr
mairie.joursac@wanadoo.fr,collectivite_administration,cantal,mairie collectivite,https://lannuaire.service-public.gouv.fr/auvergne-rhone-alpes/cantal/576ac12f-bb16-4970-a45a-437c7c2f181d,Mairie - Joursac,official source: Annuaire de l'administration Service-public.fr
mairie.jussac@orange.fr,collectivite_administration,cantal,mairie collectivite,https://lannuaire.service-public.gouv.fr/auvergne-rhone-alpes/cantal/3c8a4a9f-74a4-499d-ae4e-2c98f2705777,Mairie - Jussac,official source: Annuaire de l'administration Service-public.fr
mairie.la.trinitat@wanadoo.fr,collectivite_administration,cantal,mairie collectivite,https://lannuaire.service-public.gouv.fr/auvergne-rhone-alpes/cantal/0b6f3067-0f26-4d51-b76d-58322f1f5897,Mairie - La Trinitat,official source: Annuaire de l'administration Service-public.fr
mairie.labesserette@wanadoo.fr,collectivite_administration,cantal,mairie collectivite,https://lannuaire.service-public.gouv.fr/auvergne-rhone-alpes/cantal/244d84d7-71ac-4272-a168-20c649a0f506,Mairie - Labesserette,official source: Annuaire de l'administration Service-public.fr
mairie.labrousse15@orange.fr,collectivite_administration,cantal,mairie collectivite,https://lannuaire.service-public.gouv.fr/auvergne-rhone-alpes/cantal/3f7e1a94-cf18-4ad2-a65d-e2ac2f262223,Mairie - Labrousse,official source: Annuaire de l'administration Service-public.fr
mairie.lacapelle-del-fraisse@wanadoo.fr,collectivite_administration,cantal,mairie collectivite,https://lannuaire.service-public.gouv.fr/auvergne-rhone-alpes/cantal/26333578-9383-4abd-bec2-789396a2b970,Mairie - Lacapelle-del-Fraisse,official source: Annuaire de l'administration Service-public.fr
mairie.lacapelle.barrez@wanadoo.fr,collectivite_administration,cantal,mairie collectivite,https://lannuaire.service-public.gouv.fr/auvergne-rhone-alpes/cantal/c9ff38b9-3950-4eb7-92ca-3bb1434cd62b,Mairie - Lacapelle-Barrès,official source: Annuaire de l'administration Service-public.fr
mairie.lacapelle.viescamp@orange.fr,collectivite_administration,cantal,mairie collectivite,https://lannuaire.service-public.gouv.fr/auvergne-rhone-alpes/cantal/6a316066-5a36-45dc-a1d3-04e92ce1776c,Mairie - Lacapelle-Viescamp,official source: Annuaire de l'administration Service-public.fr
mairie.lanobre.15@orange.fr,collectivite_administration,cantal,mairie collectivite,https://lannuaire.service-public.gouv.fr/auvergne-rhone-alpes/cantal/2bea1423-f475-4787-8a27-19de117700e8,Mairie - Lanobre,official source: Annuaire de l'administration Service-public.fr
mairie.lapeyrugue@orange.fr,collectivite_administration,cantal,mairie collectivite,https://lannuaire.service-public.gouv.fr/auvergne-rhone-alpes/cantal/d18d111e-509c-40a4-af33-9daa6da06d2c,Mairie - Lapeyrugue,official source: Annuaire de l'administration Service-public.fr
mairie.lavigerie@wanadoo.fr,collectivite_administration,cantal,mairie collectivite,https://lannuaire.service-public.gouv.fr/auvergne-rhone-alpes/cantal/49fe998a-c868-4e66-8ff0-082bb5eaadef,Mairie - Lavigerie,official source: Annuaire de l'administration Service-public.fr
mairie.leclaux@wanadoo.fr,collectivite_administration,cantal,mairie collectivite,https://lannuaire.service-public.gouv.fr/auvergne-rhone-alpes/cantal/1ef8b48e-b0dd-472a-80be-6c4a98199a60,Mairie - Le Claux,official source: Annuaire de l'administration Service-public.fr
mairie.lefalgoux@wanadoo.fr,collectivite_administration,cantal,mairie collectivite,https://lannuaire.service-public.gouv.fr/auvergne-rhone-alpes/cantal/ec36aaca-70fc-464f-8b3a-84ad782cc43b,Mairie - Le Falgoux,official source: Annuaire de l'administration Service-public.fr
mairie.lefau@wanadoo.fr,collectivite_administration,cantal,mairie collectivite,https://lannuaire.service-public.gouv.fr/auvergne-rhone-alpes/cantal/6528e1d0-c543-4241-8241-c36044ae79ce,Mairie - Le Fau,official source: Annuaire de l'administration Service-public.fr
mairie.lemonteil2@wanadoo.fr,collectivite_administration,cantal,mairie collectivite,https://lannuaire.service-public.gouv.fr/auvergne-rhone-alpes/cantal/42c4e8fb-9313-40dd-ae58-1e97a72cf45b,Mairie - Le Monteil,official source: Annuaire de l'administration Service-public.fr
mairie.lesternes@wanadoo.fr,collectivite_administration,cantal,mairie collectivite,https://lannuaire.service-public.gouv.fr/auvergne-rhone-alpes/cantal/8c30fff9-dfc0-45b5-9caa-e61b3bfd3f05,Mairie - Les Ternes,official source: Annuaire de l'administration Service-public.fr
mairie.leucamp@wanadoo.fr,collectivite_administration,cantal,mairie collectivite,https://lannuaire.service-public.gouv.fr/auvergne-rhone-alpes/cantal/ae68616f-2605-4922-b875-ee24acbf4241,Mairie - Leucamp,official source: Annuaire de l'administration Service-public.fr
mairie.levaulmier@wanadoo.fr,collectivite_administration,cantal,mairie collectivite,https://lannuaire.service-public.gouv.fr/auvergne-rhone-alpes/cantal/7df622ff-67a7-4c18-aacf-26adfe3cd294,Mairie - Le Vaulmier,official source: Annuaire de l'administration Service-public.fr
mairie.levigean@wanadoo.fr,collectivite_administration,cantal,mairie collectivite,https://lannuaire.service-public.gouv.fr/auvergne-rhone-alpes/cantal/c2f23d9a-ae0a-437d-9efb-cbcead2dded6,Mairie - Le Vigean,official source: Annuaire de l'administration Service-public.fr
mairie.lieutades@wanadoo.fr,collectivite_administration,cantal,mairie collectivite,https://lannuaire.service-public.gouv.fr/auvergne-rhone-alpes/cantal/ca0b7963-a747-4a53-88e8-8e646b181aba,Mairie - Lieutadès,official source: Annuaire de l'administration Service-public.fr
mairie.lorcieres15@wanadoo.fr,collectivite_administration,cantal,mairie collectivite,https://lannuaire.service-public.gouv.fr/auvergne-rhone-alpes/cantal/09c094cc-96cf-468a-a25a-7a14172b1aae,Mairie - Lorcières,official source: Annuaire de l'administration Service-public.fr
mairie.lugarde@wanadoo.fr,collectivite_administration,cantal,mairie collectivite,https://lannuaire.service-public.gouv.fr/auvergne-rhone-alpes/cantal/a26ef4c2-2381-4d3d-b03e-37d6fd7f6b4e,Mairie - Lugarde,official source: Annuaire de l'administration Service-public.fr
mairie.mandailles-stjulien@orange.fr,collectivite_administration,cantal,mairie collectivite,https://lannuaire.service-public.gouv.fr/auvergne-rhone-alpes/cantal/1eacba01-61de-4022-90b5-17ed5d61f275,Mairie - Mandailles-Saint-Julien,official source: Annuaire de l'administration Service-public.fr
mairie.marmanhac@orange.fr,collectivite_administration,cantal,mairie collectivite,https://lannuaire.service-public.gouv.fr/auvergne-rhone-alpes/cantal/9dc1a8c1-eceb-4153-8a67-b482daf90d8e,Mairie - Marmanhac,official source: Annuaire de l'administration Service-public.fr
mairie.maurines@wanadoo.fr,collectivite_administration,cantal,mairie collectivite,https://lannuaire.service-public.gouv.fr/auvergne-rhone-alpes/cantal/7e2e8a80-98e5-493e-a081-a96f3a0fdf80,Mairie - Maurines,official source: Annuaire de l'administration Service-public.fr
mairie.menet@orange.fr,collectivite_administration,cantal,mairie collectivite,https://lannuaire.service-public.gouv.fr/auvergne-rhone-alpes/cantal/31897056-28d9-4e5a-8611-efd3c74b0859,Mairie - Menet,official source: Annuaire de l'administration Service-public.fr
mairie.mentieres@wanadoo.fr,collectivite_administration,cantal,mairie collectivite,https://lannuaire.service-public.gouv.fr/auvergne-rhone-alpes/cantal/c55e2979-36ae-4a63-b467-6662b7c55a14,Mairie - Mentières,official source: Annuaire de l'administration Service-public.fr
mairie.molompize@orange.fr,collectivite_administration,cantal,mairie collectivite,https://lannuaire.service-public.gouv.fr/auvergne-rhone-alpes/cantal/e700e51f-6842-4db1-a2ca-808841146a99,Mairie - Molompize,official source: Annuaire de l'administration Service-public.fr
mairie.montchamp@wanadoo.fr,collectivite_administration,cantal,mairie collectivite,https://lannuaire.service-public.gouv.fr/auvergne-rhone-alpes/cantal/9a637460-662d-4c5e-ac1b-c55ec489797e,Mairie annexe de Montchamp,official source: Annuaire de l'administration Service-public.fr
mairie.montgreleix@wanadoo.fr,collectivite_administration,cantal,mairie collectivite,https://lannuaire.service-public.gouv.fr/auvergne-rhone-alpes/cantal/a9bdf133-7d48-4fb0-aae2-b3670f34d586,Mairie - Montgreleix,official source: Annuaire de l'administration Service-public.fr
mairie.montmurat@wanadoo.fr,collectivite_administration,cantal,mairie collectivite,https://lannuaire.service-public.gouv.fr/auvergne-rhone-alpes/cantal/6b716120-cc40-47ee-8ec6-afd81a5f7b66,Mairie - Montmurat,official source: Annuaire de l'administration Service-public.fr
mairie.narnhac@wanadoo.fr,collectivite_administration,cantal,mairie collectivite,https://lannuaire.service-public.gouv.fr/auvergne-rhone-alpes/cantal/de64ee5e-4d33-4325-b18c-10615f49311f,Mairie - Narnhac,official source: Annuaire de l'administration Service-public.fr
mairie.nieudan@wanadoo.fr,collectivite_administration,cantal,mairie collectivite,https://lannuaire.service-public.gouv.fr/auvergne-rhone-alpes/cantal/285c396b-8369-41e3-a3e8-9ad16e797ce5,Mairie - Nieudan,official source: Annuaire de l'administration Service-public.fr
mairie.peyrusse@orange.fr,collectivite_administration,cantal,mairie collectivite,https://lannuaire.service-public.gouv.fr/auvergne-rhone-alpes/cantal/30b35a48-1611-4279-8b72-19ecf8026603,Mairie - Peyrusse,official source: Annuaire de l'administration Service-public.fr
mairie.pradiers@wanadoo.fr,collectivite_administration,cantal,mairie collectivite,https://lannuaire.service-public.gouv.fr/auvergne-rhone-alpes/cantal/f15fdaf3-b69c-4f63-91b8-a7933c193f69,Mairie - Pradiers,official source: Annuaire de l'administration Service-public.fr
mairie.rouffiac@wanadoo.fr,collectivite_administration,cantal,mairie collectivite,https://lannuaire.service-public.gouv.fr/auvergne-rhone-alpes/cantal/b61d9e0f-5950-4e5e-a5cc-31012913ce5a,Mairie - Rouffiac,official source: Annuaire de l'administration Service-public.fr
mairie.roumegoux0599@orange.fr,collectivite_administration,cantal,mairie collectivite,https://lannuaire.service-public.gouv.fr/auvergne-rhone-alpes/cantal/7f10d183-a0e3-42cc-b56c-601b966e989c,Mairie - Roumégoux,official source: Annuaire de l'administration Service-public.fr
mairie.saint-martin-valmeroux@wanadoo.fr,collectivite_administration,cantal,mairie collectivite,https://lannuaire.service-public.gouv.fr/auvergne-rhone-alpes/cantal/b15554e7-cc67-4a18-a3a7-d000a392e3a1,Mairie - Saint-Martin-Valmeroux,official source: Annuaire de l'administration Service-public.fr
mairie.saint-santin-cantales@wanadoo.fr,collectivite_administration,cantal,mairie collectivite,https://lannuaire.service-public.gouv.fr/auvergne-rhone-alpes/cantal/28908c1e-1b96-4646-89fe-586b7284725d,Mairie - Saint-Santin-Cantalès,official source: Annuaire de l'administration Service-public.fr
mairie.saint-saturnin15@wanadoo.fr,collectivite_administration,cantal,mairie collectivite,https://lannuaire.service-public.gouv.fr/auvergne-rhone-alpes/cantal/20c6189c-9fe8-48df-b2f6-5ae30e98ef8f,Mairie - Saint-Saturnin,official source: Annuaire de l'administration Service-public.fr
mairie.saint.antoine@orange.fr,collectivite_administration,cantal,mairie collectivite,https://lannuaire.service-public.gouv.fr/auvergne-rhone-alpes/cantal/473c4e80-785e-40c0-aebd-625e23283c64,Mairie - Saint-Antoine,official source: Annuaire de l'administration Service-public.fr
mairie.saintamandin@orange.fr,collectivite_administration,cantal,mairie collectivite,https://lannuaire.service-public.gouv.fr/auvergne-rhone-alpes/cantal/12fa9f76-a0d1-49f4-84f3-6076bb1bd2a1,Mairie - Saint-Amandin,official source: Annuaire de l'administration Service-public.fr
mairie.saintbonnetdesalers@wanadoo.fr,collectivite_administration,cantal,mairie collectivite,https://lannuaire.service-public.gouv.fr/auvergne-rhone-alpes/cantal/14748c7a-db5d-4978-b9c3-c34985bfea96,Mairie - Saint-Bonnet-de-Salers,official source: Annuaire de l'administration Service-public.fr
mairie.saintchamant@wanadoo.fr,collectivite_administration,cantal,mairie collectivite,https://lannuaire.service-public.gouv.fr/auvergne-rhone-alpes/cantal/76dfbfb0-d955-498a-a9f6-abc9ca44e087,Mairie - Saint-Chamant,official source: Annuaire de l'administration Service-public.fr
mairie.saintconstant@orange.fr,collectivite_administration,cantal,mairie collectivite,https://lannuaire.service-public.gouv.fr/auvergne-rhone-alpes/cantal/497f3d37-015d-4fd7-a4b3-04d0881c77b0,Mairie - Saint-Constant-Fournoulès,official source: Annuaire de l'administration Service-public.fr
mairie.sainte-marie@wanadoo.fr,collectivite_administration,cantal,mairie collectivite,https://lannuaire.service-public.gouv.fr/auvergne-rhone-alpes/cantal/40c78fd3-be6b-44d6-9d1c-87e13347c6b7,Mairie - Sainte-Marie,official source: Annuaire de l'administration Service-public.fr
mairie.sansac-de-marmiesse@wanadoo.fr,collectivite_administration,cantal,mairie collectivite,https://lannuaire.service-public.gouv.fr/auvergne-rhone-alpes/cantal/d2359c51-7996-4941-bb86-6195f24730eb,Mairie - Sansac-de-Marmiesse,official source: Annuaire de l'administration Service-public.fr
mairie.sansac-veinazes@orange.fr,collectivite_administration,cantal,mairie collectivite,https://lannuaire.service-public.gouv.fr/auvergne-rhone-alpes/cantal/5d777674-1531-4098-bc43-6b3287ec9cd6,Mairie - Sansac-Veinazès,official source: Annuaire de l'administration Service-public.fr
mairie.segur@wanadoo.fr,collectivite_administration,cantal,mairie collectivite,https://lannuaire.service-public.gouv.fr/auvergne-rhone-alpes/cantal/4dd6ccc8-08f2-4f09-acd2-22b64263d260,Mairie - Ségur-les-Villas,official source: Annuaire de l'administration Service-public.fr
mairie.soulages15@orange.fr,collectivite_administration,cantal,mairie collectivite,https://lannuaire.service-public.gouv.fr/auvergne-rhone-alpes/cantal/894116b6-9744-4188-bdca-0599f5e29f4a,Mairie - Soulages,official source: Annuaire de l'administration Service-public.fr
mairie.st-etienne-de-carlat@wanadoo.fr,collectivite_administration,cantal,mairie collectivite,https://lannuaire.service-public.gouv.fr/auvergne-rhone-alpes/cantal/7f45fbc9-57e2-4821-89e3-8853050bb558,Mairie - Saint-Étienne-de-Carlat,official source: Annuaire de l'administration Service-public.fr
mairie.st-remy-de-chaudes-aigues@wanadoo.fr,collectivite_administration,cantal,mairie collectivite,https://lannuaire.service-public.gouv.fr/auvergne-rhone-alpes/cantal/c040dd07-07f5-4bfe-bac7-bb0b885a4cd8,Mairie - Saint-Rémy-de-Chaudes-Aigues,official source: Annuaire de l'administration Service-public.fr
mairie.stbonnetdecondat@orange.fr,collectivite_administration,cantal,mairie collectivite,https://lannuaire.service-public.gouv.fr/auvergne-rhone-alpes/cantal/4b3c3c57-5c4d-4884-a0bb-de26ade47aa8,Mairie - Saint-Bonnet-de-Condat,official source: Annuaire de l'administration Service-public.fr
mairie.stcirguesdemalbert@wanadoo.fr,collectivite_administration,cantal,mairie collectivite,https://lannuaire.service-public.gouv.fr/auvergne-rhone-alpes/cantal/833913bc-8a46-470b-91e7-a8113662aef3,Mairie - Saint-Cirgues-de-Malbert,official source: Annuaire de l'administration Service-public.fr
mairie.sthippolyte@wanadoo.fr,collectivite_administration,cantal,mairie collectivite,https://lannuaire.service-public.gouv.fr/auvergne-rhone-alpes/cantal/9a15a401-69fb-4bb2-b1da-22cda5059e43,Mairie - Saint-Hippolyte,official source: Annuaire de l'administration Service-public.fr
mairie.stmartincantales@wanadoo.fr,collectivite_administration,cantal,mairie collectivite,https://lannuaire.service-public.gouv.fr/auvergne-rhone-alpes/cantal/f10f9cb8-2808-41ee-9618-9d39d3423e27,Mairie - Saint-Martin-Cantalès,official source: Annuaire de l'administration Service-public.fr
mairie.stmartinvigouroux@orange.fr,collectivite_administration,cantal,mairie collectivite,https://lannuaire.service-public.gouv.fr/auvergne-rhone-alpes/cantal/694d9a4c-f041-42f1-9614-cc2008464a31,Mairie - Saint-Martin-sous-Vigouroux,official source: Annuaire de l'administration Service-public.fr
mairie.stmary@orange.fr,collectivite_administration,cantal,mairie collectivite,https://lannuaire.service-public.gouv.fr/auvergne-rhone-alpes/cantal/dc60b4ea-6e57-4170-9a04-a06575d5f2f8,Mairie - Saint-Mary-le-Plain,official source: Annuaire de l'administration Service-public.fr
mairie.stpierre@wanadoo.fr,collectivite_administration,cantal,mairie collectivite,https://lannuaire.service-public.gouv.fr/auvergne-rhone-alpes/cantal/b4de1f1b-7106-4182-b11d-b8cc4b7ce4e0,Mairie - Saint-Pierre,official source: Annuaire de l'administration Service-public.fr
mairie.stprojetdesalers@orange.fr,collectivite_administration,cantal,mairie collectivite,https://lannuaire.service-public.gouv.fr/auvergne-rhone-alpes/cantal/4adc74cd-d9d4-4766-abd3-1278c705aed3,Mairie - Saint-Projet-de-Salers,official source: Annuaire de l'administration Service-public.fr
mairie.stsantindemaurs@wanadoo.fr,collectivite_administration,cantal,mairie collectivite,https://lannuaire.service-public.gouv.fr/auvergne-rhone-alpes/cantal/b736ac8f-3e72-4647-ac2f-0834b5837a91,Mairie - Saint-Santin-de-Maurs,official source: Annuaire de l'administration Service-public.fr
mairie.stvictorcantal@orange.fr,collectivite_administration,cantal,mairie collectivite,https://lannuaire.service-public.gouv.fr/auvergne-rhone-alpes/cantal/0deb7092-926a-4104-a51b-25588b3a323d,Mairie - Saint-Victor,official source: Annuaire de l'administration Service-public.fr
mairie.teissieres@wanadoo.fr,collectivite_administration,cantal,mairie collectivite,https://lannuaire.service-public.gouv.fr/auvergne-rhone-alpes/cantal/1667a594-c349-4ee8-8d46-11b353b04efe,Mairie - Teissières-lès-Bouliès,official source: Annuaire de l'administration Service-public.fr
mairie.valuejols@orange.fr,collectivite_administration,cantal,mairie collectivite,https://lannuaire.service-public.gouv.fr/auvergne-rhone-alpes/cantal/6beaafb4-4189-42e1-a615-5ad5ba4f310c,Mairie - Valuéjols,official source: Annuaire de l'administration Service-public.fr
mairie.vebret@orange.fr,collectivite_administration,cantal,mairie collectivite,https://lannuaire.service-public.gouv.fr/auvergne-rhone-alpes/cantal/18c8f5c7-3eaa-4eeb-a1a8-77cccb0aa029,Mairie - Vebret,official source: Annuaire de l'administration Service-public.fr
mairie.vedrines15@orange.fr,collectivite_administration,cantal,mairie collectivite,https://lannuaire.service-public.gouv.fr/auvergne-rhone-alpes/cantal/639c1502-8ef8-47ff-a1b9-1a0fb5cb5b51,Mairie - Védrines-Saint-Loup,official source: Annuaire de l'administration Service-public.fr
mairie.veze@wanadoo.fr,collectivite_administration,cantal,mairie collectivite,https://lannuaire.service-public.gouv.fr/auvergne-rhone-alpes/cantal/ffd912d5-8cb0-482a-92c1-fa89f29c77ff,Mairie - Vèze,official source: Annuaire de l'administration Service-public.fr
mairie.vezelsroussy@wanadoo.fr,collectivite_administration,cantal,mairie collectivite,https://lannuaire.service-public.gouv.fr/auvergne-rhone-alpes/cantal/1ba97a82-0fa7-463d-8d9c-17477efc8c7b,Mairie - Vezels-Roussy,official source: Annuaire de l'administration Service-public.fr
mairie.virargues@sfr.fr,collectivite_administration,cantal,mairie collectivite,https://lannuaire.service-public.gouv.fr/auvergne-rhone-alpes/cantal/f89ee9c0-e2e1-427d-b3e9-924c81b6daeb,Mairie - Virargues,official source: Annuaire de l'administration Service-public.fr
mairie@alleuze.com,collectivite_administration,cantal,mairie collectivite,https://lannuaire.service-public.gouv.fr/auvergne-rhone-alpes/cantal/ed191d6f-e1c8-4984-b2df-105e70d4a14e,Mairie - Alleuze,official source: Annuaire de l'administration Service-public.fr
mairie@anglards-de-salers.fr,collectivite_administration,cantal,mairie collectivite,https://lannuaire.service-public.gouv.fr/auvergne-rhone-alpes/cantal/b617b709-4e88-4d73-9a90-e6bc0cb79f90,Mairie - Anglards-de-Salers,official source: Annuaire de l'administration Service-public.fr
mairie@arpajonsurcere.com,collectivite_administration,cantal,mairie collectivite,https://lannuaire.service-public.gouv.fr/auvergne-rhone-alpes/cantal/2bd0c3b4-d780-4f62-8921-ec01f6bba443,Mairie - Arpajon-sur-Cère,official source: Annuaire de l'administration Service-public.fr
mairie@celles15.fr,collectivite_administration,cantal,mairie collectivite,https://lannuaire.service-public.gouv.fr/auvergne-rhone-alpes/cantal/db753b5e-5a95-4eca-ab5e-f8b102d4c03b,Mairie - Celles,official source: Annuaire de l'administration Service-public.fr
mairie@champagnac.fr,collectivite_administration,cantal,mairie collectivite,https://lannuaire.service-public.gouv.fr/auvergne-rhone-alpes/cantal/6548a0fe-29d4-4092-b24c-ceaa0c6738fa,Mairie - Champagnac,official source: Annuaire de l'administration Service-public.fr
mairie@chaussenac.fr,collectivite_administration,cantal,mairie collectivite,https://lannuaire.service-public.gouv.fr/auvergne-rhone-alpes/cantal/c3b1e8cc-d49a-4b97-a025-6dae7b58f71e,Mairie - Chaussenac,official source: Annuaire de l'administration Service-public.fr
mairie@chavagnac.fr,collectivite_administration,cantal,mairie collectivite,https://lannuaire.service-public.gouv.fr/auvergne-rhone-alpes/cantal/1417b847-ae65-422f-8153-00773094bd5e,Mairie - Chavagnac,official source: Annuaire de l'administration Service-public.fr
mairie@lafeuilladeenvezie.fr,collectivite_administration,cantal,mairie collectivite,https://lannuaire.service-public.gouv.fr/auvergne-rhone-alpes/cantal/7a962ea4-788d-48fe-a316-058c684b5c34,Mairie - Lafeuillade-en-Vézie,official source: Annuaire de l'administration Service-public.fr
mairie@laroquebrou.fr,collectivite_administration,cantal,mairie collectivite,https://lannuaire.service-public.gouv.fr/auvergne-rhone-alpes/cantal/ac7f8f1f-2790-4e4b-97bb-d83b1c098704,Mairie - Laroquebrou,official source: Annuaire de l'administration Service-public.fr
mairie@laroquevieille.fr,collectivite_administration,cantal,mairie collectivite,https://lannuaire.service-public.gouv.fr/auvergne-rhone-alpes/cantal/e99f5731-3b75-4641-b987-a5229707b57d,Mairie - Laroquevieille,official source: Annuaire de l'administration Service-public.fr
mairie@laveissenet.fr,collectivite_administration,cantal,mairie collectivite,https://lannuaire.service-public.gouv.fr/auvergne-rhone-alpes/cantal/7c91b58b-4ff6-487c-99ee-a91e6895a003,Mairie - Laveissenet,official source: Annuaire de l'administration Service-public.fr
mairie@lerouget-pers.fr,collectivite_administration,cantal,mairie collectivite,https://lannuaire.service-public.gouv.fr/auvergne-rhone-alpes/cantal/955910fe-34be-4a52-a55e-f1e6c4318deb,Mairie - Le Rouget-Pers,official source: Annuaire de l'administration Service-public.fr
mairie@madic.fr,collectivite_administration,cantal,mairie collectivite,https://lannuaire.service-public.gouv.fr/auvergne-rhone-alpes/cantal/c5f8b96a-b2e8-4d0d-a376-7e850b23cd7f,Mairie - Madic,official source: Annuaire de l'administration Service-public.fr
mairie@mauriac.fr,collectivite_administration,cantal,mairie collectivite,https://lannuaire.service-public.gouv.fr/auvergne-rhone-alpes/cantal/aa45109a-3ad8-41ab-8bf7-65d3be123fb3,Mairie - Mauriac,official source: Annuaire de l'administration Service-public.fr
mairie@neussarguesenpinatelle.fr,collectivite_administration,cantal,mairie collectivite,https://lannuaire.service-public.gouv.fr/auvergne-rhone-alpes/cantal/f01870e5-2fc0-474b-929c-a62728ace6c4,Mairie déléguée - Neussargues,official source: Annuaire de l'administration Service-public.fr
mairie@neussarguesmoissac.fr,collectivite_administration,cantal,mairie collectivite,https://lannuaire.service-public.gouv.fr/auvergne-rhone-alpes/cantal/4670a165-c0c1-4b8b-8d0e-70af17dc0070,Mairie - Neussargues-Moissac,official source: Annuaire de l'administration Service-public.fr
mairie@omps.fr,collectivite_administration,cantal,mairie collectivite,https://lannuaire.service-public.gouv.fr/auvergne-rhone-alpes/cantal/d8e1aea3-eb9a-4590-82bc-617c492f0358,Mairie - Omps,official source: Annuaire de l'administration Service-public.fr
mairie@pierrefort.fr,collectivite_administration,cantal,mairie collectivite,https://lannuaire.service-public.gouv.fr/auvergne-rhone-alpes/cantal/528259f1-47a9-43fc-a462-ca2d6b0b48c6,Mairie - Pierrefort,official source: Annuaire de l'administration Service-public.fr
mairie@prunet15.fr,collectivite_administration,cantal,mairie collectivite,https://lannuaire.service-public.gouv.fr/auvergne-rhone-alpes/cantal/facc003c-0353-442d-bd05-53d72f86c083,Mairie - Prunet,official source: Annuaire de l'administration Service-public.fr
mairie@puycapel.fr,collectivite_administration,cantal,mairie collectivite,https://lannuaire.service-public.gouv.fr/auvergne-rhone-alpes/cantal/792c23c5-b822-4683-85a9-81f5991dbd5d,Mairie déléguée - Mourjou,official source: Annuaire de l'administration Service-public.fr
mairie@reilhac.fr,collectivite_administration,cantal,mairie collectivite,https://lannuaire.service-public.gouv.fr/auvergne-rhone-alpes/cantal/643dec2a-e86c-4dc9-8ed1-33717149613d,Mairie - Reilhac,official source: Annuaire de l'administration Service-public.fr
mairie@riomesmontagnes.fr,collectivite_administration,cantal,mairie collectivite,https://lannuaire.service-public.gouv.fr/auvergne-rhone-alpes/cantal/043b68a6-8f6a-42fc-910d-d574d4d61f68,Mairie - Riom-ès-Montagnes,official source: Annuaire de l'administration Service-public.fr
mairie@roannes-saint-mary.fr,collectivite_administration,cantal,mairie collectivite,https://lannuaire.service-public.gouv.fr/auvergne-rhone-alpes/cantal/7c9da82d-4d7f-4d70-9409-3a763c203aac,Mairie - Roannes-Saint-Mary,official source: Annuaire de l'administration Service-public.fr
mairie@saint-cernin.fr,collectivite_administration,cantal,mairie collectivite,https://lannuaire.service-public.gouv.fr/auvergne-rhone-alpes/cantal/1fa79eb6-992c-4387-9d1f-b8d7bf4fba4e,Mairie - Saint-Cernin,official source: Annuaire de l'administration Service-public.fr
mairie@saint-etienne-cantales.fr,collectivite_administration,cantal,mairie collectivite,https://lannuaire.service-public.gouv.fr/auvergne-rhone-alpes/cantal/1c3be573-c40a-45c0-9d6b-8e791dd72724,Mairie - Saint-Étienne-Cantalès,official source: Annuaire de l'administration Service-public.fr
mairie@saint-flour.fr,collectivite_administration,cantal,mairie collectivite,https://lannuaire.service-public.gouv.fr/auvergne-rhone-alpes/cantal/52154d13-79d3-435f-a3f4-32d3c8b39ead,Mairie - Saint-Flour,official source: Annuaire de l'administration Service-public.fr
mairie@saint-gerons.fr,collectivite_administration,cantal,mairie collectivite,https://lannuaire.service-public.gouv.fr/auvergne-rhone-alpes/cantal/b7beb6a8-0169-4fbb-8689-0a5cd660eff6,Mairie - Saint-Gérons,official source: Annuaire de l'administration Service-public.fr
mairie@saint-illide.fr,collectivite_administration,cantal,mairie collectivite,https://lannuaire.service-public.gouv.fr/auvergne-rhone-alpes/cantal/9d4677df-6a70-40af-a5fb-bb197803d600,Mairie - Saint-Illide,official source: Annuaire de l'administration Service-public.fr
mairie@sainteanastasie.fr,collectivite_administration,cantal,mairie collectivite,https://lannuaire.service-public.gouv.fr/auvergne-rhone-alpes/cantal/6b449dd1-a12a-4082-af68-6a88bc15682c,Mairie - Sainte-Anastasie,official source: Annuaire de l'administration Service-public.fr
mairie@saintjuliendetoursac.fr,collectivite_administration,cantal,mairie collectivite,https://lannuaire.service-public.gouv.fr/auvergne-rhone-alpes/cantal/1236d86a-0c7c-483d-858e-3d21b77a73d7,Mairie - Saint-Julien-de-Toursac,official source: Annuaire de l'administration Service-public.fr
mairie@thiezac.fr,collectivite_administration,cantal,mairie collectivite,https://lannuaire.service-public.gouv.fr/auvergne-rhone-alpes/cantal/b4adaa00-9b93-42a5-819d-ab9d1b4ed13b,Mairie - Thiézac,official source: Annuaire de l'administration Service-public.fr
mairie@tremouille.fr,collectivite_administration,cantal,mairie collectivite,https://lannuaire.service-public.gouv.fr/auvergne-rhone-alpes/cantal/7dcbe42f-dc23-47bc-a3fd-e50f2d0385e5,Mairie - Trémouille,official source: Annuaire de l'administration Service-public.fr
mairie@trizac.fr,collectivite_administration,cantal,mairie collectivite,https://lannuaire.service-public.gouv.fr/auvergne-rhone-alpes/cantal/a8791072-6662-4537-9820-68a655cd6f2b,Mairie - Trizac,official source: Annuaire de l'administration Service-public.fr
mairie@ussel.fr,collectivite_administration,cantal,mairie collectivite,https://lannuaire.service-public.gouv.fr/auvergne-rhone-alpes/cantal/a5080817-ad94-44f4-8f48-02d1821094c5,Mairie - Ussel,official source: Annuaire de l'administration Service-public.fr
mairie@valdarcomie.fr,collectivite_administration,cantal,mairie collectivite,https://lannuaire.service-public.gouv.fr/auvergne-rhone-alpes/cantal/4636bb0e-bd22-47a1-985f-9cff94481088,Mairie - Val-d'Arcomie,official source: Annuaire de l'administration Service-public.fr
mairie@velzic.fr,collectivite_administration,cantal,mairie collectivite,https://lannuaire.service-public.gouv.fr/auvergne-rhone-alpes/cantal/f05e0ee4-dc1b-44e3-863f-7a222ce0e10a,Mairie - Velzic,official source: Annuaire de l'administration Service-public.fr
mairie@vezac.fr,collectivite_administration,cantal,mairie collectivite,https://lannuaire.service-public.gouv.fr/auvergne-rhone-alpes/cantal/e508198a-fe51-43d2-bb36-a9f953f7dfc0,Mairie - Vézac,official source: Annuaire de l'administration Service-public.fr
mairie@vicsurcere.fr,collectivite_administration,cantal,mairie collectivite,https://lannuaire.service-public.gouv.fr/auvergne-rhone-alpes/cantal/471c08c5-fa6e-4e8c-bca3-f1d0f5297603,Mairie - Vic-sur-Cère,official source: Annuaire de l'administration Service-public.fr
mairie@ville-maurs.fr,collectivite_administration,cantal,mairie collectivite,https://lannuaire.service-public.gouv.fr/auvergne-rhone-alpes/cantal/1d793d91-0f6b-4180-b364-843435031479,Centre communal d'action sociale (CCAS) - Maurs,official source: Annuaire de l'administration Service-public.fr
mairie@ydes.fr,collectivite_administration,cantal,mairie collectivite,https://lannuaire.service-public.gouv.fr/auvergne-rhone-alpes/cantal/66f6683f-28f4-4356-8b6b-5f3d72214ae9,Mairie - Ydes,official source: Annuaire de l'administration Service-public.fr
mairiearnac@wanadoo.fr,collectivite_administration,cantal,mairie collectivite,https://lannuaire.service-public.gouv.fr/auvergne-rhone-alpes/cantal/3b723422-53a9-4868-8af8-a920d731b9f3,Mairie - Arnac,official source: Annuaire de l'administration Service-public.fr
mairiecayrols@wanadoo.fr,collectivite_administration,cantal,mairie collectivite,https://lannuaire.service-public.gouv.fr/auvergne-rhone-alpes/cantal/1f98b26a-8655-4998-93e9-562955944137,Mairie - Cayrols,official source: Annuaire de l'administration Service-public.fr
mairiecharmensac@wanadoo.fr,collectivite_administration,cantal,mairie collectivite,https://lannuaire.service-public.gouv.fr/auvergne-rhone-alpes/cantal/e222784d-e5f0-449a-ac73-443f617687e6,Mairie - Charmensac,official source: Annuaire de l'administration Service-public.fr
mairiedally@orange.fr,collectivite_administration,cantal,mairie collectivite,https://lannuaire.service-public.gouv.fr/auvergne-rhone-alpes/cantal/0d2f3ff1-9e77-4bd6-b50b-cb2c3601a7d5,Mairie - Ally,official source: Annuaire de l'administration Service-public.fr
mairiede.chaliers@wanadoo.fr,collectivite_administration,cantal,mairie collectivite,https://lannuaire.service-public.gouv.fr/auvergne-rhone-alpes/cantal/7dac9172-539d-46cc-bce7-a0b01ecabe25,Mairie - Chaliers,official source: Annuaire de l'administration Service-public.fr
mairiedeparlan@orange.fr,collectivite_administration,cantal,mairie collectivite,https://lannuaire.service-public.gouv.fr/auvergne-rhone-alpes/cantal/e62f922b-78a5-407a-bab2-6d3162448064,Mairie - Parlan,official source: Annuaire de l'administration Service-public.fr
mairiedestponcy@wanadoo.fr,collectivite_administration,cantal,mairie collectivite,https://lannuaire.service-public.gouv.fr/auvergne-rhone-alpes/cantal/cdc45379-dba3-4a88-b43c-9875c6d581f3,Mairie - Saint-Poncy,official source: Annuaire de l'administration Service-public.fr
mairiedevieillespesse@orange.fr,collectivite_administration,cantal,mairie collectivite,https://lannuaire.service-public.gouv.fr/auvergne-rhone-alpes/cantal/49c1c965-d391-4cd8-b409-a110fbf1482a,Mairie - Vieillespesse,official source: Annuaire de l'administration Service-public.fr
mairiegiou@orange.fr,collectivite_administration,cantal,mairie collectivite,https://lannuaire.service-public.gouv.fr/auvergne-rhone-alpes/cantal/32d47f42-9d12-4054-a07a-2e3e29ece8e1,Mairie - Giou-de-Mamou,official source: Annuaire de l'administration Service-public.fr
mairiejunhac@wanadoo.fr,collectivite_administration,cantal,mairie collectivite,https://lannuaire.service-public.gouv.fr/auvergne-rhone-alpes/cantal/3d0b7984-e7c1-463a-a01a-09d9b92b6f42,Mairie - Junhac,official source: Annuaire de l'administration Service-public.fr
mairielascelle@wanadoo.fr,collectivite_administration,cantal,mairie collectivite,https://lannuaire.service-public.gouv.fr/auvergne-rhone-alpes/cantal/76df6647-10fa-4ae2-ab98-77865f5b9064,Mairie - Lascelle,official source: Annuaire de l'administration Service-public.fr
mairielastic@orange.fr,collectivite_administration,cantal,mairie collectivite,https://lannuaire.service-public.gouv.fr/auvergne-rhone-alpes/cantal/22658548-349b-4f18-a8a2-d78f8358cdd1,Mairie - Lastic,official source: Annuaire de l'administration Service-public.fr
mairiemontvert@wanadoo.fr,collectivite_administration,cantal,mairie collectivite,https://lannuaire.service-public.gouv.fr/auvergne-rhone-alpes/cantal/1a01775b-62f6-49c0-841f-5322bdc5cf3b,Mairie - Montvert,official source: Annuaire de l'administration Service-public.fr
mairiepolminhac@wanadoo.fr,collectivite_administration,cantal,mairie collectivite,https://lannuaire.service-public.gouv.fr/auvergne-rhone-alpes/cantal/0289334a-a9c4-4d57-b28b-581175e37148,Mairie - Polminhac,official source: Annuaire de l'administration Service-public.fr
mairiesenezergues@orange.fr,collectivite_administration,cantal,mairie collectivite,https://lannuaire.service-public.gouv.fr/auvergne-rhone-alpes/cantal/4be3085b-6744-4dfb-adc1-e9f7279c07b2,Mairie - Sénezergues,official source: Annuaire de l'administration Service-public.fr
mairiestcirguesjordanne@wanadoo.fr,collectivite_administration,cantal,mairie collectivite,https://lannuaire.service-public.gouv.fr/auvergne-rhone-alpes/cantal/43b300c1-e3b6-46bf-b850-65adb7cf63ee,Mairie - Saint-Cirgues-de-Jordanne,official source: Annuaire de l'administration Service-public.fr
mairiesturcize@orange.fr,collectivite_administration,cantal,mairie collectivite,https://lannuaire.service-public.gouv.fr/auvergne-rhone-alpes/cantal/f5d84a5f-6444-4a7e-b088-7621673ad2f0,Mairie - Saint-Urcize,official source: Annuaire de l'administration Service-public.fr
mairietalizat@orange.fr,collectivite_administration,cantal,mairie collectivite,https://lannuaire.service-public.gouv.fr/auvergne-rhone-alpes/cantal/39985fe8-2034-4d67-8ae3-d410309815ef,Mairie - Talizat,official source: Annuaire de l'administration Service-public.fr
mairievalette@orange.fr,collectivite_administration,cantal,mairie collectivite,https://lannuaire.service-public.gouv.fr/auvergne-rhone-alpes/cantal/2c5c562b-6c15-4447-af15-186aec5d208e,Mairie - Valette,official source: Annuaire de l'administration Service-public.fr
mairievieillevie@wanadoo.fr,collectivite_administration,cantal,mairie collectivite,https://lannuaire.service-public.gouv.fr/auvergne-rhone-alpes/cantal/f90d5886-f201-4b98-8f16-84c02f21a3fe,Mairie - Vieillevie,official source: Annuaire de l'administration Service-public.fr
marcenat.mairie@wanadoo.fr,collectivite_administration,cantal,mairie collectivite,https://lannuaire.service-public.gouv.fr/auvergne-rhone-alpes/cantal/0e742d0b-e63e-4be0-a08b-deb448b8e2b1,Mairie - Marcenat,official source: Annuaire de l'administration Service-public.fr
marchastel.mairie@wanadoo.fr,collectivite_administration,cantal,mairie collectivite,https://lannuaire.service-public.gouv.fr/auvergne-rhone-alpes/cantal/eefb53a9-de95-45ce-bdf0-51cbcdca20c3,Mairie - Marchastel,official source: Annuaire de l'administration Service-public.fr
moledes.mairie@wanadoo.fr,collectivite_administration,cantal,mairie collectivite,https://lannuaire.service-public.gouv.fr/auvergne-rhone-alpes/cantal/19d33324-7e43-49ec-9969-a6ed151b21bf,Mairie - Molèdes,official source: Annuaire de l'administration Service-public.fr
monselie.mairie@wanadoo.fr,collectivite_administration,cantal,mairie collectivite,https://lannuaire.service-public.gouv.fr/auvergne-rhone-alpes/cantal/4d1fd1bb-51a4-458a-a1df-377f94acc3d2,Mairie - La Monselie,official source: Annuaire de l'administration Service-public.fr
pailherols.mairie@orange.fr,collectivite_administration,cantal,mairie collectivite,https://lannuaire.service-public.gouv.fr/auvergne-rhone-alpes/cantal/48f51be5-7bc6-43dc-8d93-ad95ec9aee59,Mairie - Pailherols,official source: Annuaire de l'administration Service-public.fr
paulhenc.mairie@wanadoo.fr,collectivite_administration,cantal,mairie collectivite,https://lannuaire.service-public.gouv.fr/auvergne-rhone-alpes/cantal/90c79f3e-adcc-45e9-bc28-61a4884f1b6f,Mairie - Paulhenc,official source: Annuaire de l'administration Service-public.fr
quezac.mairie@wanadoo.fr,collectivite_administration,cantal,mairie collectivite,https://lannuaire.service-public.gouv.fr/auvergne-rhone-alpes/cantal/1d80a27a-5465-4ecf-a65f-d5f13eb01efc,Mairie - Quézac,official source: Annuaire de l'administration Service-public.fr
rezentieres.mairie@wanadoo.fr,collectivite_administration,cantal,mairie collectivite,https://lannuaire.service-public.gouv.fr/auvergne-rhone-alpes/cantal/8ce769c2-1458-449b-b652-21e231dab72e,Mairie - Rézentières,official source: Annuaire de l'administration Service-public.fr
saignes.mairie@wanadoo.fr,collectivite_administration,cantal,mairie collectivite,https://lannuaire.service-public.gouv.fr/auvergne-rhone-alpes/cantal/f058ce8b-8990-4d27-ae4d-73386a4a4305,Mairie - Saignes,official source: Annuaire de l'administration Service-public.fr
saint-martial.mairie@wanadoo.fr,collectivite_administration,cantal,mairie collectivite,https://lannuaire.service-public.gouv.fr/auvergne-rhone-alpes/cantal/66f3d036-9c7a-48d3-ab3d-6299198331a8,Mairie - Saint-Martial,official source: Annuaire de l'administration Service-public.fr
saint-saury.mairie@wanadoo.fr,collectivite_administration,cantal,mairie collectivite,https://lannuaire.service-public.gouv.fr/auvergne-rhone-alpes/cantal/33b82261-d887-4bbc-84ea-419c7727f25c,Mairie - Saint-Saury,official source: Annuaire de l'administration Service-public.fr
saintpauldesalers@wanadoo.fr,collectivite_administration,cantal,mairie collectivite,https://lannuaire.service-public.gouv.fr/auvergne-rhone-alpes/cantal/4bad4a56-1bfd-4edb-b7dc-93b8fc148f28,Mairie - Saint-Paul-de-Salers,official source: Annuaire de l'administration Service-public.fr
secretariat@laveissiere.fr,collectivite_administration,cantal,mairie collectivite,https://lannuaire.service-public.gouv.fr/auvergne-rhone-alpes/cantal/b078ffa1-c50e-40f1-ab7e-52883c8b2975,Mairie - Laveissière,official source: Annuaire de l'administration Service-public.fr
stetiennechomeil.mairie@orange.fr,collectivite_administration,cantal,mairie collectivite,https://lannuaire.service-public.gouv.fr/auvergne-rhone-alpes/cantal/52246323-1cd5-4c10-92ab-98db00888577,Mairie - Saint-Étienne-de-Chomeil,official source: Annuaire de l'administration Service-public.fr
stsimon.cantal@orange.fr,collectivite_administration,cantal,mairie collectivite,https://lannuaire.service-public.gouv.fr/auvergne-rhone-alpes/cantal/018bc9ff-2272-4ae2-b9e6-77bf961713e5,Mairie - Saint-Simon,official source: Annuaire de l'administration Service-public.fr
teissieresdecornet@orange.fr,collectivite_administration,cantal,mairie collectivite,https://lannuaire.service-public.gouv.fr/auvergne-rhone-alpes/cantal/c175748c-2fdb-4e0a-b7cb-a910bf5d2f30,Mairie - Teissières-de-Cornet,official source: Annuaire de l'administration Service-public.fr
tournemire3@wanadoo.fr,collectivite_administration,cantal,mairie collectivite,https://lannuaire.service-public.gouv.fr/auvergne-rhone-alpes/cantal/55c57d7d-7d6b-4cea-b9c8-c16d1313b376,Mairie - Tournemire,official source: Annuaire de l'administration Service-public.fr
trioulou.mairie@wanadoo.fr,collectivite_administration,cantal,mairie collectivite,https://lannuaire.service-public.gouv.fr/auvergne-rhone-alpes/cantal/b8ec91c8-2cf4-40ff-a188-924013e38a6f,Mairie - Le Trioulou,official source: Annuaire de l'administration Service-public.fr
yolet.mairie@wanadoo.fr,collectivite_administration,cantal,mairie collectivite,https://lannuaire.service-public.gouv.fr/auvergne-rhone-alpes/cantal/1eb6573d-c00f-41aa-94b9-e1698b5ee94c,Mairie - Yolet,official source: Annuaire de l'administration Service-public.fr
accueilmda@cantal.fr,protection_enfance,cantal,maison departementale autonomie solidarite,https://www.cantal.fr/coordonnees-des-services/,Coordonnees des services - Cantal,manual public source: maison departementale autonomie solidarite
secretariat@mda15.fr,protection_enfance,cantal,maison des adolescents protection enfance,https://www.leguidepratique.com/guide/aurillac/enfance-et-jeunesse/accueil-des-jeunes/maison-des-ados-du-cantal,Maison des Ados du Cantal,manual public source: maison des adolescents protection enfance
contact@missionlocale-aurillac.fr,jeunesse_loisirs,cantal,mission locale jeunesse insertion,https://lannuaire.service-public.gouv.fr/auvergne-rhone-alpes/cantal/473788f3-5fb1-4ffe-a12f-f9853d5af6ec,Mission locale pour l'insertion professionnelle et sociale des jeunes (16-25 ans) - Aurillac,official source: Annuaire de l'administration Service-public.fr
mlhautesterres.mauriac@orange.fr,jeunesse_loisirs,cantal,mission locale jeunesse insertion,https://lannuaire.service-public.gouv.fr/auvergne-rhone-alpes/cantal/e381b421-72c8-4aea-b2a4-0b4ec7e02089,Mission locale pour l'insertion professionnelle et sociale des jeunes (16-25 ans) - Mauriac,official source: Annuaire de l'administration Service-public.fr
mlhautesterres.stflour@orange.fr,jeunesse_loisirs,cantal,mission locale jeunesse insertion,https://lannuaire.service-public.gouv.fr/auvergne-rhone-alpes/cantal/e7ccd655-82ed-40ec-80e0-367b7602e2bf,Mission locale pour l'insertion professionnelle et sociale des jeunes (16-25 ans) - Saint-Flour,official source: Annuaire de l'administration Service-public.fr
omjsstflour@gmail.com,jeunesse_loisirs,cantal,office municipal jeunesse sports,https://www.cantal.gouv.fr/index.php/Action-de-l-Etat/Jeunesse.-Sports-Vie-associative/Vie-associative/Le-FDVA/Contacts-Guid-Asso-SDEJS-15,Contacts Guid'Asso et SDEJS 15,manual public source: office municipal jeunesse sports
contact@champs-marchal.org,syndicat,cantal,office tourisme syndicat initiative,https://www.tourisme-france.info/annuaire-des-offices-du-tourisme-et-syndicats-dinitiative-du-cantal.html,Office de tourisme Champs-sur-Tarentaine-Marchal,manual public source: office tourisme syndicat initiative
courrier@aurillac.com,syndicat,cantal,office tourisme syndicat initiative,https://www.tourisme-france.info/annuaire-des-offices-du-tourisme-et-syndicats-dinitiative-du-cantal.html,Office de tourisme Aurillac,manual public source: office tourisme syndicat initiative
ot.lelioran@wanadoo.fr,syndicat,cantal,office tourisme syndicat initiative,https://www.tourisme-france.info/annuaire-des-offices-du-tourisme-et-syndicats-dinitiative-du-cantal.html,Office de tourisme Le Lioran,manual public source: office tourisme syndicat initiative
otchataigneraie@chataigneraie-cantal.com,syndicat,cantal,office tourisme syndicat initiative,https://www.tourisme-france.info/annuaire-des-offices-du-tourisme-et-syndicats-dinitiative-du-cantal.html,Office de tourisme Chataigneraie Cantalienne,manual public source: office tourisme syndicat initiative
info@cpmecantal.fr,cse,cantal,organisation professionnelle CSE entreprises,https://www.cpmecantal.fr/contact/,CPME Cantal,manual public source: organisation professionnelle CSE entreprises
sdjes15@ac-clermont.fr,jeunesse_loisirs,cantal,service jeunesse,https://lannuaire.service-public.gouv.fr/auvergne-rhone-alpes/cantal/efe67494-c599-4866-9691-21b0004074a3,"Service départemental à la jeunesse, à l'engagement et aux sports (SDJES) - Cantal",official source: Annuaire de l'administration Service-public.fr
associationintermediairemauriac3@wanadoo.fr,social_insertion,cantal,structure insertion SIAE,https://auvergne-rhone-alpes.dreets.gouv.fr/sites/auvergne-rhone-alpes.dreets.gouv.fr/IMG/pdf/annuaire_des_siae_cantal.pdf,Annuaire des SIAE Cantal,manual public source: structure insertion SIAE
guichetuniquejeunesse@cantal.fr,jeunesse_loisirs,cantal,structure jeunesse,https://www.cantal.fr/vivre-dans-le-cantal/grandir-et-apprendre/jeunesse/,Jeunesse - Cantal,manual public source: structure jeunesse
clermont-ferrand@efrp.cfdt.fr,syndicat,cantal,syndicat education,https://www.sgen-cfdt.fr/nous-contacter-sgen-cfdt/,CFDT Education Formation Recherche Publiques Auvergne,manual public source: syndicat education
clermont-ferrand@sgen.cfdt.fr,syndicat,cantal,syndicat education,https://auvergne.sgen-cfdt.fr/nous-contacter/,Sgen-CFDT Auvergne,manual public source: syndicat education
s3cle@snes.edu,syndicat,cantal,syndicat education second degre,https://fsu15.fsu.fr/syndicats-fsu/,Les syndicats de la FSU dans le Cantal,manual public source: syndicat education second degre
clermont@snalc.fr,syndicat,cantal,syndicat lycees colleges,https://snalc-clermont.fr/contact/,SNALC Clermont-Ferrand,manual public source: syndicat lycees colleges
snfolc63@gmail.com,syndicat,cantal,syndicat lycees colleges,https://snfolc63.fr/nos-coordonnees/,SNFOLC Clermont-Ferrand,manual public source: syndicat lycees colleges
lycees@snes.edu,syndicat,cantal,syndicat lycees national,https://www.snes.edu/article/contact-lycees-snes-edu/,SNES-FSU lycees,manual public source: syndicat lycees national
direction@fal15.org,association,cantal,vie associative education populaire,https://www.cantal.gouv.fr/index.php/Action-de-l-Etat/Jeunesse.-Sports-Vie-associative/Vie-associative/Le-FDVA/Contacts-Guid-Asso-SDEJS-15,Contacts Guid'Asso et SDEJS 15,manual public source: vie associative education populaire
vacances@fal15.org,association,cantal,vie associative education populaire,https://www.associations.gouv.fr/federation-des-associations-laique-du-cantal.html,Federation des associations laiques du Cantal,manual public source: vie associative education populaire
famillesrurales.cantal@gmail.com,association,cantal,vie associative familles rurales,https://www.cantal.gouv.fr/index.php/Action-de-l-Etat/Jeunesse.-Sports-Vie-associative/Vie-associative/Le-FDVA/Contacts-Guid-Asso-SDEJS-15,Contacts Guid'Asso et SDEJS 15,manual public source: vie associative familles rurales
correze@franceolympique.com,sport,correze,CDOS sport,https://correze.franceolympique.com/mentions-legales/,Mentions legales - CDOS 19,manual public source: CDOS sport
info@missionlocalebrive.fr,jeunesse_loisirs,correze,PIJ information jeunesse,https://lannuaire.service-public.gouv.fr/nouvelle-aquitaine/correze/5332a2e5-26e4-440c-9a41-70a6a31df2c3,Point information jeunesse - Brive-la-Gaillarde,official source: Annuaire de l'administration Service-public.fr
loisirs.jeunes@ussel19.fr,jeunesse_loisirs,correze,PIJ information jeunesse,https://lannuaire.service-public.gouv.fr/nouvelle-aquitaine/correze/71348f16-3bdc-4caa-b5cf-3dae0c35995b,Point information jeunesse - Ussel,official source: Annuaire de l'administration Service-public.fr
pointmultimediatulle@mission-locale-tulle.fr,jeunesse_loisirs,correze,PIJ information jeunesse,https://lannuaire.service-public.gouv.fr/nouvelle-aquitaine/correze/d916d41a-be51-4b40-84d0-c684d3152471,Point information jeunesse - Tulle,official source: Annuaire de l'administration Service-public.fr
ce.sdjes19@ac-limoges.fr,jeunesse_loisirs,correze,SDJES jeunesse sports,https://www.sport-handicap-n-aquitaine.org/pages/correze,Sport & Handicap Nouvelle-Aquitaine - Correze,manual public source: SDJES jeunesse sports
accueil-brive-la-gaillarde@justice.fr,collectivite_administration,correze,administration collectivite service public,https://lannuaire.service-public.gouv.fr/nouvelle-aquitaine/correze/ca535586-245a-4a45-872f-2824fcc12811,Tribunal judiciaire de Brive-la-Gaillarde,official source: Annuaire de l'administration Service-public.fr
accueil-tulle@justice.fr,collectivite_administration,correze,administration collectivite service public,https://lannuaire.service-public.gouv.fr/nouvelle-aquitaine/correze/621a1d2c-3bc5-4af5-afbd-402d2e6273ae,Tribunal judiciaire de Tulle,official source: Annuaire de l'administration Service-public.fr
accueil19@spst19-24.org,collectivite_administration,correze,administration collectivite service public,https://lannuaire.service-public.gouv.fr/nouvelle-aquitaine/correze/f9fe7c5e-8210-4d4b-a39e-776a17b1cf69,Service Prévention Santé Travail Corrèze - Dordogne (SPST 19-24),official source: Annuaire de l'administration Service-public.fr
accueil@cc-ventadour.fr,collectivite_administration,correze,administration collectivite service public,https://lannuaire.service-public.gouv.fr/nouvelle-aquitaine/correze/d9a08b45-e751-492b-a60c-0d6973d3b0d9,Communauté de communes - Ventadour Egletons Monédières,official source: Annuaire de l'administration Service-public.fr
accueil@cdg19.fr,collectivite_administration,correze,administration collectivite service public,https://lannuaire.service-public.gouv.fr/nouvelle-aquitaine/correze/d3f1eb3b-3291-481e-bd2e-c4ff2cb92468,Centre de gestion de la fonction publique territoriale - Corrèze,official source: Annuaire de l'administration Service-public.fr
accueil@correze.cci.fr,collectivite_administration,correze,administration collectivite service public,https://lannuaire.service-public.gouv.fr/nouvelle-aquitaine/correze/973fb6d2-0a4d-4151-b7db-75bf1b9aec90,Chambre de commerce et d'industrie (CCI) 19 - Corrèze - Site d'Ussel,official source: Annuaire de l'administration Service-public.fr
accueil@correze.chambagri.fr,collectivite_administration,correze,administration collectivite service public,https://lannuaire.service-public.gouv.fr/nouvelle-aquitaine/correze/1a965906-8435-4051-ac12-c4f3ea0038bc,Chambre d'agriculture - Corrèze,official source: Annuaire de l'administration Service-public.fr
accueil@xaintrie-val-dordogne.fr,collectivite_administration,correze,administration collectivite service public,https://lannuaire.service-public.gouv.fr/nouvelle-aquitaine/correze/117669f4-baf0-47b4-8ea0-32ca912b3fcf,Communauté de communes - Xaintrie Val'Dordogne,official source: Annuaire de l'administration Service-public.fr
adil.19@orange.fr,collectivite_administration,correze,administration collectivite service public,https://lannuaire.service-public.gouv.fr/nouvelle-aquitaine/correze/ecac6857-f668-4602-8b53-6fddbb04b6c8,Agence départementale d'information sur le logement (ADIL) - Corrèze,official source: Annuaire de l'administration Service-public.fr
allassac@france-services.gouv.fr,collectivite_administration,correze,administration collectivite service public,https://lannuaire.service-public.gouv.fr/nouvelle-aquitaine/correze/8c756308-5dc1-48eb-9c51-31ffadc1fdd3,France services - Allassac,official source: Annuaire de l'administration Service-public.fr
archive19@correze.fr,collectivite_administration,correze,administration collectivite service public,https://lannuaire.service-public.gouv.fr/nouvelle-aquitaine/correze/5625982c-87b3-4cc4-b1ff-88eced86454a,Archives départementales - Corrèze,official source: Annuaire de l'administration Service-public.fr
arnac-pompadour@france-services.gouv.fr,collectivite_administration,correze,administration collectivite service public,https://lannuaire.service-public.gouv.fr/nouvelle-aquitaine/correze/8c22f622-d043-4b0d-b692-792e9203d323,France services - Arnac-Pompadour,official source: Annuaire de l'administration Service-public.fr
ars-dd19-direction@ars.sante.fr,collectivite_administration,correze,administration collectivite service public,https://lannuaire.service-public.gouv.fr/nouvelle-aquitaine/correze/45c2cb83-2c6a-4de6-ba99-792d317f9a8e,Agence régionale de santé (ARS) - Délégation départementale - Corrèze,official source: Annuaire de l'administration Service-public.fr
autonomie@xaintrie-val-dordogne.fr,collectivite_administration,correze,administration collectivite service public,https://lannuaire.service-public.gouv.fr/nouvelle-aquitaine/correze/1343425a-e5bc-4a73-a1f7-9381fd72f933,Point d'information local dédié aux personnes âgées - Argentat,official source: Annuaire de l'administration Service-public.fr
bd@correze.fr,collectivite_administration,correze,administration collectivite service public,https://lannuaire.service-public.gouv.fr/nouvelle-aquitaine/correze/ce8ebe18-8604-426e-ae91-af601d7ff6f0,Bibliothèque départementale - Corrèze,official source: Annuaire de l'administration Service-public.fr
bonjour@cma-nouvelle-aquitaine.fr,collectivite_administration,correze,administration collectivite service public,https://lannuaire.service-public.gouv.fr/nouvelle-aquitaine/correze/4a13bec3-989d-4a74-935b-07be3d3f54ff,Chambre de métiers et de l'artisanat (CMA) - Corrèze,official source: Annuaire de l'administration Service-public.fr
bort-les-orgues@france-services.fr,collectivite_administration,correze,administration collectivite service public,https://lannuaire.service-public.gouv.fr/nouvelle-aquitaine/correze/1264ac25-bbd1-4554-9e9e-78655824d153,Point-justice en France services de Bort-les-Orgues,official source: Annuaire de l'administration Service-public.fr
bort-les-orgues@france-services.gouv.fr,collectivite_administration,correze,administration collectivite service public,https://lannuaire.service-public.gouv.fr/nouvelle-aquitaine/correze/6803e768-f76f-4cea-a7d2-c7259a430c70,France services - Bort-les-Orgues,official source: Annuaire de l'administration Service-public.fr
brive-tujac@france-services.gouv.fr,collectivite_administration,correze,administration collectivite service public,https://lannuaire.service-public.gouv.fr/nouvelle-aquitaine/correze/2208cd30-46b7-4644-93b6-9482365dea71,France services - Brive-la-Gaillarde,official source: Annuaire de l'administration Service-public.fr
briveno@sfr.fr,collectivite_administration,correze,administration collectivite service public,https://lannuaire.service-public.gouv.fr/nouvelle-aquitaine/correze/8b5f4872-147f-47ff-ae7c-5d5a93b7dd54,Point d'information local dédié aux personnes âgées - Brive-la-Gaillarde,official source: Annuaire de l'administration Service-public.fr
btp19@d19a.ffbatiment.fr,collectivite_administration,correze,administration collectivite service public,https://lannuaire.service-public.gouv.fr/nouvelle-aquitaine/correze/b5611782-3a56-46c2-bf4b-1b1813b3ba30,Fédération française du bâtiment (FFB) - Corrèze,official source: Annuaire de l'administration Service-public.fr
bugeat@france-services.gouv.fr,collectivite_administration,correze,administration collectivite service public,https://lannuaire.service-public.gouv.fr/nouvelle-aquitaine/correze/2e768bd1-7f3c-410f-ba53-557b5c6b8bbf,France services - Bugeat,official source: Annuaire de l'administration Service-public.fr
capeb19@wanadoo.fr,collectivite_administration,correze,administration collectivite service public,https://lannuaire.service-public.gouv.fr/nouvelle-aquitaine/correze/1bc7ffcf-c40a-4da3-af8c-0b2e386ea761,Confédération départementale de l'artisanat et des petites entreprises du bâtiment  (Capeb) - Correze,official source: Annuaire de l'administration Service-public.fr
caue.19@wanadoo.fr,collectivite_administration,correze,administration collectivite service public,https://lannuaire.service-public.gouv.fr/nouvelle-aquitaine/correze/2d17913c-1370-4665-8ccc-cf57c07799cf,"Conseil d'architecture, d'urbanisme et de l'environnement (CAUE) - Corrèze",official source: Annuaire de l'administration Service-public.fr
ccas@brive.fr,collectivite_administration,correze,administration collectivite service public,https://lannuaire.service-public.gouv.fr/nouvelle-aquitaine/correze/e5014573-391b-493e-a468-eb926cc8f1ce,Point d'information local dédié aux personnes âgées - Brive-la-Gaillarde,official source: Annuaire de l'administration Service-public.fr
cchambas@udaf19.fr,collectivite_administration,correze,administration collectivite service public,https://lannuaire.service-public.gouv.fr/nouvelle-aquitaine/correze/fe44f939-364f-4c85-920b-45daa1ac2912,Point info famille - Tulle,official source: Annuaire de l'administration Service-public.fr
cd.19@ordre.medecin.fr,collectivite_administration,correze,administration collectivite service public,https://lannuaire.service-public.gouv.fr/nouvelle-aquitaine/correze/ede2a364-3c7d-4ccf-94e1-fb6e2706789d,Conseil départemental de l'ordre des médecins - Corrèze,official source: Annuaire de l'administration Service-public.fr
ce.cio.brive@ac-limoges.fr,collectivite_administration,correze,administration collectivite service public,https://lannuaire.service-public.gouv.fr/nouvelle-aquitaine/correze/cc89d4aa-9b4d-4301-9d5b-645d9bdadc68,Centre d'information et d'orientation (CIO) - Brive-la-Gaillarde,official source: Annuaire de l'administration Service-public.fr
ce.cio.tulle@ac-limoges.fr,collectivite_administration,correze,administration collectivite service public,https://lannuaire.service-public.gouv.fr/nouvelle-aquitaine/correze/29cc6e22-0e11-45a2-a730-689c33e7d0e6,Centre d'information et d'orientation (CIO) - Tulle,official source: Annuaire de l'administration Service-public.fr
ce.cio.ussel@ac-limoges.fr,collectivite_administration,correze,administration collectivite service public,https://lannuaire.service-public.gouv.fr/nouvelle-aquitaine/correze/9fe26cbe-1eac-46c3-994f-70bdb5d8df87,Centre d'information et d'orientation (CIO) - Ussel,official source: Annuaire de l'administration Service-public.fr
ce.gretadulimousin.egletons@ac-limoges.fr,collectivite_administration,correze,administration collectivite service public,https://lannuaire.service-public.gouv.fr/nouvelle-aquitaine/correze/ea0f0686-f7bc-4e15-94a5-f8a6f62dbeeb,Greta Limousin - Site d'Egleton,official source: Annuaire de l'administration Service-public.fr
ce.gretadulimousin@ac-limoges.fr,collectivite_administration,correze,administration collectivite service public,https://lannuaire.service-public.gouv.fr/nouvelle-aquitaine/correze/48ecc09e-037f-4ace-9bc2-4208d01fe548,Greta Limousin - Site de Brive,official source: Annuaire de l'administration Service-public.fr
ce.ia19@ac-limoges.fr,collectivite_administration,correze,administration collectivite service public,https://lannuaire.service-public.gouv.fr/nouvelle-aquitaine/correze/2fb0358a-9df1-4d0f-98c5-be49c0eca40e,Direction des services départementaux de l'Éducation nationale (DSDEN) - Corrèze,official source: Annuaire de l'administration Service-public.fr
chamberet@france-services.gouv.fr,collectivite_administration,correze,administration collectivite service public,https://lannuaire.service-public.gouv.fr/nouvelle-aquitaine/correze/54933cce-9f8d-406e-9763-a2f9c8f282ef,Point-justice en France services de Chamberet,official source: Annuaire de l'administration Service-public.fr
christine.rochevalier@cafbrive.cnafmail.fr,collectivite_administration,correze,administration collectivite service public,https://lannuaire.service-public.gouv.fr/nouvelle-aquitaine/correze/a85e62d4-6a84-416e-bccf-5141d451ebc2,Point info famille - Brive-la-Gaillarde,official source: Annuaire de l'administration Service-public.fr
cias@midicorrezien.com,collectivite_administration,correze,administration collectivite service public,https://lannuaire.service-public.gouv.fr/nouvelle-aquitaine/correze/c2161db0-3d46-4758-9e3c-652140a16c1c,Point d'information local dédié aux personnes âgées - Meyssac,official source: Annuaire de l'administration Service-public.fr
cidff.19@cidff-limousin.org,collectivite_administration,correze,administration collectivite service public,https://lannuaire.service-public.gouv.fr/nouvelle-aquitaine/correze/ee5a75e7-b7dc-46cd-a116-1f727fe917d5,Centre d'information sur les droits des femmes et des familles (CIDFF) - Corrèze,official source: Annuaire de l'administration Service-public.fr
cite-u.brive@crous-limoges.fr,collectivite_administration,correze,administration collectivite service public,https://lannuaire.service-public.gouv.fr/nouvelle-aquitaine/correze/9f7ecb99-7c4a-4046-9ef7-fc9fad56f2bb,Centre local des œuvres universitaires et scolaires (Clous) - Brive-la-Gaillarde,official source: Annuaire de l'administration Service-public.fr
codefi.ccsf19@dgfip.finances.gouv.fr,collectivite_administration,correze,administration collectivite service public,https://lannuaire.service-public.gouv.fr/nouvelle-aquitaine/correze/423ca826-8ba9-4105-be17-a20e64ef1a52,Commission des chefs de services financiers (CCSF) - Corrèze,official source: Annuaire de l'administration Service-public.fr
commission-conciliation@correze.gouv.fr,collectivite_administration,correze,administration collectivite service public,https://lannuaire.service-public.gouv.fr/nouvelle-aquitaine/correze/3dc43109-63cc-4a26-8692-6d04c748e8a0,Commission départementale de conciliation - Corrèze,official source: Annuaire de l'administration Service-public.fr
conciliateurfiscal19@dgfip.finances.gouv.fr,collectivite_administration,correze,administration collectivite service public,https://lannuaire.service-public.gouv.fr/nouvelle-aquitaine/correze/02a61dd2-e278-417a-9e2d-0215d754a968,Conciliateur fiscal départemental - Corrèze,official source: Annuaire de l'administration Service-public.fr
contact.atelier16@reseau-canope.fr,collectivite_administration,correze,administration collectivite service public,https://lannuaire.service-public.gouv.fr/nouvelle-aquitaine/correze/4bff9a74-5651-46d1-8a5c-7cf17549f5df,Atelier Canopé 19 - Tulle,official source: Annuaire de l'administration Service-public.fr
contact@agglodebrive.fr,collectivite_administration,correze,administration collectivite service public,https://lannuaire.service-public.gouv.fr/nouvelle-aquitaine/correze/58e78040-18d0-4384-a2ec-482634091e08,Communauté d'agglomération - Bassin de Brive,official source: Annuaire de l'administration Service-public.fr
contact@aravic-francevictimes19.fr,collectivite_administration,correze,administration collectivite service public,https://lannuaire.service-public.gouv.fr/nouvelle-aquitaine/correze/ebba7df2-6fec-417a-8ca6-3da1adaf58c7,Bureau d'aide aux victimes du tribunal judiciaire de Tulle,official source: Annuaire de l'administration Service-public.fr
contact@barreaudebrive.fr,collectivite_administration,correze,administration collectivite service public,https://lannuaire.service-public.gouv.fr/nouvelle-aquitaine/correze/5c77ccc3-c660-4ce0-a014-ca4f736cc32b,Ordre des avocats - Barreau de Brive-la-Gaillarde,official source: Annuaire de l'administration Service-public.fr
contact@ccv2m.fr,collectivite_administration,correze,administration collectivite service public,https://lannuaire.service-public.gouv.fr/nouvelle-aquitaine/correze/6f9bc01a-452f-4f63-bf91-7aa4f7445d47,Communauté de communes - Vézère-Monédières-Millesources,official source: Annuaire de l'administration Service-public.fr
contact@famillesrurales-correze.fr,collectivite_administration,correze,administration collectivite service public,https://lannuaire.service-public.gouv.fr/nouvelle-aquitaine/correze/ed2b6917-bbc3-46c7-bda4-2556a173b7a6,Point conseil budget - Familles rurales 19 - Chanteix,official source: Annuaire de l'administration Service-public.fr
contact@hautecorrezecommunaute.fr,collectivite_administration,correze,administration collectivite service public,https://lannuaire.service-public.gouv.fr/nouvelle-aquitaine/correze/672fa7df-c23d-41c7-8552-f30be823f513,Communauté de communes - Haute Corrèze,official source: Annuaire de l'administration Service-public.fr
contact@midicorrezien.com,collectivite_administration,correze,administration collectivite service public,https://lannuaire.service-public.gouv.fr/nouvelle-aquitaine/correze/e6618186-0738-48e0-9ee2-184519ec5a6d,Communauté de communes - Midi Corrézien,official source: Annuaire de l'administration Service-public.fr
contact@paysduzerche.fr,collectivite_administration,correze,administration collectivite service public,https://lannuaire.service-public.gouv.fr/nouvelle-aquitaine/correze/6aee5a5a-6a15-4334-b365-4d33284bf8b6,Point d'information local dédié aux personnes âgées - Uzerche,official source: Annuaire de l'administration Service-public.fr
contact@peche19.fr,collectivite_administration,correze,administration collectivite service public,https://lannuaire.service-public.gouv.fr/nouvelle-aquitaine/correze/4ef5a4ba-98e5-4fa4-ab34-3621f02f1749,Fédération départementale pour la pêche et la protection du milieu aquatique - Corrèze,official source: Annuaire de l'administration Service-public.fr
contact@saferna.fr,collectivite_administration,correze,administration collectivite service public,https://lannuaire.service-public.gouv.fr/nouvelle-aquitaine/correze/5c06963c-bdea-466b-83cf-4ad013936610,Société d'aménagement foncier et d'établissement rural (Safer) - Corrèze,official source: Annuaire de l'administration Service-public.fr
correze-19@france-services.gouv.fr,collectivite_administration,correze,administration collectivite service public,https://lannuaire.service-public.gouv.fr/nouvelle-aquitaine/correze/80bf9351-7151-4d3f-9e0a-61ab97a21a07,France services - Corrèze,official source: Annuaire de l'administration Service-public.fr
cph-brive-la-gaillarde@justice.fr,collectivite_administration,correze,administration collectivite service public,https://lannuaire.service-public.gouv.fr/nouvelle-aquitaine/correze/efe12c93-adc8-44e6-876d-b27b725479f7,Conseil de prud'hommes de Brive-la-Gaillarde,official source: Annuaire de l'administration Service-public.fr
cph-tulle@justice.fr,collectivite_administration,correze,administration collectivite service public,https://lannuaire.service-public.gouv.fr/nouvelle-aquitaine/correze/5c5c2bde-3ce3-4800-b146-29ebc43088c8,Conseil de prud'hommes de Tulle,official source: Annuaire de l'administration Service-public.fr
ddetspp@correze.gouv.fr,collectivite_administration,correze,administration collectivite service public,https://lannuaire.service-public.gouv.fr/nouvelle-aquitaine/correze/69c59a4b-b8a7-4271-ad79-24821cdb993d,"Direction départementale de l'emploi, du travail, des solidarités et de la protection des populations (DDETSPP) - Corrèze",official source: Annuaire de l'administration Service-public.fr
ddfip19@dgfip.finances.gouv.fr,collectivite_administration,correze,administration collectivite service public,https://lannuaire.service-public.gouv.fr/nouvelle-aquitaine/correze/54ab1792-61e9-4d4b-acaa-e252aee04f36,Direction départementale des finances publiques (DDFIP) - Corrèze,official source: Annuaire de l'administration Service-public.fr
ddsp19@interieur.gouv.fr,collectivite_administration,correze,administration collectivite service public,https://lannuaire.service-public.gouv.fr/nouvelle-aquitaine/correze/35c8572c-3ce6-47b1-ab6b-b05f771325d6,Direction départementale de la police nationale (DDPN) - Corrèze,official source: Annuaire de l'administration Service-public.fr
ddt-anah@correze.gouv.fr,collectivite_administration,correze,administration collectivite service public,https://lannuaire.service-public.gouv.fr/nouvelle-aquitaine/correze/91ffef77-71d3-4c69-a124-9a7fc397d78b,Agence nationale de l'habitat (Anah) - Délégation locale - Corrèze,official source: Annuaire de l'administration Service-public.fr
ddt-mesr@correze.gouv.fr,collectivite_administration,correze,administration collectivite service public,https://lannuaire.service-public.gouv.fr/nouvelle-aquitaine/correze/57ec6514-3393-4632-bae7-4341f29f9fe5,Bureau de l'éducation routière (BER) - Corrèze,official source: Annuaire de l'administration Service-public.fr
ddt@correze.gouv.fr,collectivite_administration,correze,administration collectivite service public,https://lannuaire.service-public.gouv.fr/nouvelle-aquitaine/correze/9707e836-ae0b-431e-8411-20f67d784b66,Direction départementale des territoires (DDT) - Corrèze,official source: Annuaire de l'administration Service-public.fr
espagnac@france-services.gouv.fr,collectivite_administration,correze,administration collectivite service public,https://lannuaire.service-public.gouv.fr/nouvelle-aquitaine/correze/238b306f-662e-469f-bef3-040b533e0fe2,Point-justice en France services d'Espagnac,official source: Annuaire de l'administration Service-public.fr
formations-egletons@afpa.fr,collectivite_administration,correze,administration collectivite service public,https://lannuaire.service-public.gouv.fr/nouvelle-aquitaine/correze/33eca5ec-fcff-487a-a787-d1a05f7a5563,Agence nationale pour la formation professionnelle des adultes (Afpa) - Centre d'Égletons,official source: Annuaire de l'administration Service-public.fr
france-services@ayen.fr,collectivite_administration,correze,administration collectivite service public,https://lannuaire.service-public.gouv.fr/nouvelle-aquitaine/correze/75d66937-329a-46b7-ab65-471ec54356dd,Point-justice en France services d'Ayen,official source: Annuaire de l'administration Service-public.fr
france.services@ayen.fr,collectivite_administration,correze,administration collectivite service public,https://lannuaire.service-public.gouv.fr/nouvelle-aquitaine/correze/b01e436a-dfb1-481f-819e-b3d3d1f091c0,France services - Ayen,official source: Annuaire de l'administration Service-public.fr
franceservices@vignols.fr,collectivite_administration,correze,administration collectivite service public,https://lannuaire.service-public.gouv.fr/nouvelle-aquitaine/correze/189f84e5-2e60-4f69-9a55-abc892f48379,France services - Vignols,official source: Annuaire de l'administration Service-public.fr
ica@midicorrezien.com,collectivite_administration,correze,administration collectivite service public,https://lannuaire.service-public.gouv.fr/nouvelle-aquitaine/correze/ae3273c9-4375-4108-a186-5faa88c26c96,Point d'information local dédié aux personnes âgées - Beaulieu-sur-Dordogne,official source: Annuaire de l'administration Service-public.fr
icab2nc@gmail.com,collectivite_administration,correze,administration collectivite service public,https://lannuaire.service-public.gouv.fr/nouvelle-aquitaine/correze/c64f5c14-a153-4ce3-9834-c39105bc5922,Point d'information local dédié aux personnes âgées - Brive-la-Gaillarde,official source: Annuaire de l'administration Service-public.fr
icacantondetreignac@orange.fr,collectivite_administration,correze,administration collectivite service public,https://lannuaire.service-public.gouv.fr/nouvelle-aquitaine/correze/a2a30080-d237-4c90-89c5-a736bb4f7b96,Point d'information local dédié aux personnes âgées - Le Lonzac,official source: Annuaire de l'administration Service-public.fr
icalubersac@yahoo.com,collectivite_administration,correze,administration collectivite service public,https://lannuaire.service-public.gouv.fr/nouvelle-aquitaine/correze/ef00143c-a9d9-495a-8217-06e49f67a9b2,Point d'information local dédié aux personnes âgées - Lubersac,official source: Annuaire de l'administration Service-public.fr
icaneuvic@orange.fr,collectivite_administration,correze,administration collectivite service public,https://lannuaire.service-public.gouv.fr/nouvelle-aquitaine/correze/67ad3d99-88d0-4d49-9640-c2fdb7da1fd0,Point d'information local dédié aux personnes âgées - Neuvic,official source: Annuaire de l'administration Service-public.fr
icatulleurbain@orange.fr,collectivite_administration,correze,administration collectivite service public,https://lannuaire.service-public.gouv.fr/nouvelle-aquitaine/correze/66fbe686-c14b-44b7-9d06-7aef3647db88,Point d'information local dédié aux personnes âgées - Tulle,official source: Annuaire de l'administration Service-public.fr
icg.19correze@orange.fr,collectivite_administration,correze,administration collectivite service public,https://lannuaire.service-public.gouv.fr/nouvelle-aquitaine/correze/f3f9cb72-d597-44e1-903c-0d7d48dcfc2d,Point d'information local dédié aux personnes âgées - Corrèze,official source: Annuaire de l'administration Service-public.fr
icg.tulle.campagnenord@orange.fr,collectivite_administration,correze,administration collectivite service public,https://lannuaire.service-public.gouv.fr/nouvelle-aquitaine/correze/0f68b693-5fc8-44b4-bf17-1e0ac67e5be6,Point d'information local dédié aux personnes âgées - Saint-Mexant,official source: Annuaire de l'administration Service-public.fr
icg0892@orange.fr,collectivite_administration,correze,administration collectivite service public,https://lannuaire.service-public.gouv.fr/nouvelle-aquitaine/correze/3dde55ce-502d-40d0-8d74-915b8b5132d7,Point d'information local dédié aux personnes âgées - Lapleau,official source: Annuaire de l'administration Service-public.fr
icgbsebso@orange.fr,collectivite_administration,correze,administration collectivite service public,https://lannuaire.service-public.gouv.fr/nouvelle-aquitaine/correze/a81c87de-3ba4-45b3-974c-8c5505b084cf,Point d'information local dédié aux personnes âgées - Brive-la-Gaillarde,official source: Annuaire de l'administration Service-public.fr
icgcantonsornac@aliceadsl.fr,collectivite_administration,correze,administration collectivite service public,https://lannuaire.service-public.gouv.fr/nouvelle-aquitaine/correze/f19ef754-a5d5-421f-8fa1-7c5ffa07d6e5,Point d'information local dédié aux personnes âgées - Sornac,official source: Annuaire de l'administration Service-public.fr
icgeygurande@orange.fr,collectivite_administration,correze,administration collectivite service public,https://lannuaire.service-public.gouv.fr/nouvelle-aquitaine/correze/fedbbf65-1121-440c-a6ce-94424fdb3337,Point d'information local dédié aux personnes âgées - Eygurande,official source: Annuaire de l'administration Service-public.fr
icglarochecanillac@orange.fr,collectivite_administration,correze,administration collectivite service public,https://lannuaire.service-public.gouv.fr/nouvelle-aquitaine/correze/c3f93d53-fdc6-4a51-a4b0-49dbd553c97e,Point d'information local dédié aux personnes âgées - Marcillac-la-Croisille,official source: Annuaire de l'administration Service-public.fr
icgmercoeur@orange.fr,collectivite_administration,correze,administration collectivite service public,https://lannuaire.service-public.gouv.fr/nouvelle-aquitaine/correze/00df164c-39ec-48c5-afb3-7881878b7126,Point d'information local dédié aux personnes âgées - Reygade,official source: Annuaire de l'administration Service-public.fr
icgsaintprivat@aol.com,collectivite_administration,correze,administration collectivite service public,https://lannuaire.service-public.gouv.fr/nouvelle-aquitaine/correze/48597dd8-bd3d-4aae-a467-e56f9f8aef0e,Point d'information local dédié aux personnes âgées - Saint-Privat,official source: Annuaire de l'administration Service-public.fr
icgtcs@orange.fr,collectivite_administration,correze,administration collectivite service public,https://lannuaire.service-public.gouv.fr/nouvelle-aquitaine/correze/ecde0778-e582-4788-94eb-3ccf4fb4729e,Point d'information local dédié aux personnes âgées - Laguenne,official source: Annuaire de l'administration Service-public.fr
info@pnr-millevaches.fr,collectivite_administration,correze,administration collectivite service public,https://lannuaire.service-public.gouv.fr/nouvelle-aquitaine/correze/df859f79-9160-496c-94c3-8bcc473fb987,Parc naturel régional - Millevaches en Limousin,official source: Annuaire de l'administration Service-public.fr
instanceallassac@gmail.com,collectivite_administration,correze,administration collectivite service public,https://lannuaire.service-public.gouv.fr/nouvelle-aquitaine/correze/9ee26b21-9d40-4c3f-a1ed-407c48ec034a,Point d'information local dédié aux personnes âgées - Allassac,official source: Annuaire de l'administration Service-public.fr
instancedebugeat@gmail.com,collectivite_administration,correze,administration collectivite service public,https://lannuaire.service-public.gouv.fr/nouvelle-aquitaine/correze/b4a36c1c-9439-41ee-8a39-d5fc8ec949e1,Point d'information local dédié aux personnes âgées - Bugeat,official source: Annuaire de l'administration Service-public.fr
instancegerontologique@wanadoo.fr,collectivite_administration,correze,administration collectivite service public,https://lannuaire.service-public.gouv.fr/nouvelle-aquitaine/correze/ef93ee62-7d85-42e8-95a4-d3e5de257dfa,Instance de Coordination de l'Autonomie d'Ussel,official source: Annuaire de l'administration Service-public.fr
instancelarche@bbox.fr,collectivite_administration,correze,administration collectivite service public,https://lannuaire.service-public.gouv.fr/nouvelle-aquitaine/correze/b58b6947-38eb-4ef2-96cf-7facac0fe362,Point d'information local dédié aux personnes âgées - Saint-Pantaléon-de-Larche,official source: Annuaire de l'administration Service-public.fr
l.phialy@midicorrezien.com,collectivite_administration,correze,administration collectivite service public,https://lannuaire.service-public.gouv.fr/nouvelle-aquitaine/correze/4284afd6-2306-4983-b8b5-e2278cef821e,Point d'information local dédié aux personnes âgées - Beynat,official source: Annuaire de l'administration Service-public.fr
mansac@france-services.gouv.fr,collectivite_administration,correze,administration collectivite service public,https://lannuaire.service-public.gouv.fr/nouvelle-aquitaine/correze/c335fcba-6196-43a2-9494-fe409e0383a6,France services - Mansac,official source: Annuaire de l'administration Service-public.fr
marcillac-la-croisille@france-services.gouv.fr,collectivite_administration,correze,administration collectivite service public,https://lannuaire.service-public.gouv.fr/nouvelle-aquitaine/correze/c7014cdf-8afd-4e38-a980-cdb21bc55a46,France services - Marcillac-la-Croisille,official source: Annuaire de l'administration Service-public.fr
monceaux-sur-dordogne@france-services.gouv.fr,collectivite_administration,correze,administration collectivite service public,https://lannuaire.service-public.gouv.fr/nouvelle-aquitaine/correze/193ba594-ce52-498a-b1bb-60e0ee5af296,France services - Monceaux-sur-Dordogne,official source: Annuaire de l'administration Service-public.fr
neuvic@france-services.gouv.fr,collectivite_administration,correze,administration collectivite service public,https://lannuaire.service-public.gouv.fr/nouvelle-aquitaine/correze/434b2fb1-7873-42c7-8280-99cd0e1792be,France services - Neuvic,official source: Annuaire de l'administration Service-public.fr
noailles@france-services.gouv.fr,collectivite_administration,correze,administration collectivite service public,https://lannuaire.service-public.gouv.fr/nouvelle-aquitaine/correze/85ff2481-0a50-4dea-9c42-fc12ddaa89d1,France services - Noailles,official source: Annuaire de l'administration Service-public.fr
ordretulle@orange.fr,collectivite_administration,correze,administration collectivite service public,https://lannuaire.service-public.gouv.fr/nouvelle-aquitaine/correze/75164ac2-fd27-49f0-8dd3-8b72bee5ef70,Ordre des avocats - Barreau de Tulle,official source: Annuaire de l'administration Service-public.fr
pcb@udaf19.fr,collectivite_administration,correze,administration collectivite service public,https://lannuaire.service-public.gouv.fr/nouvelle-aquitaine/correze/dbda8a0f-56b8-4761-9338-f9ecf2ea26ad,Point conseil budget - Union départementale des associations familiales (UDAF 19) - Ussel,official source: Annuaire de l'administration Service-public.fr
perpezac-le-noir@france-services.gouv.fr,collectivite_administration,correze,administration collectivite service public,https://lannuaire.service-public.gouv.fr/nouvelle-aquitaine/correze/aee4fefb-b732-4028-b4be-9647d5a1d105,France services - Perpezac-le-Noir,official source: Annuaire de l'administration Service-public.fr
peyrelevade@france-services.gouv.fr,collectivite_administration,correze,administration collectivite service public,https://lannuaire.service-public.gouv.fr/nouvelle-aquitaine/correze/210a020e-b8d9-4ed9-9613-fd484c4c7aa8,France services - Peyrelevade,official source: Annuaire de l'administration Service-public.fr
plateforme-repit@ch-brive.fr,collectivite_administration,correze,administration collectivite service public,https://lannuaire.service-public.gouv.fr/nouvelle-aquitaine/correze/f65c299e-8e38-4b74-a71b-29ffe9e805dc,Plateforme d'accompagnement et de répit pour les aidants de personnes âgées - Brive-la-Gaillarde,official source: Annuaire de l'administration Service-public.fr
pmi@correze.fr,collectivite_administration,correze,administration collectivite service public,https://lannuaire.service-public.gouv.fr/nouvelle-aquitaine/correze/b3384667-dba7-4f76-ae22-d06867236f84,Centre de protection maternelle et infantile (PMI) - Tulle,official source: Annuaire de l'administration Service-public.fr
pointinfo.icg.meymac@free.fr,collectivite_administration,correze,administration collectivite service public,https://lannuaire.service-public.gouv.fr/nouvelle-aquitaine/correze/99f82c7a-56ee-4fb6-9e48-87b9a49255e3,Point d'information local dédié aux personnes âgées - Meymac,official source: Annuaire de l'administration Service-public.fr
police.municipale@ville-tulle.fr,collectivite_administration,correze,administration collectivite service public,https://lannuaire.service-public.gouv.fr/nouvelle-aquitaine/correze/e6aef9c6-1a52-405d-8334-715f94305a12,Police municipale - Tulle,official source: Annuaire de l'administration Service-public.fr
policemunicipale@malemort.org,collectivite_administration,correze,administration collectivite service public,https://lannuaire.service-public.gouv.fr/nouvelle-aquitaine/correze/2967bc03-21fd-4017-b954-b01915e199ef,Police municipale - Malemort,official source: Annuaire de l'administration Service-public.fr
professionsport@wanadoo.fr,collectivite_administration,correze,administration collectivite service public,https://lannuaire.service-public.gouv.fr/nouvelle-aquitaine/correze/d54db843-f92e-4fda-8f51-738bf789b452,Centre de ressources et d'information des bénévoles (CRIB) - Profession sport Limousin,official source: Annuaire de l'administration Service-public.fr
r-brive@douane.finances.gouv.fr,collectivite_administration,correze,administration collectivite service public,https://lannuaire.service-public.gouv.fr/nouvelle-aquitaine/correze/d361a933-b7c4-4245-aafa-c0baab6bac8d,Bureau de douane - Brive-la-Gaillarde,official source: Annuaire de l'administration Service-public.fr
renov.energie@cpiecorreze.com,collectivite_administration,correze,administration collectivite service public,https://lannuaire.service-public.gouv.fr/nouvelle-aquitaine/correze/cb153b56-f916-4db2-8476-fd95f154d88e,Espace conseil France Rénov' - Ussel,official source: Annuaire de l'administration Service-public.fr
saint-privat@france-services.gouv.fr,collectivite_administration,correze,administration collectivite service public,https://lannuaire.service-public.gouv.fr/nouvelle-aquitaine/correze/77fffac3-8c8b-4411-8f33-b233e27b3faf,France services - Saint-Privat,official source: Annuaire de l'administration Service-public.fr
saint-ybard@france-services.gouv.fr,collectivite_administration,correze,administration collectivite service public,https://lannuaire.service-public.gouv.fr/nouvelle-aquitaine/correze/f88caa3d-3568-42f5-b518-a731d698f686,France services - Les Trois-Saints - Saint-Ybard,official source: Annuaire de l'administration Service-public.fr
sainte-fereole@france-services.gouv.fr,collectivite_administration,correze,administration collectivite service public,https://lannuaire.service-public.gouv.fr/nouvelle-aquitaine/correze/9f7c6de2-ec63-4299-8ea4-0349a24c039c,France services - Sainte-Féréole,official source: Annuaire de l'administration Service-public.fr
sainte-fortunade@france-services.gouv.fr,collectivite_administration,correze,administration collectivite service public,https://lannuaire.service-public.gouv.fr/nouvelle-aquitaine/correze/107651c2-6e92-4479-8444-a7ed78d77834,France services - Sainte-Fortunade,official source: Annuaire de l'administration Service-public.fr
sapeurs-pompiers@sdis19.fr,collectivite_administration,correze,administration collectivite service public,https://lannuaire.service-public.gouv.fr/nouvelle-aquitaine/correze/b827eff1-278a-4133-8ca4-2c01256692f5,Service départemental d'incendie et de secours (SDIS) - Corrèze,official source: Annuaire de l'administration Service-public.fr
secretariat@capemploi19.com,collectivite_administration,correze,administration collectivite service public,https://lannuaire.service-public.gouv.fr/nouvelle-aquitaine/correze/26c5f886-17c5-4d5d-aa46-7858fb940477,Cap emploi - Corrèze,official source: Annuaire de l'administration Service-public.fr
secretariat@lubersacpompadour.fr,collectivite_administration,correze,administration collectivite service public,https://lannuaire.service-public.gouv.fr/nouvelle-aquitaine/correze/8ed42b46-edd0-419b-8283-d9b4bd370526,Communauté de communes - Pays de Lubersac Pompadour,official source: Annuaire de l'administration Service-public.fr
seilhac@france-services.gouv.fr,collectivite_administration,correze,administration collectivite service public,https://lannuaire.service-public.gouv.fr/nouvelle-aquitaine/correze/7f39f8cf-fa56-4ff9-98fa-ccdc883ff7c6,France services - Seilhac,official source: Annuaire de l'administration Service-public.fr
servicemandataire@croiseedesans.fr,collectivite_administration,correze,administration collectivite service public,https://lannuaire.service-public.gouv.fr/nouvelle-aquitaine/correze/26da3c9e-e2e4-43d8-9d1b-f480715b8c8b,Point d'information local dédié aux personnes âgées - Objat,official source: Annuaire de l'administration Service-public.fr
sgc-direction@correze.gouv.fr,collectivite_administration,correze,administration collectivite service public,https://lannuaire.service-public.gouv.fr/nouvelle-aquitaine/correze/062270d9-ae3b-4711-8373-f36c8f4fc844,Secrétariat général commun départemental - Corrèze,official source: Annuaire de l'administration Service-public.fr
sgc.argentat@dgfip.finances.gouv.fr,collectivite_administration,correze,administration collectivite service public,https://lannuaire.service-public.gouv.fr/nouvelle-aquitaine/correze/24bfe6c7-28b2-407d-984e-de5692688a2d,Service de gestion comptable (SGC) - Argentat-sur-Dordogne,official source: Annuaire de l'administration Service-public.fr
sgc.beaulieu-sur-dordogne@dgfip.finances.gouv.fr,collectivite_administration,correze,administration collectivite service public,https://lannuaire.service-public.gouv.fr/nouvelle-aquitaine/correze/cdc94b9f-193b-400d-866d-0d17d5e933a3,Service de gestion comptable (SGC) - Beaulieu-sur-Dordogne,official source: Annuaire de l'administration Service-public.fr
sgc.brive@dgfip.finances.gouv.fr,collectivite_administration,correze,administration collectivite service public,https://lannuaire.service-public.gouv.fr/nouvelle-aquitaine/correze/a403ee99-18ca-4beb-8d56-80b15e73a315,Service de gestion comptable (SGC) - Brive-la-Gaillarde,official source: Annuaire de l'administration Service-public.fr
sgc.ussel@dgfip.finances.gouv.fr,collectivite_administration,correze,administration collectivite service public,https://lannuaire.service-public.gouv.fr/nouvelle-aquitaine/correze/73e4af43-00a1-433f-bb08-ac99b19c38cf,Service de gestion comptable (SGC) - Ussel,official source: Annuaire de l'administration Service-public.fr
sp-ussel@correze.gouv.fr,collectivite_administration,correze,administration collectivite service public,https://lannuaire.service-public.gouv.fr/nouvelle-aquitaine/correze/ef02d495-bf01-4251-8cd7-1bc2b6fa86dc,Sous-préfecture - Ussel,official source: Annuaire de l'administration Service-public.fr
spfe.correze@dgfip.finances.gouv.fr,collectivite_administration,correze,administration collectivite service public,https://lannuaire.service-public.gouv.fr/nouvelle-aquitaine/correze/77a22487-9be0-41e3-9c7c-dfc33af20dd6,Service de la publicité foncière et de l'enregistrement (SPFE) - Tulle,official source: Annuaire de l'administration Service-public.fr
t019019@dgfip.finances.gouv.fr,collectivite_administration,correze,administration collectivite service public,https://lannuaire.service-public.gouv.fr/nouvelle-aquitaine/correze/130a77a6-b959-4572-862c-2fbbd7d31da9,Service de gestion comptable (SGC) - Tulle,official source: Annuaire de l'administration Service-public.fr
t019021@dgfip.finances.gouv.fr,collectivite_administration,correze,administration collectivite service public,https://lannuaire.service-public.gouv.fr/nouvelle-aquitaine/correze/41aeaad3-3326-4aee-88a9-98a8a82ab793,Service de gestion comptable (SGC) - Uzerche,official source: Annuaire de l'administration Service-public.fr
t019090@dgfip.finances.gouv.fr,collectivite_administration,correze,administration collectivite service public,https://lannuaire.service-public.gouv.fr/nouvelle-aquitaine/correze/14d8fde9-8714-4f51-8465-6b2920ca9bf1,Paierie départementale - Corrèze - Tulle,official source: Annuaire de l'administration Service-public.fr
th.correze@dgfip.finances.gouv.fr,collectivite_administration,correze,administration collectivite service public,https://lannuaire.service-public.gouv.fr/nouvelle-aquitaine/correze/b20f5ea5-08fc-4596-9d65-74b9ae22baee,Trésorerie hospitalière de la Corrèze,official source: Annuaire de l'administration Service-public.fr
tulleagglo@tulleagglo.fr,collectivite_administration,correze,administration collectivite service public,https://lannuaire.service-public.gouv.fr/nouvelle-aquitaine/correze/7ebd3fe4-fde4-472e-85d2-0478f2aaa09d,Communauté d'agglomération - Tulle Agglo,official source: Annuaire de l'administration Service-public.fr
udap.correze@culture.gouv.fr,collectivite_administration,correze,administration collectivite service public,https://lannuaire.service-public.gouv.fr/nouvelle-aquitaine/correze/b00228e2-188b-4955-90da-5adcc4209cb4,Unité départementale de l'architecture et du patrimoine (UDAP) - Corrèze,official source: Annuaire de l'administration Service-public.fr
ut19.dreal-limousin@developpement-durable.gouv.fr,collectivite_administration,correze,administration collectivite service public,https://lannuaire.service-public.gouv.fr/nouvelle-aquitaine/correze/9a71497a-469c-405b-b741-3727a20a62ee,"Direction régionale de l'environnement, de l'aménagement et du logement (Dréal) Nouvelle-Aquitaine - Unité interdépartementale Creuse, Corrèze et Haute-Vienne (Brive-la-Gaillarde)",official source: Annuaire de l'administration Service-public.fr
fcpe.cdpe19@sfr.fr,association_parents,correze,association parents eleves,https://www.leguidepratique.com/guide/haute-correze/education-enseignement/parents-d-eleves/fcpe,FCPE Correze,manual public source: association parents eleves
cd19@handisport.org,sport,correze,club sportif handicap,https://www.sport-handicap-n-aquitaine.org/pages/correze,Sport & Handicap Nouvelle-Aquitaine - Correze,manual public source: club sportif handicap
cdsasecretariat@gmx.fr,sport,correze,club sportif handicap,https://www.sport-handicap-n-aquitaine.org/pages/correze,Sport & Handicap Nouvelle-Aquitaine - Correze,manual public source: club sportif handicap
accueil-mairie@malemortducomtat.fr,collectivite_administration,correze,mairie collectivite,https://lannuaire.service-public.gouv.fr/nouvelle-aquitaine/correze/59310039-cd11-4bb5-a237-5317a75af4a2,Centre communal d'action sociale (CCAS) - Malemort,official source: Annuaire de l'administration Service-public.fr
accueil@chiracbellevue.com,collectivite_administration,correze,mairie collectivite,https://lannuaire.service-public.gouv.fr/nouvelle-aquitaine/correze/a71cdbac-a5de-46d9-90b0-9a6ddd84a54f,Mairie - Chirac-Bellevue,official source: Annuaire de l'administration Service-public.fr
accueil@mairie-correze.fr,collectivite_administration,correze,mairie collectivite,https://lannuaire.service-public.gouv.fr/nouvelle-aquitaine/correze/27d0f716-f619-4688-ac5c-4dafd5e2c4da,Mairie - Corrèze,official source: Annuaire de l'administration Service-public.fr
accueil@mairiesaintpantaleon.fr,collectivite_administration,correze,mairie collectivite,https://lannuaire.service-public.gouv.fr/nouvelle-aquitaine/correze/6083217d-391b-4f4b-af50-bb5d39fdedbb,Mairie - Saint-Pantaléon-de-Larche,official source: Annuaire de l'administration Service-public.fr
accueil@ville-seilhac.com,collectivite_administration,correze,mairie collectivite,https://lannuaire.service-public.gouv.fr/nouvelle-aquitaine/correze/835cbfc5-acea-4e57-9441-e9b0081ec400,Mairie - Seilhac,official source: Annuaire de l'administration Service-public.fr
admin@ville-tulle.fr,collectivite_administration,correze,mairie collectivite,https://lannuaire.service-public.gouv.fr/nouvelle-aquitaine/correze/957fa468-a094-47ba-b731-17a1684923cf,Mairie - Tulle,official source: Annuaire de l'administration Service-public.fr
beyssac@correze.net,collectivite_administration,correze,mairie collectivite,https://lannuaire.service-public.gouv.fr/nouvelle-aquitaine/correze/20a18745-8647-40c8-80f0-e2daa3bb464a,Mairie - Beyssac,official source: Annuaire de l'administration Service-public.fr
bilhac@mairie19.fr,collectivite_administration,correze,mairie collectivite,https://lannuaire.service-public.gouv.fr/nouvelle-aquitaine/correze/af8a9121-df67-47b7-864e-261fad04b8b1,Mairie - Bilhac,official source: Annuaire de l'administration Service-public.fr
chauffour.mairie@wanadoo.fr,collectivite_administration,correze,mairie collectivite,https://lannuaire.service-public.gouv.fr/nouvelle-aquitaine/correze/d1310d7d-6cae-455d-b9de-5630d9fa0bad,Mairie - Chauffour-sur-Vell,official source: Annuaire de l'administration Service-public.fr
chavanac.mairie@orange.fr,collectivite_administration,correze,mairie collectivite,https://lannuaire.service-public.gouv.fr/nouvelle-aquitaine/correze/4e04c901-82fa-4453-9109-435c9734232f,Mairie - Chavanac,official source: Annuaire de l'administration Service-public.fr
chenailler-mascheix@mairie19.fr,collectivite_administration,correze,mairie collectivite,https://lannuaire.service-public.gouv.fr/nouvelle-aquitaine/correze/e6c3747f-5c11-4a7a-af49-ff68ead5f95a,Mairie - Chenailler-Mascheix,official source: Annuaire de l'administration Service-public.fr
collonges-la-rouge.mairie@orange.fr,collectivite_administration,correze,mairie collectivite,https://lannuaire.service-public.gouv.fr/nouvelle-aquitaine/correze/0b5fc24e-9c14-43f7-8b03-2d758c3ae836,Mairie - Collonges-la-Rouge,official source: Annuaire de l'administration Service-public.fr
commune-de-bonnefond@orange.fr,collectivite_administration,correze,mairie collectivite,https://lannuaire.service-public.gouv.fr/nouvelle-aquitaine/correze/7c17bb56-73bb-475f-b7c6-7cb9b8c4e328,Mairie - Bonnefond,official source: Annuaire de l'administration Service-public.fr
commune-de-montgibaud@orange.fr,collectivite_administration,correze,mairie collectivite,https://lannuaire.service-public.gouv.fr/nouvelle-aquitaine/correze/601722c2-33c7-40dc-8e45-7eaa811d6b1d,Mairie - Montgibaud,official source: Annuaire de l'administration Service-public.fr
commune-de-st-cyr-la-roche2@wanadoo.fr,collectivite_administration,correze,mairie collectivite,https://lannuaire.service-public.gouv.fr/nouvelle-aquitaine/correze/4b06c67c-393d-4dfb-bea5-faf1c307e597,Mairie - Saint-Cyr-la-Roche,official source: Annuaire de l'administration Service-public.fr
commune-st-germain-lavolps@orange.fr,collectivite_administration,correze,mairie collectivite,https://lannuaire.service-public.gouv.fr/nouvelle-aquitaine/correze/8e08bd50-f3b7-40da-b91a-3abe3a9b0d9d,Mairie - Saint-Germain-Lavolps,official source: Annuaire de l'administration Service-public.fr
commune.auriac@orange.fr,collectivite_administration,correze,mairie collectivite,https://lannuaire.service-public.gouv.fr/nouvelle-aquitaine/correze/acd98967-db9b-4fbb-989b-689dd71263cf,Mairie - Auriac,official source: Annuaire de l'administration Service-public.fr
commune.chapellespinasse@orange.fr,collectivite_administration,correze,mairie collectivite,https://lannuaire.service-public.gouv.fr/nouvelle-aquitaine/correze/bf9433a1-a464-4bc2-92ff-e22b76cb6b52,Mairie - La Chapelle-Spinasse,official source: Annuaire de l'administration Service-public.fr
commune.saillac19@orange.fr,collectivite_administration,correze,mairie collectivite,https://lannuaire.service-public.gouv.fr/nouvelle-aquitaine/correze/74196d9a-8751-4a88-87c3-dcf8f005409d,Mairie - Saillac,official source: Annuaire de l'administration Service-public.fr
commune.saint-robert@wanadoo.fr,collectivite_administration,correze,mairie collectivite,https://lannuaire.service-public.gouv.fr/nouvelle-aquitaine/correze/accedf60-dd06-47d1-a6f8-2e22394af350,Mairie - Saint-Robert,official source: Annuaire de l'administration Service-public.fr
commune.veyrieres19@wanadoo.fr,collectivite_administration,correze,mairie collectivite,https://lannuaire.service-public.gouv.fr/nouvelle-aquitaine/correze/15afa693-64fb-4a11-b2c6-7913ffb3b66d,Mairie - Veyrières,official source: Annuaire de l'administration Service-public.fr
commune@sornac.fr,collectivite_administration,correze,mairie collectivite,https://lannuaire.service-public.gouv.fr/nouvelle-aquitaine/correze/373f7d45-6c81-48e7-aed4-6525cce48c29,Mairie - Sornac,official source: Annuaire de l'administration Service-public.fr
communedebellechassagne@orange.fr,collectivite_administration,correze,mairie collectivite,https://lannuaire.service-public.gouv.fr/nouvelle-aquitaine/correze/f5b41a10-2993-405c-8a6a-a5f44a8c172f,Mairie - Bellechassagne,official source: Annuaire de l'administration Service-public.fr
communedelamazierehaute@wanadoo.fr,collectivite_administration,correze,mairie collectivite,https://lannuaire.service-public.gouv.fr/nouvelle-aquitaine/correze/8e5bd276-fa65-4c8c-9460-99907abc6671,Mairie - Lamazière-Haute,official source: Annuaire de l'administration Service-public.fr
confolent.mairie@wanadoo.fr,collectivite_administration,correze,mairie collectivite,https://lannuaire.service-public.gouv.fr/nouvelle-aquitaine/correze/a8de3157-2a11-4b45-a0a6-254218ff57cb,Mairie - Confolent-Port-Dieu,official source: Annuaire de l'administration Service-public.fr
contact@brive.fr,collectivite_administration,correze,mairie collectivite,https://lannuaire.service-public.gouv.fr/nouvelle-aquitaine/correze/e04cd3d5-cdff-4b5e-9116-716b78bf1f8d,Mairie - Brive-la-Gaillarde,official source: Annuaire de l'administration Service-public.fr
contact@commune-beaulieu-sur-dordogne.fr,collectivite_administration,correze,mairie collectivite,https://lannuaire.service-public.gouv.fr/nouvelle-aquitaine/correze/469c83e3-fa70-4d6a-81f4-8f87cb73110c,Mairie - Beaulieu-sur-Dordogne,official source: Annuaire de l'administration Service-public.fr
contact@lagarde-enval.fr,collectivite_administration,correze,mairie collectivite,https://lannuaire.service-public.gouv.fr/nouvelle-aquitaine/correze/564ad385-8de1-46b4-8bf4-b1e0cc32dd7d,Mairie - Lagarde-Marc-la-Tour,official source: Annuaire de l'administration Service-public.fr
contact@liginiac.fr,collectivite_administration,correze,mairie collectivite,https://lannuaire.service-public.gouv.fr/nouvelle-aquitaine/correze/58ac8f59-12f3-461a-98a3-fdfbbb52d6e1,Mairie - Liginiac,official source: Annuaire de l'administration Service-public.fr
contact@mairie-chamberet.fr,collectivite_administration,correze,mairie collectivite,https://lannuaire.service-public.gouv.fr/nouvelle-aquitaine/correze/7de74f47-2c2a-4339-98c1-3630294db71c,Mairie - Chamberet,official source: Annuaire de l'administration Service-public.fr
contact@mairie-chamboulive.com,collectivite_administration,correze,mairie collectivite,https://lannuaire.service-public.gouv.fr/nouvelle-aquitaine/correze/9c7a8781-8365-4742-bb9b-3b1618e7ad46,Mairie - Chamboulive,official source: Annuaire de l'administration Service-public.fr
contact@mairie-egletons.fr,collectivite_administration,correze,mairie collectivite,https://lannuaire.service-public.gouv.fr/nouvelle-aquitaine/correze/e883308b-647f-4e3e-b630-41700b3fcf0c,Mairie - Égletons,official source: Annuaire de l'administration Service-public.fr
contact@margerides.fr,collectivite_administration,correze,mairie collectivite,https://lannuaire.service-public.gouv.fr/nouvelle-aquitaine/correze/888664e8-d25a-4524-800b-dfb09aa00a50,Mairie - Margerides,official source: Annuaire de l'administration Service-public.fr
contact@saint-angel.fr,collectivite_administration,correze,mairie collectivite,https://lannuaire.service-public.gouv.fr/nouvelle-aquitaine/correze/8e6d28b1-6516-44c0-a7dc-ae378b13e3b1,Mairie - Saint-Angel,official source: Annuaire de l'administration Service-public.fr
contact@uzerche.fr,collectivite_administration,correze,mairie collectivite,https://lannuaire.service-public.gouv.fr/nouvelle-aquitaine/correze/c10b6f9b-1fc9-4fd3-b6f4-137d736b854e,Mairie - Uzerche,official source: Annuaire de l'administration Service-public.fr
contact@villagedesarran.fr,collectivite_administration,correze,mairie collectivite,https://lannuaire.service-public.gouv.fr/nouvelle-aquitaine/correze/a1ec2cc1-bb1d-40f4-a6b7-3ebbdae98b68,Mairie - Sarran,official source: Annuaire de l'administration Service-public.fr
couffysursasonne@orange.fr,collectivite_administration,correze,mairie collectivite,https://lannuaire.service-public.gouv.fr/nouvelle-aquitaine/correze/fb8946ce-2470-4763-bb92-69a64b363263,Mairie - Couffy-sur-Sarsonne,official source: Annuaire de l'administration Service-public.fr
forges.mairie@wanadoo.fr,collectivite_administration,correze,mairie collectivite,https://lannuaire.service-public.gouv.fr/nouvelle-aquitaine/correze/f45ea8bb-7b67-4e95-a527-cf53718681fa,Mairie - Forgès,official source: Annuaire de l'administration Service-public.fr
info@vignols.com,collectivite_administration,correze,mairie collectivite,https://lannuaire.service-public.gouv.fr/nouvelle-aquitaine/correze/bea6b15d-4445-4411-979c-16b73d2bfb56,Mairie - Vignols,official source: Annuaire de l'administration Service-public.fr
lachapelleauxbrocs@wanadoo.fr,collectivite_administration,correze,mairie collectivite,https://lannuaire.service-public.gouv.fr/nouvelle-aquitaine/correze/89152151-6112-40a4-83d1-ec987a1f515f,Mairie - La Chapelle-aux-Brocs,official source: Annuaire de l'administration Service-public.fr
le-pescher.mairie@wanadoo.fr,collectivite_administration,correze,mairie collectivite,https://lannuaire.service-public.gouv.fr/nouvelle-aquitaine/correze/0d624334-6dea-4fee-a4b6-1bbb8e289f6e,Mairie - Le Pescher,official source: Annuaire de l'administration Service-public.fr
les-angles-sur-correze@mairie19.fr,collectivite_administration,correze,mairie collectivite,https://lannuaire.service-public.gouv.fr/nouvelle-aquitaine/correze/609c830f-fdd5-45e0-aa53-f4512168901c,Mairie - Les Angles-sur-Corrèze,official source: Annuaire de l'administration Service-public.fr
liourdres@mairie19.fr,collectivite_administration,correze,mairie collectivite,https://lannuaire.service-public.gouv.fr/nouvelle-aquitaine/correze/05aacaeb-87c7-4247-8f55-02e8123def95,Mairie - Liourdres,official source: Annuaire de l'administration Service-public.fr
louignac@mairie19.fr,collectivite_administration,correze,mairie collectivite,https://lannuaire.service-public.gouv.fr/nouvelle-aquitaine/correze/37505358-3f4b-4fdf-9f5a-e28777b06e3c,Mairie - Louignac,official source: Annuaire de l'administration Service-public.fr
madranges.lesdeuxeglises@wanadoo.fr,collectivite_administration,correze,mairie collectivite,https://lannuaire.service-public.gouv.fr/nouvelle-aquitaine/correze/4dad7d32-9753-4bb5-9692-222cfaa789bf,Mairie - Madranges,official source: Annuaire de l'administration Service-public.fr
maire@commune-cosnac.fr,collectivite_administration,correze,mairie collectivite,https://lannuaire.service-public.gouv.fr/nouvelle-aquitaine/correze/20d12b4d-e8be-4594-a004-b9fe3abdf190,Mairie - Cosnac,official source: Annuaire de l'administration Service-public.fr
mairesthilairefoissac@wanadoo.fr,collectivite_administration,correze,mairie collectivite,https://lannuaire.service-public.gouv.fr/nouvelle-aquitaine/correze/91092ea0-6da0-47ee-ba71-d49c103f71d3,Mairie - Saint-Hilaire-Foissac,official source: Annuaire de l'administration Service-public.fr
mairie-chaumeil@wanadoo.fr,collectivite_administration,correze,mairie collectivite,https://lannuaire.service-public.gouv.fr/nouvelle-aquitaine/correze/06e82ad2-0cf1-45fa-8043-6c0059b68cbc,Mairie - Chaumeil,official source: Annuaire de l'administration Service-public.fr
mairie-de-marcillac-la-croze@wanadoo.fr,collectivite_administration,correze,mairie collectivite,https://lannuaire.service-public.gouv.fr/nouvelle-aquitaine/correze/223cbb36-6c97-4d0e-9f9a-93a2181bf041,Mairie - Marcillac-la-Croze,official source: Annuaire de l'administration Service-public.fr
mairie-estivaux@orange.fr,collectivite_administration,correze,mairie collectivite,https://lannuaire.service-public.gouv.fr/nouvelle-aquitaine/correze/24ffc9c1-6cae-4035-a3e2-d109d007621b,Mairie - Estivaux,official source: Annuaire de l'administration Service-public.fr
mairie-favars@wanadoo.fr,collectivite_administration,correze,mairie collectivite,https://lannuaire.service-public.gouv.fr/nouvelle-aquitaine/correze/ab715c46-b860-4527-b6f1-40ef6dbaccd0,Mairie - Favars,official source: Annuaire de l'administration Service-public.fr
mairie-lacelle@orange.fr,collectivite_administration,correze,mairie collectivite,https://lannuaire.service-public.gouv.fr/nouvelle-aquitaine/correze/1de88910-32e9-4c1b-8995-cb8bef124c75,Mairie - Lacelle,official source: Annuaire de l'administration Service-public.fr
mairie-lcas@wanadoo.fr,collectivite_administration,correze,mairie collectivite,https://lannuaire.service-public.gouv.fr/nouvelle-aquitaine/correze/eb06039b-05a4-4481-a3da-6e1cb3ff78f3,Mairie - La Chapelle-aux-Saints,official source: Annuaire de l'administration Service-public.fr
mairie-neuville@wanadoo.fr,collectivite_administration,correze,mairie collectivite,https://lannuaire.service-public.gouv.fr/nouvelle-aquitaine/correze/604f5809-2f80-4f8c-8575-159919b89e6c,Mairie - Neuville,official source: Annuaire de l'administration Service-public.fr
mairie-palisse19@wanadoo.fr,collectivite_administration,correze,mairie collectivite,https://lannuaire.service-public.gouv.fr/nouvelle-aquitaine/correze/b2223a7c-4b22-4292-88dd-cb299c404111,Mairie - Palisse,official source: Annuaire de l'administration Service-public.fr
mairie-saint-hilairelescourbes@orange.fr,collectivite_administration,correze,mairie collectivite,https://lannuaire.service-public.gouv.fr/nouvelle-aquitaine/correze/5c5b5608-6caf-40da-a39f-6099a75dffb4,Mairie - Saint-Hilaire-les-Courbes,official source: Annuaire de l'administration Service-public.fr
mairie-saint-julien-maumon@wanadoo.fr,collectivite_administration,correze,mairie collectivite,https://lannuaire.service-public.gouv.fr/nouvelle-aquitaine/correze/f59a339d-5952-4716-9041-8f348b1e2572,Mairie - Saint-Julien-Maumont,official source: Annuaire de l'administration Service-public.fr
mairie-saint-mexant@wanadoo.fr,collectivite_administration,correze,mairie collectivite,https://lannuaire.service-public.gouv.fr/nouvelle-aquitaine/correze/c0118150-f598-4a42-a341-7935c481de17,Mairie - Saint-Mexant,official source: Annuaire de l'administration Service-public.fr
mairie-splc@orange.fr,collectivite_administration,correze,mairie collectivite,https://lannuaire.service-public.gouv.fr/nouvelle-aquitaine/correze/d31888b2-388e-4862-9df5-0b107543a3cb,Mairie - Saint-Pardoux-la-Croisille,official source: Annuaire de l'administration Service-public.fr
mairie-st-hilaire-peyroux@wanadoo.fr,collectivite_administration,correze,mairie collectivite,https://lannuaire.service-public.gouv.fr/nouvelle-aquitaine/correze/0ab5b464-b5f5-42c5-9559-9f07754a5e88,Mairie - Saint-Hilaire-Peyroux,official source: Annuaire de l'administration Service-public.fr
mairie-st-merd-les-oussines@wanadoo.fr,collectivite_administration,correze,mairie collectivite,https://lannuaire.service-public.gouv.fr/nouvelle-aquitaine/correze/b9e908a6-b0ed-44e1-8c11-fe38675219e6,Mairie - Saint-Merd-les-Oussines,official source: Annuaire de l'administration Service-public.fr
mairie-stmartialentraygues@wanadoo.fr,collectivite_administration,correze,mairie collectivite,https://lannuaire.service-public.gouv.fr/nouvelle-aquitaine/correze/2702c412-7f36-47bd-933e-eaf9b2339291,Mairie - Saint-Martial-Entraygues,official source: Annuaire de l'administration Service-public.fr
mairie-stpardouxleneuf@orange.fr,collectivite_administration,correze,mairie collectivite,https://lannuaire.service-public.gouv.fr/nouvelle-aquitaine/correze/2743c94e-7b64-40ed-991c-e2a4a11df5b1,Mairie - Saint-Pardoux-le-Neuf,official source: Annuaire de l'administration Service-public.fr
mairie.affieux@orange.fr,collectivite_administration,correze,mairie collectivite,https://lannuaire.service-public.gouv.fr/nouvelle-aquitaine/correze/cfbd656a-62ae-475b-ac4a-8763f003273c,Mairie - Affieux,official source: Annuaire de l'administration Service-public.fr
mairie.aix@orange.fr,collectivite_administration,correze,mairie collectivite,https://lannuaire.service-public.gouv.fr/nouvelle-aquitaine/correze/0a8bdaf1-03b3-4f0c-8ddd-0f14cdf4db92,Mairie - Aix,official source: Annuaire de l'administration Service-public.fr
mairie.albignac@orange.fr,collectivite_administration,correze,mairie collectivite,https://lannuaire.service-public.gouv.fr/nouvelle-aquitaine/correze/8629c132-ebf8-4cda-957b-4211eb53f6a7,Mairie - Albignac,official source: Annuaire de l'administration Service-public.fr
mairie.altillac@orange.fr,collectivite_administration,correze,mairie collectivite,https://lannuaire.service-public.gouv.fr/nouvelle-aquitaine/correze/de7cf06e-df62-4237-9072-deee4101569b,Mairie - Altillac,official source: Annuaire de l'administration Service-public.fr
mairie.ambrugeat@wanadoo.fr,collectivite_administration,correze,mairie collectivite,https://lannuaire.service-public.gouv.fr/nouvelle-aquitaine/correze/58fdd63a-843f-4098-97d3-68b61a838e4c,Mairie - Ambrugeat,official source: Annuaire de l'administration Service-public.fr
mairie.ayen@ayen.fr,collectivite_administration,correze,mairie collectivite,https://lannuaire.service-public.gouv.fr/nouvelle-aquitaine/correze/a4090648-b7ff-43f3-af7c-944dbd8d7fd6,Mairie - Ayen,official source: Annuaire de l'administration Service-public.fr
mairie.bassignaclebas@wanadoo.fr,collectivite_administration,correze,mairie collectivite,https://lannuaire.service-public.gouv.fr/nouvelle-aquitaine/correze/90b66120-fdf2-4a92-968b-6141bfa2d42c,Mairie - Bassignac-le-Bas,official source: Annuaire de l'administration Service-public.fr
mairie.beaumont4@wanadoo.fr,collectivite_administration,correze,mairie collectivite,https://lannuaire.service-public.gouv.fr/nouvelle-aquitaine/correze/4e1c6054-359b-44c3-bb64-5e2533678633,Mairie - Beaumont,official source: Annuaire de l'administration Service-public.fr
mairie.brivezac@commune-beaulieu-sur-dordogne.fr,collectivite_administration,correze,mairie collectivite,https://lannuaire.service-public.gouv.fr/nouvelle-aquitaine/correze/b0665ca1-d76c-44ba-825c-e4742a879221,Mairie déléguée - Brivezac,official source: Annuaire de l'administration Service-public.fr
mairie.chabrignac@orange.fr,collectivite_administration,correze,mairie collectivite,https://lannuaire.service-public.gouv.fr/nouvelle-aquitaine/correze/c90496d1-4cae-4ad8-8ed8-f4395d1c1d14,Mairie - Chabrignac,official source: Annuaire de l'administration Service-public.fr
mairie.chastang@wanadoo.fr,collectivite_administration,correze,mairie collectivite,https://lannuaire.service-public.gouv.fr/nouvelle-aquitaine/correze/b007df43-e23b-4149-ba98-bb67b52a0eda,Mairie - Le Chastang,official source: Annuaire de l'administration Service-public.fr
mairie.chasteaux@orange.fr,collectivite_administration,correze,mairie collectivite,https://lannuaire.service-public.gouv.fr/nouvelle-aquitaine/correze/5a684c2c-bc57-49a5-9c80-1147571151ba,Mairie - Chasteaux,official source: Annuaire de l'administration Service-public.fr
mairie.chaveroche@wanadoo.fr,collectivite_administration,correze,mairie collectivite,https://lannuaire.service-public.gouv.fr/nouvelle-aquitaine/correze/963f43a0-bc84-4a24-b033-8f8eacf85b07,Mairie - Chaveroche,official source: Annuaire de l'administration Service-public.fr
mairie.combressol@gmail.com,collectivite_administration,correze,mairie collectivite,https://lannuaire.service-public.gouv.fr/nouvelle-aquitaine/correze/de29b3ab-fdc5-429e-bf61-03d1717222cb,Mairie - Combressol,official source: Annuaire de l'administration Service-public.fr
mairie.conceze@wanadoo.fr,collectivite_administration,correze,mairie collectivite,https://lannuaire.service-public.gouv.fr/nouvelle-aquitaine/correze/6d2afc17-d888-4d92-aab5-0e7124005c50,Mairie - Concèze,official source: Annuaire de l'administration Service-public.fr
mairie.condat@orange.fr,collectivite_administration,correze,mairie collectivite,https://lannuaire.service-public.gouv.fr/nouvelle-aquitaine/correze/e032bf78-0349-4a5d-9e94-bdf0df401531,Mairie - Condat-sur-Ganaveix,official source: Annuaire de l'administration Service-public.fr
mairie.cornil@cornil19.fr,collectivite_administration,correze,mairie collectivite,https://lannuaire.service-public.gouv.fr/nouvelle-aquitaine/correze/f8bbb3a6-cb08-40f9-bd03-db3819571ad4,Mairie - Cornil,official source: Annuaire de l'administration Service-public.fr
mairie.courteix@wanadoo.fr,collectivite_administration,correze,mairie collectivite,https://lannuaire.service-public.gouv.fr/nouvelle-aquitaine/correze/964804fd-fb13-45a4-bb39-74cdab8a221e,Mairie - Courteix,official source: Annuaire de l'administration Service-public.fr
mairie.davignac@wanadoo.fr,collectivite_administration,correze,mairie collectivite,https://lannuaire.service-public.gouv.fr/nouvelle-aquitaine/correze/c8c990b1-f1bf-4e9d-adfa-de3cc618f4d1,Mairie - Davignac,official source: Annuaire de l'administration Service-public.fr
mairie.de.lignareix@wanadoo.fr,collectivite_administration,correze,mairie collectivite,https://lannuaire.service-public.gouv.fr/nouvelle-aquitaine/correze/c9778657-a283-463d-9b9e-42b47cad0234,Mairie - Lignareix,official source: Annuaire de l'administration Service-public.fr
mairie.espagnac19@orange.fr,collectivite_administration,correze,mairie collectivite,https://lannuaire.service-public.gouv.fr/nouvelle-aquitaine/correze/0c4002f4-b17a-481c-ab27-b7ac9ba50023,Mairie - Espagnac,official source: Annuaire de l'administration Service-public.fr
mairie.espartignac@wanadoo.fr,collectivite_administration,correze,mairie collectivite,https://lannuaire.service-public.gouv.fr/nouvelle-aquitaine/correze/0a9276ed-e8e1-48bb-b56a-259f7f00569e,Mairie - Espartignac,official source: Annuaire de l'administration Service-public.fr
mairie.eyburie@wanadoo.fr,collectivite_administration,correze,mairie collectivite,https://lannuaire.service-public.gouv.fr/nouvelle-aquitaine/correze/c2dc9aab-fb2a-4c22-8546-3b92c6d600f0,Mairie - Eyburie,official source: Annuaire de l'administration Service-public.fr
mairie.eygurande@wanadoo.fr,collectivite_administration,correze,mairie collectivite,https://lannuaire.service-public.gouv.fr/nouvelle-aquitaine/correze/df74120f-6ba5-44af-b9a5-ee894dff2e09,Mairie - Eygurande,official source: Annuaire de l'administration Service-public.fr
mairie.eyrein@wanadoo.fr,collectivite_administration,correze,mairie collectivite,https://lannuaire.service-public.gouv.fr/nouvelle-aquitaine/correze/e12867e7-b107-4587-bdff-e861f9747cc4,Mairie - Eyrein,official source: Annuaire de l'administration Service-public.fr
mairie.gimellescascades@wanadoo.fr,collectivite_administration,correze,mairie collectivite,https://lannuaire.service-public.gouv.fr/nouvelle-aquitaine/correze/bc8270ba-3b0e-46c6-b9eb-ece49b8eb03c,Mairie - Gimel-les-Cascades,official source: Annuaire de l'administration Service-public.fr
mairie.goulles@wanadoo.fr,collectivite_administration,correze,mairie collectivite,https://lannuaire.service-public.gouv.fr/nouvelle-aquitaine/correze/62db93f4-0475-428b-86f2-b346c44e3b51,Mairie - Goulles,official source: Annuaire de l'administration Service-public.fr
mairie.gumont@wanadoo.fr,collectivite_administration,correze,mairie collectivite,https://lannuaire.service-public.gouv.fr/nouvelle-aquitaine/correze/b8fe9204-cf5b-437a-9588-3db1c2078351,Mairie - Gumond,official source: Annuaire de l'administration Service-public.fr
mairie.juillac@wanadoo.fr,collectivite_administration,correze,mairie collectivite,https://lannuaire.service-public.gouv.fr/nouvelle-aquitaine/correze/61fa9786-cf73-49ba-b475-1cf7386ee745,Mairie - Juillac,official source: Annuaire de l'administration Service-public.fr
mairie.laguenne@wanadoo.fr,collectivite_administration,correze,mairie collectivite,https://lannuaire.service-public.gouv.fr/nouvelle-aquitaine/correze/6372edc6-c698-4d1a-acff-1a700d38e0f4,Centre communal d'action sociale (CCAS) - Laguenne-sur-Avalouze,official source: Annuaire de l'administration Service-public.fr
mairie.lamongerie@wanadoo.fr,collectivite_administration,correze,mairie collectivite,https://lannuaire.service-public.gouv.fr/nouvelle-aquitaine/correze/f650cd4b-915f-4b68-8fbd-2b662fb71a16,Mairie - Lamongerie,official source: Annuaire de l'administration Service-public.fr
mairie.lanteuil@orange.fr,collectivite_administration,correze,mairie collectivite,https://lannuaire.service-public.gouv.fr/nouvelle-aquitaine/correze/b57a313b-a525-4ef2-9f69-3520c38b7015,Mairie - Lanteuil,official source: Annuaire de l'administration Service-public.fr
mairie.larche@larche-correze.fr,collectivite_administration,correze,mairie collectivite,https://lannuaire.service-public.gouv.fr/nouvelle-aquitaine/correze/0a893a57-2cca-45aa-a835-6cc3db020203,Mairie - Larche,official source: Annuaire de l'administration Service-public.fr
mairie.lavalsurluzege@orange.fr,collectivite_administration,correze,mairie collectivite,https://lannuaire.service-public.gouv.fr/nouvelle-aquitaine/correze/6708e41b-2e6b-463e-adcf-20619d2a587c,Mairie - Laval-sur-Luzège,official source: Annuaire de l'administration Service-public.fr
mairie.legliseauxbois@orange.fr,collectivite_administration,correze,mairie collectivite,https://lannuaire.service-public.gouv.fr/nouvelle-aquitaine/correze/fb9f56e8-f209-44aa-b51b-ed8c4f1b0e1e,Mairie - L Église-aux-Bois,official source: Annuaire de l'administration Service-public.fr
mairie.lelonzac@wanadoo.fr,collectivite_administration,correze,mairie collectivite,https://lannuaire.service-public.gouv.fr/nouvelle-aquitaine/correze/d40e6c9d-93f7-4366-8c4e-e5f1d188b2c3,Mairie - Le Lonzac,official source: Annuaire de l'administration Service-public.fr
mairie.lostanges@orange.fr,collectivite_administration,correze,mairie collectivite,https://lannuaire.service-public.gouv.fr/nouvelle-aquitaine/correze/ca6ef2e1-e150-40f9-9d29-2975b27c1fca,Mairie - Lostanges,official source: Annuaire de l'administration Service-public.fr
mairie.marcillaclacroisille@orange.fr,collectivite_administration,correze,mairie collectivite,https://lannuaire.service-public.gouv.fr/nouvelle-aquitaine/correze/fae7353d-d789-47fc-bebb-73f6302427fb,Mairie - Marcillac-la-Croisille,official source: Annuaire de l'administration Service-public.fr
mairie.masseret@wanadoo.fr,collectivite_administration,correze,mairie collectivite,https://lannuaire.service-public.gouv.fr/nouvelle-aquitaine/correze/cacdf204-6a1c-4540-b1d6-2cc9c1af6dbb,Mairie - Masseret,official source: Annuaire de l'administration Service-public.fr
mairie.meilhards@orange.fr,collectivite_administration,correze,mairie collectivite,https://lannuaire.service-public.gouv.fr/nouvelle-aquitaine/correze/7e50b0fb-1711-492b-85ac-dddf65ce3a2d,Mairie - Meilhards,official source: Annuaire de l'administration Service-public.fr
mairie.menoire@wanadoo.fr,collectivite_administration,correze,mairie collectivite,https://lannuaire.service-public.gouv.fr/nouvelle-aquitaine/correze/906a270a-68b8-452b-9254-3e590a2bc28e,Mairie - Ménoire,official source: Annuaire de l'administration Service-public.fr
mairie.mestes@gmail.com,collectivite_administration,correze,mairie collectivite,https://lannuaire.service-public.gouv.fr/nouvelle-aquitaine/correze/f7a996b6-a039-405f-b302-04c34b263c97,Mairie - Mestes,official source: Annuaire de l'administration Service-public.fr
mairie.millevaches@orange.fr,collectivite_administration,correze,mairie collectivite,https://lannuaire.service-public.gouv.fr/nouvelle-aquitaine/correze/779c2620-0367-4bd5-b5e2-d52102ba95d8,Mairie - Millevaches,official source: Annuaire de l'administration Service-public.fr
mairie.monestierportdieu@gmail.com,collectivite_administration,correze,mairie collectivite,https://lannuaire.service-public.gouv.fr/nouvelle-aquitaine/correze/32b1a96b-5993-4fd4-9bfb-b5208526537f,Mairie - Monestier-Port-Dieu,official source: Annuaire de l'administration Service-public.fr
mairie.moustier.ventadour@wanadoo.fr,collectivite_administration,correze,mairie collectivite,https://lannuaire.service-public.gouv.fr/nouvelle-aquitaine/correze/b56769bd-8f83-46b6-a1ef-2c3c73d3e679,Mairie - Moustier-Ventadour,official source: Annuaire de l'administration Service-public.fr
mairie.perpezac@orange.fr,collectivite_administration,correze,mairie collectivite,https://lannuaire.service-public.gouv.fr/nouvelle-aquitaine/correze/a3aa8a2e-7867-49ab-9fc6-74a062bd4c1f,Mairie - Perpezac-le-Blanc,official source: Annuaire de l'administration Service-public.fr
mairie.pierrefitte@wanadoo.fr,collectivite_administration,correze,mairie collectivite,https://lannuaire.service-public.gouv.fr/nouvelle-aquitaine/correze/9afa3f21-8390-4508-a230-13ab4f56af1c,Mairie - Pierrefitte,official source: Annuaire de l'administration Service-public.fr
mairie.pln@orange.fr,collectivite_administration,correze,mairie collectivite,https://lannuaire.service-public.gouv.fr/nouvelle-aquitaine/correze/f4d37d6d-9aac-4b81-9af9-cf81f3ec20e2,Mairie - Perpezac-le-Noir,official source: Annuaire de l'administration Service-public.fr
mairie.queyssaclesvignes@orange.fr,collectivite_administration,correze,mairie collectivite,https://lannuaire.service-public.gouv.fr/nouvelle-aquitaine/correze/c1a83db7-6853-4a60-a5cb-68dfb30d6dec,Mairie - Queyssac-les-Vignes,official source: Annuaire de l'administration Service-public.fr
mairie.reygades@wanadoo.fr,collectivite_administration,correze,mairie collectivite,https://lannuaire.service-public.gouv.fr/nouvelle-aquitaine/correze/140629c1-96fe-45a3-b0ae-7d23a607bed4,Mairie - Reygade,official source: Annuaire de l'administration Service-public.fr
mairie.roche.le.peyroux@wanadoo.fr,collectivite_administration,correze,mairie collectivite,https://lannuaire.service-public.gouv.fr/nouvelle-aquitaine/correze/b2537ab8-5a70-4839-af4e-b758fb292294,Mairie - Roche-le-Peyroux,official source: Annuaire de l'administration Service-public.fr
mairie.rosiers-de-juillac@wanadoo.fr,collectivite_administration,correze,mairie collectivite,https://lannuaire.service-public.gouv.fr/nouvelle-aquitaine/correze/9c159ea2-3895-47ee-a657-a021760cf865,Mairie - Rosiers-de-Juillac,official source: Annuaire de l'administration Service-public.fr
mairie.rosiers@wanadoo.fr,collectivite_administration,correze,mairie collectivite,https://lannuaire.service-public.gouv.fr/nouvelle-aquitaine/correze/fb412f33-d31c-4086-bf11-7a71a209dd51,Mairie - Rosiers-d Égletons,official source: Annuaire de l'administration Service-public.fr
mairie.sadroc@wanadoo.fr,collectivite_administration,correze,mairie collectivite,https://lannuaire.service-public.gouv.fr/nouvelle-aquitaine/correze/210066e8-c8ae-4e57-a0db-8e3c58c785dc,Mairie - Sadroc,official source: Annuaire de l'administration Service-public.fr
mairie.saint-chamant@wanadoo.fr,collectivite_administration,correze,mairie collectivite,https://lannuaire.service-public.gouv.fr/nouvelle-aquitaine/correze/9dd71b47-1f6d-494e-aa35-85307849fd18,Mairie - Saint-Chamant,official source: Annuaire de l'administration Service-public.fr
mairie.saint.augustin@orange.fr,collectivite_administration,correze,mairie collectivite,https://lannuaire.service-public.gouv.fr/nouvelle-aquitaine/correze/25912fa7-3a91-4c70-94a4-c498d49fb48e,Mairie - Saint-Augustin,official source: Annuaire de l'administration Service-public.fr
mairie.saint.pardoux.le.vieux@wanadoo.fr,collectivite_administration,correze,mairie collectivite,https://lannuaire.service-public.gouv.fr/nouvelle-aquitaine/correze/7cd38157-67be-4712-84b1-0c1496a8a629,Mairie - Saint-Pardoux-le-Vieux,official source: Annuaire de l'administration Service-public.fr
mairie.saint.sylvain@orange.fr,collectivite_administration,correze,mairie collectivite,https://lannuaire.service-public.gouv.fr/nouvelle-aquitaine/correze/90ac9edc-6ae2-4d4d-b706-542e4893f553,Mairie - Saint-Sylvain,official source: Annuaire de l'administration Service-public.fr
mairie.saintgeraud@wanadoo.fr,collectivite_administration,correze,mairie collectivite,https://lannuaire.service-public.gouv.fr/nouvelle-aquitaine/correze/e3e1fbb9-842b-4721-9823-9a587ee96ef4,Mairie - La Chapelle-Saint-Géraud,official source: Annuaire de l'administration Service-public.fr
mairie.sainthilairetaurieux@orange.fr,collectivite_administration,correze,mairie collectivite,https://lannuaire.service-public.gouv.fr/nouvelle-aquitaine/correze/e53b4028-f464-46b2-bd1a-d0b4bfc4b66b,Mairie - Saint-Hilaire-Taurieux,official source: Annuaire de l'administration Service-public.fr
mairie.saintmartinlameanne@wanadoo.fr,collectivite_administration,correze,mairie collectivite,https://lannuaire.service-public.gouv.fr/nouvelle-aquitaine/correze/edede7ca-a643-4f95-8df8-bfeccef4003b,Mairie - Saint-Martin-la-Méanne,official source: Annuaire de l'administration Service-public.fr
mairie.saintremy@orange.fr,collectivite_administration,correze,mairie collectivite,https://lannuaire.service-public.gouv.fr/nouvelle-aquitaine/correze/ad3e15e4-6873-4138-ab5b-8f06486ba734,Mairie - Saint-Rémy,official source: Annuaire de l'administration Service-public.fr
mairie.soursac@wanadoo.fr,collectivite_administration,correze,mairie collectivite,https://lannuaire.service-public.gouv.fr/nouvelle-aquitaine/correze/200e3894-8cef-4595-917a-fcff3933e5b1,Mairie - Soursac,official source: Annuaire de l'administration Service-public.fr
mairie.spdl19@gmail.com,collectivite_administration,correze,mairie collectivite,https://lannuaire.service-public.gouv.fr/nouvelle-aquitaine/correze/cd3309eb-93f8-4707-9307-24fd3237e236,Mairie - Saint-Pantaléon-de-Lapleau,official source: Annuaire de l'administration Service-public.fr
mairie.st-baziledelaroche@wanadoo.fr,collectivite_administration,correze,mairie collectivite,https://lannuaire.service-public.gouv.fr/nouvelle-aquitaine/correze/34015225-63e0-487f-835e-1dfb1d5b5f36,Mairie déléguée - Saint-Bazile-de-la-Roche,official source: Annuaire de l'administration Service-public.fr
mairie.st.germain.les.vergnes@wanadoo.fr,collectivite_administration,correze,mairie collectivite,https://lannuaire.service-public.gouv.fr/nouvelle-aquitaine/correze/17976c45-80f6-4f26-a189-136ef7fc78a0,Mairie - Saint-Germain-les-Vergnes,official source: Annuaire de l'administration Service-public.fr
mairie.st.martial.gimel@wanadoo.fr,collectivite_administration,correze,mairie collectivite,https://lannuaire.service-public.gouv.fr/nouvelle-aquitaine/correze/2c5eda92-4dce-4b04-97ef-b1433cd3fb67,Mairie - Saint-Martial-de-Gimel,official source: Annuaire de l'administration Service-public.fr
mairie.stbonnetenfantier@orange.fr,collectivite_administration,correze,mairie collectivite,https://lannuaire.service-public.gouv.fr/nouvelle-aquitaine/correze/fde0d532-16b9-48f6-9671-b2c76fb6fb52,Mairie - Saint-Bonnet-l Enfantier,official source: Annuaire de l'administration Service-public.fr
mairie.stefereole@wanadoo.fr,collectivite_administration,correze,mairie collectivite,https://lannuaire.service-public.gouv.fr/nouvelle-aquitaine/correze/368873dd-ad07-4e1f-b380-37c198e72347,Mairie - Sainte-Féréole,official source: Annuaire de l'administration Service-public.fr
mairie.stemarielapanouze@gmail.com,collectivite_administration,correze,mairie collectivite,https://lannuaire.service-public.gouv.fr/nouvelle-aquitaine/correze/d3e5ea4b-d1d5-43f6-93c4-624e9b60e7ac,Mairie - Sainte-Marie-Lapanouze,official source: Annuaire de l'administration Service-public.fr
mairie.stetiennelageneste@orange.fr,collectivite_administration,correze,mairie collectivite,https://lannuaire.service-public.gouv.fr/nouvelle-aquitaine/correze/afc031e8-2a77-4830-b35b-1a39e68b195a,Mairie - Saint-Étienne-la-Geneste,official source: Annuaire de l'administration Service-public.fr
mairie.stexuperylesroches@wanadoo.fr,collectivite_administration,correze,mairie collectivite,https://lannuaire.service-public.gouv.fr/nouvelle-aquitaine/correze/60af7a11-192f-410d-9f6d-e879a2c2b742,Mairie - Saint-Exupéry-les-Roches,official source: Annuaire de l'administration Service-public.fr
mairie.stfrejoux@gmail.com,collectivite_administration,correze,mairie collectivite,https://lannuaire.service-public.gouv.fr/nouvelle-aquitaine/correze/5b4bf84c-ca47-4b0d-abc6-21fde7d94c0a,Mairie - Saint-Fréjoux,official source: Annuaire de l'administration Service-public.fr
mairie.stjal@wanadoo.fr,collectivite_administration,correze,mairie collectivite,https://lannuaire.service-public.gouv.fr/nouvelle-aquitaine/correze/1bc17752-5b45-4cbf-8bc9-2edc5f774089,Mairie - Saint-Jal,official source: Annuaire de l'administration Service-public.fr
mairie.stpriest@gmail.com,collectivite_administration,correze,mairie collectivite,https://lannuaire.service-public.gouv.fr/nouvelle-aquitaine/correze/c6b8d075-ef48-4b3e-908d-441ba66c93bc,Mairie - Saint-Priest-de-Gimel,official source: Annuaire de l'administration Service-public.fr
mairie.stsetiers@wanadoo.fr,collectivite_administration,correze,mairie collectivite,https://lannuaire.service-public.gouv.fr/nouvelle-aquitaine/correze/f8b46ecf-b160-49c1-b08e-782eb82cb600,Mairie - Saint-Setiers,official source: Annuaire de l'administration Service-public.fr
mairie.tarnac@orange.fr,collectivite_administration,correze,mairie collectivite,https://lannuaire.service-public.gouv.fr/nouvelle-aquitaine/correze/5c747e2d-aef3-4b21-86a2-716aa3c98a0f,Mairie - Tarnac,official source: Annuaire de l'administration Service-public.fr
mairie.thalamy@gmail.com,collectivite_administration,correze,mairie collectivite,https://lannuaire.service-public.gouv.fr/nouvelle-aquitaine/correze/1b798890-a634-4cc3-ad43-46236d585305,Mairie - Thalamy,official source: Annuaire de l'administration Service-public.fr
mairie.toy-viam@wanadoo.fr,collectivite_administration,correze,mairie collectivite,https://lannuaire.service-public.gouv.fr/nouvelle-aquitaine/correze/dc41cadb-6944-4c0a-bad4-98010117c904,Mairie - Toy-Viam,official source: Annuaire de l'administration Service-public.fr
mairie.troche@wanadoo.fr,collectivite_administration,correze,mairie collectivite,https://lannuaire.service-public.gouv.fr/nouvelle-aquitaine/correze/d655baf5-4798-459c-9599-55400c08f283,Mairie - Troche,official source: Annuaire de l'administration Service-public.fr
mairie.vegennes@wanadoo.fr,collectivite_administration,correze,mairie collectivite,https://lannuaire.service-public.gouv.fr/nouvelle-aquitaine/correze/279e50f0-cfc2-41be-9e4a-8124d4cb02c8,Mairie - Végennes,official source: Annuaire de l'administration Service-public.fr
mairie.veix@wanadoo.fr,collectivite_administration,correze,mairie collectivite,https://lannuaire.service-public.gouv.fr/nouvelle-aquitaine/correze/888f7695-d60f-4d3c-9740-c6d0d7885ab9,Mairie - Veix,official source: Annuaire de l'administration Service-public.fr
mairie804@orange.fr,collectivite_administration,correze,mairie collectivite,https://lannuaire.service-public.gouv.fr/nouvelle-aquitaine/correze/94bb363b-cefc-4ef9-b679-a456e30f5216,Mairie - Merlines,official source: Annuaire de l'administration Service-public.fr
mairie@albussac.fr,collectivite_administration,correze,mairie collectivite,https://lannuaire.service-public.gouv.fr/nouvelle-aquitaine/correze/16bb8103-0a66-4682-bd14-b41002da0a50,Mairie - Albussac,official source: Annuaire de l'administration Service-public.fr
mairie@allassac.fr,collectivite_administration,correze,mairie collectivite,https://lannuaire.service-public.gouv.fr/nouvelle-aquitaine/correze/5b314520-c94b-4360-af71-b21232d836b0,Mairie - Allassac,official source: Annuaire de l'administration Service-public.fr
mairie@alleyrat19.fr,collectivite_administration,correze,mairie collectivite,https://lannuaire.service-public.gouv.fr/nouvelle-aquitaine/correze/cadf0a9c-0b7c-4d80-9702-3738a2515ddc,Mairie - Alleyrat,official source: Annuaire de l'administration Service-public.fr
mairie@argentat-sur-dordogne.fr,collectivite_administration,correze,mairie collectivite,https://lannuaire.service-public.gouv.fr/nouvelle-aquitaine/correze/be4a305a-5864-4385-97af-8d25a3c8269c,Centre communal d'action sociale (CCAS) - Argentat-sur-Dordogne,official source: Annuaire de l'administration Service-public.fr
mairie@bassignaclehaut.fr,collectivite_administration,correze,mairie collectivite,https://lannuaire.service-public.gouv.fr/nouvelle-aquitaine/correze/6f033302-aded-4a9f-9d7f-d0ac605ca16c,Mairie - Bassignac-le-Haut,official source: Annuaire de l'administration Service-public.fr
mairie@beynat.fr,collectivite_administration,correze,mairie collectivite,https://lannuaire.service-public.gouv.fr/nouvelle-aquitaine/correze/ecbbd14a-5918-4027-8438-1227d6463a8f,Mairie - Beynat,official source: Annuaire de l'administration Service-public.fr
mairie@beyssenac.com,collectivite_administration,correze,mairie collectivite,https://lannuaire.service-public.gouv.fr/nouvelle-aquitaine/correze/1d70a335-77a9-4528-8363-94094673ca16,Mairie - Beyssenac,official source: Annuaire de l'administration Service-public.fr
mairie@bort-les-orgues.com,collectivite_administration,correze,mairie collectivite,https://lannuaire.service-public.gouv.fr/nouvelle-aquitaine/correze/c2cac9cf-a7c3-483b-9d23-6eb68c251fef,Mairie - Bort-les-Orgues,official source: Annuaire de l'administration Service-public.fr
mairie@branceilles.fr,collectivite_administration,correze,mairie collectivite,https://lannuaire.service-public.gouv.fr/nouvelle-aquitaine/correze/ac3dbb7a-5f1a-412f-9aaf-f6985f508ec6,Mairie - Branceilles,official source: Annuaire de l'administration Service-public.fr
mairie@bugeat.fr,collectivite_administration,correze,mairie collectivite,https://lannuaire.service-public.gouv.fr/nouvelle-aquitaine/correze/1bf025c9-667e-4108-b558-96b8fc61f636,Mairie - Bugeat,official source: Annuaire de l'administration Service-public.fr
mairie@camps.correze.net,collectivite_administration,correze,mairie collectivite,https://lannuaire.service-public.gouv.fr/nouvelle-aquitaine/correze/30f3277d-bc5c-42f2-8b71-92113d1a74ba,Mairie - Camps-Saint-Mathurin-Léobazel,official source: Annuaire de l'administration Service-public.fr
mairie@champagnaclanoaille.fr,collectivite_administration,correze,mairie collectivite,https://lannuaire.service-public.gouv.fr/nouvelle-aquitaine/correze/6afac16d-018e-4dec-bf91-5888963bc3dc,Mairie - Champagnac-la-Noaille,official source: Annuaire de l'administration Service-public.fr
mairie@chanaclesmines.fr,collectivite_administration,correze,mairie collectivite,https://lannuaire.service-public.gouv.fr/nouvelle-aquitaine/correze/c4908098-246d-4bb3-a17e-8a669f66f3bd,Mairie - Chanac-les-Mines,official source: Annuaire de l'administration Service-public.fr
mairie@chanteix.fr,collectivite_administration,correze,mairie collectivite,https://lannuaire.service-public.gouv.fr/nouvelle-aquitaine/correze/4637b2df-5e14-4a69-a0a0-d8bb7cd67309,Mairie - Chanteix,official source: Annuaire de l'administration Service-public.fr
mairie@chartrier-ferriere.fr,collectivite_administration,correze,mairie collectivite,https://lannuaire.service-public.gouv.fr/nouvelle-aquitaine/correze/721fe7bf-d758-4d96-b9d1-44992414bcc4,Mairie - Chartrier-Ferrière,official source: Annuaire de l'administration Service-public.fr
mairie@communedesaintjulienauxbois.fr,collectivite_administration,correze,mairie collectivite,https://lannuaire.service-public.gouv.fr/nouvelle-aquitaine/correze/857f5c1a-3e4b-43d6-ba4a-2e07ebbd8d3c,Mairie - Saint-Julien-aux-Bois,official source: Annuaire de l'administration Service-public.fr
mairie@cublac.fr,collectivite_administration,correze,mairie collectivite,https://lannuaire.service-public.gouv.fr/nouvelle-aquitaine/correze/85dfefca-e36a-4214-9eba-02cb8329524a,Mairie - Cublac,official source: Annuaire de l'administration Service-public.fr
mairie@curemonte.fr,collectivite_administration,correze,mairie collectivite,https://lannuaire.service-public.gouv.fr/nouvelle-aquitaine/correze/422aad8a-b353-4a8c-8ed2-140ab08eca3e,Mairie - Curemonte,official source: Annuaire de l'administration Service-public.fr
mairie@dampniat.com,collectivite_administration,correze,mairie collectivite,https://lannuaire.service-public.gouv.fr/nouvelle-aquitaine/correze/97301567-94fe-4dbd-a769-c456a0d2da7b,Mairie - Dampniat,official source: Annuaire de l'administration Service-public.fr
mairie@donzenac19.fr,collectivite_administration,correze,mairie collectivite,https://lannuaire.service-public.gouv.fr/nouvelle-aquitaine/correze/40e562a1-5815-4c6b-8512-42260ea4fda0,Mairie - Donzenac,official source: Annuaire de l'administration Service-public.fr
mairie@hautefage.fr,collectivite_administration,correze,mairie collectivite,https://lannuaire.service-public.gouv.fr/nouvelle-aquitaine/correze/ab12f0d2-37e2-4d06-a619-387b0659e67b,Mairie - Hautefage,official source: Annuaire de l'administration Service-public.fr
mairie@jugeals-nazareth.fr,collectivite_administration,correze,mairie collectivite,https://lannuaire.service-public.gouv.fr/nouvelle-aquitaine/correze/6415bf41-aeed-41b0-949c-7bb9e0829b78,Mairie - Jugeals-Nazareth,official source: Annuaire de l'administration Service-public.fr
mairie@lagleygeolle.fr,collectivite_administration,correze,mairie collectivite,https://lannuaire.service-public.gouv.fr/nouvelle-aquitaine/correze/6ec55ec9-a6bb-42e2-8501-b501bbff4aca,Mairie - Lagleygeolle,official source: Annuaire de l'administration Service-public.fr
mairie@lagrauliere.fr,collectivite_administration,correze,mairie collectivite,https://lannuaire.service-public.gouv.fr/nouvelle-aquitaine/correze/71b79d93-db8a-4011-876f-99b1b76b1712,Mairie - Lagraulière,official source: Annuaire de l'administration Service-public.fr
mairie@lamazierebasse.fr,collectivite_administration,correze,mairie collectivite,https://lannuaire.service-public.gouv.fr/nouvelle-aquitaine/correze/b3571398-ffaa-48c2-9672-3ef0e635add1,Mairie - Lamazière-Basse,official source: Annuaire de l'administration Service-public.fr
mairie@larochecanillac.fr,collectivite_administration,correze,mairie collectivite,https://lannuaire.service-public.gouv.fr/nouvelle-aquitaine/correze/8f4025bc-a2e5-4d44-827b-5a83630b13a2,Mairie - La Roche-Canillac,official source: Annuaire de l'administration Service-public.fr
mairie@larochepresfeyt.fr,collectivite_administration,correze,mairie collectivite,https://lannuaire.service-public.gouv.fr/nouvelle-aquitaine/correze/9f0bf2fa-6b2e-4172-a9c3-afee2b00cef9,Mairie - Laroche-près-Feyt,official source: Annuaire de l'administration Service-public.fr
mairie@ligneyrac.fr,collectivite_administration,correze,mairie collectivite,https://lannuaire.service-public.gouv.fr/nouvelle-aquitaine/correze/707aa487-3bb8-4fcf-bb4b-4003ba027cc4,Mairie - Ligneyrac,official source: Annuaire de l'administration Service-public.fr
mairie@lissacsurcouze.fr,collectivite_administration,correze,mairie collectivite,https://lannuaire.service-public.gouv.fr/nouvelle-aquitaine/correze/204318d7-37a9-4df8-b90d-d490f4beba1c,Mairie - Lissac-sur-Couze,official source: Annuaire de l'administration Service-public.fr
mairie@malemort.org,collectivite_administration,correze,mairie collectivite,https://lannuaire.service-public.gouv.fr/nouvelle-aquitaine/correze/5280177e-bcbb-4034-92e1-9b84deed0f97,Mairie - Malemort,official source: Annuaire de l'administration Service-public.fr
mairie@mansac.fr,collectivite_administration,correze,mairie collectivite,https://lannuaire.service-public.gouv.fr/nouvelle-aquitaine/correze/b3994d5f-5057-46bc-9dc4-e46bb8e943a5,Mairie - Mansac,official source: Annuaire de l'administration Service-public.fr
mairie@maussac.fr,collectivite_administration,correze,mairie collectivite,https://lannuaire.service-public.gouv.fr/nouvelle-aquitaine/correze/ccae7323-7410-4d72-a986-b19e05b66b3d,Mairie - Maussac,official source: Annuaire de l'administration Service-public.fr
mairie@meymac.fr,collectivite_administration,correze,mairie collectivite,https://lannuaire.service-public.gouv.fr/nouvelle-aquitaine/correze/95f5a862-5598-4528-997a-23fff7aa2a6b,Mairie - Meymac,official source: Annuaire de l'administration Service-public.fr
mairie@meyssac.fr,collectivite_administration,correze,mairie collectivite,https://lannuaire.service-public.gouv.fr/nouvelle-aquitaine/correze/6be6d1ec-358e-4918-8ac7-e648147b8609,Mairie - Meyssac,official source: Annuaire de l'administration Service-public.fr
mairie@monceaux-sur-dordogne.fr,collectivite_administration,correze,mairie collectivite,https://lannuaire.service-public.gouv.fr/nouvelle-aquitaine/correze/11c38a29-b629-4a55-b7de-8e19e369c246,Mairie - Monceaux-sur-Dordogne,official source: Annuaire de l'administration Service-public.fr
mairie@monestiermerlines.fr,collectivite_administration,correze,mairie collectivite,https://lannuaire.service-public.gouv.fr/nouvelle-aquitaine/correze/6c70e29f-89c5-4192-abc8-2f16f5feaccf,Mairie - Monestier-Merlines,official source: Annuaire de l'administration Service-public.fr
mairie@montaignac-sur-doustre.fr,collectivite_administration,correze,mairie collectivite,https://lannuaire.service-public.gouv.fr/nouvelle-aquitaine/correze/2bafd5cb-af91-40de-a25f-fc43a737c227,Mairie - Montaignac-sur-Doustre,official source: Annuaire de l'administration Service-public.fr
mairie@nespouls.fr,collectivite_administration,correze,mairie collectivite,https://lannuaire.service-public.gouv.fr/nouvelle-aquitaine/correze/fca0eb6b-62fb-4fab-aac3-866e2a6a6d6d,Mairie - Nespouls,official source: Annuaire de l'administration Service-public.fr
mairie@neuvic19.fr,collectivite_administration,correze,mairie collectivite,https://lannuaire.service-public.gouv.fr/nouvelle-aquitaine/correze/99d87e4f-b62b-43c6-ba9a-0eea20e5ce33,Mairie - Neuvic,official source: Annuaire de l'administration Service-public.fr
mairie@noailhac19.fr,collectivite_administration,correze,mairie collectivite,https://lannuaire.service-public.gouv.fr/nouvelle-aquitaine/correze/95bdbd80-4d56-4f53-af7b-0479ef76c001,Mairie - Noailhac,official source: Annuaire de l'administration Service-public.fr
mairie@objat.fr,collectivite_administration,correze,mairie collectivite,https://lannuaire.service-public.gouv.fr/nouvelle-aquitaine/correze/8a0fa031-acd4-400c-8102-110ccfab1d93,Mairie - Objat,official source: Annuaire de l'administration Service-public.fr
mairie@orgnac.fr,collectivite_administration,correze,mairie collectivite,https://lannuaire.service-public.gouv.fr/nouvelle-aquitaine/correze/80c8b05a-8494-414d-bd3a-a017900d7cd7,Mairie - Orgnac-sur-Vézère,official source: Annuaire de l'administration Service-public.fr
mairie@orliacdebar.fr,collectivite_administration,correze,mairie collectivite,https://lannuaire.service-public.gouv.fr/nouvelle-aquitaine/correze/e644c333-a50b-4d87-aef9-fe8ee0623c4a,Mairie - Orliac-de-Bar,official source: Annuaire de l'administration Service-public.fr
mairie@palazinges.fr,collectivite_administration,correze,mairie collectivite,https://lannuaire.service-public.gouv.fr/nouvelle-aquitaine/correze/93d1a8b5-b309-47ae-89e5-bf58a9aa5644,Mairie - Palazinges,official source: Annuaire de l'administration Service-public.fr
mairie@peyrelevade.fr,collectivite_administration,correze,mairie collectivite,https://lannuaire.service-public.gouv.fr/nouvelle-aquitaine/correze/42254de3-c58f-4158-ac2d-f84ba77f8253,Mairie - Peyrelevade,official source: Annuaire de l'administration Service-public.fr
mairie@puy-darnac.fr,collectivite_administration,correze,mairie collectivite,https://lannuaire.service-public.gouv.fr/nouvelle-aquitaine/correze/6fa5072a-3e2c-4dbd-aa8a-51bab65f0125,Mairie - Puy-d Arnac,official source: Annuaire de l'administration Service-public.fr
mairie@saint-aulaire-correze.fr,collectivite_administration,correze,mairie collectivite,https://lannuaire.service-public.gouv.fr/nouvelle-aquitaine/correze/4ad958b4-8b47-4b65-be19-5778e22dec83,Mairie - Saint-Aulaire,official source: Annuaire de l'administration Service-public.fr
mairie@saint-privat-19.fr,collectivite_administration,correze,mairie collectivite,https://lannuaire.service-public.gouv.fr/nouvelle-aquitaine/correze/1808c6a5-76a8-49d3-8cf7-fed8095ca9ef,Mairie - Saint-Privat,official source: Annuaire de l'administration Service-public.fr
mairie@saint-salvadour.fr,collectivite_administration,correze,mairie collectivite,https://lannuaire.service-public.gouv.fr/nouvelle-aquitaine/correze/6b33c3be-3b7f-46c9-aa85-d44a8e4ec8ec,Mairie - Saint-Salvadour,official source: Annuaire de l'administration Service-public.fr
mairie@saint-solve.fr,collectivite_administration,correze,mairie collectivite,https://lannuaire.service-public.gouv.fr/nouvelle-aquitaine/correze/89a848f8-52cb-479f-b8d2-7d6bb957d1f9,Mairie - Saint-Solve,official source: Annuaire de l'administration Service-public.fr
mairie@saintsornin.fr,collectivite_administration,correze,mairie collectivite,https://lannuaire.service-public.gouv.fr/nouvelle-aquitaine/correze/842d8206-9ee2-4a9c-a02a-ae8fd4392a58,Mairie - Saint-Sornin-Lavolps,official source: Annuaire de l'administration Service-public.fr
mairie@saintviance.fr,collectivite_administration,correze,mairie collectivite,https://lannuaire.service-public.gouv.fr/nouvelle-aquitaine/correze/cd74d44a-15a5-474d-b2c6-f9b15cb3407a,Mairie - Saint-Viance,official source: Annuaire de l'administration Service-public.fr
mairie@saintyrieixledejalat.fr,collectivite_administration,correze,mairie collectivite,https://lannuaire.service-public.gouv.fr/nouvelle-aquitaine/correze/28fb6c27-06be-4382-84ed-d31def1ba05d,Mairie - Saint-Yrieix-le-Déjalat,official source: Annuaire de l'administration Service-public.fr
mairie@salonlatour.fr,collectivite_administration,correze,mairie collectivite,https://lannuaire.service-public.gouv.fr/nouvelle-aquitaine/correze/7b77e71d-7833-4626-98dd-1a6c9017473c,Mairie - Salon-la-Tour,official source: Annuaire de l'administration Service-public.fr
mairie@serandon.fr,collectivite_administration,correze,mairie collectivite,https://lannuaire.service-public.gouv.fr/nouvelle-aquitaine/correze/a7101917-1376-476c-a73a-622a34ba1f38,Mairie - Sérandon,official source: Annuaire de l'administration Service-public.fr
mairie@serilhac.fr,collectivite_administration,correze,mairie collectivite,https://lannuaire.service-public.gouv.fr/nouvelle-aquitaine/correze/7bfe174c-6f2f-48a5-bf89-c1d527bede26,Mairie - Sérilhac,official source: Annuaire de l'administration Service-public.fr
mairie@sexcles.fr,collectivite_administration,correze,mairie collectivite,https://lannuaire.service-public.gouv.fr/nouvelle-aquitaine/correze/46fe521f-6d69-4597-9589-c36873c6e2fa,Centre communal d'action sociale (CCAS) - Sexcles,official source: Annuaire de l'administration Service-public.fr
mairie@sioniac.fr,collectivite_administration,correze,mairie collectivite,https://lannuaire.service-public.gouv.fr/nouvelle-aquitaine/correze/20b74d57-176c-4af0-b34c-c03d3c9c5f32,Mairie - Sioniac,official source: Annuaire de l'administration Service-public.fr
mairie@soudaine.fr,collectivite_administration,correze,mairie collectivite,https://lannuaire.service-public.gouv.fr/nouvelle-aquitaine/correze/a2019923-c180-4ec7-9f0d-ea6bcb78c6db,Mairie - Soudaine-Lavinadière,official source: Annuaire de l'administration Service-public.fr
mairie@stbonnetlariviere.fr,collectivite_administration,correze,mairie collectivite,https://lannuaire.service-public.gouv.fr/nouvelle-aquitaine/correze/860a7422-c4d6-498b-b160-26cb95e5856f,Mairie - Saint-Bonnet-la-Rivière,official source: Annuaire de l'administration Service-public.fr
mairie@stjulienlepelerin.fr,collectivite_administration,correze,mairie collectivite,https://lannuaire.service-public.gouv.fr/nouvelle-aquitaine/correze/7cc1a969-1e3b-483e-8945-840f6d221cfa,Mairie - Saint-Julien-le-Pèlerin,official source: Annuaire de l'administration Service-public.fr
mairie@stjulienlevendomois.fr,collectivite_administration,correze,mairie collectivite,https://lannuaire.service-public.gouv.fr/nouvelle-aquitaine/correze/ce7082eb-2b8b-42d6-909d-bdde218d5d0d,Mairie - Saint-Julien-le-Vendômois,official source: Annuaire de l'administration Service-public.fr
mairie@stsulpicelesbois.fr,collectivite_administration,correze,mairie collectivite,https://lannuaire.service-public.gouv.fr/nouvelle-aquitaine/correze/640255fc-4971-4d0a-a6f3-d64edd493c10,Mairie - Saint-Sulpice-les-Bois,official source: Annuaire de l'administration Service-public.fr
mairie@turenne.fr,collectivite_administration,correze,mairie collectivite,https://lannuaire.service-public.gouv.fr/nouvelle-aquitaine/correze/c4cb1f89-7dc0-4b18-83ad-a991f0b5c1fc,Mairie - Turenne,official source: Annuaire de l'administration Service-public.fr
mairie@ussel19.fr,collectivite_administration,correze,mairie collectivite,https://lannuaire.service-public.gouv.fr/nouvelle-aquitaine/correze/97798b4f-22f7-4efa-a8c5-bf05d6715b20,Mairie - Ussel,official source: Annuaire de l'administration Service-public.fr
mairie@varetz.com,collectivite_administration,correze,mairie collectivite,https://lannuaire.service-public.gouv.fr/nouvelle-aquitaine/correze/85d84f3a-a117-4da2-9723-87ea5d4809dd,Mairie - Varetz,official source: Annuaire de l'administration Service-public.fr
mairie@vigeois.fr,collectivite_administration,correze,mairie collectivite,https://lannuaire.service-public.gouv.fr/nouvelle-aquitaine/correze/4ab574a5-ed47-4df1-82af-d2abe1a4ddc3,Mairie - Vigeois,official source: Annuaire de l'administration Service-public.fr
mairie@ville-aubazine.fr,collectivite_administration,correze,mairie collectivite,https://lannuaire.service-public.gouv.fr/nouvelle-aquitaine/correze/2eea7ad9-9037-403b-a986-b3550aaa16bb,Mairie - Aubazine,official source: Annuaire de l'administration Service-public.fr
mairie@vitracsurmontane.fr,collectivite_administration,correze,mairie collectivite,https://lannuaire.service-public.gouv.fr/nouvelle-aquitaine/correze/2fefaa7c-c242-4ce8-ad8a-0d69d2a36dcc,Mairie - Vitrac-sur-Montane,official source: Annuaire de l'administration Service-public.fr
mairie@voutezac.fr,collectivite_administration,correze,mairie collectivite,https://lannuaire.service-public.gouv.fr/nouvelle-aquitaine/correze/8705dbdb-1d84-4373-b34f-1398cb2d9434,Mairie - Voutezac,official source: Annuaire de l'administration Service-public.fr
mairieastaillac@orange.fr,collectivite_administration,correze,mairie collectivite,https://lannuaire.service-public.gouv.fr/nouvelle-aquitaine/correze/78372e94-e60b-4733-b33f-669cbf8e3b32,Mairie - Astaillac,official source: Annuaire de l'administration Service-public.fr
mairiechameyrat@orange.fr,collectivite_administration,correze,mairie collectivite,https://lannuaire.service-public.gouv.fr/nouvelle-aquitaine/correze/428f646a-59ac-4ab7-b0b7-78cf2bcd10c8,Mairie - Chameyrat,official source: Annuaire de l'administration Service-public.fr
mairiechampagnaclaprune@orange.fr,collectivite_administration,correze,mairie collectivite,https://lannuaire.service-public.gouv.fr/nouvelle-aquitaine/correze/67582c79-04e4-4929-88b1-581cac44dfb4,Mairie - Champagnac-la-Prune,official source: Annuaire de l'administration Service-public.fr
mairieclergoux@orange.fr,collectivite_administration,correze,mairie collectivite,https://lannuaire.service-public.gouv.fr/nouvelle-aquitaine/correze/b97bac67-ab43-48fb-b95c-c78d346b8703,Mairie - Clergoux,official source: Annuaire de l'administration Service-public.fr
mairiedebar19@orange.fr,collectivite_administration,correze,mairie collectivite,https://lannuaire.service-public.gouv.fr/nouvelle-aquitaine/correze/61fab857-2b51-4044-a043-855eba554e56,Mairie - Bar,official source: Annuaire de l'administration Service-public.fr
mairiedebrignac@laposte.net,collectivite_administration,correze,mairie collectivite,https://lannuaire.service-public.gouv.fr/nouvelle-aquitaine/correze/d23511f5-46e6-4f59-bf7b-d0bf9855d253,Mairie - Brignac-la-Plaine,official source: Annuaire de l'administration Service-public.fr
mairiededarazac@orange.fr,collectivite_administration,correze,mairie collectivite,https://lannuaire.service-public.gouv.fr/nouvelle-aquitaine/correze/7cb023e7-3a9f-4913-9a52-1b906fb1f72b,Mairie - Darazac,official source: Annuaire de l'administration Service-public.fr
mairiededarnets@wanadoo.fr,collectivite_administration,correze,mairie collectivite,https://lannuaire.service-public.gouv.fr/nouvelle-aquitaine/correze/d8a288cc-f38a-4b22-868e-8ab16041c5a1,Mairie - Darnets,official source: Annuaire de l'administration Service-public.fr
mairiedefeyt@orange.fr,collectivite_administration,correze,mairie collectivite,https://lannuaire.service-public.gouv.fr/nouvelle-aquitaine/correze/a4251229-f9be-4363-8c66-6203c4ca17f3,Mairie - Feyt,official source: Annuaire de l'administration Service-public.fr
mairiedelestards@wanadoo.fr,collectivite_administration,correze,mairie collectivite,https://lannuaire.service-public.gouv.fr/nouvelle-aquitaine/correze/e011789b-2fec-4b72-801d-c233b292c0a1,Mairie - Lestards,official source: Annuaire de l'administration Service-public.fr
mairiedenaves@gmail.com,collectivite_administration,correze,mairie collectivite,https://lannuaire.service-public.gouv.fr/nouvelle-aquitaine/correze/0d0a4b02-a891-4fe0-8c1f-d22bb0072458,Mairie - Naves,official source: Annuaire de l'administration Service-public.fr
mairiedepeyrissac@orange.fr,collectivite_administration,correze,mairie collectivite,https://lannuaire.service-public.gouv.fr/nouvelle-aquitaine/correze/87b5069e-88f5-46f3-92da-c9e958e27ee9,Mairie - Peyrissac,official source: Annuaire de l'administration Service-public.fr
mairiedesainteloy@wanadoo.fr,collectivite_administration,correze,mairie collectivite,https://lannuaire.service-public.gouv.fr/nouvelle-aquitaine/correze/57cbac0d-13bb-422b-b18a-50de6d5bd898,Mairie - Saint-Éloy-les-Tuileries,official source: Annuaire de l'administration Service-public.fr
mairiedesegurlechateau@orange.fr,collectivite_administration,correze,mairie collectivite,https://lannuaire.service-public.gouv.fr/nouvelle-aquitaine/correze/776d2e00-e273-4d2f-a90e-0ad5c1426edf,Mairie - Ségur-le-Château,official source: Annuaire de l'administration Service-public.fr
mairiedestbonnetelvert@wanadoo.fr,collectivite_administration,correze,mairie collectivite,https://lannuaire.service-public.gouv.fr/nouvelle-aquitaine/correze/5fd923ef-a08e-4c38-a027-544e273ae4c0,Mairie - Saint-Bonnet-Elvert,official source: Annuaire de l'administration Service-public.fr
mairiedestivals@gmail.com,collectivite_administration,correze,mairie collectivite,https://lannuaire.service-public.gouv.fr/nouvelle-aquitaine/correze/91c2ba6e-02ca-4bd4-9c6e-95736ec9a98d,Mairie - Estivals,official source: Annuaire de l'administration Service-public.fr
mairiedevaliergues@wanadoo.fr,collectivite_administration,correze,mairie collectivite,https://lannuaire.service-public.gouv.fr/nouvelle-aquitaine/correze/29a570d0-2c2a-42f4-af22-c0e785302da9,Mairie - Valiergues,official source: Annuaire de l'administration Service-public.fr
mairiegourdonmurat@wanadoo.fr,collectivite_administration,correze,mairie collectivite,https://lannuaire.service-public.gouv.fr/nouvelle-aquitaine/correze/c14f3563-6c9e-47fe-a228-0783f1aacfe3,Mairie - Gourdon-Murat,official source: Annuaire de l'administration Service-public.fr
mairiegrandsaigne@wanadoo.fr,collectivite_administration,correze,mairie collectivite,https://lannuaire.service-public.gouv.fr/nouvelle-aquitaine/correze/41a9122b-da7b-4f63-afee-d76c2323f9cb,Mairie - Grandsaigne,official source: Annuaire de l'administration Service-public.fr
mairiegroschastang@wanadoo.fr,collectivite_administration,correze,mairie collectivite,https://lannuaire.service-public.gouv.fr/nouvelle-aquitaine/correze/00b905c5-5c01-4afa-a74d-375c89697675,Mairie - Gros-Chastang,official source: Annuaire de l'administration Service-public.fr
mairieladignac@wanadoo.fr,collectivite_administration,correze,mairie collectivite,https://lannuaire.service-public.gouv.fr/nouvelle-aquitaine/correze/67c0f496-0580-40df-b907-a6a6a37baceb,Mairie - Ladignac-sur-Rondelles,official source: Annuaire de l'administration Service-public.fr
mairielafage@wanadoo.fr,collectivite_administration,correze,mairie collectivite,https://lannuaire.service-public.gouv.fr/nouvelle-aquitaine/correze/e8fb39c0-972f-4b41-9b98-0f0b7a096e12,Mairie - Lafage-sur-Sombre,official source: Annuaire de l'administration Service-public.fr
mairielascaux@orange.fr,collectivite_administration,correze,mairie collectivite,https://lannuaire.service-public.gouv.fr/nouvelle-aquitaine/correze/a4457d46-f5fa-42db-bd46-697e53a0521e,Mairie - Lascaux,official source: Annuaire de l'administration Service-public.fr
mairiemarclatour@wanadoo.fr,collectivite_administration,correze,mairie collectivite,https://lannuaire.service-public.gouv.fr/nouvelle-aquitaine/correze/59db3e85-4b74-4389-bbcd-ca48bb3f2566,Mairie déléguée - Marc-la-Tour,official source: Annuaire de l'administration Service-public.fr
mairiemercoeur@wanadoo.fr,collectivite_administration,correze,mairie collectivite,https://lannuaire.service-public.gouv.fr/nouvelle-aquitaine/correze/68e0a6f2-91b3-406d-b407-3a08fe6e7f27,Mairie - Mercoeur,official source: Annuaire de l'administration Service-public.fr
mairiepradines19@orange.fr,collectivite_administration,correze,mairie collectivite,https://lannuaire.service-public.gouv.fr/nouvelle-aquitaine/correze/ccfdeaee-6a3d-4dd7-825e-f281ff59f7bb,Mairie - Pradines,official source: Annuaire de l'administration Service-public.fr
mairiesaintbonnetavalouze@wanadoo.fr,collectivite_administration,correze,mairie collectivite,https://lannuaire.service-public.gouv.fr/nouvelle-aquitaine/correze/1704fdb9-3188-4d8a-8c77-0af9c9c39589,Mairie déléguée - Saint-Bonnet-Avalouze,official source: Annuaire de l'administration Service-public.fr
mairiesaintpaul19@orange.fr,collectivite_administration,correze,mairie collectivite,https://lannuaire.service-public.gouv.fr/nouvelle-aquitaine/correze/e1d7e53b-d2c6-4bd0-aef7-92d3047b38e1,Mairie - Saint-Paul,official source: Annuaire de l'administration Service-public.fr
mairieserviereslechateau@orange.fr,collectivite_administration,correze,mairie collectivite,https://lannuaire.service-public.gouv.fr/nouvelle-aquitaine/correze/53f50fe5-1d70-4baf-afb2-2950e22406b2,Mairie - Servières-le-Château,official source: Annuaire de l'administration Service-public.fr
mairiesoudeille@wanadoo.fr,collectivite_administration,correze,mairie collectivite,https://lannuaire.service-public.gouv.fr/nouvelle-aquitaine/correze/f6017fbc-4e4e-48a1-a361-68fb668886ba,Mairie - Soudeilles,official source: Annuaire de l'administration Service-public.fr
mairiestbonnetpresbort@wanadoo.fr,collectivite_administration,correze,mairie collectivite,https://lannuaire.service-public.gouv.fr/nouvelle-aquitaine/correze/1df4a09d-96c2-4f75-add6-8153c1d0c520,Mairie - Saint-Bonnet-près-Bort,official source: Annuaire de l'administration Service-public.fr
mairiesthilaireluc@gmail.com,collectivite_administration,correze,mairie collectivite,https://lannuaire.service-public.gouv.fr/nouvelle-aquitaine/correze/f82c3fec-2871-449c-a620-4671cb8571cd,Mairie - Saint-Hilaire-Luc,official source: Annuaire de l'administration Service-public.fr
mbazilemeyssac@wanadoo.fr,collectivite_administration,correze,mairie collectivite,https://lannuaire.service-public.gouv.fr/nouvelle-aquitaine/correze/e4cbb96b-dc6c-44d4-af75-4cc796e539fd,Mairie - Saint-Bazile-de-Meyssac,official source: Annuaire de l'administration Service-public.fr
noailles.correze@orange.fr,collectivite_administration,correze,mairie collectivite,https://lannuaire.service-public.gouv.fr/nouvelle-aquitaine/correze/9fa75f74-0ba2-49e4-bc51-f8d6ebbedeee,Mairie - Noailles,official source: Annuaire de l'administration Service-public.fr
nonards@mairie19.fr,collectivite_administration,correze,mairie collectivite,https://lannuaire.service-public.gouv.fr/nouvelle-aquitaine/correze/a3fc70f5-2fed-4b33-9537-0bcdd0f9a2a5,Mairie - Nonards,official source: Annuaire de l'administration Service-public.fr
pandrignes@wanadoo.fr,collectivite_administration,correze,mairie collectivite,https://lannuaire.service-public.gouv.fr/nouvelle-aquitaine/correze/ec76fa8e-79cd-484c-9a25-3a4077c65de2,Mairie - Pandrignes,official source: Annuaire de l'administration Service-public.fr
peret-bel-air@mairie19.fr,collectivite_administration,correze,mairie collectivite,https://lannuaire.service-public.gouv.fr/nouvelle-aquitaine/correze/ae3544bf-47ea-4b88-9cfa-09866952d419,Mairie - Péret-Bel-Air,official source: Annuaire de l'administration Service-public.fr
perols-sur-vezere@mairie19.fr,collectivite_administration,correze,mairie collectivite,https://lannuaire.service-public.gouv.fr/nouvelle-aquitaine/correze/ec9b5843-1257-4b9d-8d2c-559f06cd9d85,Mairie - Pérols-sur-Vézère,official source: Annuaire de l'administration Service-public.fr
rilhac-xaintrie@mairie19.fr,collectivite_administration,correze,mairie collectivite,https://lannuaire.service-public.gouv.fr/nouvelle-aquitaine/correze/9cdc64ad-9010-43f8-a11e-6e7dfd29dae6,Mairie - Rilhac-Xaintrie,official source: Annuaire de l'administration Service-public.fr
rilhac.treignac@wanadoo.fr,collectivite_administration,correze,mairie collectivite,https://lannuaire.service-public.gouv.fr/nouvelle-aquitaine/correze/68180fa5-620c-436a-ad62-ed5c0f07ad70,Mairie - Rilhac-Treignac,official source: Annuaire de l'administration Service-public.fr
saint-cirgues-la-loutre@mairie19.fr,collectivite_administration,correze,mairie collectivite,https://lannuaire.service-public.gouv.fr/nouvelle-aquitaine/correze/03701759-26fc-4aeb-9e1a-19c8d0de404a,Mairie - Saint-Cirgues-la-Loutre,official source: Annuaire de l'administration Service-public.fr
saint-pardoux-lortigier@mairie19.fr,collectivite_administration,correze,mairie collectivite,https://lannuaire.service-public.gouv.fr/nouvelle-aquitaine/correze/4895c5fc-489a-4862-a2a7-b8d973b506eb,Mairie - Saint-Pardoux-l Ortigier,official source: Annuaire de l'administration Service-public.fr
saint-victour@mairie19.fr,collectivite_administration,correze,mairie collectivite,https://lannuaire.service-public.gouv.fr/nouvelle-aquitaine/correze/77ec0f9d-af9f-46cf-bcf5-6abe2c4320f7,Mairie - Saint-Victour,official source: Annuaire de l'administration Service-public.fr
saint.cyprien@wanadoo.fr,collectivite_administration,correze,mairie collectivite,https://lannuaire.service-public.gouv.fr/nouvelle-aquitaine/correze/5b606c65-e856-4d32-af03-c0c17394e5f2,Mairie - Saint-Cyprien,official source: Annuaire de l'administration Service-public.fr
sarrouxsaintjulien@orange.fr,collectivite_administration,correze,mairie collectivite,https://lannuaire.service-public.gouv.fr/nouvelle-aquitaine/correze/cffd222b-8bd3-45d4-bfd2-1a6eaeb1801b,Mairie - Sarroux-Saint-Julien,official source: Annuaire de l'administration Service-public.fr
secretariat.mairie@lestrois-saints.fr,collectivite_administration,correze,mairie collectivite,https://lannuaire.service-public.gouv.fr/nouvelle-aquitaine/correze/657ffe2b-9c86-44e5-ae33-ac673223e07a,Mairie - Les Trois-Saints,official source: Annuaire de l'administration Service-public.fr
secretariat.mairie@saintclement19.fr,collectivite_administration,correze,mairie collectivite,https://lannuaire.service-public.gouv.fr/nouvelle-aquitaine/correze/1d05bb6a-f2cb-44bc-9815-ca8dd2c9b953,Mairie - Saint-Clément,official source: Annuaire de l'administration Service-public.fr
secretariat@benayes.fr,collectivite_administration,correze,mairie collectivite,https://lannuaire.service-public.gouv.fr/nouvelle-aquitaine/correze/9d7a79b1-b805-4bca-8235-f9afc95c723c,Mairie - Benayes,official source: Annuaire de l'administration Service-public.fr
secretariat@mairie-stmerd.fr,collectivite_administration,correze,mairie collectivite,https://lannuaire.service-public.gouv.fr/nouvelle-aquitaine/correze/e9f0bdaf-2b21-45b0-9ae7-06a132a71d3d,Mairie - Saint-Merd-de-Lapleau,official source: Annuaire de l'administration Service-public.fr
secretariat@mairiedelapleau-correze.net,collectivite_administration,correze,mairie collectivite,https://lannuaire.service-public.gouv.fr/nouvelle-aquitaine/correze/ae9d13d8-c400-4c94-83bf-8662e06715ef,Mairie - Lapleau,official source: Annuaire de l'administration Service-public.fr
secretariat@mairietreignac.fr,collectivite_administration,correze,mairie collectivite,https://lannuaire.service-public.gouv.fr/nouvelle-aquitaine/correze/d0909834-8312-4153-af7a-e31049f81e04,Mairie - Treignac,official source: Annuaire de l'administration Service-public.fr
secretariat@saint-cernin-de-larche.fr,collectivite_administration,correze,mairie collectivite,https://lannuaire.service-public.gouv.fr/nouvelle-aquitaine/correze/7166c9f9-2916-4925-a38a-c3257823f0cb,Mairie - Saint-Cernin-de-Larche,official source: Annuaire de l'administration Service-public.fr
secretariat@ville-lubersac.fr,collectivite_administration,correze,mairie collectivite,https://lannuaire.service-public.gouv.fr/nouvelle-aquitaine/correze/c6473f9d-0ad4-416f-9ecd-326fb345fa21,Mairie - Lubersac,official source: Annuaire de l'administration Service-public.fr
secretariat@ville-pompadour.fr,collectivite_administration,correze,mairie collectivite,https://lannuaire.service-public.gouv.fr/nouvelle-aquitaine/correze/3773d25f-adab-40c6-8b0d-9199a4204d86,Mairie - Arnac-Pompadour,official source: Annuaire de l'administration Service-public.fr
segonzac19.mairie@orange.fr,collectivite_administration,correze,mairie collectivite,https://lannuaire.service-public.gouv.fr/nouvelle-aquitaine/correze/0677163b-0b1c-490f-940b-1c0c0fe67de4,Mairie - Segonzac,official source: Annuaire de l'administration Service-public.fr
st.geniez.o.merle@wanadoo.fr,collectivite_administration,correze,mairie collectivite,https://lannuaire.service-public.gouv.fr/nouvelle-aquitaine/correze/75df9078-89c4-4525-86fa-e28285fbcf56,Mairie - Saint-Geniez-ô-Merle,official source: Annuaire de l'administration Service-public.fr
stbonnettoursmerle@wanadoo.fr,collectivite_administration,correze,mairie collectivite,https://lannuaire.service-public.gouv.fr/nouvelle-aquitaine/correze/97485d46-fbfc-4bd0-bfe5-e75df6588389,Mairie - Saint-Bonnet-les-Tours-de-Merle,official source: Annuaire de l'administration Service-public.fr
tudeils@mairie19.fr,collectivite_administration,correze,mairie collectivite,https://lannuaire.service-public.gouv.fr/nouvelle-aquitaine/correze/6426680a-e982-48fb-afa3-712563bc6bc6,Mairie - Tudeils,official source: Annuaire de l'administration Service-public.fr
ussacmairie@orange.fr,collectivite_administration,correze,mairie collectivite,https://lannuaire.service-public.gouv.fr/nouvelle-aquitaine/correze/20eec0f8-e735-4f5b-8500-709fada544df,Mairie - Ussac,official source: Annuaire de l'administration Service-public.fr
viam@mairie19.fr,collectivite_administration,correze,mairie collectivite,https://lannuaire.service-public.gouv.fr/nouvelle-aquitaine/correze/bb31cdd6-8e36-4bb4-98ea-d85c67d4eeba,Mairie - Viam,official source: Annuaire de l'administration Service-public.fr
yssandon@mairie19.fr,collectivite_administration,correze,mairie collectivite,https://lannuaire.service-public.gouv.fr/nouvelle-aquitaine/correze/12eb4a80-bd86-4f8c-a964-5e161a33c10b,Mairie - Yssandon,official source: Annuaire de l'administration Service-public.fr
maison.ados@pep19.org,protection_enfance,correze,maison des adolescents protection enfance,https://cerjep.fr/les-maisons-des-adolescents-mda/,MDA de la Correze,manual public source: maison des adolescents protection enfance
autonomie@correze.fr,structure,correze,maison france services,https://lannuaire.service-public.gouv.fr/nouvelle-aquitaine/correze/50081d42-e937-4afb-9d4c-513f49133563,Maison Départementale de l'Autonomie (MDA) de Corrèze,official source: Annuaire de l'administration Service-public.fr
maison-habitat@agglodebrive.fr,structure,correze,maison france services,https://lannuaire.service-public.gouv.fr/nouvelle-aquitaine/correze/ff205059-9cf1-4f5c-8688-5a6e7d77241b,Espace conseil France Rénov' - Brive-la-Gaillarde,official source: Annuaire de l'administration Service-public.fr
maisondepartementbugeat@correze.fr,structure,correze,maison france services,https://lannuaire.service-public.gouv.fr/nouvelle-aquitaine/correze/b5ac913c-5f5e-44d4-b1ed-0678fd825106,Maison du département - Corrèze - Bugeat,official source: Annuaire de l'administration Service-public.fr
maisondepartementlubersac@correze.fr,structure,correze,maison france services,https://lannuaire.service-public.gouv.fr/nouvelle-aquitaine/correze/49d2b938-a19a-4dd6-abb1-185b33d1e7e8,Maison du département - Corrèze - Lubersac,official source: Annuaire de l'administration Service-public.fr
maisonfranceservices@meymac.fr,structure,correze,maison france services,https://lannuaire.service-public.gouv.fr/nouvelle-aquitaine/correze/b553490a-2bab-4778-b6d0-32a6aa293811,France services - Meymac,official source: Annuaire de l'administration Service-public.fr
mjd-brive-la-gaillarde@justice.fr,structure,correze,maison france services,https://lannuaire.service-public.gouv.fr/nouvelle-aquitaine/correze/2928dff5-327e-49bc-99ed-ea2fed6c452e,Maison de justice et du droit  de Brive-la-Gaillarde,official source: Annuaire de l'administration Service-public.fr
contact@missionlocalebrive.fr,jeunesse_loisirs,correze,mission locale jeunesse insertion,https://lannuaire.service-public.gouv.fr/nouvelle-aquitaine/correze/8f33be8d-1d54-432b-9107-22556d1e27c5,Mission locale pour l'insertion professionnelle et sociale des jeunes (16-25 ans) - Brive-la-Gaillarde,official source: Annuaire de l'administration Service-public.fr
mlhautecorreze@orange.fr,jeunesse_loisirs,correze,mission locale jeunesse insertion,https://lannuaire.service-public.gouv.fr/nouvelle-aquitaine/correze/2b402f70-f203-42fc-abd1-34296f5f8354,Mission locale pour l'insertion professionnelle et sociale des jeunes (16-25 ans) - Ussel,official source: Annuaire de l'administration Service-public.fr
secretariat@mission-locale-tulle.fr,jeunesse_loisirs,correze,mission locale jeunesse insertion,https://lannuaire.service-public.gouv.fr/nouvelle-aquitaine/correze/b365dd59-b2ca-4dc0-9a05-25f5d475ee1f,Mission locale pour l'insertion professionnelle et sociale des jeunes (16-25 ans) - Égletons,official source: Annuaire de l'administration Service-public.fr
pref-associations@correze.gouv.fr,collectivite_administration,correze,prefecture administration,https://lannuaire.service-public.gouv.fr/nouvelle-aquitaine/correze/6804efb3-6855-42d0-8e3d-35181fa04023,Greffe des associations - Corrèze (Ussel),official source: Annuaire de l'administration Service-public.fr
pref-associations@corrèze.gouv.fr,collectivite_administration,correze,prefecture administration,https://lannuaire.service-public.gouv.fr/nouvelle-aquitaine/correze/d175e5a7-12e8-43a5-9187-106e7e20d220,Greffe des associations - Corrèze (Tulle),official source: Annuaire de l'administration Service-public.fr
prefecture@correze.gouv.fr,collectivite_administration,correze,prefecture administration,https://lannuaire.service-public.gouv.fr/nouvelle-aquitaine/correze/2a1276c7-8e97-4f39-b2b2-27bd76387565,Direction des sécurités - Corrèze,official source: Annuaire de l'administration Service-public.fr
sous-prefecture-brive@correze.gouv.fr,collectivite_administration,correze,prefecture administration,https://lannuaire.service-public.gouv.fr/nouvelle-aquitaine/correze/988f7a47-9a14-4e76-8555-5e7bcc477e17,Sous-préfecture - Brive-la-Gaillarde,official source: Annuaire de l'administration Service-public.fr
sp-brive@correze.gouv.fr,collectivite_administration,correze,prefecture administration,https://lannuaire.service-public.gouv.fr/nouvelle-aquitaine/correze/6d2b20bd-97c3-488d-a879-a86ebc9af437,Greffe des associations - Corrèze (Brive-la-Gaillarde),official source: Annuaire de l'administration Service-public.fr
contact@correze-sports-animations.fr,sport,correze,sports loisirs,https://www.tourismecorreze.com/fr/tourisme_detail/base_de_loisirs_les_aubaredes.html,Base de loisirs Les Aubaredes,manual public source: sports loisirs
cgt.educaction.limousin@gmail.com,syndicat,correze,syndicat education,https://ancien.cgteduc.fr/images/mouvements/mvt_2018/coordonnes_academiques.pdf,CGT Educ'action Limoges,manual public source: syndicat education
s2-19@limoges.snes.edu,syndicat,correze,syndicat education second degre,https://www.limoges.snes.edu/SNES-FSU-Correze.html,SNES-FSU Correze,manual public source: syndicat education second degre
ud19@cgt.fr,syndicat,correze,syndicat interprofessionnel,https://www.cgt-na.fr/nous-contacter/,CGT Nouvelle-Aquitaine - Correze,manual public source: syndicat interprofessionnel
snalc.limousin@gmail.com,syndicat,correze,syndicat lycees colleges,https://snalc-lyon.fr/wp-content/uploads/sites/3/2022/02/QU1462BIS.pdf,SNALC Limousin,manual public source: syndicat lycees colleges
contact@aliso.fr,jeunesse_loisirs,creuse,PIJ information jeunesse,https://lannuaire.service-public.gouv.fr/nouvelle-aquitaine/creuse/12a9cf52-237d-4f27-81ff-57ecb55b2eea,Bureau information jeunesse - Guéret,official source: Annuaire de l'administration Service-public.fr
contact@cavl-agora.asso.fr,jeunesse_loisirs,creuse,PIJ information jeunesse,https://lannuaire.service-public.gouv.fr/nouvelle-aquitaine/creuse/8ed3d383-64c3-4326-9889-e19065a05bb3,Point information jeunesse - Bourganeuf,official source: Annuaire de l'administration Service-public.fr
info.services@cavlagir.fr,jeunesse_loisirs,creuse,PIJ information jeunesse,https://lannuaire.service-public.gouv.fr/nouvelle-aquitaine/creuse/3ffdb94e-cafc-4f5a-bfe0-1ebcc82ac9cc,Centre information jeunesse - Auzances,official source: Annuaire de l'administration Service-public.fr
pij@mjclasout.fr,jeunesse_loisirs,creuse,PIJ information jeunesse,https://lannuaire.service-public.gouv.fr/nouvelle-aquitaine/creuse/e6ecff6e-8bdc-4a2c-a42a-726450c624ab,Point information jeunesse - La Souterraine,official source: Annuaire de l'administration Service-public.fr
tissages@orange.fr,jeunesse_loisirs,creuse,PIJ information jeunesse,https://lannuaire.service-public.gouv.fr/nouvelle-aquitaine/creuse/bd1ec0ff-d471-4aab-af74-43454e599dd1,Point information jeunesse - Genouillac,official source: Annuaire de l'administration Service-public.fr
vilaj.boussac@orange.fr,jeunesse_loisirs,creuse,PIJ information jeunesse,https://lannuaire.service-public.gouv.fr/nouvelle-aquitaine/creuse/d96154fc-4011-4bee-b7e6-0a23977b55fe,Point information jeunesse - Boussac-Bourg,official source: Annuaire de l'administration Service-public.fr
accueil2@stdiziermasbaraud.fr,collectivite_administration,creuse,administration collectivite service public,https://lannuaire.service-public.gouv.fr/nouvelle-aquitaine/creuse/610df374-7b5d-4822-9aa8-61de8e9e00a0,Centre communal d'action sociale (CCAS) - Saint-Dizier-Masbaraud,official source: Annuaire de l'administration Service-public.fr
accueil@ccbgb.fr,collectivite_administration,creuse,administration collectivite service public,https://lannuaire.service-public.gouv.fr/nouvelle-aquitaine/creuse/8ace3ce4-6837-4831-bdf6-08f3e9e3e803,Communauté de communes de Bénévent Grand Bourg,official source: Annuaire de l'administration Service-public.fr
accueil@ccpaysdunois.fr,collectivite_administration,creuse,administration collectivite service public,https://lannuaire.service-public.gouv.fr/nouvelle-aquitaine/creuse/485773dd-6a34-41c8-92ea-b37a5253099f,Communauté de communes du Pays Dunois,official source: Annuaire de l'administration Service-public.fr
accueil@creuse.chambagri.fr,collectivite_administration,creuse,administration collectivite service public,https://lannuaire.service-public.gouv.fr/nouvelle-aquitaine/creuse/d7989638-7024-45b4-870f-99e10c4f9ff8,Chambre d'agriculture - Creuse,official source: Annuaire de l'administration Service-public.fr
accueil@creusesudouest.fr,collectivite_administration,creuse,administration collectivite service public,https://lannuaire.service-public.gouv.fr/nouvelle-aquitaine/creuse/23c8e72b-2e5a-48ff-9ada-bc3546fbcae6,Communauté de communes - Creuse Sud Ouest,official source: Annuaire de l'administration Service-public.fr
accueil@marcheetcombraille.fr,collectivite_administration,creuse,administration collectivite service public,https://lannuaire.service-public.gouv.fr/nouvelle-aquitaine/creuse/429e91a1-9595-4493-b2b1-2703191d3e5c,Communauté de communes - Marche et Combrailles en Aquitaine,official source: Annuaire de l'administration Service-public.fr
accueil@portesdelacreuseenmarche.fr,collectivite_administration,creuse,administration collectivite service public,https://lannuaire.service-public.gouv.fr/nouvelle-aquitaine/creuse/d9c52379-4406-41d4-a17b-473fca6ffed5,Communauté de communes - Portes de la Creuse en Marche,official source: Annuaire de l'administration Service-public.fr
aidesociale@felletin.fr,collectivite_administration,creuse,administration collectivite service public,https://lannuaire.service-public.gouv.fr/nouvelle-aquitaine/creuse/e6848a56-32b7-4b0a-807b-20c8b413536a,Centre communal d'action sociale (CCAS) - Felletin,official source: Annuaire de l'administration Service-public.fr
animation-creuse@france-services.gouv.fr,collectivite_administration,creuse,administration collectivite service public,https://lannuaire.service-public.gouv.fr/nouvelle-aquitaine/creuse/ce807999-6cfe-4320-899f-dfca7602613d,France services - Guéret,official source: Annuaire de l'administration Service-public.fr
anne.menegon@ch-lasouterraine.fr,collectivite_administration,creuse,administration collectivite service public,https://lannuaire.service-public.gouv.fr/nouvelle-aquitaine/creuse/8f9853dd-2f82-4579-a958-3dfd31a03787,Point d'information local dédié aux personnes âgées - La Souterraine,official source: Annuaire de l'administration Service-public.fr
archives@creuse.fr,collectivite_administration,creuse,administration collectivite service public,https://lannuaire.service-public.gouv.fr/nouvelle-aquitaine/creuse/3c895c66-1667-4294-aebf-1b88ab2f2469,Archives départementales - Creuse,official source: Annuaire de l'administration Service-public.fr
ars-dd23-direction@ars.sante.fr,collectivite_administration,creuse,administration collectivite service public,https://lannuaire.service-public.gouv.fr/nouvelle-aquitaine/creuse/282a8662-f6ed-444c-bfc5-7dc8729b1cdc,Agence régionale de santé (ARS) - Délégation départementale - Creuse,official source: Annuaire de l'administration Service-public.fr
aubusson@france-services.gouv.fr,collectivite_administration,creuse,administration collectivite service public,https://lannuaire.service-public.gouv.fr/nouvelle-aquitaine/creuse/8c6c1b1e-40ad-4535-a455-1dc9e0265b9f,France services - Aubusson,official source: Annuaire de l'administration Service-public.fr
benevent-labbaye@france-services.gouv.fr,collectivite_administration,creuse,administration collectivite service public,https://lannuaire.service-public.gouv.fr/nouvelle-aquitaine/creuse/7383286a-f565-4499-bfa7-fbc9dc9b42b2,France services - Bénévent-l'Abbaye,official source: Annuaire de l'administration Service-public.fr
bonnat@france-services.gouv.fr,collectivite_administration,creuse,administration collectivite service public,https://lannuaire.service-public.gouv.fr/nouvelle-aquitaine/creuse/a81187bf-e993-4497-898e-d3b962e67f04,France services - Bonnat,official source: Annuaire de l'administration Service-public.fr
caue23@caue23.fr,collectivite_administration,creuse,administration collectivite service public,https://lannuaire.service-public.gouv.fr/nouvelle-aquitaine/creuse/05aed8f5-39ed-4a90-aa73-54c39194d4d4,"Conseil d'architecture, d'urbanisme et de l'environnement (CAUE) - Creuse",official source: Annuaire de l'administration Service-public.fr
ccas@ville-aubusson.fr,collectivite_administration,creuse,administration collectivite service public,https://lannuaire.service-public.gouv.fr/nouvelle-aquitaine/creuse/c653b055-8a6b-401e-9b0e-3b13d3c54e9e,Centre communal d'action sociale (CCAS) - Aubusson,official source: Annuaire de l'administration Service-public.fr
ccaslasout@orange.fr,collectivite_administration,creuse,administration collectivite service public,https://lannuaire.service-public.gouv.fr/nouvelle-aquitaine/creuse/5aa8e4ae-b570-474a-bf12-7c086a134f2d,Centre communal d'action sociale (CCAS) - La Souterraine,official source: Annuaire de l'administration Service-public.fr
cd.23@ordre.medecin.fr,collectivite_administration,creuse,administration collectivite service public,https://lannuaire.service-public.gouv.fr/nouvelle-aquitaine/creuse/6f7782c5-2b75-4cb5-86bd-db731f92f236,Conseil départemental de l'ordre des médecins - Creuse,official source: Annuaire de l'administration Service-public.fr
cdad-creuse@justice.fr,collectivite_administration,creuse,administration collectivite service public,https://lannuaire.service-public.gouv.fr/nouvelle-aquitaine/creuse/5038f52b-b606-40be-86a3-165780d25aee,Conseil départemental d'accès au droit de la Creuse,official source: Annuaire de l'administration Service-public.fr
ce.cio.creuse@ac-limoges.fr,collectivite_administration,creuse,administration collectivite service public,https://lannuaire.service-public.gouv.fr/nouvelle-aquitaine/creuse/8e68461c-7788-49b3-9ce4-583c97bc9ca4,Centre d'information et d'orientation (CIO) - Guéret,official source: Annuaire de l'administration Service-public.fr
ce.gretadulimousin.gueret@ac-limoges.fr,collectivite_administration,creuse,administration collectivite service public,https://lannuaire.service-public.gouv.fr/nouvelle-aquitaine/creuse/014964c3-0743-42ec-a909-321609644786,Greta Limousin - Site de Guéret,official source: Annuaire de l'administration Service-public.fr
ce.ia23@ac-limoges.fr,collectivite_administration,creuse,administration collectivite service public,https://lannuaire.service-public.gouv.fr/nouvelle-aquitaine/creuse/2bd93f82-98f8-4a85-a56c-1b23ec734055,Direction des services départementaux de l'Éducation nationale (DSDEN) - Creuse,official source: Annuaire de l'administration Service-public.fr
chambon-sur-voueize@france-services.gouv.fr,collectivite_administration,creuse,administration collectivite service public,https://lannuaire.service-public.gouv.fr/nouvelle-aquitaine/creuse/41ac11de-a5fe-481b-a103-cc77e615e603,France services - Chambon-sur-Voueize,official source: Annuaire de l'administration Service-public.fr
chenerailles@france-services.gouv.fr,collectivite_administration,creuse,administration collectivite service public,https://lannuaire.service-public.gouv.fr/nouvelle-aquitaine/creuse/ac34811f-792a-4aaa-bb02-2adb83f3cb00,France services - Chénérailles,official source: Annuaire de l'administration Service-public.fr
chg.cph-gueret@justice.fr,collectivite_administration,creuse,administration collectivite service public,https://lannuaire.service-public.gouv.fr/nouvelle-aquitaine/creuse/a10f70bf-8af6-48f0-a09d-a2a3c3c322ec,Conseil de prud'hommes de Guéret,official source: Annuaire de l'administration Service-public.fr
cliccreuseest@orange.fr,collectivite_administration,creuse,administration collectivite service public,https://lannuaire.service-public.gouv.fr/nouvelle-aquitaine/creuse/b1a6f74b-4ae0-47b2-8e68-f5ed9f1e1cab,Point d'information local dédié aux personnes âgées - Chénérailles,official source: Annuaire de l'administration Service-public.fr
codefi.ccsf23@dgfip.finances.gouv.fr,collectivite_administration,creuse,administration collectivite service public,https://lannuaire.service-public.gouv.fr/nouvelle-aquitaine/creuse/8835b204-5932-47b4-99cc-1fef5049a4ea,Comité départemental d’examen des difficultés des entreprises (Codefi)  - Creuse,official source: Annuaire de l'administration Service-public.fr
communication@sdis23.fr,collectivite_administration,creuse,administration collectivite service public,https://lannuaire.service-public.gouv.fr/nouvelle-aquitaine/creuse/5469b6a8-6437-4a5a-8414-e231fd83a532,Service départemental d'incendie et de secours (SDIS) - Creuse,official source: Annuaire de l'administration Service-public.fr
conciliateurfiscal23@dgfip.finances.gouv.fr,collectivite_administration,creuse,administration collectivite service public,https://lannuaire.service-public.gouv.fr/nouvelle-aquitaine/creuse/c74ee6aa-047e-4740-b7bf-0d91aeca13d4,Conciliateur fiscal départemental - Creuse,official source: Annuaire de l'administration Service-public.fr
contact.atelier23@reseau-canope.fr,collectivite_administration,creuse,administration collectivite service public,https://lannuaire.service-public.gouv.fr/nouvelle-aquitaine/creuse/724ec301-0f6a-4310-997e-8bd8cb20a98f,Atelier Canopé 23 - Guéret,official source: Annuaire de l'administration Service-public.fr
contact@bourganeuf.fr,collectivite_administration,creuse,administration collectivite service public,https://lannuaire.service-public.gouv.fr/nouvelle-aquitaine/creuse/143b82e5-e5cd-4dab-8f3b-6fca47d6e6b7,Centre communal d'action sociale (CCAS) - Bourganeuf,official source: Annuaire de l'administration Service-public.fr
contact@capemploi23.com,collectivite_administration,creuse,administration collectivite service public,https://lannuaire.service-public.gouv.fr/nouvelle-aquitaine/creuse/f3ec54d3-fabb-459c-a55f-2a66bc07dbe7,Cap emploi - Creuse,official source: Annuaire de l'administration Service-public.fr
contact@creuse-grand-sud.fr,collectivite_administration,creuse,administration collectivite service public,https://lannuaire.service-public.gouv.fr/nouvelle-aquitaine/creuse/ffa560f6-26e1-40c8-8204-01ed05d7c060,Communauté de communes - Creuse Grand Sud,official source: Annuaire de l'administration Service-public.fr
contact@creuse.cci.fr,collectivite_administration,creuse,administration collectivite service public,https://lannuaire.service-public.gouv.fr/nouvelle-aquitaine/creuse/daf48c2b-2983-4b5f-b55e-8dae4413e800,Chambre de commerce et d'industrie (CCI) 23 - Creuse - Siège de Guéret,official source: Annuaire de l'administration Service-public.fr
contact@creuseconfluence.com,collectivite_administration,creuse,administration collectivite service public,https://lannuaire.service-public.gouv.fr/nouvelle-aquitaine/creuse/bdf4be8a-aa7a-49a4-ad2c-1f51001014c6,Communauté de communes - Creuse Confluence,official source: Annuaire de l'administration Service-public.fr
contact@d23.ffbatiment.fr,collectivite_administration,creuse,administration collectivite service public,https://lannuaire.service-public.gouv.fr/nouvelle-aquitaine/creuse/c37b376f-2436-464c-b265-cdecb774d48b,Fédération française du bâtiment (FFB) - Creuse,official source: Annuaire de l'administration Service-public.fr
contact@lapalette23.fr,collectivite_administration,creuse,administration collectivite service public,https://lannuaire.service-public.gouv.fr/nouvelle-aquitaine/creuse/55882be8-3b78-46e3-92bf-9165ade5a0b4,France services - Dun-le-Palestel - LaPalette,official source: Annuaire de l'administration Service-public.fr
contact@spsti23-87.fr,collectivite_administration,creuse,administration collectivite service public,https://lannuaire.service-public.gouv.fr/nouvelle-aquitaine/creuse/ce058f58-2655-4534-93ce-8fbf5db5cc17,Association Creusoise interprofessionnelle de santé au travail (ACIST 23) - Guéret,official source: Annuaire de l'administration Service-public.fr
creuse@labo-terana.fr,collectivite_administration,creuse,administration collectivite service public,https://lannuaire.service-public.gouv.fr/nouvelle-aquitaine/creuse/158f0b1b-672d-403a-a209-2aabee68da12,Laboratoire départemental d'analyses - Creuse,official source: Annuaire de l'administration Service-public.fr
ddcspp-csj@creuse.gouv.fr,collectivite_administration,creuse,administration collectivite service public,https://lannuaire.service-public.gouv.fr/nouvelle-aquitaine/creuse/7401e5cb-6787-41a2-a3e3-3ad75cf51657,Mission d'accueil et d'information des associations (MAIA) -  Creuse,official source: Annuaire de l'administration Service-public.fr
ddetspp-renseignements@creuse.gouv.fr,collectivite_administration,creuse,administration collectivite service public,https://lannuaire.service-public.gouv.fr/nouvelle-aquitaine/creuse/cbd6ae5a-ea33-4cd0-b367-68c521b58cdc,Service de renseignement en droit du travail - Creuse,official source: Annuaire de l'administration Service-public.fr
ddetspp@creuse.gouv.fr,collectivite_administration,creuse,administration collectivite service public,https://lannuaire.service-public.gouv.fr/nouvelle-aquitaine/creuse/6085afa7-94ea-4462-9713-b07ab7fd99e6,"Direction départementale de l'emploi, du travail, des solidarités et de la protection des populations (DDETSPP) - Creuse",official source: Annuaire de l'administration Service-public.fr
ddfip23@dgfip.finances.gouv.fr,collectivite_administration,creuse,administration collectivite service public,https://lannuaire.service-public.gouv.fr/nouvelle-aquitaine/creuse/ee9879af-cd41-45d7-8d05-dbd77a962de4,Direction départementale des finances publiques (DDFIP) - Creuse,official source: Annuaire de l'administration Service-public.fr
ddsp23@interieur.gouv.fr,collectivite_administration,creuse,administration collectivite service public,https://lannuaire.service-public.gouv.fr/nouvelle-aquitaine/creuse/3c66f0b2-1eff-4969-a719-59e57d670854,Direction départementale de la police nationale (DDPN) - Creuse,official source: Annuaire de l'administration Service-public.fr
ddt-anah@creuse.gouv.fr,collectivite_administration,creuse,administration collectivite service public,https://lannuaire.service-public.gouv.fr/nouvelle-aquitaine/creuse/12ca4e28-10e4-43a3-8a02-567229b84766,Agence nationale de l'habitat (Anah) - Délégation locale - Creuse,official source: Annuaire de l'administration Service-public.fr
ddt@creuse.gouv.fr,collectivite_administration,creuse,administration collectivite service public,https://lannuaire.service-public.gouv.fr/nouvelle-aquitaine/creuse/25b1fc99-f947-422a-a4c0-4421bcf51571,Direction départementale des territoires (DDT) - Creuse,official source: Annuaire de l'administration Service-public.fr
direction.generale@agglo-grandgueret.fr,collectivite_administration,creuse,administration collectivite service public,https://lannuaire.service-public.gouv.fr/nouvelle-aquitaine/creuse/11b3f616-22c6-4e0d-b593-c83c9da31b31,Communauté d'agglomération - Grand Guéret,official source: Annuaire de l'administration Service-public.fr
dmd23.cmi.fct@intradef.gouv.fr,collectivite_administration,creuse,administration collectivite service public,https://lannuaire.service-public.gouv.fr/nouvelle-aquitaine/creuse/ced6318e-e148-453d-9a8c-5b55158e4927,Délégation militaire départementale (DMD) - Creuse,official source: Annuaire de l'administration Service-public.fr
franceservices.gouzon@creuseconfluence.com,collectivite_administration,creuse,administration collectivite service public,https://lannuaire.service-public.gouv.fr/nouvelle-aquitaine/creuse/e4d5b96c-1c21-49a0-81f6-ccca2cb74020,France services - Gouzon,official source: Annuaire de l'administration Service-public.fr
franceservices@ahun.fr,collectivite_administration,creuse,administration collectivite service public,https://lannuaire.service-public.gouv.fr/nouvelle-aquitaine/creuse/b322b8df-0a7e-47e2-9eff-69a89b8023f3,France services - Ahun,official source: Annuaire de l'administration Service-public.fr
franceservices@creuseconfluence.com,collectivite_administration,creuse,administration collectivite service public,https://lannuaire.service-public.gouv.fr/nouvelle-aquitaine/creuse/71f45268-6730-4207-a241-8f85eef8d4e7,France services - Boussac,official source: Annuaire de l'administration Service-public.fr
franceservices@saint-vaury.fr,collectivite_administration,creuse,administration collectivite service public,https://lannuaire.service-public.gouv.fr/nouvelle-aquitaine/creuse/7b8edeba-1246-48a5-b782-ee13803fea07,France services - Saint-Vaury,official source: Annuaire de l'administration Service-public.fr
franceservicescrocq@gmail.com,collectivite_administration,creuse,administration collectivite service public,https://lannuaire.service-public.gouv.fr/nouvelle-aquitaine/creuse/c85abac7-fc54-4d3e-8079-0a4711f8a979,France services - Crocq,official source: Annuaire de l'administration Service-public.fr
genouillac@france-services.gouv.fr,collectivite_administration,creuse,administration collectivite service public,https://lannuaire.service-public.gouv.fr/nouvelle-aquitaine/creuse/7d8a9e59-b73e-40cc-923d-52798c8d1067,France services - Genouillac,official source: Annuaire de l'administration Service-public.fr
ggd23@gendarmerie.interieur.gouv.fr,collectivite_administration,creuse,administration collectivite service public,https://lannuaire.service-public.gouv.fr/nouvelle-aquitaine/creuse/867cef69-6882-4d57-b974-3309f0c01b3a,Groupement de gendarmerie départementale - Creuse,official source: Annuaire de l'administration Service-public.fr
gueret@banque-france.fr,collectivite_administration,creuse,administration collectivite service public,https://lannuaire.service-public.gouv.fr/nouvelle-aquitaine/creuse/3e6ff583-7cbd-4dd5-b3ce-1da3077a0502,Banque de France - Bureau d’accueil et d’information - Guéret,official source: Annuaire de l'administration Service-public.fr
habitat@creuse.fr,collectivite_administration,creuse,administration collectivite service public,https://lannuaire.service-public.gouv.fr/nouvelle-aquitaine/creuse/64aaf9cc-006b-4904-9fe7-81bf2004cdee,Espace conseil France Rénov' - Guéret,official source: Annuaire de l'administration Service-public.fr
info@cdg23.fr,collectivite_administration,creuse,administration collectivite service public,https://lannuaire.service-public.gouv.fr/nouvelle-aquitaine/creuse/212a467f-dd31-4652-bad2-b26d1976b0c2,Centre de gestion de la fonction publique territoriale - Creuse,official source: Annuaire de l'administration Service-public.fr
infos@cco23.fr,collectivite_administration,creuse,administration collectivite service public,https://lannuaire.service-public.gouv.fr/nouvelle-aquitaine/creuse/1141f74f-0a09-406b-a982-ca24ceb0e687,Communauté de communes - Pays Sostranien,official source: Annuaire de l'administration Service-public.fr
la-courtine@france-services.gouv.fr,collectivite_administration,creuse,administration collectivite service public,https://lannuaire.service-public.gouv.fr/nouvelle-aquitaine/creuse/5f827172-d18c-4fa3-934f-35e8f0bda0ab,France services - La Courtine,official source: Annuaire de l'administration Service-public.fr
la-souterraine@france-service.gouv.fr,collectivite_administration,creuse,administration collectivite service public,https://lannuaire.service-public.gouv.fr/nouvelle-aquitaine/creuse/55c6655b-ec5b-446a-a3a9-2e9ba1b3bc9b,France services - La Souterraine,official source: Annuaire de l'administration Service-public.fr
lamallette.franceservices@orange.fr,collectivite_administration,creuse,administration collectivite service public,https://lannuaire.service-public.gouv.fr/nouvelle-aquitaine/creuse/a2e8dd55-b94a-4899-9562-05ec8b0ec5e0,France services - Sardent,official source: Annuaire de l'administration Service-public.fr
mathilde.sote@ac-limoges.fr,collectivite_administration,creuse,administration collectivite service public,https://lannuaire.service-public.gouv.fr/nouvelle-aquitaine/creuse/30aac2ee-6de8-49b3-8834-fc0b5fd01325,Délégué départemental à la vie associative (DDVA) - Creuse,official source: Annuaire de l'administration Service-public.fr
mediatheque@creuse.fr,collectivite_administration,creuse,administration collectivite service public,https://lannuaire.service-public.gouv.fr/nouvelle-aquitaine/creuse/91701d60-0313-4d29-8bc3-455850edfb42,Bibliothèque départementale - Creuse,official source: Annuaire de l'administration Service-public.fr
merinchal@france-services.gouv.fr,collectivite_administration,creuse,administration collectivite service public,https://lannuaire.service-public.gouv.fr/nouvelle-aquitaine/creuse/a23c6ca3-5da4-4ef2-a717-67d804319d02,France services  - Mérinchal,official source: Annuaire de l'administration Service-public.fr
ordre@avocats-creuse.com,collectivite_administration,creuse,administration collectivite service public,https://lannuaire.service-public.gouv.fr/nouvelle-aquitaine/creuse/8b42ea18-798f-427d-8112-080d414e226c,Ordre des avocats - Barreau de Guéret,official source: Annuaire de l'administration Service-public.fr
pcb@udaf23.fr,collectivite_administration,creuse,administration collectivite service public,https://lannuaire.service-public.gouv.fr/nouvelle-aquitaine/creuse/80cf7bb7-0a31-4eb3-9e6d-741e225eb375,Point conseil budget - Union départementale des associations familiales (UDAF 23) - Guéret,official source: Annuaire de l'administration Service-public.fr
peche23@orange.fr,collectivite_administration,creuse,administration collectivite service public,https://lannuaire.service-public.gouv.fr/nouvelle-aquitaine/creuse/e358c87d-b6c9-412c-a9ef-931482690846,Fédération départementale pour la pêche et la protection du milieu aquatique - Creuse,official source: Annuaire de l'administration Service-public.fr
pmi@creuse.fr,collectivite_administration,creuse,administration collectivite service public,https://lannuaire.service-public.gouv.fr/nouvelle-aquitaine/creuse/d1cc646c-f82f-4a66-804b-14f16e700b2a,Centre de protection maternelle et infantile (PMI) - Guéret,official source: Annuaire de l'administration Service-public.fr
r-gueret@douane.finances.gouv.fr,collectivite_administration,creuse,administration collectivite service public,https://lannuaire.service-public.gouv.fr/nouvelle-aquitaine/creuse/7832bbde-6f04-4a25-8541-180fd57bf04f,Bureau de douane - Guéret,official source: Annuaire de l'administration Service-public.fr
royere-de-vassiviere@france-services.gouv.fr,collectivite_administration,creuse,administration collectivite service public,https://lannuaire.service-public.gouv.fr/nouvelle-aquitaine/creuse/d60e73c0-04aa-44f5-ab3b-c5ccc5ea582f,France services - Royère-de-Vassivière,official source: Annuaire de l'administration Service-public.fr
saint-sebastien@france-services.gouv.fr,collectivite_administration,creuse,administration collectivite service public,https://lannuaire.service-public.gouv.fr/nouvelle-aquitaine/creuse/645acfcd-6734-46d3-8bec-b55971ee0c64,France services - Saint-Sébastien,official source: Annuaire de l'administration Service-public.fr
sd23@onacvg.fr,collectivite_administration,creuse,administration collectivite service public,https://lannuaire.service-public.gouv.fr/nouvelle-aquitaine/creuse/22e9aa88-0830-43c6-9532-89b382c1a11e,Office national des combattants et victimes de guerre (ONaCVG) - Service départemental - Creuse,official source: Annuaire de l'administration Service-public.fr
sdif.gueret@dgfip.finances.gouv.fr,collectivite_administration,creuse,administration collectivite service public,https://lannuaire.service-public.gouv.fr/nouvelle-aquitaine/creuse/79a1f75d-13f5-40a5-8f5e-ee1f091ca8a6,Service départemental des impôts foncier (SDIF) Creuse - Guéret,official source: Annuaire de l'administration Service-public.fr
secretariat@capeb23.fr,collectivite_administration,creuse,administration collectivite service public,https://lannuaire.service-public.gouv.fr/nouvelle-aquitaine/creuse/ff11bcce-662b-4cbb-b6e8-1061d49db712,Confédération départementale de l'artisanat et des petites entreprises du bâtiment  (Capeb) - Creuse,official source: Annuaire de l'administration Service-public.fr
sgc-direction@creuse.gouv.fr,collectivite_administration,creuse,administration collectivite service public,https://lannuaire.service-public.gouv.fr/nouvelle-aquitaine/creuse/c5ec5c41-cef5-41f8-b62e-1d910be71c06,Secrétariat général commun départemental - Creuse,official source: Annuaire de l'administration Service-public.fr
sgc.aubusson@dgfip.finances.gouv.fr,collectivite_administration,creuse,administration collectivite service public,https://lannuaire.service-public.gouv.fr/nouvelle-aquitaine/creuse/4bdddb84-deb6-4bc7-9c78-bbc45ea72af4,Service de gestion comptable (SGC) - Aubusson,official source: Annuaire de l'administration Service-public.fr
sgc.gueret@dgfip.finances.gouv.fr,collectivite_administration,creuse,administration collectivite service public,https://lannuaire.service-public.gouv.fr/nouvelle-aquitaine/creuse/47b55e4a-de6f-47ad-8d21-3809d874cd01,Service de gestion comptable (SGC) - Guéret,official source: Annuaire de l'administration Service-public.fr
sgc.lasouterraine@dgfip.finances.gouv.fr,collectivite_administration,creuse,administration collectivite service public,https://lannuaire.service-public.gouv.fr/nouvelle-aquitaine/creuse/5d0337a9-ac1a-4ba6-88f3-972ac9f22106,Service de gestion comptable (SGC) - La Souterraine,official source: Annuaire de l'administration Service-public.fr
spfe.creuse@dgfip.finances.gouv.fr,collectivite_administration,creuse,administration collectivite service public,https://lannuaire.service-public.gouv.fr/nouvelle-aquitaine/creuse/181289c1-2008-4c16-bad4-9dd9081d32b1,Service de la publicité foncière et de l'enregistrement (SPFE) - Guéret,official source: Annuaire de l'administration Service-public.fr
tj-gueret@justice.fr,collectivite_administration,creuse,administration collectivite service public,https://lannuaire.service-public.gouv.fr/nouvelle-aquitaine/creuse/62de4d61-7d7e-49de-bb9f-913f18edb154,Tribunal judiciaire de Guéret,official source: Annuaire de l'administration Service-public.fr
udap.creuse@culture.gouv.fr,collectivite_administration,creuse,administration collectivite service public,https://lannuaire.service-public.gouv.fr/nouvelle-aquitaine/creuse/83f6724d-17e6-484f-9e94-e3e72525bfcb,Unité départementale de l'architecture et du patrimoine (UDAP) - Creuse,official source: Annuaire de l'administration Service-public.fr
younes.oikaoui@haute-vienne.gouv.fr,collectivite_administration,creuse,administration collectivite service public,https://lannuaire.service-public.gouv.fr/nouvelle-aquitaine/creuse/f1b72b97-694b-4a06-b857-9060ccae4052,Bureau de l'éducation routière (BER) - Creuse,official source: Annuaire de l'administration Service-public.fr
secretariatdppa@creuse.fr,structure,creuse,departement solidarite autonomie accueil familial,https://www.creuse.fr/L-accueil-familial-1167,Conseil departemental de la Creuse - accueil familial,manual public source: departement solidarite autonomie accueil familial
accueil.mairie@roches23.fr,collectivite_administration,creuse,mairie collectivite,https://lannuaire.service-public.gouv.fr/nouvelle-aquitaine/creuse/a9969c0a-ada5-43dd-aa9f-15b402dea7c1,Mairie - Roches,official source: Annuaire de l'administration Service-public.fr
bussiere-nouvelle@wanadoo.fr,collectivite_administration,creuse,mairie collectivite,https://lannuaire.service-public.gouv.fr/nouvelle-aquitaine/creuse/1a6603da-cf04-4e66-9f9c-8b06375580a8,Mairie - Bussière-Nouvelle,official source: Annuaire de l'administration Service-public.fr
bussieredunoise@wanadoo.fr,collectivite_administration,creuse,mairie collectivite,https://lannuaire.service-public.gouv.fr/nouvelle-aquitaine/creuse/b7a3cd7f-588d-4004-bd62-7c9fc46973e5,Mairie - Bussière-Dunoise,official source: Annuaire de l'administration Service-public.fr
commune-auzances@auzances.fr,collectivite_administration,creuse,mairie collectivite,https://lannuaire.service-public.gouv.fr/nouvelle-aquitaine/creuse/6a1c1f08-e68b-424e-a335-e6ac98f67d9f,Mairie - Auzances,official source: Annuaire de l'administration Service-public.fr
commune-d-ars@orange.fr,collectivite_administration,creuse,mairie collectivite,https://lannuaire.service-public.gouv.fr/nouvelle-aquitaine/creuse/6ab5a96c-3674-4cda-aab4-8abd9bae387d,Mairie - Ars,official source: Annuaire de l'administration Service-public.fr
commune-de-jarnages@orange.fr,collectivite_administration,creuse,mairie collectivite,https://lannuaire.service-public.gouv.fr/nouvelle-aquitaine/creuse/09cc00cc-7d57-45bd-81af-59b015026301,Mairie - Jarnages,official source: Annuaire de l'administration Service-public.fr
commune-de-leyrat@orange.fr,collectivite_administration,creuse,mairie collectivite,https://lannuaire.service-public.gouv.fr/nouvelle-aquitaine/creuse/f9bf4d53-68b6-44bc-9489-90eb1482b8e3,Mairie - Leyrat,official source: Annuaire de l'administration Service-public.fr
commune.aulon@wanadoo.fr,collectivite_administration,creuse,mairie collectivite,https://lannuaire.service-public.gouv.fr/nouvelle-aquitaine/creuse/d8a050c8-d4ce-4d5f-a3c2-2cd085909517,Mairie - Aulon,official source: Annuaire de l'administration Service-public.fr
commune.de.chamborand@wanadoo.fr,collectivite_administration,creuse,mairie collectivite,https://lannuaire.service-public.gouv.fr/nouvelle-aquitaine/creuse/abbef724-092a-4109-b019-e32b35ad1d2d,Mairie - Chamborand,official source: Annuaire de l'administration Service-public.fr
commune.domeyrot@creuseconfluence.com,collectivite_administration,creuse,mairie collectivite,https://lannuaire.service-public.gouv.fr/nouvelle-aquitaine/creuse/ea067205-c4bf-418d-9a0a-7099c928ce7e,Mairie - Domeyrot,official source: Annuaire de l'administration Service-public.fr
commune.donzeil@orange.fr,collectivite_administration,creuse,mairie collectivite,https://lannuaire.service-public.gouv.fr/nouvelle-aquitaine/creuse/b37fca1d-3706-447b-9377-de54013adb18,Mairie - Le Donzeil,official source: Annuaire de l'administration Service-public.fr
commune.pierrefitte@creuseconfluence.com,collectivite_administration,creuse,mairie collectivite,https://lannuaire.service-public.gouv.fr/nouvelle-aquitaine/creuse/16bea130-f946-452c-b5bd-3dec55e414dc,Mairie - Pierrefitte,official source: Annuaire de l'administration Service-public.fr
commune.saint-silvain-sous-toulx@creuseconfluence.com,collectivite_administration,creuse,mairie collectivite,https://lannuaire.service-public.gouv.fr/nouvelle-aquitaine/creuse/f500f73e-04bb-42c5-bd8e-7c9f665dcd85,Mairie - Saint-Silvain-sous-Toulx,official source: Annuaire de l'administration Service-public.fr
commune.saintgeorgeslapouge@wanadoo.fr,collectivite_administration,creuse,mairie collectivite,https://lannuaire.service-public.gouv.fr/nouvelle-aquitaine/creuse/bff4bceb-4306-40de-b5e8-e9bef366b520,Mairie - Saint-Georges-la-Pouge,official source: Annuaire de l'administration Service-public.fr
commune.stmarien@orange.fr,collectivite_administration,creuse,mairie collectivite,https://lannuaire.service-public.gouv.fr/nouvelle-aquitaine/creuse/619b877b-4f8a-469b-bf2a-1f5352ad56c5,Mairie - Saint-Marien,official source: Annuaire de l'administration Service-public.fr
commune.stsilvain@orange.fr,collectivite_administration,creuse,mairie collectivite,https://lannuaire.service-public.gouv.fr/nouvelle-aquitaine/creuse/5753be7f-8155-471b-8b9a-040a0496b8cb,Mairie - Saint-Silvain-Bas-le-Roc,official source: Annuaire de l'administration Service-public.fr
commune.trois-fonds@creuseconfluence.com,collectivite_administration,creuse,mairie collectivite,https://lannuaire.service-public.gouv.fr/nouvelle-aquitaine/creuse/e3278d36-596a-43b7-8944-84a5082e06c9,Mairie - Trois-Fonds,official source: Annuaire de l'administration Service-public.fr
commune@boussac-bourg.fr,collectivite_administration,creuse,mairie collectivite,https://lannuaire.service-public.gouv.fr/nouvelle-aquitaine/creuse/c9094bd4-b6d7-454e-8cb4-d9971c179158,Mairie - Boussac-Bourg,official source: Annuaire de l'administration Service-public.fr
commune@merinchal.fr,collectivite_administration,creuse,mairie collectivite,https://lannuaire.service-public.gouv.fr/nouvelle-aquitaine/creuse/47bc6da8-4722-455c-9939-5ad37bc3c80a,Mairie - Mérinchal,official source: Annuaire de l'administration Service-public.fr
communearfeuille-chatain@orange.fr,collectivite_administration,creuse,mairie collectivite,https://lannuaire.service-public.gouv.fr/nouvelle-aquitaine/creuse/805364a9-de49-4eeb-acca-8aeec515a54a,Mairie - Arfeuille-Châtain,official source: Annuaire de l'administration Service-public.fr
communedauge@orange.fr,collectivite_administration,creuse,mairie collectivite,https://lannuaire.service-public.gouv.fr/nouvelle-aquitaine/creuse/a137c217-42f5-4696-91b4-85d4387a8e07,Mairie - Auge,official source: Annuaire de l'administration Service-public.fr
communedebanize@orange.fr,collectivite_administration,creuse,mairie collectivite,https://lannuaire.service-public.gouv.fr/nouvelle-aquitaine/creuse/80a45c51-c012-46bd-8a93-ec76910897db,Mairie - Banize,official source: Annuaire de l'administration Service-public.fr
communedejalesches@orange.fr,collectivite_administration,creuse,mairie collectivite,https://lannuaire.service-public.gouv.fr/nouvelle-aquitaine/creuse/b7a05ff3-9bfc-4814-9cbc-a4dc00360bf0,Mairie - Jalesches,official source: Annuaire de l'administration Service-public.fr
communedelafat@orange.fr,collectivite_administration,creuse,mairie collectivite,https://lannuaire.service-public.gouv.fr/nouvelle-aquitaine/creuse/38719962-6bf5-4c77-acf9-afc810d4cc62,Mairie - Lafat,official source: Annuaire de l'administration Service-public.fr
communedesardent@orange.fr,collectivite_administration,creuse,mairie collectivite,https://lannuaire.service-public.gouv.fr/nouvelle-aquitaine/creuse/67b28a6d-7f41-4c12-b572-d6a884cd447a,Mairie - Sardent,official source: Annuaire de l'administration Service-public.fr
communedesermur@orange.fr,collectivite_administration,creuse,mairie collectivite,https://lannuaire.service-public.gouv.fr/nouvelle-aquitaine/creuse/cd445c4e-dc10-41c9-8c1e-e4cc473c5a7d,Mairie - Sermur,official source: Annuaire de l'administration Service-public.fr
communelachapellebaloue@wanadoo.fr,collectivite_administration,creuse,mairie collectivite,https://lannuaire.service-public.gouv.fr/nouvelle-aquitaine/creuse/3c36ff76-af9b-4294-90af-3c3ce1a002dd,Mairie - La Chapelle-Baloue,official source: Annuaire de l'administration Service-public.fr
communelemasdartige@wanadoo.fr,collectivite_administration,creuse,mairie collectivite,https://lannuaire.service-public.gouv.fr/nouvelle-aquitaine/creuse/4678aa69-7f02-4e50-95d9-a63ba76a9e5b,Mairie - Le Mas-d Artige,official source: Annuaire de l'administration Service-public.fr
communemoutierdahun@orange.fr,collectivite_administration,creuse,mairie collectivite,https://lannuaire.service-public.gouv.fr/nouvelle-aquitaine/creuse/b8e692d8-4d95-4d0f-b944-3f2640b5aebf,Mairie - Moutier-d Ahun,official source: Annuaire de l'administration Service-public.fr
communepontarion@wanadoo.fr,collectivite_administration,creuse,mairie collectivite,https://lannuaire.service-public.gouv.fr/nouvelle-aquitaine/creuse/8311d0d7-e5b1-4b7f-8c84-c1ec6f9232a8,Mairie - Pontarion,official source: Annuaire de l'administration Service-public.fr
communestchabrais@orange.fr,collectivite_administration,creuse,mairie collectivite,https://lannuaire.service-public.gouv.fr/nouvelle-aquitaine/creuse/9dc398e5-0733-4304-b858-c525cac80b5b,Mairie - Saint-Chabrais,official source: Annuaire de l'administration Service-public.fr
communestefeyrelamontagne@orange.fr,collectivite_administration,creuse,mairie collectivite,https://lannuaire.service-public.gouv.fr/nouvelle-aquitaine/creuse/ec1eefe1-0131-4080-82ae-7984dadff6b6,Mairie - Sainte-Feyre-la-Montagne,official source: Annuaire de l'administration Service-public.fr
communestmaurice@orange.fr,collectivite_administration,creuse,mairie collectivite,https://lannuaire.service-public.gouv.fr/nouvelle-aquitaine/creuse/c07c18ec-cc7a-4636-8ede-6d5bb9ec801c,Mairie - Saint-Maurice-la-Souterraine,official source: Annuaire de l'administration Service-public.fr
communestpardouxmorterolles@orange.fr,collectivite_administration,creuse,mairie collectivite,https://lannuaire.service-public.gouv.fr/nouvelle-aquitaine/creuse/c47d6fd2-6915-45a2-b81c-3beacc98a0ef,Mairie - Saint-Pardoux-Morterolles,official source: Annuaire de l'administration Service-public.fr
contact@anzeme.fr,collectivite_administration,creuse,mairie collectivite,https://lannuaire.service-public.gouv.fr/nouvelle-aquitaine/creuse/60655997-8aba-497a-baa0-ef71fd46a469,Mairie - Anzême,official source: Annuaire de l'administration Service-public.fr
contact@aubusson.fr,collectivite_administration,creuse,mairie collectivite,https://lannuaire.service-public.gouv.fr/nouvelle-aquitaine/creuse/eb753128-9974-42b4-bd40-ca1805970c22,Mairie - Aubusson,official source: Annuaire de l'administration Service-public.fr
contact@felletin.fr,collectivite_administration,creuse,mairie collectivite,https://lannuaire.service-public.gouv.fr/nouvelle-aquitaine/creuse/9d82e4ad-eaf0-42ce-9758-787d91601ebe,Mairie - Felletin,official source: Annuaire de l'administration Service-public.fr
contact@legrandbourg23.fr,collectivite_administration,creuse,mairie collectivite,https://lannuaire.service-public.gouv.fr/nouvelle-aquitaine/creuse/9a58889f-a7fd-471e-97e8-05b8e5d5a83d,Mairie - Le Grand-Bourg,official source: Annuaire de l'administration Service-public.fr
contact@mairie-noth.com,collectivite_administration,creuse,mairie collectivite,https://lannuaire.service-public.gouv.fr/nouvelle-aquitaine/creuse/727ad427-e3e3-460b-9a7e-937199526c25,Mairie - Noth,official source: Annuaire de l'administration Service-public.fr
contact@mairiestsebastien.fr,collectivite_administration,creuse,mairie collectivite,https://lannuaire.service-public.gouv.fr/nouvelle-aquitaine/creuse/4f806f45-a7b5-4bdb-894c-53f1df6d90dc,Mairie - Saint-Sébastien,official source: Annuaire de l'administration Service-public.fr
contact@saintfiel.fr,collectivite_administration,creuse,mairie collectivite,https://lannuaire.service-public.gouv.fr/nouvelle-aquitaine/creuse/3022cb6e-42ec-4de6-8de2-f1150b365aac,Mairie - Saint-Fiel,official source: Annuaire de l'administration Service-public.fr
fleurat.mairie@gmail.com,collectivite_administration,creuse,mairie collectivite,https://lannuaire.service-public.gouv.fr/nouvelle-aquitaine/creuse/fa32c57a-af12-4a0b-bacd-02ee4c6afb4c,Mairie - Fleurat,official source: Annuaire de l'administration Service-public.fr
lamairiedesaintagnant@orange.fr,collectivite_administration,creuse,mairie collectivite,https://lannuaire.service-public.gouv.fr/nouvelle-aquitaine/creuse/b6dc68b7-ef48-4703-8dfb-c98f80bdada0,Mairie - Saint-Agnant-près-Crocq,official source: Annuaire de l'administration Service-public.fr
lavaveix-les-mines@wanadoo.fr,collectivite_administration,creuse,mairie collectivite,https://lannuaire.service-public.gouv.fr/nouvelle-aquitaine/creuse/f2ec1396-82c3-4430-a876-9e34d36bcaaf,Mairie - Lavaveix-les-Mines,official source: Annuaire de l'administration Service-public.fr
m-saint-maixant@wanadoo.fr,collectivite_administration,creuse,mairie collectivite,https://lannuaire.service-public.gouv.fr/nouvelle-aquitaine/creuse/caa758fc-ec30-42ec-a42a-3ddaa369a492,Mairie - Saint-Maixant,official source: Annuaire de l'administration Service-public.fr
maire.chamberaud@laposte.net,collectivite_administration,creuse,mairie collectivite,https://lannuaire.service-public.gouv.fr/nouvelle-aquitaine/creuse/81f6c0a3-2ba1-46c0-b7c6-f9a692295517,Mairie - Chamberaud,official source: Annuaire de l'administration Service-public.fr
mairie-ajain@orange.fr,collectivite_administration,creuse,mairie collectivite,https://lannuaire.service-public.gouv.fr/nouvelle-aquitaine/creuse/a6d22f6a-4c3c-45e6-8827-4e5ecf6099cd,Mairie - Ajain,official source: Annuaire de l'administration Service-public.fr
mairie-bazelat@wanadoo.fr,collectivite_administration,creuse,mairie collectivite,https://lannuaire.service-public.gouv.fr/nouvelle-aquitaine/creuse/3796a0b3-c85f-4f78-bad5-dcf3b13de830,Mairie - Bazelat,official source: Annuaire de l'administration Service-public.fr
mairie-budeliere@orange.fr,collectivite_administration,creuse,mairie collectivite,https://lannuaire.service-public.gouv.fr/nouvelle-aquitaine/creuse/4c2b1130-8e5d-4ca2-b240-d29b2aaef3e3,Mairie - Budelière,official source: Annuaire de l'administration Service-public.fr
mairie-chambon.sainte.croix@orange.fr,collectivite_administration,creuse,mairie collectivite,https://lannuaire.service-public.gouv.fr/nouvelle-aquitaine/creuse/db0bce1e-3e4b-4a98-8f10-790de4424112,Mairie - Chambon-Sainte-Croix,official source: Annuaire de l'administration Service-public.fr
mairie-champagnat@orange.fr,collectivite_administration,creuse,mairie collectivite,https://lannuaire.service-public.gouv.fr/nouvelle-aquitaine/creuse/baaa66b8-2400-4baa-befe-b2981eb2c2c1,Mairie - Champagnat,official source: Annuaire de l'administration Service-public.fr
mairie-chatelard@orange.fr,collectivite_administration,creuse,mairie collectivite,https://lannuaire.service-public.gouv.fr/nouvelle-aquitaine/creuse/dcbb1020-0ec2-4571-9c59-36e223b3e028,Mairie - Châtelard,official source: Annuaire de l'administration Service-public.fr
mairie-chatelusmalvaleix@wanadoo.fr,collectivite_administration,creuse,mairie collectivite,https://lannuaire.service-public.gouv.fr/nouvelle-aquitaine/creuse/58683bf9-b63a-41ba-9af0-765355afabaf,Mairie - Châtelus-Malvaleix,official source: Annuaire de l'administration Service-public.fr
mairie-clairavaux23@orange.fr,collectivite_administration,creuse,mairie collectivite,https://lannuaire.service-public.gouv.fr/nouvelle-aquitaine/creuse/95760ed0-ec83-401e-93ec-17b2dba3fb01,Mairie - Clairavaux,official source: Annuaire de l'administration Service-public.fr
mairie-crozant@wanadoo.fr,collectivite_administration,creuse,mairie collectivite,https://lannuaire.service-public.gouv.fr/nouvelle-aquitaine/creuse/62d2a3d9-7201-40bd-83a2-3ec80fbf5108,Mairie - Crozant,official source: Annuaire de l'administration Service-public.fr
mairie-croze23@orange.fr,collectivite_administration,creuse,mairie collectivite,https://lannuaire.service-public.gouv.fr/nouvelle-aquitaine/creuse/7dd23ebd-8fd0-4a54-a0d3-9ca96bd5c027,Mairie - Croze,official source: Annuaire de l'administration Service-public.fr
mairie-de-gioux@wanadoo.fr,collectivite_administration,creuse,mairie collectivite,https://lannuaire.service-public.gouv.fr/nouvelle-aquitaine/creuse/30669a0a-398b-410f-99bb-b535b7e46af1,Mairie - Gioux,official source: Annuaire de l'administration Service-public.fr
mairie-de-merinchal@wanadoo.fr,collectivite_administration,creuse,mairie collectivite,https://lannuaire.service-public.gouv.fr/nouvelle-aquitaine/creuse/5b045361-d2f6-4bce-9eb7-022b91f7c221,Centre communal d'action sociale (CCAS) - Mérinchal,official source: Annuaire de l'administration Service-public.fr
mairie-de-saint-yrieix-les-bois@wanadoo.fr,collectivite_administration,creuse,mairie collectivite,https://lannuaire.service-public.gouv.fr/nouvelle-aquitaine/creuse/26affc67-a48e-46b6-96ee-37a5c10e4800,Mairie - Saint-Yrieix-les-Bois,official source: Annuaire de l'administration Service-public.fr
mairie-dunlepalestel@orange.fr,collectivite_administration,creuse,mairie collectivite,https://lannuaire.service-public.gouv.fr/nouvelle-aquitaine/creuse/2bc66e5f-3e49-44aa-aac4-6f343c929ef1,Mairie - Dun-le-Palestel,official source: Annuaire de l'administration Service-public.fr
mairie-gartempe@orange.fr,collectivite_administration,creuse,mairie collectivite,https://lannuaire.service-public.gouv.fr/nouvelle-aquitaine/creuse/db1643c6-b028-4ec5-8f75-b5893ff2ae0c,Mairie - Gartempe,official source: Annuaire de l'administration Service-public.fr
mairie-la-villeneuve@orange.fr,collectivite_administration,creuse,mairie collectivite,https://lannuaire.service-public.gouv.fr/nouvelle-aquitaine/creuse/4fe55733-9481-4607-bf81-fa9b6ec56acd,Mairie - La Villeneuve,official source: Annuaire de l'administration Service-public.fr
mairie-lussat@wanadoo.fr,collectivite_administration,creuse,mairie collectivite,https://lannuaire.service-public.gouv.fr/nouvelle-aquitaine/creuse/9daf04a6-9e3e-49f3-95d4-c13658b26428,Mairie - Lussat,official source: Annuaire de l'administration Service-public.fr
mairie-magnat-letrange@wanadoo.fr,collectivite_administration,creuse,mairie collectivite,https://lannuaire.service-public.gouv.fr/nouvelle-aquitaine/creuse/2b8b7b47-c6dd-4f0b-a7e6-39dd79d1454a,Mairie - Magnat-l Étrange,official source: Annuaire de l'administration Service-public.fr
mairie-maisonnisses@wanadoo.fr,collectivite_administration,creuse,mairie collectivite,https://lannuaire.service-public.gouv.fr/nouvelle-aquitaine/creuse/5c464810-f304-4218-9d65-47f3b5d13388,Mairie - Maisonnisses,official source: Annuaire de l'administration Service-public.fr
mairie-nouzerines@orange.fr,collectivite_administration,creuse,mairie collectivite,https://lannuaire.service-public.gouv.fr/nouvelle-aquitaine/creuse/11ebb065-5f44-4ee9-8f48-0d33b45b7c03,Mairie - Nouzerines,official source: Annuaire de l'administration Service-public.fr
mairie-pontcharraud@orange.fr,collectivite_administration,creuse,mairie collectivite,https://lannuaire.service-public.gouv.fr/nouvelle-aquitaine/creuse/3dec24ac-b063-42d6-a78b-7e560c0e6cad,Mairie - Pontcharraud,official source: Annuaire de l'administration Service-public.fr
mairie-poussanges23@orange.fr,collectivite_administration,creuse,mairie collectivite,https://lannuaire.service-public.gouv.fr/nouvelle-aquitaine/creuse/23853e41-4403-427f-8bb3-572db5ecbf8a,Mairie - Poussanges,official source: Annuaire de l'administration Service-public.fr
mairie-st-frion@orange.fr,collectivite_administration,creuse,mairie collectivite,https://lannuaire.service-public.gouv.fr/nouvelle-aquitaine/creuse/8a7f1517-d5c1-485f-b2b0-0983318a47be,Mairie - Saint-Frion,official source: Annuaire de l'administration Service-public.fr
mairie-st-legerb@orange.fr,collectivite_administration,creuse,mairie collectivite,https://lannuaire.service-public.gouv.fr/nouvelle-aquitaine/creuse/0e9035a4-062d-429b-9af4-f86d6057e84d,Mairie - Saint-Léger-Bridereix,official source: Annuaire de l'administration Service-public.fr
mairie-stdizierlesdomaines@wanadoo.fr,collectivite_administration,creuse,mairie collectivite,https://lannuaire.service-public.gouv.fr/nouvelle-aquitaine/creuse/97508734-788c-4a70-afa2-3f43dd009d66,Mairie - Saint-Dizier-les-Domaines,official source: Annuaire de l'administration Service-public.fr
mairie-stlaurent@wanadoo.fr,collectivite_administration,creuse,mairie collectivite,https://lannuaire.service-public.gouv.fr/nouvelle-aquitaine/creuse/b6b1598b-6a89-487b-b0fb-0fcd9f1a2120,Mairie - Saint-Laurent,official source: Annuaire de l'administration Service-public.fr
mairie-valliere@wanadoo.fr,collectivite_administration,creuse,mairie collectivite,https://lannuaire.service-public.gouv.fr/nouvelle-aquitaine/creuse/8e9c230f-53b2-4114-9da0-d25060cb63b0,Mairie - Vallière,official source: Annuaire de l'administration Service-public.fr
mairie-vidaillat@wanadoo.fr,collectivite_administration,creuse,mairie collectivite,https://lannuaire.service-public.gouv.fr/nouvelle-aquitaine/creuse/9c2fcff1-c3b3-49d1-929a-c9d58df9e239,Mairie - Vidaillat,official source: Annuaire de l'administration Service-public.fr
mairie.ahun@wanadoo.fr,collectivite_administration,creuse,mairie collectivite,https://lannuaire.service-public.gouv.fr/nouvelle-aquitaine/creuse/4174d089-ee26-4e94-ae66-177703c676c4,Centre communal d'action sociale (CCAS) - Ahun,official source: Annuaire de l'administration Service-public.fr
mairie.alleyrat0987@orange.fr,collectivite_administration,creuse,mairie collectivite,https://lannuaire.service-public.gouv.fr/nouvelle-aquitaine/creuse/55caaab9-f02e-49c0-8b6d-c5a64f308bce,Mairie - Alleyrat,official source: Annuaire de l'administration Service-public.fr
mairie.arrenes@orange.fr,collectivite_administration,creuse,mairie collectivite,https://lannuaire.service-public.gouv.fr/nouvelle-aquitaine/creuse/ecba7e9b-a2ab-4aae-a560-fb47bf222be7,Mairie - Arrènes,official source: Annuaire de l'administration Service-public.fr
mairie.augeres@wanadoo.fr,collectivite_administration,creuse,mairie collectivite,https://lannuaire.service-public.gouv.fr/nouvelle-aquitaine/creuse/5d461ac4-e9e9-4514-be51-793f031be8a0,Mairie - Augères,official source: Annuaire de l'administration Service-public.fr
mairie.auriat@orange.fr,collectivite_administration,creuse,mairie collectivite,https://lannuaire.service-public.gouv.fr/nouvelle-aquitaine/creuse/4c1c5b1b-5bee-4f1f-bf98-8f6bcc22aa7f,Mairie - Auriat,official source: Annuaire de l'administration Service-public.fr
mairie.azat-chatenet@wanadoo.fr,collectivite_administration,creuse,mairie collectivite,https://lannuaire.service-public.gouv.fr/nouvelle-aquitaine/creuse/1aa0c350-5269-41ef-a51e-b6a1f45da830,Mairie - Azat-Châtenet,official source: Annuaire de l'administration Service-public.fr
mairie.azerables@wanadoo.fr,collectivite_administration,creuse,mairie collectivite,https://lannuaire.service-public.gouv.fr/nouvelle-aquitaine/creuse/c2c7b7f4-be7b-4438-93d9-b9b2cec0044f,Mairie - Azerables,official source: Annuaire de l'administration Service-public.fr
mairie.basville@orange.fr,collectivite_administration,creuse,mairie collectivite,https://lannuaire.service-public.gouv.fr/nouvelle-aquitaine/creuse/1a39f55c-efc0-49f8-9c98-c2768a1802ba,Mairie - Basville,official source: Annuaire de l'administration Service-public.fr
mairie.bellegarde23@orange.fr,collectivite_administration,creuse,mairie collectivite,https://lannuaire.service-public.gouv.fr/nouvelle-aquitaine/creuse/85e86360-7d6b-4c92-9f57-e3ed974002c1,Mairie - Bellegarde-en-Marche,official source: Annuaire de l'administration Service-public.fr
mairie.benevent@gmail.com,collectivite_administration,creuse,mairie collectivite,https://lannuaire.service-public.gouv.fr/nouvelle-aquitaine/creuse/2ba460a0-182b-4a44-9886-98cf1c703cb5,Mairie - Bénévent-l Abbaye,official source: Annuaire de l'administration Service-public.fr
mairie.betete@wanadoo.fr,collectivite_administration,creuse,mairie collectivite,https://lannuaire.service-public.gouv.fr/nouvelle-aquitaine/creuse/95bda508-2936-471b-8a49-35931003d92b,Mairie - Bétête,official source: Annuaire de l'administration Service-public.fr
mairie.blaudeix@orange.fr,collectivite_administration,creuse,mairie collectivite,https://lannuaire.service-public.gouv.fr/nouvelle-aquitaine/creuse/6f17c2f4-9c04-45f7-963b-94e3dd4c0575,Mairie déléguée - Blaudeix,official source: Annuaire de l'administration Service-public.fr
mairie.blessac@wanadoo.fr,collectivite_administration,creuse,mairie collectivite,https://lannuaire.service-public.gouv.fr/nouvelle-aquitaine/creuse/49aaa57e-3ee8-4ae3-ab63-a88c7cae694b,Mairie - Blessac,official source: Annuaire de l'administration Service-public.fr
mairie.bonnat@orange.fr,collectivite_administration,creuse,mairie collectivite,https://lannuaire.service-public.gouv.fr/nouvelle-aquitaine/creuse/74dccf68-6443-4774-bedd-a55d62ba5161,Mairie - Bonnat,official source: Annuaire de l'administration Service-public.fr
mairie.bosmoreau@orange.fr,collectivite_administration,creuse,mairie collectivite,https://lannuaire.service-public.gouv.fr/nouvelle-aquitaine/creuse/a399f394-4589-4369-8b5a-47f911a130b1,Mairie - Bosmoreau-les-Mines,official source: Annuaire de l'administration Service-public.fr
mairie.bosroger@wanadoo.fr,collectivite_administration,creuse,mairie collectivite,https://lannuaire.service-public.gouv.fr/nouvelle-aquitaine/creuse/ee629a1a-7d37-40fa-b018-df7e58462fe5,Mairie - Bosroger,official source: Annuaire de l'administration Service-public.fr
mairie.brousse@orange.fr,collectivite_administration,creuse,mairie collectivite,https://lannuaire.service-public.gouv.fr/nouvelle-aquitaine/creuse/f21c1138-b1f6-4bce-a078-7b415f915ee9,Mairie - Brousse,official source: Annuaire de l'administration Service-public.fr
mairie.bussiere@orange.fr,collectivite_administration,creuse,mairie collectivite,https://lannuaire.service-public.gouv.fr/nouvelle-aquitaine/creuse/967858c0-6ab7-4480-9a35-ccb8de767ccd,Mairie - Bussière-Saint-Georges,official source: Annuaire de l'administration Service-public.fr
mairie.ceyroux@wanadoo.fr,collectivite_administration,creuse,mairie collectivite,https://lannuaire.service-public.gouv.fr/nouvelle-aquitaine/creuse/5e36cfb8-6846-4681-9e95-1bdb49fd4289,Mairie - Ceyroux,official source: Annuaire de l'administration Service-public.fr
mairie.chambonchard@orange.fr,collectivite_administration,creuse,mairie collectivite,https://lannuaire.service-public.gouv.fr/nouvelle-aquitaine/creuse/e184f065-0f94-4a6c-bf2a-df0a3d80a8d2,Mairie - Chambonchard,official source: Annuaire de l'administration Service-public.fr
mairie.chambonsurvoueize@wanadoo.fr,collectivite_administration,creuse,mairie collectivite,https://lannuaire.service-public.gouv.fr/nouvelle-aquitaine/creuse/0f7f5b58-1c7f-44cd-97fc-2d6a88b2f7cd,Mairie - Chambon-sur-Voueize,official source: Annuaire de l'administration Service-public.fr
mairie.champsanglard@orange.fr,collectivite_administration,creuse,mairie collectivite,https://lannuaire.service-public.gouv.fr/nouvelle-aquitaine/creuse/1f28d7a9-047b-425a-92ba-0c6a6e135770,Mairie - Champsanglard,official source: Annuaire de l'administration Service-public.fr
mairie.chapelle-taillefert@orange.fr,collectivite_administration,creuse,mairie collectivite,https://lannuaire.service-public.gouv.fr/nouvelle-aquitaine/creuse/56ab41d4-b35a-4947-ad33-733e15295500,Mairie - La Chapelle-Taillefert,official source: Annuaire de l'administration Service-public.fr
mairie.chatelus.lemeix@wanadoo.fr,collectivite_administration,creuse,mairie collectivite,https://lannuaire.service-public.gouv.fr/nouvelle-aquitaine/creuse/a292569d-6765-4663-b44a-7795ab4bf883,Mairie - Châtelus-le-Marcheix,official source: Annuaire de l'administration Service-public.fr
mairie.chavanat@orange.fr,collectivite_administration,creuse,mairie collectivite,https://lannuaire.service-public.gouv.fr/nouvelle-aquitaine/creuse/37a364ec-bd9e-4386-8234-f867a358a222,Mairie - Chavanat,official source: Annuaire de l'administration Service-public.fr
mairie.chenerailles@wanadoo.fr,collectivite_administration,creuse,mairie collectivite,https://lannuaire.service-public.gouv.fr/nouvelle-aquitaine/creuse/7fc14d59-8409-479f-b562-36165f808938,Mairie - Chénérailles,official source: Annuaire de l'administration Service-public.fr
mairie.cheniers@orange.fr,collectivite_administration,creuse,mairie collectivite,https://lannuaire.service-public.gouv.fr/nouvelle-aquitaine/creuse/319de3c8-8cec-4aa7-bc52-2c9c29311ba9,Mairie - Chéniers,official source: Annuaire de l'administration Service-public.fr
mairie.clugnat@orange.fr,collectivite_administration,creuse,mairie collectivite,https://lannuaire.service-public.gouv.fr/nouvelle-aquitaine/creuse/112be179-7cca-4f48-8053-811cb733f50f,Centre communal d'action sociale (CCAS) - Clugnat,official source: Annuaire de l'administration Service-public.fr
mairie.colondannes@wanadoo.fr,collectivite_administration,creuse,mairie collectivite,https://lannuaire.service-public.gouv.fr/nouvelle-aquitaine/creuse/64f814d0-3901-40b9-a1ec-1c2321d79aa6,Mairie - Colondannes,official source: Annuaire de l'administration Service-public.fr
mairie.cressat@orange.fr,collectivite_administration,creuse,mairie collectivite,https://lannuaire.service-public.gouv.fr/nouvelle-aquitaine/creuse/e96a555f-bbfa-4de0-9a7b-73615266bfa5,Mairie - Cressat,official source: Annuaire de l'administration Service-public.fr
mairie.dontreix@orange.fr,collectivite_administration,creuse,mairie collectivite,https://lannuaire.service-public.gouv.fr/nouvelle-aquitaine/creuse/fb27f7f9-66b9-4253-bac6-5a62175752c1,Mairie - Dontreix,official source: Annuaire de l'administration Service-public.fr
mairie.fauxmazuras@orange.fr,collectivite_administration,creuse,mairie collectivite,https://lannuaire.service-public.gouv.fr/nouvelle-aquitaine/creuse/e81f9ba6-a81f-42f2-83ff-b15973a8764b,Mairie - Faux-Mazuras,official source: Annuaire de l'administration Service-public.fr
mairie.feniers@gmail.com,collectivite_administration,creuse,mairie collectivite,https://lannuaire.service-public.gouv.fr/nouvelle-aquitaine/creuse/67bfbce1-b079-4442-bda1-e9274dfa2c0f,Mairie - Féniers,official source: Annuaire de l'administration Service-public.fr
mairie.franseches@orange.fr,collectivite_administration,creuse,mairie collectivite,https://lannuaire.service-public.gouv.fr/nouvelle-aquitaine/creuse/c6d66c0a-d6fd-4bba-ac33-c878b8c07277,Mairie - Fransèches,official source: Annuaire de l'administration Service-public.fr
mairie.gentioux@wanadoo.fr,collectivite_administration,creuse,mairie collectivite,https://lannuaire.service-public.gouv.fr/nouvelle-aquitaine/creuse/f7eb640a-74d6-486e-9496-32d507d69113,Mairie - Gentioux-Pigerolles,official source: Annuaire de l'administration Service-public.fr
mairie.glenic@wanadoo.fr,collectivite_administration,creuse,mairie collectivite,https://lannuaire.service-public.gouv.fr/nouvelle-aquitaine/creuse/e010baa9-726e-40a3-b5b8-ae20488ade77,Mairie - Glénic,official source: Annuaire de l'administration Service-public.fr
mairie.issoudun.letrieix@wanadoo.fr,collectivite_administration,creuse,mairie collectivite,https://lannuaire.service-public.gouv.fr/nouvelle-aquitaine/creuse/65284445-be28-47c4-9dd9-245a17c90582,Mairie - Issoudun-Létrieix,official source: Annuaire de l'administration Service-public.fr
mairie.jouillat@orange.fr,collectivite_administration,creuse,mairie collectivite,https://lannuaire.service-public.gouv.fr/nouvelle-aquitaine/creuse/b56cbaac-be06-4a0a-9d37-6a4913e4bbbb,Mairie - Jouillat,official source: Annuaire de l'administration Service-public.fr
mairie.labrionne@wanadoo.fr,collectivite_administration,creuse,mairie collectivite,https://lannuaire.service-public.gouv.fr/nouvelle-aquitaine/creuse/5838f4bd-d359-412e-aab3-e447fa749096,Mairie - La Brionne,official source: Annuaire de l'administration Service-public.fr
mairie.lachapellesaintmartial@orange.fr,collectivite_administration,creuse,mairie collectivite,https://lannuaire.service-public.gouv.fr/nouvelle-aquitaine/creuse/da8e4ecb-4a21-4414-94d6-d375abbf9201,Mairie - La Chapelle-Saint-Martial,official source: Annuaire de l'administration Service-public.fr
mairie.laforetdutemple@orange.fr,collectivite_administration,creuse,mairie collectivite,https://lannuaire.service-public.gouv.fr/nouvelle-aquitaine/creuse/1dd296e5-135b-40a1-8968-fc2e1b8e9078,Mairie - La Forêt-du-Temple,official source: Annuaire de l'administration Service-public.fr
mairie.lamaziere23260@laposte.net,collectivite_administration,creuse,mairie collectivite,https://lannuaire.service-public.gouv.fr/nouvelle-aquitaine/creuse/67b4f7f0-55f2-4b23-8f80-d27623f99439,Mairie - La Mazière-aux-Bons-Hommes,official source: Annuaire de l'administration Service-public.fr
mairie.lapouge@orange.fr,collectivite_administration,creuse,mairie collectivite,https://lannuaire.service-public.gouv.fr/nouvelle-aquitaine/creuse/5971b245-5c3d-420d-965c-e2c79f906e1f,Mairie - La Pouge,official source: Annuaire de l'administration Service-public.fr
mairie.laserrebussierevieille@wanadoo.fr,collectivite_administration,creuse,mairie collectivite,https://lannuaire.service-public.gouv.fr/nouvelle-aquitaine/creuse/2f7e2b55-4e5a-42fe-83b4-a488fd975eb4,Mairie - La Serre-Bussière-Vieille,official source: Annuaire de l'administration Service-public.fr
mairie.lavilletelle@wanadoo.fr,collectivite_administration,creuse,mairie collectivite,https://lannuaire.service-public.gouv.fr/nouvelle-aquitaine/creuse/a2ad89e4-115d-4784-b370-229909986874,Mairie - La Villetelle,official source: Annuaire de l'administration Service-public.fr
mairie.le-bourg-dhem@wanadoo.fr,collectivite_administration,creuse,mairie collectivite,https://lannuaire.service-public.gouv.fr/nouvelle-aquitaine/creuse/249dcc50-cc75-4073-96ac-7a3d96eae341,Mairie - Le Bourg-d Hem,official source: Annuaire de l'administration Service-public.fr
mairie.lechauchet@ozone.net,collectivite_administration,creuse,mairie collectivite,https://lannuaire.service-public.gouv.fr/nouvelle-aquitaine/creuse/9d90e435-1aea-4478-9846-4bfde13703ac,Mairie - Le Chauchet,official source: Annuaire de l'administration Service-public.fr
mairie.lecompas997@orange.fr,collectivite_administration,creuse,mairie collectivite,https://lannuaire.service-public.gouv.fr/nouvelle-aquitaine/creuse/35c12ca2-f114-4157-a997-43e7d8c153cd,Mairie - Le Compas,official source: Annuaire de l'administration Service-public.fr
mairie.lepaud@wanadoo.fr,collectivite_administration,creuse,mairie collectivite,https://lannuaire.service-public.gouv.fr/nouvelle-aquitaine/creuse/1262a493-de82-4f7a-8ae0-3992097bfab4,Mairie - Lépaud,official source: Annuaire de l'administration Service-public.fr
mairie.lepinas@wanadoo.fr,collectivite_administration,creuse,mairie collectivite,https://lannuaire.service-public.gouv.fr/nouvelle-aquitaine/creuse/784c93b4-542c-44ad-8c81-663664b2f626,Mairie - Lépinas,official source: Annuaire de l'administration Service-public.fr
mairie.linard@wanadoo.fr,collectivite_administration,creuse,mairie collectivite,https://lannuaire.service-public.gouv.fr/nouvelle-aquitaine/creuse/f92a5ae5-5f13-4969-9712-5778671b670d,Mairie - Linard-Malval,official source: Annuaire de l'administration Service-public.fr
mairie.lioux-lesmonges@orange.fr,collectivite_administration,creuse,mairie collectivite,https://lannuaire.service-public.gouv.fr/nouvelle-aquitaine/creuse/22536994-e526-4405-9876-c712612a3bd0,Mairie - Lioux-les-Monges,official source: Annuaire de l'administration Service-public.fr
mairie.lourdoueix-saint-pierre@orange.fr,collectivite_administration,creuse,mairie collectivite,https://lannuaire.service-public.gouv.fr/nouvelle-aquitaine/creuse/43c4901e-f05f-4201-8919-ecc6659f3b06,Mairie - Lourdoueix-Saint-Pierre,official source: Annuaire de l'administration Service-public.fr
mairie.mainsat@gmail.com,collectivite_administration,creuse,mairie collectivite,https://lannuaire.service-public.gouv.fr/nouvelle-aquitaine/creuse/71465b19-8a40-45a1-897c-b52df2c7e892,Mairie - Mainsat,official source: Annuaire de l'administration Service-public.fr
mairie.maison-feyne@wanadoo.fr,collectivite_administration,creuse,mairie collectivite,https://lannuaire.service-public.gouv.fr/nouvelle-aquitaine/creuse/f321c9b5-271f-455f-825c-3100c82572b0,Mairie - Maison-Feyne,official source: Annuaire de l'administration Service-public.fr
mairie.malleret-boussac@wanadoo.fr,collectivite_administration,creuse,mairie collectivite,https://lannuaire.service-public.gouv.fr/nouvelle-aquitaine/creuse/34599f33-1417-4548-b7cd-0c8993850465,Mairie - Malleret-Boussac,official source: Annuaire de l'administration Service-public.fr
mairie.mazeirat@wanadoo.fr,collectivite_administration,creuse,mairie collectivite,https://lannuaire.service-public.gouv.fr/nouvelle-aquitaine/creuse/a0d83a41-0833-4317-bf86-b1a766155ea2,Mairie - Mazeirat,official source: Annuaire de l'administration Service-public.fr
mairie.montaigut.leblanc@orange.fr,collectivite_administration,creuse,mairie collectivite,https://lannuaire.service-public.gouv.fr/nouvelle-aquitaine/creuse/b4ba93cb-da52-4b67-ba02-64fcd2d3d9b1,Mairie - Montaigut-le-Blanc,official source: Annuaire de l'administration Service-public.fr
mairie.mortroux@wanadoo.fr,collectivite_administration,creuse,mairie collectivite,https://lannuaire.service-public.gouv.fr/nouvelle-aquitaine/creuse/facd703a-82db-4257-a988-1666d71cde6c,Mairie - Mortroux,official source: Annuaire de l'administration Service-public.fr
mairie.mouriouxvieilleville@orange.fr,collectivite_administration,creuse,mairie collectivite,https://lannuaire.service-public.gouv.fr/nouvelle-aquitaine/creuse/3bda397d-23b4-4979-893c-f11f7b530a55,Mairie - Mourioux-Vieilleville,official source: Annuaire de l'administration Service-public.fr
mairie.moutierrozeille@orange.fr,collectivite_administration,creuse,mairie collectivite,https://lannuaire.service-public.gouv.fr/nouvelle-aquitaine/creuse/d03dc86d-faca-4fdd-98f5-6c5973b9b172,Mairie - Moutier-Rozeille,official source: Annuaire de l'administration Service-public.fr
mairie.naillat@gmail.com,collectivite_administration,creuse,mairie collectivite,https://lannuaire.service-public.gouv.fr/nouvelle-aquitaine/creuse/dccfae28-af71-4eaf-bfb9-7d2faf57ff59,Mairie - Naillat,official source: Annuaire de l'administration Service-public.fr
mairie.neoux@orange.fr,collectivite_administration,creuse,mairie collectivite,https://lannuaire.service-public.gouv.fr/nouvelle-aquitaine/creuse/1070d3a5-2930-4519-86f6-1511c7b79f90,Mairie - Néoux,official source: Annuaire de l'administration Service-public.fr
mairie.nouaille@wanadoo.fr,collectivite_administration,creuse,mairie collectivite,https://lannuaire.service-public.gouv.fr/nouvelle-aquitaine/creuse/9036f742-15ea-4f6a-b51d-80fa6c6e9203,Mairie - La Nouaille,official source: Annuaire de l'administration Service-public.fr
mairie.nouzerolles@orange.fr,collectivite_administration,creuse,mairie collectivite,https://lannuaire.service-public.gouv.fr/nouvelle-aquitaine/creuse/a1f4c797-faa6-49d5-8f42-44de719517f6,Mairie - Nouzerolles,official source: Annuaire de l'administration Service-public.fr
mairie.nouziers@orange.fr,collectivite_administration,creuse,mairie collectivite,https://lannuaire.service-public.gouv.fr/nouvelle-aquitaine/creuse/0ff6fa4e-481b-4f59-809c-910b0ea08143,Mairie - Nouziers,official source: Annuaire de l'administration Service-public.fr
mairie.parsac@orange.fr,collectivite_administration,creuse,mairie collectivite,https://lannuaire.service-public.gouv.fr/nouvelle-aquitaine/creuse/b636834e-4f14-4687-97c3-b9b37c8f151c,Mairie - Parsac,official source: Annuaire de l'administration Service-public.fr
mairie.peyrabout@wanadoo.fr,collectivite_administration,creuse,mairie collectivite,https://lannuaire.service-public.gouv.fr/nouvelle-aquitaine/creuse/cac63f0e-ca92-426e-90c7-32f0b0c55352,Mairie - Peyrabout,official source: Annuaire de l'administration Service-public.fr
mairie.peyratlanoniere@gmail.com,collectivite_administration,creuse,mairie collectivite,https://lannuaire.service-public.gouv.fr/nouvelle-aquitaine/creuse/d844c90d-f6c7-4f2a-9a96-677c28f4b130,Mairie - Peyrat-la-Nonière,official source: Annuaire de l'administration Service-public.fr
mairie.puy-malsignat@wanadoo.fr,collectivite_administration,creuse,mairie collectivite,https://lannuaire.service-public.gouv.fr/nouvelle-aquitaine/creuse/0ebb51b2-6a20-4781-b238-e66ffc0a5661,Mairie - Puy-Malsignat,official source: Annuaire de l'administration Service-public.fr
mairie.rougnat@wanadoo.fr,collectivite_administration,creuse,mairie collectivite,https://lannuaire.service-public.gouv.fr/nouvelle-aquitaine/creuse/8b625aae-d40c-4b4a-9871-12ae86565ce7,Mairie - Rougnat,official source: Annuaire de l'administration Service-public.fr
mairie.royere.vassiviere@wanadoo.fr,collectivite_administration,creuse,mairie collectivite,https://lannuaire.service-public.gouv.fr/nouvelle-aquitaine/creuse/4f1a7e2c-4e54-4673-a7ef-cd62cb0dde2c,Mairie - Royère-de-Vassivière,official source: Annuaire de l'administration Service-public.fr
mairie.saint.amand@orange.fr,collectivite_administration,creuse,mairie collectivite,https://lannuaire.service-public.gouv.fr/nouvelle-aquitaine/creuse/59668d52-0b93-4f68-a524-2c8d86b815df,Mairie - Saint-Amand,official source: Annuaire de l'administration Service-public.fr
mairie.saint.christophe@wanadoo.fr,collectivite_administration,creuse,mairie collectivite,https://lannuaire.service-public.gouv.fr/nouvelle-aquitaine/creuse/ba971eef-5c84-4844-a634-996b936beb25,Mairie - Saint-Christophe,official source: Annuaire de l'administration Service-public.fr
mairie.saint.eloi@orange.fr,collectivite_administration,creuse,mairie collectivite,https://lannuaire.service-public.gouv.fr/nouvelle-aquitaine/creuse/2c805bdf-c2db-4196-86fa-73f485862406,Mairie - Saint-Éloi,official source: Annuaire de l'administration Service-public.fr
mairie.saintavitlepauvre@wanadoo.fr,collectivite_administration,creuse,mairie collectivite,https://lannuaire.service-public.gouv.fr/nouvelle-aquitaine/creuse/86aae171-c260-47a7-b378-caedc2127088,Mairie - Saint-Avit-le-Pauvre,official source: Annuaire de l'administration Service-public.fr
mairie.saintpierrebellevue@wanadoo.fr,collectivite_administration,creuse,mairie collectivite,https://lannuaire.service-public.gouv.fr/nouvelle-aquitaine/creuse/91e68dd5-1abe-4efa-bf7e-69278ae10bef,Mairie - Saint-Pierre-Bellevue,official source: Annuaire de l'administration Service-public.fr
mairie.sannat@wanadoo.fr,collectivite_administration,creuse,mairie collectivite,https://lannuaire.service-public.gouv.fr/nouvelle-aquitaine/creuse/1d30b510-efb5-4c19-bc22-eb6e44cb1103,Mairie - Sannat,official source: Annuaire de l'administration Service-public.fr
mairie.sauniere@orange.fr,collectivite_administration,creuse,mairie collectivite,https://lannuaire.service-public.gouv.fr/nouvelle-aquitaine/creuse/015c9442-fcfd-4961-a550-e1ee7b01bc3d,Mairie - La Saunière,official source: Annuaire de l'administration Service-public.fr
mairie.savennes@orange.fr,collectivite_administration,creuse,mairie collectivite,https://lannuaire.service-public.gouv.fr/nouvelle-aquitaine/creuse/3ef33971-8eee-4006-86eb-c8a35f93e256,Mairie - Savennes,official source: Annuaire de l'administration Service-public.fr
mairie.soubrebost@orange.fr,collectivite_administration,creuse,mairie collectivite,https://lannuaire.service-public.gouv.fr/nouvelle-aquitaine/creuse/3c26e0a9-e684-4f1c-a483-e68e89f76ba5,Mairie - Soubrebost,official source: Annuaire de l'administration Service-public.fr
mairie.sousparsat@orange.fr,collectivite_administration,creuse,mairie collectivite,https://lannuaire.service-public.gouv.fr/nouvelle-aquitaine/creuse/c6aa07db-c683-47d9-96ed-bacf8df0d079,Mairie - Sous-Parsat,official source: Annuaire de l'administration Service-public.fr
mairie.st-julien-la-genete@orange.fr,collectivite_administration,creuse,mairie collectivite,https://lannuaire.service-public.gouv.fr/nouvelle-aquitaine/creuse/ff7cdcf2-1591-4fd6-be00-beaf05fa9ecc,Mairie - Saint-Julien-la-Genête,official source: Annuaire de l'administration Service-public.fr
mairie.st-pardoux@wanadoo.fr,collectivite_administration,creuse,mairie collectivite,https://lannuaire.service-public.gouv.fr/nouvelle-aquitaine/creuse/0ccdec0e-e021-45a9-981f-229c197a9098,Mairie - Saint-Pardoux-d Arnet,official source: Annuaire de l'administration Service-public.fr
mairie.st-priest-la-plaine@orange.fr,collectivite_administration,creuse,mairie collectivite,https://lannuaire.service-public.gouv.fr/nouvelle-aquitaine/creuse/7e839f9d-2225-4784-82fb-ec0a19d7f2d9,Mairie - Saint-Priest-la-Plaine,official source: Annuaire de l'administration Service-public.fr
mairie.st-quentin@orange.fr,collectivite_administration,creuse,mairie collectivite,https://lannuaire.service-public.gouv.fr/nouvelle-aquitaine/creuse/07c66bb4-90ad-4801-a6c7-0cff5c91a384,Mairie - Saint-Quentin-la-Chabanne,official source: Annuaire de l'administration Service-public.fr
mairie.st.marc.a.frongier@orange.fr,collectivite_administration,creuse,mairie collectivite,https://lannuaire.service-public.gouv.fr/nouvelle-aquitaine/creuse/d96df134-dcb4-4cdc-8787-5c5463c059d3,Mairie - Saint-Marc-à-Frongier,official source: Annuaire de l'administration Service-public.fr
mairie.st.oradoux.pres.crocq@orange.fr,collectivite_administration,creuse,mairie collectivite,https://lannuaire.service-public.gouv.fr/nouvelle-aquitaine/creuse/80d16b51-876b-4c9a-9227-96254ef4101e,Mairie - Saint-Oradoux-près-Crocq,official source: Annuaire de l'administration Service-public.fr
mairie.st.sulpice.le.dunois@orange.fr,collectivite_administration,creuse,mairie collectivite,https://lannuaire.service-public.gouv.fr/nouvelle-aquitaine/creuse/c70c29b7-db0f-4a09-8626-77f9dd6304c1,Mairie - Saint-Sulpice-le-Dunois,official source: Annuaire de l'administration Service-public.fr
mairie.stamand23400@gmail.com,collectivite_administration,creuse,mairie collectivite,https://lannuaire.service-public.gouv.fr/nouvelle-aquitaine/creuse/86067c83-d202-433b-abd8-6b658de2d32a,Mairie - Saint-Amand-Jartoudeix,official source: Annuaire de l'administration Service-public.fr
mairie.stgermainbeaupre@orange.fr,collectivite_administration,creuse,mairie collectivite,https://lannuaire.service-public.gouv.fr/nouvelle-aquitaine/creuse/6a914b12-0011-4fcc-856a-4d10fcb3a94e,Mairie - Saint-Germain-Beaupré,official source: Annuaire de l'administration Service-public.fr
mairie.sthilairechateau@orange.fr,collectivite_administration,creuse,mairie collectivite,https://lannuaire.service-public.gouv.fr/nouvelle-aquitaine/creuse/27f8d01b-5eb1-4290-b5ef-8963de272e55,Mairie - Saint-Hilaire-le-Château,official source: Annuaire de l'administration Service-public.fr
mairie.stjulienlechatel@orange.fr,collectivite_administration,creuse,mairie collectivite,https://lannuaire.service-public.gouv.fr/nouvelle-aquitaine/creuse/dcc551e9-894f-4e7b-acb5-70e4de39b41d,Mairie - Saint-Julien-le-Châtel,official source: Annuaire de l'administration Service-public.fr
mairie.stmauriceprescrocq@orange.fr,collectivite_administration,creuse,mairie collectivite,https://lannuaire.service-public.gouv.fr/nouvelle-aquitaine/creuse/8772c31a-1120-438c-bf01-a60886848eb2,Mairie - Saint-Maurice-près-Crocq,official source: Annuaire de l'administration Service-public.fr
mairie.stmicheldeveisse@wanadoo.fr,collectivite_administration,creuse,mairie collectivite,https://lannuaire.service-public.gouv.fr/nouvelle-aquitaine/creuse/afe408b2-35b4-4f39-bce1-d90320707517,Mairie - Saint-Michel-de-Veisse,official source: Annuaire de l'administration Service-public.fr
mairie.stpardouxleneuf@orange.fr,collectivite_administration,creuse,mairie collectivite,https://lannuaire.service-public.gouv.fr/nouvelle-aquitaine/creuse/978aa662-3737-4c16-ab92-e72dfd70185d,Mairie - Saint-Pardoux-le-Neuf,official source: Annuaire de l'administration Service-public.fr
mairie.stpierrelebost@gmail.com,collectivite_administration,creuse,mairie collectivite,https://lannuaire.service-public.gouv.fr/nouvelle-aquitaine/creuse/ec63084c-d9da-489b-911c-f0e4bfd01318,Mairie - Saint-Pierre-le-Bost,official source: Annuaire de l'administration Service-public.fr
mairie.stpriestpalus@orange.fr,collectivite_administration,creuse,mairie collectivite,https://lannuaire.service-public.gouv.fr/nouvelle-aquitaine/creuse/4076610f-33f0-401e-8b91-99e5fe9ea5b7,Mairie - Saint-Priest-Palus,official source: Annuaire de l'administration Service-public.fr
mairie.stsilvainmontaigut@orange.fr,collectivite_administration,creuse,mairie collectivite,https://lannuaire.service-public.gouv.fr/nouvelle-aquitaine/creuse/db7fce89-d9cb-451c-a692-d8af5c23fa22,Mairie - Saint-Silvain-Montaigut,official source: Annuaire de l'administration Service-public.fr
mairie.stsulpicelegueretois@wanadoo.fr,collectivite_administration,creuse,mairie collectivite,https://lannuaire.service-public.gouv.fr/nouvelle-aquitaine/creuse/095b0560-fa50-4927-bd75-a5f4371c3b18,Centre communal d'action sociale (CCAS) - Saint-Sulpice-le-Guérétois,official source: Annuaire de l'administration Service-public.fr
mairie.stvictor@wanadoo.fr,collectivite_administration,creuse,mairie collectivite,https://lannuaire.service-public.gouv.fr/nouvelle-aquitaine/creuse/534f6f24-a78d-4394-ae2c-decc3ad00927,Mairie - Saint-Victor-en-Marche,official source: Annuaire de l'administration Service-public.fr
mairie.styriexmgne@wanadoo.fr,collectivite_administration,creuse,mairie collectivite,https://lannuaire.service-public.gouv.fr/nouvelle-aquitaine/creuse/283a62dd-b519-445e-aa4d-07f176ba3f00,Mairie - Saint-Yrieix-la-Montagne,official source: Annuaire de l'administration Service-public.fr
mairie.tardes@ozone.net,collectivite_administration,creuse,mairie collectivite,https://lannuaire.service-public.gouv.fr/nouvelle-aquitaine/creuse/334c8f1a-ab6a-4334-9707-b827b1af62ba,Mairie - Tardes,official source: Annuaire de l'administration Service-public.fr
mairie.tercillat@orange.fr,collectivite_administration,creuse,mairie collectivite,https://lannuaire.service-public.gouv.fr/nouvelle-aquitaine/creuse/54347879-f1a7-4dd6-beef-705edb51c6ee,Mairie - Tercillat,official source: Annuaire de l'administration Service-public.fr
mairie.thauron@gmail.com,collectivite_administration,creuse,mairie collectivite,https://lannuaire.service-public.gouv.fr/nouvelle-aquitaine/creuse/63a28728-234c-4e99-8789-a62ba9c757c6,Mairie - Thauron,official source: Annuaire de l'administration Service-public.fr
mairie.toulx-ste-croix@hotmail.com,collectivite_administration,creuse,mairie collectivite,https://lannuaire.service-public.gouv.fr/nouvelle-aquitaine/creuse/c4bcd56c-f4a0-4e6b-967c-e172ff0add73,Mairie - Toulx-Sainte-Croix,official source: Annuaire de l'administration Service-public.fr
mairie.vareilles23@gmail.com,collectivite_administration,creuse,mairie collectivite,https://lannuaire.service-public.gouv.fr/nouvelle-aquitaine/creuse/1cb821d2-f441-4c6d-8251-cddec09956fd,Mairie - Vareilles,official source: Annuaire de l'administration Service-public.fr
mairie.versillat@gmail.com,collectivite_administration,creuse,mairie collectivite,https://lannuaire.service-public.gouv.fr/nouvelle-aquitaine/creuse/54dd8e30-619c-42ae-bde9-431e13854f08,Centre communal d'action sociale (CCAS) - Saint-Agnant-de-Versillat,official source: Annuaire de l'administration Service-public.fr
mairie.viersat@orange.fr,collectivite_administration,creuse,mairie collectivite,https://lannuaire.service-public.gouv.fr/nouvelle-aquitaine/creuse/bc8321bd-77e5-4b8d-92e5-5ed10e15b04e,Mairie - Viersat,official source: Annuaire de l'administration Service-public.fr
mairie.vigeville@gmail.com,collectivite_administration,creuse,mairie collectivite,https://lannuaire.service-public.gouv.fr/nouvelle-aquitaine/creuse/a6915b13-3482-44bb-97ef-a1f51ed5f5a9,Mairie - Vigeville,official source: Annuaire de l'administration Service-public.fr
mairie.villard@orange.fr,collectivite_administration,creuse,mairie collectivite,https://lannuaire.service-public.gouv.fr/nouvelle-aquitaine/creuse/09dedcc0-7097-4abf-ac18-c4e6638ed62f,Mairie - Villard,official source: Annuaire de l'administration Service-public.fr
mairie23evauxlesbains@wanadoo.fr,collectivite_administration,creuse,mairie collectivite,https://lannuaire.service-public.gouv.fr/nouvelle-aquitaine/creuse/bd2cea2f-25d4-4f8a-a97c-c3add2db719b,Mairie - Évaux-les-Bains,official source: Annuaire de l'administration Service-public.fr
mairie@ahun.fr,collectivite_administration,creuse,mairie collectivite,https://lannuaire.service-public.gouv.fr/nouvelle-aquitaine/creuse/d25dffe5-71b3-4f4e-956c-9cf50beeee12,Mairie - Ahun,official source: Annuaire de l'administration Service-public.fr
mairie@boussac23.fr,collectivite_administration,creuse,mairie collectivite,https://lannuaire.service-public.gouv.fr/nouvelle-aquitaine/creuse/f027556f-21b5-4cb3-9a84-f15ad68c5c05,Mairie - Boussac,official source: Annuaire de l'administration Service-public.fr
mairie@commune-fursac.fr,collectivite_administration,creuse,mairie collectivite,https://lannuaire.service-public.gouv.fr/nouvelle-aquitaine/creuse/cb14ed9c-bf70-426c-a8c5-ce1aca0ff837,Mairie - Fursac,official source: Annuaire de l'administration Service-public.fr
mairie@fauxlamontagne.fr,collectivite_administration,creuse,mairie collectivite,https://lannuaire.service-public.gouv.fr/nouvelle-aquitaine/creuse/43eaf724-eddd-4cb8-a663-01cafcf6c5ee,Mairie - Faux-la-Montagne,official source: Annuaire de l'administration Service-public.fr
mairie@flayat.fr,collectivite_administration,creuse,mairie collectivite,https://lannuaire.service-public.gouv.fr/nouvelle-aquitaine/creuse/db3f8f20-b2cb-4bd6-ac78-5e71960624f3,Mairie - Flayat,official source: Annuaire de l'administration Service-public.fr
mairie@fresselines.fr,collectivite_administration,creuse,mairie collectivite,https://lannuaire.service-public.gouv.fr/nouvelle-aquitaine/creuse/fc7f6856-cf6d-458d-aca3-22381ccfd380,Mairie - Fresselines,official source: Annuaire de l'administration Service-public.fr
mairie@genouillac-23.fr,collectivite_administration,creuse,mairie collectivite,https://lannuaire.service-public.gouv.fr/nouvelle-aquitaine/creuse/4a67c26d-6802-4e49-b990-5d798976db1c,Centre communal d'action sociale (CCAS) - Genouillac,official source: Annuaire de l'administration Service-public.fr
mairie@gouzon23.com,collectivite_administration,creuse,mairie collectivite,https://lannuaire.service-public.gouv.fr/nouvelle-aquitaine/creuse/1f532de1-7c9f-4509-adb3-bc789cd56097,Mairie - Gouzon,official source: Annuaire de l'administration Service-public.fr
mairie@lacelledunoise.fr,collectivite_administration,creuse,mairie collectivite,https://lannuaire.service-public.gouv.fr/nouvelle-aquitaine/creuse/b0b6c9a2-f5af-4138-9e47-4cb43a56c163,Mairie - La Celle-Dunoise,official source: Annuaire de l'administration Service-public.fr
mairie@lacellette23.fr,collectivite_administration,creuse,mairie collectivite,https://lannuaire.service-public.gouv.fr/nouvelle-aquitaine/creuse/8da3da57-95b1-4130-b4a6-17eee0198bee,Mairie - La Cellette,official source: Annuaire de l'administration Service-public.fr
mairie@lizieres.fr,collectivite_administration,creuse,mairie collectivite,https://lannuaire.service-public.gouv.fr/nouvelle-aquitaine/creuse/301ef1db-2cfb-41b8-b00a-0584ba198c71,Mairie - Lizières,official source: Annuaire de l'administration Service-public.fr
mairie@marsac-creuse.fr,collectivite_administration,creuse,mairie collectivite,https://lannuaire.service-public.gouv.fr/nouvelle-aquitaine/creuse/8a0af0de-39bb-4015-a75b-1de0b272721c,Mairie - Marsac,official source: Annuaire de l'administration Service-public.fr
mairie@moutier-malcard.fr,collectivite_administration,creuse,mairie collectivite,https://lannuaire.service-public.gouv.fr/nouvelle-aquitaine/creuse/e337e055-4e17-4b8f-bd73-7fa79fd67bec,Mairie - Moutier-Malcard,official source: Annuaire de l'administration Service-public.fr
mairie@saintavitdetardes.fr,collectivite_administration,creuse,mairie collectivite,https://lannuaire.service-public.gouv.fr/nouvelle-aquitaine/creuse/ae89238e-e6e1-4055-bb1e-01c1ca850cc7,Mairie - Saint-Avit-de-Tardes,official source: Annuaire de l'administration Service-public.fr
mairie@saintlegerlegueretois.fr,collectivite_administration,creuse,mairie collectivite,https://lannuaire.service-public.gouv.fr/nouvelle-aquitaine/creuse/418bd7fa-9c35-4009-b702-6ba66e365e19,Mairie - Saint-Léger-le-Guérétois,official source: Annuaire de l'administration Service-public.fr
mairie@saintmartiallemont.fr,collectivite_administration,creuse,mairie collectivite,https://lannuaire.service-public.gouv.fr/nouvelle-aquitaine/creuse/b742b1ec-6d04-43ba-bc2f-aca2d774eae5,Mairie - Saint-Martial-le-Mont,official source: Annuaire de l'administration Service-public.fr
mairie@saintsilvainbellegarde.fr,collectivite_administration,creuse,mairie collectivite,https://lannuaire.service-public.gouv.fr/nouvelle-aquitaine/creuse/7657ee7e-a110-4b8b-8058-8f48353fd0da,Mairie - Saint-Silvain-Bellegarde,official source: Annuaire de l'administration Service-public.fr
mairie@st-bard.fr,collectivite_administration,creuse,mairie collectivite,https://lannuaire.service-public.gouv.fr/nouvelle-aquitaine/creuse/f32e8310-de81-4431-af29-e2a8227526e1,Mairie - Saint-Bard,official source: Annuaire de l'administration Service-public.fr
mairie@stsulpicelegueretois.fr,collectivite_administration,creuse,mairie collectivite,https://lannuaire.service-public.gouv.fr/nouvelle-aquitaine/creuse/45a8cd17-8435-4930-86aa-c932de12dcc9,Mairie - Saint-Sulpice-le-Guérétois,official source: Annuaire de l'administration Service-public.fr
mairie@ville-gueret.fr,collectivite_administration,creuse,mairie collectivite,https://lannuaire.service-public.gouv.fr/nouvelle-aquitaine/creuse/3b429b25-0903-4cc6-8f9d-1bc71aadbc5f,Mairie - Guéret,official source: Annuaire de l'administration Service-public.fr
mairiebordsaintgeorges@orange.fr,collectivite_administration,creuse,mairie collectivite,https://lannuaire.service-public.gouv.fr/nouvelle-aquitaine/creuse/5dcd8ba8-53ee-4e74-8f3f-208c124519a5,Mairie - Bord-Saint-Georges,official source: Annuaire de l'administration Service-public.fr
mairieboussac23@wanadoo.fr,collectivite_administration,creuse,mairie collectivite,https://lannuaire.service-public.gouv.fr/nouvelle-aquitaine/creuse/17a66b8d-26f0-41c3-bf53-1157e6571ff8,Centre communal d'action sociale (CCAS) - Boussac,official source: Annuaire de l'administration Service-public.fr
mairiechard@wanadoo.fr,collectivite_administration,creuse,mairie collectivite,https://lannuaire.service-public.gouv.fr/nouvelle-aquitaine/creuse/c70a1b0b-12ce-4339-be37-ab6bb6d31235,Mairie - Chard,official source: Annuaire de l'administration Service-public.fr
mairiecharron@wanadoo.fr,collectivite_administration,creuse,mairie collectivite,https://lannuaire.service-public.gouv.fr/nouvelle-aquitaine/creuse/8c33a75b-ab04-46f4-bc03-706f92b1f01b,Mairie - Charron,official source: Annuaire de l'administration Service-public.fr
mairiedecrocq@orange.fr,collectivite_administration,creuse,mairie collectivite,https://lannuaire.service-public.gouv.fr/nouvelle-aquitaine/creuse/2e599bca-7c1c-4920-8b72-add3bfea6e0b,Mairie - Crocq,official source: Annuaire de l'administration Service-public.fr
mairiedefontanieres@orange.fr,collectivite_administration,creuse,mairie collectivite,https://lannuaire.service-public.gouv.fr/nouvelle-aquitaine/creuse/9db34883-d472-4bf3-b645-a3d77be14476,Mairie - Fontanières,official source: Annuaire de l'administration Service-public.fr
mairiedelachaussade@wanadoo.fr,collectivite_administration,creuse,mairie collectivite,https://lannuaire.service-public.gouv.fr/nouvelle-aquitaine/creuse/1db4ed90-cef2-446e-9400-bb52568f4240,Mairie - La Chaussade,official source: Annuaire de l'administration Service-public.fr
mairiedelacourtine@orange.fr,collectivite_administration,creuse,mairie collectivite,https://lannuaire.service-public.gouv.fr/nouvelle-aquitaine/creuse/5c629cbd-b5fd-4d5e-b65b-0db2feaed812,Mairie - La Courtine,official source: Annuaire de l'administration Service-public.fr
mairiedeladapeyre@laposte.net,collectivite_administration,creuse,mairie collectivite,https://lannuaire.service-public.gouv.fr/nouvelle-aquitaine/creuse/c9bde3a0-3973-4828-847f-dbbba3e0a350,Centre communal d'action sociale (CCAS) - Ladapeyre,official source: Annuaire de l'administration Service-public.fr
mairiedeladapeyre@orange.fr,collectivite_administration,creuse,mairie collectivite,https://lannuaire.service-public.gouv.fr/nouvelle-aquitaine/creuse/6f1ef176-8391-4256-89ac-39256cf1f626,Mairie - Ladapeyre,official source: Annuaire de l'administration Service-public.fr
mairiedemalleret@orange.fr,collectivite_administration,creuse,mairie collectivite,https://lannuaire.service-public.gouv.fr/nouvelle-aquitaine/creuse/f158103d-9c0f-4849-b1a0-cbd444b41f06,Mairie - Malleret,official source: Annuaire de l'administration Service-public.fr
mairiedemautes@orange.fr,collectivite_administration,creuse,mairie collectivite,https://lannuaire.service-public.gouv.fr/nouvelle-aquitaine/creuse/f4c71025-7008-4e7a-85c4-54ec98665e81,Mairie - Mautes,official source: Annuaire de l'administration Service-public.fr
mairiedemeasnes@orange.fr,collectivite_administration,creuse,mairie collectivite,https://lannuaire.service-public.gouv.fr/nouvelle-aquitaine/creuse/26d50df2-a8b5-41db-802d-381daa0caaba,Mairie - Méasnes,official source: Annuaire de l'administration Service-public.fr
mairiedepionnat@orange.fr,collectivite_administration,creuse,mairie collectivite,https://lannuaire.service-public.gouv.fr/nouvelle-aquitaine/creuse/a20c524e-03e6-4fe1-92b5-3c8176c251db,Mairie - Pionnat,official source: Annuaire de l'administration Service-public.fr
mairiedesagnat@neuf.fr,collectivite_administration,creuse,mairie collectivite,https://lannuaire.service-public.gouv.fr/nouvelle-aquitaine/creuse/5e4f628f-d2df-4201-a135-e3a69b3a65ea,Mairie - Sagnat,official source: Annuaire de l'administration Service-public.fr
mairiedesoumans@orange.fr,collectivite_administration,creuse,mairie collectivite,https://lannuaire.service-public.gouv.fr/nouvelle-aquitaine/creuse/a35c1c31-3b2d-4d89-918f-1ca7dbebae1f,Mairie - Soumans,official source: Annuaire de l'administration Service-public.fr
mairiedutheil@wanadoo.fr,collectivite_administration,creuse,mairie collectivite,https://lannuaire.service-public.gouv.fr/nouvelle-aquitaine/creuse/5f4de5a9-9ae4-4792-a7f1-94b3282d61c4,Mairie - Saint-Martin-Sainte-Catherine,official source: Annuaire de l'administration Service-public.fr
mairiejanaillat@wanadoo.fr,collectivite_administration,creuse,mairie collectivite,https://lannuaire.service-public.gouv.fr/nouvelle-aquitaine/creuse/7295d1b4-6fe4-4c03-b335-0a859ebe4981,Mairie - Janaillat,official source: Annuaire de l'administration Service-public.fr
mairielacellesousgouzon@wanadoo.fr,collectivite_administration,creuse,mairie collectivite,https://lannuaire.service-public.gouv.fr/nouvelle-aquitaine/creuse/58a92a2c-c5f5-4fd0-9855-af12c856cf74,Mairie - La Celle-sous-Gouzon,official source: Annuaire de l'administration Service-public.fr
mairielavaufranche@orange.fr,collectivite_administration,creuse,mairie collectivite,https://lannuaire.service-public.gouv.fr/nouvelle-aquitaine/creuse/706b68ff-3602-4eec-97d8-c35abee44bd7,Mairie - Lavaufranche,official source: Annuaire de l'administration Service-public.fr
mairielavilledieu@orange.fr,collectivite_administration,creuse,mairie collectivite,https://lannuaire.service-public.gouv.fr/nouvelle-aquitaine/creuse/21043427-0660-4ef5-b7db-dd25b9dea429,Mairie - La Villedieu,official source: Annuaire de l'administration Service-public.fr
mairielupersat@wanadoo.fr,collectivite_administration,creuse,mairie collectivite,https://lannuaire.service-public.gouv.fr/nouvelle-aquitaine/creuse/b516d0b3-db0e-4472-bb95-e81019002f9a,Mairie - Lupersat,official source: Annuaire de l'administration Service-public.fr
mairiemansatlacourriere@orange.fr,collectivite_administration,creuse,mairie collectivite,https://lannuaire.service-public.gouv.fr/nouvelle-aquitaine/creuse/bb1d73cb-9423-4bb9-bb3d-4d59aadface9,Mairie - Mansat-la-Courrière,official source: Annuaire de l'administration Service-public.fr
mairiemasbaraud@orange.fr,collectivite_administration,creuse,mairie collectivite,https://lannuaire.service-public.gouv.fr/nouvelle-aquitaine/creuse/ba34eac7-2b5a-4b4f-87e9-7a71a38f8701,Mairie déléguée - Masbaraud-Mérignat,official source: Annuaire de l'administration Service-public.fr
mairiemonteilauvicomte@orange.fr,collectivite_administration,creuse,mairie collectivite,https://lannuaire.service-public.gouv.fr/nouvelle-aquitaine/creuse/25ce4673-1568-427d-b9ab-189b887a9aa2,Mairie - Le Monteil-au-Vicomte,official source: Annuaire de l'administration Service-public.fr
mairienouhant@orange.fr,collectivite_administration,creuse,mairie collectivite,https://lannuaire.service-public.gouv.fr/nouvelle-aquitaine/creuse/c0e10553-85f5-4c97-8180-e0dc3e856f33,Centre communal d'action sociale (CCAS) - Nouhant,official source: Annuaire de l'administration Service-public.fr
mairiereterre@wanadoo.fr,collectivite_administration,creuse,mairie collectivite,https://lannuaire.service-public.gouv.fr/nouvelle-aquitaine/creuse/49bfe828-ec94-4625-a8ee-a64ebd8559e8,Mairie - Reterre,official source: Annuaire de l'administration Service-public.fr
mairiesaintmedard@wanadoo.fr,collectivite_administration,creuse,mairie collectivite,https://lannuaire.service-public.gouv.fr/nouvelle-aquitaine/creuse/132e9a06-5a12-4881-8185-7be5fd594106,Mairie - Saint-Médard-la-Rochette,official source: Annuaire de l'administration Service-public.fr
mairiesaintoradoux@orange.fr,collectivite_administration,creuse,mairie collectivite,https://lannuaire.service-public.gouv.fr/nouvelle-aquitaine/creuse/626de0d7-9d79-43e8-a824-b904474c5204,Mairie - Saint-Oradoux-de-Chirouze,official source: Annuaire de l'administration Service-public.fr
mairiest.junien@orange.fr,collectivite_administration,creuse,mairie collectivite,https://lannuaire.service-public.gouv.fr/nouvelle-aquitaine/creuse/87d1127f-b69c-4055-97b4-b97046849d2a,Mairie - Saint-Junien-la-Bregère,official source: Annuaire de l'administration Service-public.fr
mairiestdizierlatour@gmail.com,collectivite_administration,creuse,mairie collectivite,https://lannuaire.service-public.gouv.fr/nouvelle-aquitaine/creuse/0a774803-e054-40ee-ac31-ff46cb6e83d8,Mairie - Saint-Dizier-la-Tour,official source: Annuaire de l'administration Service-public.fr
mairiesthilairelaplaine@orange.fr,collectivite_administration,creuse,mairie collectivite,https://lannuaire.service-public.gouv.fr/nouvelle-aquitaine/creuse/6a4008f5-cc71-44cc-9820-503a14c81042,Mairie - Saint-Hilaire-la-Plaine,official source: Annuaire de l'administration Service-public.fr
mairiestloup3@wanadoo.fr,collectivite_administration,creuse,mairie collectivite,https://lannuaire.service-public.gouv.fr/nouvelle-aquitaine/creuse/f63a370b-f50c-47e5-8211-6301d2669aaa,Mairie - Saint-Loup,official source: Annuaire de l'administration Service-public.fr
mairiestmarc@wanadoo.fr,collectivite_administration,creuse,mairie collectivite,https://lannuaire.service-public.gouv.fr/nouvelle-aquitaine/creuse/1f06e7ea-d9dd-4383-8aac-f8013304cd27,Mairie - Saint-Marc-à-Loubaud,official source: Annuaire de l'administration Service-public.fr
mairiestmoreil@orange.fr,collectivite_administration,creuse,mairie collectivite,https://lannuaire.service-public.gouv.fr/nouvelle-aquitaine/creuse/7f24dcd0-c123-4d84-a4dd-75565753a4a9,Mairie - Saint-Moreil,official source: Annuaire de l'administration Service-public.fr
mairiestpierrecherignat@orange.fr,collectivite_administration,creuse,mairie collectivite,https://lannuaire.service-public.gouv.fr/nouvelle-aquitaine/creuse/2d8a37c4-34f4-47ee-a603-3157261c6e0b,Mairie - Saint-Pierre-Chérignat,official source: Annuaire de l'administration Service-public.fr
mairiestpriest@orange.fr,collectivite_administration,creuse,mairie collectivite,https://lannuaire.service-public.gouv.fr/nouvelle-aquitaine/creuse/47369f9b-df0c-43fe-84c3-b0cd73d5fa8e,Mairie - Saint-Priest,official source: Annuaire de l'administration Service-public.fr
montboucher@orange.fr,collectivite_administration,creuse,mairie collectivite,https://lannuaire.service-public.gouv.fr/nouvelle-aquitaine/creuse/d8e618f8-f4f8-42e2-806e-13ea43ee95b6,Mairie - Montboucher,official source: Annuaire de l'administration Service-public.fr
saint-alpinien@orange.fr,collectivite_administration,creuse,mairie collectivite,https://lannuaire.service-public.gouv.fr/nouvelle-aquitaine/creuse/7c8d7326-a308-47d6-b12d-c8f6689f99dd,Mairie - Saint-Alpinien,official source: Annuaire de l'administration Service-public.fr
saintdomet@orange.fr,collectivite_administration,creuse,mairie collectivite,https://lannuaire.service-public.gouv.fr/nouvelle-aquitaine/creuse/2cc64069-9e4e-4cf7-a9cd-935460eee031,Mairie - Saint-Domet,official source: Annuaire de l'administration Service-public.fr
saintmartiallevieux@wanadoo.fr,collectivite_administration,creuse,mairie collectivite,https://lannuaire.service-public.gouv.fr/nouvelle-aquitaine/creuse/ce3bf0d3-e364-4938-8994-1d89baba78d4,Mairie - Saint-Martial-le-Vieux,official source: Annuaire de l'administration Service-public.fr
secretariat.mairie@saint-vaury.fr,collectivite_administration,creuse,mairie collectivite,https://lannuaire.service-public.gouv.fr/nouvelle-aquitaine/creuse/5256dd05-2f5f-4e7b-9f6e-5ad2c8981e1b,Centre communal d'action sociale (CCAS) - Saint-Vaury,official source: Annuaire de l'administration Service-public.fr
secretariat@la-souterraine.fr,collectivite_administration,creuse,mairie collectivite,https://lannuaire.service-public.gouv.fr/nouvelle-aquitaine/creuse/a3526cb4-2e60-4dc9-b9a6-05482e2cce5d,Mairie - La Souterraine,official source: Annuaire de l'administration Service-public.fr
secretariat@saintefeyre.fr,collectivite_administration,creuse,mairie collectivite,https://lannuaire.service-public.gouv.fr/nouvelle-aquitaine/creuse/e38057b4-ff25-40ea-b3db-7758a043d9b8,Mairie - Sainte-Feyre,official source: Annuaire de l'administration Service-public.fr
st-georges.mairie@orange.fr,collectivite_administration,creuse,mairie collectivite,https://lannuaire.service-public.gouv.fr/nouvelle-aquitaine/creuse/afdb1943-b1d5-42e9-a2b0-2b55df301004,Mairie - Saint-Georges-Nigremont,official source: Annuaire de l'administration Service-public.fr
st.pardoux-les-cards@wanadoo.fr,collectivite_administration,creuse,mairie collectivite,https://lannuaire.service-public.gouv.fr/nouvelle-aquitaine/creuse/1c9b1845-ddf5-4f94-93af-0c8d9c4afca0,Mairie - Saint-Pardoux-les-Cards,official source: Annuaire de l'administration Service-public.fr
stmartinchateau-mairie@wanadoo.fr,collectivite_administration,creuse,mairie collectivite,https://lannuaire.service-public.gouv.fr/nouvelle-aquitaine/creuse/52034e65-06cf-4317-9f45-8bc42c920551,Mairie - Saint-Martin-Château,official source: Annuaire de l'administration Service-public.fr
stmerdlabreuille@orange.fr,collectivite_administration,creuse,mairie collectivite,https://lannuaire.service-public.gouv.fr/nouvelle-aquitaine/creuse/18d84e15-5158-4bf1-b87a-e2b9a441d07f,Mairie - Saint-Merd-la-Breuille,official source: Annuaire de l'administration Service-public.fr
stpriest.lafeuille@laposte.net,collectivite_administration,creuse,mairie collectivite,https://lannuaire.service-public.gouv.fr/nouvelle-aquitaine/creuse/891bb17a-0c2f-42ee-b3af-78d0595adfd2,Mairie - Saint-Priest-la-Feuille,official source: Annuaire de l'administration Service-public.fr
stsulpiceleschamps@wanadoo.fr,collectivite_administration,creuse,mairie collectivite,https://lannuaire.service-public.gouv.fr/nouvelle-aquitaine/creuse/70db3e8b-e0d2-4841-bb29-d2cfb6744a30,Mairie - Saint-Sulpice-les-Champs,official source: Annuaire de l'administration Service-public.fr
verneiges843@orange.fr,collectivite_administration,creuse,mairie collectivite,https://lannuaire.service-public.gouv.fr/nouvelle-aquitaine/creuse/337f0452-abde-48d7-a454-f1b955b3c5fb,Mairie - Verneiges,official source: Annuaire de l'administration Service-public.fr
rca@sil.fr,protection_enfance,creuse,maison des adolescents protection enfance,https://cerjep.fr/les-maisons-des-adolescents-mda/,MDA de la Creuse,manual public source: maison des adolescents protection enfance
accueil.aubusson@mef23.fr,structure,creuse,maison france services,https://lannuaire.service-public.gouv.fr/nouvelle-aquitaine/creuse/70703760-c6b2-424c-bc35-0d7a0c555f02,Maison de l'emploi et de la formation pour l'arrondissement d'Aubusson - Aubusson,official source: Annuaire de l'administration Service-public.fr
accueil.lasouterraine@mef23.fr,structure,creuse,maison france services,https://lannuaire.service-public.gouv.fr/nouvelle-aquitaine/creuse/af522bc4-d982-499f-b9d8-8597ae42dc90,Maison de l'économie et de la formation du Bassin Ouest Creuse - La Souterraine,official source: Annuaire de l'administration Service-public.fr
cdad23@outlook.fr,structure,creuse,maison france services,https://lannuaire.service-public.gouv.fr/nouvelle-aquitaine/creuse/40ca28ff-6dc0-421f-a1bf-7883f62dfcb7,Point-justice maison d'arrêt de GUERET,official source: Annuaire de l'administration Service-public.fr
mdph23@creuse.fr,structure,creuse,maison france services,https://lannuaire.service-public.gouv.fr/nouvelle-aquitaine/creuse/93b3f6f0-c2c8-4a70-90ae-116e33ba34f4,Maison départementale des personnes handicapées (MDPH) - Creuse,official source: Annuaire de l'administration Service-public.fr
mlcreuse@missionlocale23.fr,jeunesse_loisirs,creuse,mission locale jeunesse insertion,https://lannuaire.service-public.gouv.fr/nouvelle-aquitaine/creuse/709ad8d0-cb66-4192-b590-c25246c16f71,Mission locale pour l'insertion professionnelle et sociale des jeunes (16-25 ans) - Guéret,official source: Annuaire de l'administration Service-public.fr
pref-associations@creuse.gouv.fr,collectivite_administration,creuse,prefecture administration,https://lannuaire.service-public.gouv.fr/nouvelle-aquitaine/creuse/3329c055-ba5e-4999-8edf-e72c7b851119,Greffe des associations - Creuse (Aubusson),official source: Annuaire de l'administration Service-public.fr
sous-prefecture-aubusson@creuse.gouv.fr,collectivite_administration,creuse,prefecture administration,https://lannuaire.service-public.gouv.fr/nouvelle-aquitaine/creuse/9d8490e7-0034-45eb-85fa-9fde07b88526,Point d'accueil numérique - Aubusson (Sous-préfecture),official source: Annuaire de l'administration Service-public.fr
infojeunes@pij-velay.org,jeunesse_loisirs,haute-loire,PIJ information jeunesse,https://lannuaire.service-public.gouv.fr/auvergne-rhone-alpes/haute-loire/34b5b11d-aa8a-4d16-91dd-4434e1d820f5,Info Jeunes - Puy-en-Velay,official source: Annuaire de l'administration Service-public.fr
pij@acija.fr,jeunesse_loisirs,haute-loire,PIJ information jeunesse,https://lannuaire.service-public.gouv.fr/auvergne-rhone-alpes/haute-loire/2ff0e1f4-39c5-4c72-96c0-5866d814a2d2,Point information jeunesse - Monistrol-sur-Loire,official source: Annuaire de l'administration Service-public.fr
pij@cc-des-sucs.fr,jeunesse_loisirs,haute-loire,PIJ information jeunesse,https://lannuaire.service-public.gouv.fr/auvergne-rhone-alpes/haute-loire/48383872-8db5-40b3-8207-ed05c3870563,Point information jeunesse - Yssingeaux,official source: Annuaire de l'administration Service-public.fr
accueil.ccas@monistrol.fr,collectivite_administration,haute-loire,administration collectivite service public,https://lannuaire.service-public.gouv.fr/auvergne-rhone-alpes/haute-loire/f4a2f4ce-cb98-433a-9d8f-3be552c77d1c,Point info famille - Monistrol-sur-Loire,official source: Annuaire de l'administration Service-public.fr
accueil.tj-le-puy-en-velay@justice.fr,collectivite_administration,haute-loire,administration collectivite service public,https://lannuaire.service-public.gouv.fr/auvergne-rhone-alpes/haute-loire/bbe35b6e-0952-4440-bc0e-5ed510f3fca0,Tribunal judiciaire du Puy-en-Velay,official source: Annuaire de l'administration Service-public.fr
accueil43@cdg43.fr,collectivite_administration,haute-loire,administration collectivite service public,https://lannuaire.service-public.gouv.fr/auvergne-rhone-alpes/haute-loire/fd157608-373b-4a93-941b-92ca75d52207,Centre de gestion de la fonction publique territoriale - Haute-Loire,official source: Annuaire de l'administration Service-public.fr
accueil@brioudesudauvergne.fr,collectivite_administration,haute-loire,administration collectivite service public,https://lannuaire.service-public.gouv.fr/auvergne-rhone-alpes/haute-loire/de712671-35bb-4119-ba82-17e4180e0a2c,Communauté de communes - Brioude Sud Auvergne,official source: Annuaire de l'administration Service-public.fr
accueil@capemploi43.org,collectivite_administration,haute-loire,administration collectivite service public,https://lannuaire.service-public.gouv.fr/auvergne-rhone-alpes/haute-loire/8e7499ae-7121-4190-9ddd-f3e23e8632f4,Cap emploi - Haute-Loire,official source: Annuaire de l'administration Service-public.fr
accueil@cidff43.fr,collectivite_administration,haute-loire,administration collectivite service public,https://lannuaire.service-public.gouv.fr/auvergne-rhone-alpes/haute-loire/88be90fb-f19f-4728-8805-e1989661542c,Centre d'information sur les droits des femmes et des familles (CIDFF) - Haute-Loire,official source: Annuaire de l'administration Service-public.fr
accueil@hautpaysduvelay.fr,collectivite_administration,haute-loire,administration collectivite service public,https://lannuaire.service-public.gouv.fr/auvergne-rhone-alpes/haute-loire/fd7b9ee7-d62a-49cc-9520-b8a2e13bc530,Communauté de communes - Haut pays du Velay,official source: Annuaire de l'administration Service-public.fr
accueil@loire-semene.fr,collectivite_administration,haute-loire,administration collectivite service public,https://lannuaire.service-public.gouv.fr/auvergne-rhone-alpes/haute-loire/2efa5cc7-f0d5-4ad0-ba9d-de02d29a52eb,Communauté de communes - Loire et Semène,official source: Annuaire de l'administration Service-public.fr
accueil@ville-brioude.fr,collectivite_administration,haute-loire,administration collectivite service public,https://lannuaire.service-public.gouv.fr/auvergne-rhone-alpes/haute-loire/8c9cc53e-2f86-487f-a76b-dac9e6df65c1,Centre communal d'action sociale (CCAS) - Brioude,official source: Annuaire de l'administration Service-public.fr
aist43@aist43.fr,collectivite_administration,haute-loire,administration collectivite service public,https://lannuaire.service-public.gouv.fr/auvergne-rhone-alpes/haute-loire/0c53ae50-fbbe-40b1-a1ff-04a92be67125,Service de santé au travail de la Haute-Loire - Le Puy-en-Velay,official source: Annuaire de l'administration Service-public.fr
allegre.mfs@outlook.fr,collectivite_administration,haute-loire,administration collectivite service public,https://lannuaire.service-public.gouv.fr/auvergne-rhone-alpes/haute-loire/a8e6b92c-b032-4eee-8e37-4f162d695348,France services - Allegre,official source: Annuaire de l'administration Service-public.fr
archives@hauteloire.fr,collectivite_administration,haute-loire,administration collectivite service public,https://lannuaire.service-public.gouv.fr/auvergne-rhone-alpes/haute-loire/886df5b3-b5cc-4620-bc43-075f733c124a,Archives départementales - Haute-Loire,official source: Annuaire de l'administration Service-public.fr
ars-dt43-delegue-territorial@ars.sante.fr,collectivite_administration,haute-loire,administration collectivite service public,https://lannuaire.service-public.gouv.fr/auvergne-rhone-alpes/haute-loire/bb92d078-282b-4e8e-ae78-a9cc56cabb67,Agence régionale de santé (ARS) - Délégation départementale - Haute-Loire,official source: Annuaire de l'administration Service-public.fr
b-bus@brioudesudauvergne.fr,collectivite_administration,haute-loire,administration collectivite service public,https://lannuaire.service-public.gouv.fr/auvergne-rhone-alpes/haute-loire/fa06e9ea-3a40-48dc-9a8c-d1a2eb1cc900,France services - Brioude (itinérant),official source: Annuaire de l'administration Service-public.fr
cc.hautlignon@wanadoo.fr,collectivite_administration,haute-loire,administration collectivite service public,https://lannuaire.service-public.gouv.fr/auvergne-rhone-alpes/haute-loire/50f9ed2f-39ff-4959-8954-482beaf753a9,Communauté de communes - Haut-Lignon,official source: Annuaire de l'administration Service-public.fr
cc@rivesduhautallier.fr,collectivite_administration,haute-loire,administration collectivite service public,https://lannuaire.service-public.gouv.fr/auvergne-rhone-alpes/haute-loire/2b4dd47f-cd8e-4ed8-89dd-af7c76cef38a,Communauté de communes - Rives du Haut Allier,official source: Annuaire de l'administration Service-public.fr
ccas@lepuyenvelay.fr,collectivite_administration,haute-loire,administration collectivite service public,https://lannuaire.service-public.gouv.fr/auvergne-rhone-alpes/haute-loire/c67efdbd-4e59-4231-945e-25103df824ac,Centre communal d'action sociale (CCAS) - Le Puy-en-Velay,official source: Annuaire de l'administration Service-public.fr
ccas@sainte-sigolene.fr,collectivite_administration,haute-loire,administration collectivite service public,https://lannuaire.service-public.gouv.fr/auvergne-rhone-alpes/haute-loire/9132ff12-b380-40e5-88f3-29a0d277193f,Centre communal d'action sociale (CCAS) - Sainte-Sigolène,official source: Annuaire de l'administration Service-public.fr
ccaslangeac@gmail.com,collectivite_administration,haute-loire,administration collectivite service public,https://lannuaire.service-public.gouv.fr/auvergne-rhone-alpes/haute-loire/39e48d4e-0847-4f2c-80e7-35b4753c18db,Centre communal d'action sociale (CCAS) - Langeac,official source: Annuaire de l'administration Service-public.fr
cd.43@ordre.medecin.fr,collectivite_administration,haute-loire,administration collectivite service public,https://lannuaire.service-public.gouv.fr/auvergne-rhone-alpes/haute-loire/a10a85cd-2919-4a34-8aac-9a097e3e34a5,Conseil départemental de l'ordre des médecins - Haute-Loire,official source: Annuaire de l'administration Service-public.fr
cda43@haute-loire.chambagri.fr,collectivite_administration,haute-loire,administration collectivite service public,https://lannuaire.service-public.gouv.fr/auvergne-rhone-alpes/haute-loire/a66a2617-c6f1-4819-a7fe-26585eb662d4,Chambre d'agriculture - Haute-Loire,official source: Annuaire de l'administration Service-public.fr
cdad-haute-loire@justice.fr,collectivite_administration,haute-loire,administration collectivite service public,https://lannuaire.service-public.gouv.fr/auvergne-rhone-alpes/haute-loire/2b1c9d07-d3a8-444b-b49f-e46a1240c432,Conseil départemental d'accès au droit de HauteLoire,official source: Annuaire de l'administration Service-public.fr
chambon@ville-lechambonsurlignon.fr,collectivite_administration,haute-loire,administration collectivite service public,https://lannuaire.service-public.gouv.fr/auvergne-rhone-alpes/haute-loire/9d8f0d8f-47f8-459c-b5a1-0dfaf6b1612b,Centre communal d'action sociale (CCAS) - Le Chambon-sur-Lignon,official source: Annuaire de l'administration Service-public.fr
cio.brioude@ac-clermont.fr,collectivite_administration,haute-loire,administration collectivite service public,https://lannuaire.service-public.gouv.fr/auvergne-rhone-alpes/haute-loire/107538f3-487f-405b-8385-7694a9657f28,Centre d'information et d'orientation (CIO) - Brioude,official source: Annuaire de l'administration Service-public.fr
cio.lepuy@ac-clermont.fr,collectivite_administration,haute-loire,administration collectivite service public,https://lannuaire.service-public.gouv.fr/auvergne-rhone-alpes/haute-loire/63a1f754-4864-4cd7-843e-eb707df56307,Centre d'information et d'orientation (CIO) - Puy-en-Velay,official source: Annuaire de l'administration Service-public.fr
cio.yssingeaux@ac-clermont.fr,collectivite_administration,haute-loire,administration collectivite service public,https://lannuaire.service-public.gouv.fr/auvergne-rhone-alpes/haute-loire/e5163a3e-540b-4c74-b337-9835bf2814f9,Centre d'information et d'orientation (CIO) - Yssingeaux,official source: Annuaire de l'administration Service-public.fr
cms.monistrol@hauteloire.fr,collectivite_administration,haute-loire,administration collectivite service public,https://lannuaire.service-public.gouv.fr/auvergne-rhone-alpes/haute-loire/fac02764-6a17-4c6b-a757-6fcdeecfbff0,Centre de protection maternelle et infantile (PMI) - Monistrol-sur-Loire,official source: Annuaire de l'administration Service-public.fr
cms.saintesigolene@hauteloire.fr,collectivite_administration,haute-loire,administration collectivite service public,https://lannuaire.service-public.gouv.fr/auvergne-rhone-alpes/haute-loire/6dceab00-29ac-4da4-a251-d04de6e480d0,Centre de protection maternelle et infantile (PMI) - Sainte-Sigolène,official source: Annuaire de l'administration Service-public.fr
cnfpt.hauteloire@cnfpt.fr,collectivite_administration,haute-loire,administration collectivite service public,https://lannuaire.service-public.gouv.fr/auvergne-rhone-alpes/haute-loire/3cdfd30e-f8ea-4026-8726-ff569c6b0a80,Centre national de la fonction publique territoriale (CNFPT) - Antenne départementale - Haute-Loire,official source: Annuaire de l'administration Service-public.fr
codefi.ccsf43@dgfip.finances.gouv.fr,collectivite_administration,haute-loire,administration collectivite service public,https://lannuaire.service-public.gouv.fr/auvergne-rhone-alpes/haute-loire/36425a48-921b-483e-a708-30e51faa90d9,Commission des chefs de services financiers (CCSF) - Haute-Loire,official source: Annuaire de l'administration Service-public.fr
communication@hauteloire.cci.fr,collectivite_administration,haute-loire,administration collectivite service public,https://lannuaire.service-public.gouv.fr/auvergne-rhone-alpes/haute-loire/77488c22-9617-4923-bc31-f7b813369761,Chambre de commerce et d'industrie (CCI) 43 - Haute-Loire - Délégation de Brioude,official source: Annuaire de l'administration Service-public.fr
conciliateurfiscal43@dgfip.finances.gouv.fr,collectivite_administration,haute-loire,administration collectivite service public,https://lannuaire.service-public.gouv.fr/auvergne-rhone-alpes/haute-loire/1386eb5a-ee08-4fae-9f4e-6034eb873b3e,Conciliateur fiscal départemental - Haute-Loire,official source: Annuaire de l'administration Service-public.fr
contact.agglo@lepuyenvelay.fr,collectivite_administration,haute-loire,administration collectivite service public,https://lannuaire.service-public.gouv.fr/auvergne-rhone-alpes/haute-loire/01c91802-fe88-4a64-aa64-163271b93f0e,Communauté d'agglomération - Puy-en-Velay,official source: Annuaire de l'administration Service-public.fr
contact.atelier43@reseau-canope.fr,collectivite_administration,haute-loire,administration collectivite service public,https://lannuaire.service-public.gouv.fr/auvergne-rhone-alpes/haute-loire/e366b7d5-c40b-4049-aee9-c2db09136c6d,Atelier Canopé 43 - Le Puy-en-Velay,official source: Annuaire de l'administration Service-public.fr
contact.hauteloire@cma-auvergnerhonealpes.fr,collectivite_administration,haute-loire,administration collectivite service public,https://lannuaire.service-public.gouv.fr/auvergne-rhone-alpes/haute-loire/2648dfea-36ec-48c0-84a8-08648b599d5e,Chambre de métiers et de l'artisanat (CMA) - Haute-Loire,official source: Annuaire de l'administration Service-public.fr
contact.mfs@ville-beauzac.fr,collectivite_administration,haute-loire,administration collectivite service public,https://lannuaire.service-public.gouv.fr/auvergne-rhone-alpes/haute-loire/50eb74b1-3a4e-48db-9407-659fdf9522c1,France services - Beauzac,official source: Annuaire de l'administration Service-public.fr
contact@capeb43.fr,collectivite_administration,haute-loire,administration collectivite service public,https://lannuaire.service-public.gouv.fr/auvergne-rhone-alpes/haute-loire/eb41985c-76db-45ad-9528-a325d1f3b984,Confédération départementale de l'artisanat et des petites entreprises du bâtiment  (Capeb) - Haute-Loire,official source: Annuaire de l'administration Service-public.fr
contact@caue43.fr,collectivite_administration,haute-loire,administration collectivite service public,https://lannuaire.service-public.gouv.fr/auvergne-rhone-alpes/haute-loire/d6dc4078-3042-493b-8aef-bab3058aa92a,"Conseil d'architecture, d'urbanisme et de l'environnement (CAUE) - Haute-Loire",official source: Annuaire de l'administration Service-public.fr
contact@cc-auzon.fr,collectivite_administration,haute-loire,administration collectivite service public,https://lannuaire.service-public.gouv.fr/auvergne-rhone-alpes/haute-loire/a9c748ab-cbcf-4f5f-bc8c-fa7ad23af336,Point info famille - Sainte-Florine,official source: Annuaire de l'administration Service-public.fr
contact@cc-des-sucs.fr,collectivite_administration,haute-loire,administration collectivite service public,https://lannuaire.service-public.gouv.fr/auvergne-rhone-alpes/haute-loire/71cead4b-b2c2-4bd1-9938-7fa6daf0cd1c,Communauté de communes - Sucs,official source: Annuaire de l'administration Service-public.fr
contact@ccpcp.fr,collectivite_administration,haute-loire,administration collectivite service public,https://lannuaire.service-public.gouv.fr/auvergne-rhone-alpes/haute-loire/2f5c0f05-1bfd-46d5-b2fd-f1343cb83a4b,Communauté de communes - Pays de Cayres Pradelles,official source: Annuaire de l'administration Service-public.fr
contact@d43.ffbatiment.fr,collectivite_administration,haute-loire,administration collectivite service public,https://lannuaire.service-public.gouv.fr/auvergne-rhone-alpes/haute-loire/4f4343b9-fe91-4153-b84d-0b75c2c44153,Fédération française du bâtiment (FFB) - Haute-Loire,official source: Annuaire de l'administration Service-public.fr
contact@marchesduvelayrochebaron.fr,collectivite_administration,haute-loire,administration collectivite service public,https://lannuaire.service-public.gouv.fr/auvergne-rhone-alpes/haute-loire/29e3b0d7-373b-4007-a42d-3cffff32a256,Communauté de communes - Marches du Velay Rochebaron,official source: Annuaire de l'administration Service-public.fr
contact@mezencloiremeygal.fr,collectivite_administration,haute-loire,administration collectivite service public,https://lannuaire.service-public.gouv.fr/auvergne-rhone-alpes/haute-loire/de7acbc9-b1dd-44e1-9aeb-25954f431e80,Communauté de communes - Mézenc Loire Meygal,official source: Annuaire de l'administration Service-public.fr
contact@udaf43.org,collectivite_administration,haute-loire,administration collectivite service public,https://lannuaire.service-public.gouv.fr/auvergne-rhone-alpes/haute-loire/6fcf1d61-6f70-445d-b7a6-371fb01e835c,Point info famille - Le Puy-en-Velay,official source: Annuaire de l'administration Service-public.fr
cph-le-puy-en-velay@justice.fr,collectivite_administration,haute-loire,administration collectivite service public,https://lannuaire.service-public.gouv.fr/auvergne-rhone-alpes/haute-loire/c20d2259-11d9-4e26-b48d-a734b34fba85,Conseil de prud'hommes du Puy-en-Velay,official source: Annuaire de l'administration Service-public.fr
craponnesurarzon@craponnesurarzon.fr,collectivite_administration,haute-loire,administration collectivite service public,https://lannuaire.service-public.gouv.fr/auvergne-rhone-alpes/haute-loire/db5a7447-ad36-4471-bf0b-862b34b087de,Centre communal d'action sociale (CCAS) - Craponne-sur-Arzon,official source: Annuaire de l'administration Service-public.fr
ddetspp@haute-loire.gouv.fr,collectivite_administration,haute-loire,administration collectivite service public,https://lannuaire.service-public.gouv.fr/auvergne-rhone-alpes/haute-loire/1ab1a310-92f4-47ab-afac-9523ee4316df,Commission départementale de conciliation -  Haute-Loire,official source: Annuaire de l'administration Service-public.fr
ddfip43@dgfip.finances.gouv.fr,collectivite_administration,haute-loire,administration collectivite service public,https://lannuaire.service-public.gouv.fr/auvergne-rhone-alpes/haute-loire/2dc09941-afc7-4f14-9deb-1ef81e58b583,Direction départementale des finances publiques (DDFIP) - Haute-Loire,official source: Annuaire de l'administration Service-public.fr
ddsp43@interieur.gouv.fr,collectivite_administration,haute-loire,administration collectivite service public,https://lannuaire.service-public.gouv.fr/auvergne-rhone-alpes/haute-loire/c5431477-fd49-4690-91fb-f0e0f2555085,Commissariat de police du Puy-en-Velay,official source: Annuaire de l'administration Service-public.fr
ddt-anah@haute-loire.gouv.fr,collectivite_administration,haute-loire,administration collectivite service public,https://lannuaire.service-public.gouv.fr/auvergne-rhone-alpes/haute-loire/905b8c25-f223-4b1a-b90f-0cdeabff9644,Agence nationale de l'habitat (Anah) - Délégation locale - Haute-Loire,official source: Annuaire de l'administration Service-public.fr
ddt@haute-loire.gouv.fr,collectivite_administration,haute-loire,administration collectivite service public,https://lannuaire.service-public.gouv.fr/auvergne-rhone-alpes/haute-loire/8e183d6d-3fd2-4f87-b6a2-57a5b2f2f1f6,Direction départementale des territoires (DDT) - Haute-Loire,official source: Annuaire de l'administration Service-public.fr
departement@hauteloire.fr,collectivite_administration,haute-loire,administration collectivite service public,https://lannuaire.service-public.gouv.fr/auvergne-rhone-alpes/haute-loire/499167aa-e07e-432b-99c7-6cff9e3f7bc0,Conseil départemental - Haute-Loire,official source: Annuaire de l'administration Service-public.fr
dgpm@monistrol.fr,collectivite_administration,haute-loire,administration collectivite service public,https://lannuaire.service-public.gouv.fr/auvergne-rhone-alpes/haute-loire/09f0de62-3125-4f82-a9f6-f988fad10867,Police municipale - Monistrol-sur-Loire,official source: Annuaire de l'administration Service-public.fr
direction43@safer-aura.fr,collectivite_administration,haute-loire,administration collectivite service public,https://lannuaire.service-public.gouv.fr/auvergne-rhone-alpes/haute-loire/1fdb11db-28a9-4c11-a25a-42656060f0cb,Société d'aménagement foncier et d'établissement rural (Safer) - Haute-Loire,official source: Annuaire de l'administration Service-public.fr
dmd.43@orange.fr,collectivite_administration,haute-loire,administration collectivite service public,https://lannuaire.service-public.gouv.fr/auvergne-rhone-alpes/haute-loire/c82cc7a4-c2df-4684-98ad-0ab7bd495668,Délégation militaire départementale (DMD) - Haute-Loire,official source: Annuaire de l'administration Service-public.fr
esp.lepuyenvelay@ca-loirehauteloire.fr,collectivite_administration,haute-loire,administration collectivite service public,https://lannuaire.service-public.gouv.fr/auvergne-rhone-alpes/haute-loire/d1057c41-6f35-47d7-94bf-3270e1e7f2dc,Point conseil budget - Espace solidarité passerelle - Le Puy-en-Velay,official source: Annuaire de l'administration Service-public.fr
fay-sur-lignon@france-services.gouv.fr,collectivite_administration,haute-loire,administration collectivite service public,https://lannuaire.service-public.gouv.fr/auvergne-rhone-alpes/haute-loire/d5ff965b-9b00-410d-8704-6acd50c7e7a3,France services - Fay-sur-Lignon,official source: Annuaire de l'administration Service-public.fr
fdc43@wanadoo.fr,collectivite_administration,haute-loire,administration collectivite service public,https://lannuaire.service-public.gouv.fr/auvergne-rhone-alpes/haute-loire/0a9c5f42-6ef0-4f73-a648-96d5bd0a30e2,Fédération départementale des chasseurs - Haute-Loire,official source: Annuaire de l'administration Service-public.fr
federation43@pechehauteloire.fr,collectivite_administration,haute-loire,administration collectivite service public,https://lannuaire.service-public.gouv.fr/auvergne-rhone-alpes/haute-loire/c5de4352-457d-47eb-bf97-5ff7ccb6a507,Fédération départementale pour la pêche et la protection du milieu aquatique - Haute-Loire,official source: Annuaire de l'administration Service-public.fr
france-services.lantriac@orange.fr,collectivite_administration,haute-loire,administration collectivite service public,https://lannuaire.service-public.gouv.fr/auvergne-rhone-alpes/haute-loire/051e1d4e-8c3c-4fd5-a645-13aa52135486,France services - Le Monastier-sur-Gazeille,official source: Annuaire de l'administration Service-public.fr
franceservices.ccauzon@gmail.com,collectivite_administration,haute-loire,administration collectivite service public,https://lannuaire.service-public.gouv.fr/auvergne-rhone-alpes/haute-loire/34a7d4ee-2524-4b42-9c2b-ee71d333558e,France services - Auzon (itinérant),official source: Annuaire de l'administration Service-public.fr
franceservices.craponne@lepuyenvelay.fr,collectivite_administration,haute-loire,administration collectivite service public,https://lannuaire.service-public.gouv.fr/auvergne-rhone-alpes/haute-loire/4f2629dc-b138-486c-87c7-b55ac71b40c8,France services - Craponne-sur-Arzon,official source: Annuaire de l'administration Service-public.fr
franceservices@saintjustmalmont.fr,collectivite_administration,haute-loire,administration collectivite service public,https://lannuaire.service-public.gouv.fr/auvergne-rhone-alpes/haute-loire/1b4f2ad6-1bfb-418e-8ef7-368ab8f02767,France services - Saint-Just-Malmont,official source: Annuaire de l'administration Service-public.fr
greta@velay.greta.fr,collectivite_administration,haute-loire,administration collectivite service public,https://lannuaire.service-public.gouv.fr/auvergne-rhone-alpes/haute-loire/bb7e81cf-afbe-4f0a-98ec-8bcc475f4962,Greta Velay - Le Puy-en-Velay,official source: Annuaire de l'administration Service-public.fr
hauteloire@franceolympique.com,collectivite_administration,haute-loire,administration collectivite service public,https://lannuaire.service-public.gouv.fr/auvergne-rhone-alpes/haute-loire/ac660f06-5d07-49d2-9974-0fff61c31337,Centre de ressources et d'information des bénévoles (CRIB) - Comité départemental olympique et sportif de Haute-Loire,official source: Annuaire de l'administration Service-public.fr
hauteloire@labo-terana.fr,collectivite_administration,haute-loire,administration collectivite service public,https://lannuaire.service-public.gouv.fr/auvergne-rhone-alpes/haute-loire/dbca60ae-68bf-4140-8d1c-729bb086957a,Laboratoire départemental d'analyses - Haute-Loire,official source: Annuaire de l'administration Service-public.fr
info@brives-charensac.fr,collectivite_administration,haute-loire,administration collectivite service public,https://lannuaire.service-public.gouv.fr/auvergne-rhone-alpes/haute-loire/72bf111f-b5aa-46ca-9d89-b24e24258b72,Centre communal d'action sociale (CCAS) - Brives-Charensac,official source: Annuaire de l'administration Service-public.fr
langeac@france-service.gouv.fr,collectivite_administration,haute-loire,administration collectivite service public,https://lannuaire.service-public.gouv.fr/auvergne-rhone-alpes/haute-loire/dcb3ac6d-0332-4df0-992f-b1fc87a2e522,France services - Langeac,official source: Annuaire de l'administration Service-public.fr
le-chambon-sur-lignon@france-services.gouv.fr,collectivite_administration,haute-loire,administration collectivite service public,https://lannuaire.service-public.gouv.fr/auvergne-rhone-alpes/haute-loire/52077749-2dfe-4233-95b1-7266e40fa352,France services - Le Chambon-sur-Lignon,official source: Annuaire de l'administration Service-public.fr
lemonastier@france-services.gouv.fr,collectivite_administration,haute-loire,administration collectivite service public,https://lannuaire.service-public.gouv.fr/auvergne-rhone-alpes/haute-loire/c75bf216-b2eb-4ba1-9108-9aadaffcbe97,France services - Le Monastier-sur-Gazeille,official source: Annuaire de l'administration Service-public.fr
loudes@france-services.gouv.fr,collectivite_administration,haute-loire,administration collectivite service public,https://lannuaire.service-public.gouv.fr/auvergne-rhone-alpes/haute-loire/99519e13-3983-4100-a9c6-35133a6fa32c,France services - Loudes,official source: Annuaire de l'administration Service-public.fr
mediatheque.departemantale@hauteloire.fr,collectivite_administration,haute-loire,administration collectivite service public,https://lannuaire.service-public.gouv.fr/auvergne-rhone-alpes/haute-loire/e0797656-cfe0-4649-9e8c-344d8549eb82,Bibliothèque départementale - Haute-Loire,official source: Annuaire de l'administration Service-public.fr
mfs@dunieres43.fr,collectivite_administration,haute-loire,administration collectivite service public,https://lannuaire.service-public.gouv.fr/auvergne-rhone-alpes/haute-loire/5fffc418-5ee6-4aa9-a93a-5b9f516f6132,France services - Dunières,official source: Annuaire de l'administration Service-public.fr
mfs@lassemblee-pop.org,collectivite_administration,haute-loire,administration collectivite service public,https://lannuaire.service-public.gouv.fr/auvergne-rhone-alpes/haute-loire/925c67d3-b76f-470c-8f66-625fc029f2e0,France services - Saint-Julien-Chapteuil,official source: Annuaire de l'administration Service-public.fr
montfaucon-en-velay@france-services.gouv.fr,collectivite_administration,haute-loire,administration collectivite service public,https://lannuaire.service-public.gouv.fr/auvergne-rhone-alpes/haute-loire/f70400b9-9a06-4070-a8a1-3c12336871cb,France services - Montfaucon-en-Velay,official source: Annuaire de l'administration Service-public.fr
ordre-avocats-43@wanadoo.fr,collectivite_administration,haute-loire,administration collectivite service public,https://lannuaire.service-public.gouv.fr/auvergne-rhone-alpes/haute-loire/63417881-cf17-41e0-bb92-d1b730113975,Ordre des avocats - Barreau du Puy-en-Velay,official source: Annuaire de l'administration Service-public.fr
paulhaguet@france-services.gouv.fr,collectivite_administration,haute-loire,administration collectivite service public,https://lannuaire.service-public.gouv.fr/auvergne-rhone-alpes/haute-loire/8c7005a6-4f90-4b23-b373-8b499eed578d,France services - Paulhaguet,official source: Annuaire de l'administration Service-public.fr
pays-de-cayres-pradelles@france-services.gouv.fr,collectivite_administration,haute-loire,administration collectivite service public,https://lannuaire.service-public.gouv.fr/auvergne-rhone-alpes/haute-loire/602984d6-c4dc-415c-81ab-22baec4e9bdc,France services - Cayres,official source: Annuaire de l'administration Service-public.fr
pcb@udaf43.org,collectivite_administration,haute-loire,administration collectivite service public,https://lannuaire.service-public.gouv.fr/auvergne-rhone-alpes/haute-loire/66b72812-347d-4a01-afe2-b9264cfed01b,Point conseil budget - Union départementale des associations familiales (UDAF 43) - Brioude,official source: Annuaire de l'administration Service-public.fr
pmbeauzac@orange.fr,collectivite_administration,haute-loire,administration collectivite service public,https://lannuaire.service-public.gouv.fr/auvergne-rhone-alpes/haute-loire/9d97c846-1576-4709-bc65-72f05e4cc75d,Police municipale - Beauzac,official source: Annuaire de l'administration Service-public.fr
pmi@hauteloire.fr,collectivite_administration,haute-loire,administration collectivite service public,https://lannuaire.service-public.gouv.fr/auvergne-rhone-alpes/haute-loire/148092e8-6235-4aca-a5cc-cf33a3175bba,Centre de protection maternelle et infantile (PMI) - Puy-en-Velay,official source: Annuaire de l'administration Service-public.fr
police@ville-brioude.fr,collectivite_administration,haute-loire,administration collectivite service public,https://lannuaire.service-public.gouv.fr/auvergne-rhone-alpes/haute-loire/dfd2e25b-20a1-40c6-b373-bb97f4e5bb25,Police municipale - Brioude,official source: Annuaire de l'administration Service-public.fr
policemunicipale@basenbasset.fr,collectivite_administration,haute-loire,administration collectivite service public,https://lannuaire.service-public.gouv.fr/auvergne-rhone-alpes/haute-loire/f11b0062-c374-427f-b203-4ec220d1eb2f,Police municipale - Bas-en-Basset,official source: Annuaire de l'administration Service-public.fr
policemunicipale@espaly.fr,collectivite_administration,haute-loire,administration collectivite service public,https://lannuaire.service-public.gouv.fr/auvergne-rhone-alpes/haute-loire/8b586a85-1c02-4a4b-99ac-1745fcb55879,Police municipale - Espaly-Saint-Marcel,official source: Annuaire de l'administration Service-public.fr
policemunicipale@sainte-florine.fr,collectivite_administration,haute-loire,administration collectivite service public,https://lannuaire.service-public.gouv.fr/auvergne-rhone-alpes/haute-loire/9440127b-d0c7-408d-9579-3dadaefe0fa0,Police municipale - Sainte-Florine,official source: Annuaire de l'administration Service-public.fr
policemunicipale@sainte-sigolene.fr,collectivite_administration,haute-loire,administration collectivite service public,https://lannuaire.service-public.gouv.fr/auvergne-rhone-alpes/haute-loire/a5bb82e1-3f4c-4f78-a00d-05df42b0485f,Police municipale - Sainte-Sigolène,official source: Annuaire de l'administration Service-public.fr
policemunicipale@ville-retournac.fr,collectivite_administration,haute-loire,administration collectivite service public,https://lannuaire.service-public.gouv.fr/auvergne-rhone-alpes/haute-loire/6a09a8b6-8ec4-4e0c-a0d7-771ac914a169,Police municipale - Retournac,official source: Annuaire de l'administration Service-public.fr
policemunicipale@yssingeaux.fr,collectivite_administration,haute-loire,administration collectivite service public,https://lannuaire.service-public.gouv.fr/auvergne-rhone-alpes/haute-loire/8b9d3019-1449-49cc-a301-988481d2ca08,Police municipale - Yssingeaux,official source: Annuaire de l'administration Service-public.fr
pref-associations@haute-loire.gouv.fr,collectivite_administration,haute-loire,administration collectivite service public,https://lannuaire.service-public.gouv.fr/auvergne-rhone-alpes/haute-loire/7fc62222-035f-4261-a84a-2136d8559678,Mission d'accueil et d'information des associations (MAIA) -  Haute-Loire,official source: Annuaire de l'administration Service-public.fr
pref-courier@haute-loire.gouv.fr,collectivite_administration,haute-loire,administration collectivite service public,https://lannuaire.service-public.gouv.fr/auvergne-rhone-alpes/haute-loire/d34f489b-5095-4744-a3c9-1b76c48dab77,Point d'accueil numérique - Le Puy-en-Velay (Préfecture),official source: Annuaire de l'administration Service-public.fr
pref-education-routiere@haute-loire.gouv,collectivite_administration,haute-loire,administration collectivite service public,https://lannuaire.service-public.gouv.fr/auvergne-rhone-alpes/haute-loire/594b1edb-8e00-4adb-98b1-ec8f00e907e3,Bureau de l'éducation routière (BER) - Haute-Loire,official source: Annuaire de l'administration Service-public.fr
relaisgerontologique@hauteloire.fr,collectivite_administration,haute-loire,administration collectivite service public,https://lannuaire.service-public.gouv.fr/auvergne-rhone-alpes/haute-loire/64dfa976-9127-47c6-8089-7e44fdbe92bb,Point d'information local dédié aux personnes âgées - Le Puy-en-Velay,official source: Annuaire de l'administration Service-public.fr
saugues@france-services.gouv.fr,collectivite_administration,haute-loire,administration collectivite service public,https://lannuaire.service-public.gouv.fr/auvergne-rhone-alpes/haute-loire/04a6b3f0-7344-42f8-be68-d394730bb4c0,France services - Saugues,official source: Annuaire de l'administration Service-public.fr
sdif43@dgfip.finances.gouv.fr,collectivite_administration,haute-loire,administration collectivite service public,https://lannuaire.service-public.gouv.fr/auvergne-rhone-alpes/haute-loire/1bc5c939-a681-4f2a-8067-b84862e34480,Service départemental des impôts foncier (SDIF) Haute-Loire - Le Puy-en-Velay,official source: Annuaire de l'administration Service-public.fr
sdis43@sdis43.fr,collectivite_administration,haute-loire,administration collectivite service public,https://lannuaire.service-public.gouv.fr/auvergne-rhone-alpes/haute-loire/48446dc0-a123-4c6c-9bce-8ac3136ba4a4,Service départemental d'incendie et de secours (SDIS) - Haute-Loire,official source: Annuaire de l'administration Service-public.fr
secretariat@saintgermainlaprade.fr,collectivite_administration,haute-loire,administration collectivite service public,https://lannuaire.service-public.gouv.fr/auvergne-rhone-alpes/haute-loire/56695658-cc88-4e85-9314-0bb17a1a2fcb,Centre communal d'action sociale (CCAS) - Saint-Germain-Laprade,official source: Annuaire de l'administration Service-public.fr
secretariat@saugues.fr,collectivite_administration,haute-loire,administration collectivite service public,https://lannuaire.service-public.gouv.fr/auvergne-rhone-alpes/haute-loire/3b782a48-1fee-45c6-b923-9d1d5fff0f02,Centre communal d'action sociale (CCAS) - Saugues,official source: Annuaire de l'administration Service-public.fr
sgc-direction@haute-loire.gouv.fr,collectivite_administration,haute-loire,administration collectivite service public,https://lannuaire.service-public.gouv.fr/auvergne-rhone-alpes/haute-loire/1a652c58-259d-4c4f-9d19-539e197e23ef,Secrétariat général commun départemental - Haute-Loire,official source: Annuaire de l'administration Service-public.fr
sgc.brioude@dgfip.finances.gouv.fr,collectivite_administration,haute-loire,administration collectivite service public,https://lannuaire.service-public.gouv.fr/auvergne-rhone-alpes/haute-loire/3fed7f1a-2ed7-47cb-ae14-4d322bc88acc,Service de gestion comptable (SGC) - Brioude,official source: Annuaire de l'administration Service-public.fr
sgc.langeac@dgfip.finances.gouv.fr,collectivite_administration,haute-loire,administration collectivite service public,https://lannuaire.service-public.gouv.fr/auvergne-rhone-alpes/haute-loire/de5a18bb-33a4-44bd-ab9f-f38ed9324885,Service de gestion comptable (SGC) - Langeac,official source: Annuaire de l'administration Service-public.fr
sgc.monistrolsurloire@dgfip.finances.gouv.fr,collectivite_administration,haute-loire,administration collectivite service public,https://lannuaire.service-public.gouv.fr/auvergne-rhone-alpes/haute-loire/b2f1b414-a945-4ab6-b770-32f561189fe6,Service de gestion comptable (SGC) - Monistrol-sur-Loire,official source: Annuaire de l'administration Service-public.fr
sgc.yssingeaux@dgfip.finances.gouv.fr,collectivite_administration,haute-loire,administration collectivite service public,https://lannuaire.service-public.gouv.fr/auvergne-rhone-alpes/haute-loire/52b69419-a67a-4764-a6db-5b4729eda576,Service de gestion comptable (SGC) - Yssingeaux,official source: Annuaire de l'administration Service-public.fr
siaugues.communication@orange.fr,collectivite_administration,haute-loire,administration collectivite service public,https://lannuaire.service-public.gouv.fr/auvergne-rhone-alpes/haute-loire/5b44d82f-510b-4869-933f-87f395c619ac,France services - Siaugues-Sainte-Marie,official source: Annuaire de l'administration Service-public.fr
sp-brioude@haute-loire.gouv.fr,collectivite_administration,haute-loire,administration collectivite service public,https://lannuaire.service-public.gouv.fr/auvergne-rhone-alpes/haute-loire/8f433f93-fda1-4fcd-822c-fccbbf507c86,Point d'accueil numérique - Brioude (Sous-préfecture),official source: Annuaire de l'administration Service-public.fr
spfe.lepuy@dgfip.finances.gouv.fr,collectivite_administration,haute-loire,administration collectivite service public,https://lannuaire.service-public.gouv.fr/auvergne-rhone-alpes/haute-loire/10e00ae7-c5a1-4499-8f6b-48fd1051b2f8,Service de la publicité foncière et de l'enregistrement (SPFE) - Le Puy-en-Velay,official source: Annuaire de l'administration Service-public.fr
sucs@france-services.gouv.fr,collectivite_administration,haute-loire,administration collectivite service public,https://lannuaire.service-public.gouv.fr/auvergne-rhone-alpes/haute-loire/a9b84355-4b3e-49dc-bb92-449bf6b94b3f,France services - Des Sucs,official source: Annuaire de l'administration Service-public.fr
tence@france-services.gouv.fr,collectivite_administration,haute-loire,administration collectivite service public,https://lannuaire.service-public.gouv.fr/auvergne-rhone-alpes/haute-loire/e09257d2-8467-41d5-ba52-2e4ffef81919,France services - Tence,official source: Annuaire de l'administration Service-public.fr
territoiredelafayette@hauteloire.fr,collectivite_administration,haute-loire,administration collectivite service public,https://lannuaire.service-public.gouv.fr/auvergne-rhone-alpes/haute-loire/71814bed-d3a2-4d6c-97b3-e3c6f9c92480,Centre de protection maternelle et infantile (PMI) - Brioude,official source: Annuaire de l'administration Service-public.fr
ud-lhl.dreal-auvergne-rhone-alpes@developpement-durable.gouv.fr,collectivite_administration,haute-loire,administration collectivite service public,https://lannuaire.service-public.gouv.fr/auvergne-rhone-alpes/haute-loire/86393336-9dda-4433-85ad-910e52705de7,"Direction régionale de l'environnement, de l'aménagement et du logement (Dréal) Auvergne-Rhône-Alpes - Unité interdépartementale Loire et Haute-Loire (Le Puy-en-Velay)",official source: Annuaire de l'administration Service-public.fr
udap.haute-loire@culture.gouv.fr,collectivite_administration,haute-loire,administration collectivite service public,https://lannuaire.service-public.gouv.fr/auvergne-rhone-alpes/haute-loire/fd1395b2-206a-4a55-b37f-ef4e745c0870,Unité départementale de l'architecture et du patrimoine (UDAP) - Haute-Loire,official source: Annuaire de l'administration Service-public.fr
vorey-sur-arzon@france-services.gouv.fr,collectivite_administration,haute-loire,administration collectivite service public,https://lannuaire.service-public.gouv.fr/auvergne-rhone-alpes/haute-loire/05679631-b460-4985-84c3-046e7a7878e7,France services - Vorey-sur-Arzon,official source: Annuaire de l'administration Service-public.fr
accueil.landos@orange.fr,collectivite_administration,haute-loire,mairie collectivite,https://lannuaire.service-public.gouv.fr/auvergne-rhone-alpes/haute-loire/09be230c-afc5-466f-97ce-22b6b26a682a,Mairie - Landos,official source: Annuaire de l'administration Service-public.fr
accueil@faysurlignon43.fr,collectivite_administration,haute-loire,mairie collectivite,https://lannuaire.service-public.gouv.fr/auvergne-rhone-alpes/haute-loire/eb2db152-b54d-46ef-8d28-52ce177de7c2,Mairie - Fay-sur-Lignon,official source: Annuaire de l'administration Service-public.fr
accueil@grazac.fr,collectivite_administration,haute-loire,mairie collectivite,https://lannuaire.service-public.gouv.fr/auvergne-rhone-alpes/haute-loire/1846d414-04fe-4f66-baae-d94bfaadb9d0,Mairie - Grazac,official source: Annuaire de l'administration Service-public.fr
accueil@mairie-lachapelledaurec.fr,collectivite_administration,haute-loire,mairie collectivite,https://lannuaire.service-public.gouv.fr/auvergne-rhone-alpes/haute-loire/f22b9db7-dad0-4be8-82c9-839644e83ac1,Mairie - La Chapelle-d'Aurec,official source: Annuaire de l'administration Service-public.fr
accueil@mairiedepolignac.fr,collectivite_administration,haute-loire,mairie collectivite,https://lannuaire.service-public.gouv.fr/auvergne-rhone-alpes/haute-loire/69c9313e-f3a0-472c-9075-d397bec1b6e7,Mairie - Polignac,official source: Annuaire de l'administration Service-public.fr
accueil@saint-didier.com,collectivite_administration,haute-loire,mairie collectivite,https://lannuaire.service-public.gouv.fr/auvergne-rhone-alpes/haute-loire/6e6860be-3390-4373-86a7-e40516230390,Mairie - Saint-Didier-en-Velay,official source: Annuaire de l'administration Service-public.fr
accueil@saint-romain-lachalm.fr,collectivite_administration,haute-loire,mairie collectivite,https://lannuaire.service-public.gouv.fr/auvergne-rhone-alpes/haute-loire/f89200c1-b060-4c8f-9a45-e38267fa4791,Mairie - Saint-Romain-Lachalm,official source: Annuaire de l'administration Service-public.fr
accueil@ville-rosieres.fr,collectivite_administration,haute-loire,mairie collectivite,https://lannuaire.service-public.gouv.fr/auvergne-rhone-alpes/haute-loire/ad2c7ecd-2670-449f-962c-48fd4f452b7a,Mairie - Rosières,official source: Annuaire de l'administration Service-public.fr
beaux43@orange.fr,collectivite_administration,haute-loire,mairie collectivite,https://lannuaire.service-public.gouv.fr/auvergne-rhone-alpes/haute-loire/a7e4a4b8-ab42-4273-956c-7d7266a440c9,Mairie - Beaux,official source: Annuaire de l'administration Service-public.fr
ceyssac.mairie@orange.fr,collectivite_administration,haute-loire,mairie collectivite,https://lannuaire.service-public.gouv.fr/auvergne-rhone-alpes/haute-loire/03389ca8-de8c-4ccf-95be-ec44ec69115a,Mairie - Ceyssac,official source: Annuaire de l'administration Service-public.fr
chanaleilles@wanadoo.fr,collectivite_administration,haute-loire,mairie collectivite,https://lannuaire.service-public.gouv.fr/auvergne-rhone-alpes/haute-loire/a11bff05-f94e-4f6e-bf06-8f6683145c19,Mairie - Chanaleilles,official source: Annuaire de l'administration Service-public.fr
chaniat.mairie@wanadoo.fr,collectivite_administration,haute-loire,mairie collectivite,https://lannuaire.service-public.gouv.fr/auvergne-rhone-alpes/haute-loire/b434f0f7-9dc6-4301-aebc-d0b58ee0816b,Mairie - Chaniat,official source: Annuaire de l'administration Service-public.fr
chazelles.mairie@sfr.fr,collectivite_administration,haute-loire,mairie collectivite,https://lannuaire.service-public.gouv.fr/auvergne-rhone-alpes/haute-loire/10e27528-f45d-4f91-9b69-d59afb928fda,Mairie - Chazelles,official source: Annuaire de l'administration Service-public.fr
cohade.mairie@orange.fr,collectivite_administration,haute-loire,mairie collectivite,https://lannuaire.service-public.gouv.fr/auvergne-rhone-alpes/haute-loire/82168930-24c1-4a01-949b-9dfe8dc5e50b,Mairie - Cohade,official source: Annuaire de l'administration Service-public.fr
commune-chavaniac-lafayette2@wanadoo.fr,collectivite_administration,haute-loire,mairie collectivite,https://lannuaire.service-public.gouv.fr/auvergne-rhone-alpes/haute-loire/47843ef6-1072-44ab-9950-ba5f9f9a7080,Mairie - Chavaniac-Lafayette,official source: Annuaire de l'administration Service-public.fr
commune-de-la-chomette@orange.fr,collectivite_administration,haute-loire,mairie collectivite,https://lannuaire.service-public.gouv.fr/auvergne-rhone-alpes/haute-loire/d38be791-c7f2-4f13-a4d2-1c6372a6ef9f,Mairie - la Chomette,official source: Annuaire de l'administration Service-public.fr
commune-de-lavoute-chilhac@orange.fr,collectivite_administration,haute-loire,mairie collectivite,https://lannuaire.service-public.gouv.fr/auvergne-rhone-alpes/haute-loire/6f228ca8-06fb-48ce-9ee4-92a65a959562,Mairie - Lavoûte-Chilhac,official source: Annuaire de l'administration Service-public.fr
commune-de-st-arcons-d-allier@orange.fr,collectivite_administration,haute-loire,mairie collectivite,https://lannuaire.service-public.gouv.fr/auvergne-rhone-alpes/haute-loire/31889f89-b1d3-40fb-9d48-308f00126e09,Mairie - Saint-Arcons-d'Allier,official source: Annuaire de l'administration Service-public.fr
commune-jax@orange.fr,collectivite_administration,haute-loire,mairie collectivite,https://lannuaire.service-public.gouv.fr/auvergne-rhone-alpes/haute-loire/4b13c98e-8342-404a-8a9c-94dec563e5a4,Mairie - Jax,official source: Annuaire de l'administration Service-public.fr
commune-st-christophe-d-allier@orange.fr,collectivite_administration,haute-loire,mairie collectivite,https://lannuaire.service-public.gouv.fr/auvergne-rhone-alpes/haute-loire/82173772-e3f6-48a8-b3db-661e3b41024c,Mairie - Saint-Christophe-d'Allier,official source: Annuaire de l'administration Service-public.fr
commune.couteuges@wanadoo.fr,collectivite_administration,haute-loire,mairie collectivite,https://lannuaire.service-public.gouv.fr/auvergne-rhone-alpes/haute-loire/2815b3be-0edd-4e60-8a4f-6c5edcbc85c1,Mairie - Couteuges,official source: Annuaire de l'administration Service-public.fr
commune.montclard@orange.fr,collectivite_administration,haute-loire,mairie collectivite,https://lannuaire.service-public.gouv.fr/auvergne-rhone-alpes/haute-loire/3721fc86-8057-4122-ae48-4cdeb3a5fab0,Mairie - Montclard,official source: Annuaire de l'administration Service-public.fr
commune.ouides@orange.fr,collectivite_administration,haute-loire,mairie collectivite,https://lannuaire.service-public.gouv.fr/auvergne-rhone-alpes/haute-loire/43862795-bb7a-4d0f-a837-5d3d3a30cf18,Mairie - Ouides,official source: Annuaire de l'administration Service-public.fr
commune.saint.ferreol@orange.fr,collectivite_administration,haute-loire,mairie collectivite,https://lannuaire.service-public.gouv.fr/auvergne-rhone-alpes/haute-loire/f59d7ec1-5fe7-45ff-afc8-57666e294e1d,Mairie - Saint-Ferréol-d'Auroure,official source: Annuaire de l'administration Service-public.fr
commune.tailhac@laposte.net,collectivite_administration,haute-loire,mairie collectivite,https://lannuaire.service-public.gouv.fr/auvergne-rhone-alpes/haute-loire/fbf081c1-37a4-4f1f-a3a0-17e5569a2b0e,Mairie - Tailhac,official source: Annuaire de l'administration Service-public.fr
commune@montregard.fr,collectivite_administration,haute-loire,mairie collectivite,https://lannuaire.service-public.gouv.fr/auvergne-rhone-alpes/haute-loire/ce47fa95-58d2-4534-a988-1426a5724a8d,Mairie - Montregard,official source: Annuaire de l'administration Service-public.fr
commune@saint-pierre-eynac.fr,collectivite_administration,haute-loire,mairie collectivite,https://lannuaire.service-public.gouv.fr/auvergne-rhone-alpes/haute-loire/e654775e-cf96-46bd-8d69-4bdf3c3b5f6b,Mairie - Saint-Pierre-Eynac,official source: Annuaire de l'administration Service-public.fr
communedechassagnes@wanadoo.fr,collectivite_administration,haute-loire,mairie collectivite,https://lannuaire.service-public.gouv.fr/auvergne-rhone-alpes/haute-loire/65b84b77-edb0-417a-b490-6f07e4528406,Mairie - Chassagnes,official source: Annuaire de l'administration Service-public.fr
communedecollat@orange.fr,collectivite_administration,haute-loire,mairie collectivite,https://lannuaire.service-public.gouv.fr/auvergne-rhone-alpes/haute-loire/3bdf7973-dbe9-4c0c-8eaf-589425b6b87c,Mairie - Collat,official source: Annuaire de l'administration Service-public.fr
communedejosat@orange.fr,collectivite_administration,haute-loire,mairie collectivite,https://lannuaire.service-public.gouv.fr/auvergne-rhone-alpes/haute-loire/50b25a39-7ca0-4fb6-8912-dc0f9111a31d,Mairie - Josat,official source: Annuaire de l'administration Service-public.fr
communevarennes@orange.fr,collectivite_administration,haute-loire,mairie collectivite,https://lannuaire.service-public.gouv.fr/auvergne-rhone-alpes/haute-loire/6a9ab6b9-644f-461f-868a-9326b6c3ab79,Mairie - Varennes-Saint-Honorat,official source: Annuaire de l'administration Service-public.fr
contact@basenbasset.fr,collectivite_administration,haute-loire,mairie collectivite,https://lannuaire.service-public.gouv.fr/auvergne-rhone-alpes/haute-loire/ee722bc2-1599-4483-9782-28d54c33dcb7,Mairie - Bas-en-Basset,official source: Annuaire de l'administration Service-public.fr
contact@chenereilles.fr,collectivite_administration,haute-loire,mairie collectivite,https://lannuaire.service-public.gouv.fr/auvergne-rhone-alpes/haute-loire/dd6a646b-85fd-4799-9017-0584c29ebbeb,Mairie - Chenereilles,official source: Annuaire de l'administration Service-public.fr
contact@chilhac.fr,collectivite_administration,haute-loire,mairie collectivite,https://lannuaire.service-public.gouv.fr/auvergne-rhone-alpes/haute-loire/58c5adfc-0f05-440c-9ddf-0c880ae86965,Mairie - Chilhac,official source: Annuaire de l'administration Service-public.fr
contact@cussacsurloire.fr,collectivite_administration,haute-loire,mairie collectivite,https://lannuaire.service-public.gouv.fr/auvergne-rhone-alpes/haute-loire/7e529704-6d7f-44a1-a51e-28dba57a17b4,Mairie - Cussac-sur-Loire,official source: Annuaire de l'administration Service-public.fr
contact@lepuyenvelay.fr,collectivite_administration,haute-loire,mairie collectivite,https://lannuaire.service-public.gouv.fr/auvergne-rhone-alpes/haute-loire/2514313d-c030-467e-a2fe-9e5e031c340a,Mairie - Le Puy-en-Velay,official source: Annuaire de l'administration Service-public.fr
contact@mairie-laussonne.fr,collectivite_administration,haute-loire,mairie collectivite,https://lannuaire.service-public.gouv.fr/auvergne-rhone-alpes/haute-loire/fa63acb9-c2a0-4408-bb65-0f06d3782622,Mairie - Laussonne,official source: Annuaire de l'administration Service-public.fr
contact@mairie-saintpaldemons.fr,collectivite_administration,haute-loire,mairie collectivite,https://lannuaire.service-public.gouv.fr/auvergne-rhone-alpes/haute-loire/d75b43b3-c07b-4760-a9ce-ea7827c60c0a,Mairie - Saint-Pal-de-Mons,official source: Annuaire de l'administration Service-public.fr
contact@mairiedechadron.fr,collectivite_administration,haute-loire,mairie collectivite,https://lannuaire.service-public.gouv.fr/auvergne-rhone-alpes/haute-loire/8051f086-cf22-4349-b693-45615e0f2b5f,Mairie - Chadron,official source: Annuaire de l'administration Service-public.fr
contact@mairiedelissac.fr,collectivite_administration,haute-loire,mairie collectivite,https://lannuaire.service-public.gouv.fr/auvergne-rhone-alpes/haute-loire/954d2eff-0932-4594-afff-641ffa571c37,Mairie - Lissac,official source: Annuaire de l'administration Service-public.fr
contact@mairiedeloudes.fr,collectivite_administration,haute-loire,mairie collectivite,https://lannuaire.service-public.gouv.fr/auvergne-rhone-alpes/haute-loire/b9bb7b3e-2910-408c-91d9-f7bd649594d4,Mairie - Loudes,official source: Annuaire de l'administration Service-public.fr
contact@mairiedesalzuit.fr,collectivite_administration,haute-loire,mairie collectivite,https://lannuaire.service-public.gouv.fr/auvergne-rhone-alpes/haute-loire/ce00c8e5-a791-4db7-b110-b45c0bdf8b98,Mairie - Salzuit,official source: Annuaire de l'administration Service-public.fr
contact@mairielesestables.fr,collectivite_administration,haute-loire,mairie collectivite,https://lannuaire.service-public.gouv.fr/auvergne-rhone-alpes/haute-loire/c25263b4-5b4a-4f9e-b0e3-e4b386b099d3,Mairie - Les Estables,official source: Annuaire de l'administration Service-public.fr
contact@mairiest-ilpize.fr,collectivite_administration,haute-loire,mairie collectivite,https://lannuaire.service-public.gouv.fr/auvergne-rhone-alpes/haute-loire/5a3d02d8-a1bc-4f1c-9499-70ccd64bfd5f,Mairie - Saint-Ilpize,official source: Annuaire de l'administration Service-public.fr
contact@monlet.fr,collectivite_administration,haute-loire,mairie collectivite,https://lannuaire.service-public.gouv.fr/auvergne-rhone-alpes/haute-loire/b5e26e23-a79a-4d1f-8d5f-b9a1d3edc873,Mairie - Monlet,official source: Annuaire de l'administration Service-public.fr
contact@sainte-florine.fr,collectivite_administration,haute-loire,mairie collectivite,https://lannuaire.service-public.gouv.fr/auvergne-rhone-alpes/haute-loire/a2df3ace-982b-48b1-8a9d-a37384c8ea02,Mairie - Sainte-Florine,official source: Annuaire de l'administration Service-public.fr
contact@sainte-sigolene.fr,collectivite_administration,haute-loire,mairie collectivite,https://lannuaire.service-public.gouv.fr/auvergne-rhone-alpes/haute-loire/7fc2d3dc-f7b6-40d6-81ce-6aa95fdc2e95,Mairie - Sainte-Sigolène,official source: Annuaire de l'administration Service-public.fr
contact@smdl.org,collectivite_administration,haute-loire,mairie collectivite,https://lannuaire.service-public.gouv.fr/auvergne-rhone-alpes/haute-loire/da3c3dc7-64c7-4daf-af7f-53e4150597f2,Mairie - Saint-Maurice-de-Lignon,official source: Annuaire de l'administration Service-public.fr
dgs@monistrol.fr,collectivite_administration,haute-loire,mairie collectivite,https://lannuaire.service-public.gouv.fr/auvergne-rhone-alpes/haute-loire/0359443e-b2d1-4c36-8377-36d61047fd67,Mairie - Monistrol-sur-Loire,official source: Annuaire de l'administration Service-public.fr
freycenet-la-cu.mairie@wanadoo.fr,collectivite_administration,haute-loire,mairie collectivite,https://lannuaire.service-public.gouv.fr/auvergne-rhone-alpes/haute-loire/6a59a8c6-3c6b-44a6-88ba-b802eaef583c,Mairie - Freycenet-la-Cuche,official source: Annuaire de l'administration Service-public.fr
info@mairie-saintprivatdallier.fr,collectivite_administration,haute-loire,mairie collectivite,https://lannuaire.service-public.gouv.fr/auvergne-rhone-alpes/haute-loire/2f0f5f67-2966-4f1b-90e9-d544b2200993,Mairie - Saint-Privat-d'Allier,official source: Annuaire de l'administration Service-public.fr
lcdmairie@wanadoo.fr,collectivite_administration,haute-loire,mairie collectivite,https://lannuaire.service-public.gouv.fr/auvergne-rhone-alpes/haute-loire/80278dc8-ec93-4e72-905d-594c65e5fd34,Mairie - La Chaise-Dieu,official source: Annuaire de l'administration Service-public.fr
le.vernet.43@orange.fr,collectivite_administration,haute-loire,mairie collectivite,https://lannuaire.service-public.gouv.fr/auvergne-rhone-alpes/haute-loire/9b26d200-89cf-4f55-b29b-34af01ee83a7,Mairie - Le Vernet,official source: Annuaire de l'administration Service-public.fr
mairie-arlet@bbox.fr,collectivite_administration,haute-loire,mairie collectivite,https://lannuaire.service-public.gouv.fr/auvergne-rhone-alpes/haute-loire/7f7a0ebe-e21f-4ef6-bb39-ef7df0a420d2,Mairie - Arlet,official source: Annuaire de l'administration Service-public.fr
mairie-auzon@wanadoo.fr,collectivite_administration,haute-loire,mairie collectivite,https://lannuaire.service-public.gouv.fr/auvergne-rhone-alpes/haute-loire/7dfabfbe-f577-4208-acfd-e49a0b75fbe3,Mairie - Auzon,official source: Annuaire de l'administration Service-public.fr
mairie-bains@wanadoo.fr,collectivite_administration,haute-loire,mairie collectivite,https://lannuaire.service-public.gouv.fr/auvergne-rhone-alpes/haute-loire/a004b7e0-2479-4a49-ae43-957cdc13b161,Mairie - Bains,official source: Annuaire de l'administration Service-public.fr
mairie-chambezon@orange.fr,collectivite_administration,haute-loire,mairie collectivite,https://lannuaire.service-public.gouv.fr/auvergne-rhone-alpes/haute-loire/43120db7-b7e0-4317-9974-59e37cf9732e,Mairie - Chambezon,official source: Annuaire de l'administration Service-public.fr
mairie-cronce@wanadoo.fr,collectivite_administration,haute-loire,mairie collectivite,https://lannuaire.service-public.gouv.fr/auvergne-rhone-alpes/haute-loire/885ead8a-6fdf-4a05-a737-fe4ba204a868,Mairie - Cronce,official source: Annuaire de l'administration Service-public.fr
mairie-de-jullianges@wanadoo.fr,collectivite_administration,haute-loire,mairie collectivite,https://lannuaire.service-public.gouv.fr/auvergne-rhone-alpes/haute-loire/b0c8eabf-08c4-4de0-9094-b8cca35fed39,Mairie - Jullianges,official source: Annuaire de l'administration Service-public.fr
mairie-de-vezezoux@wanadoo.fr,collectivite_administration,haute-loire,mairie collectivite,https://lannuaire.service-public.gouv.fr/auvergne-rhone-alpes/haute-loire/82d2f080-8295-410d-954d-4b38709f2616,Mairie - Vézézoux,official source: Annuaire de l'administration Service-public.fr
mairie-du-monastier-sur-gazeille@orange.fr,collectivite_administration,haute-loire,mairie collectivite,https://lannuaire.service-public.gouv.fr/auvergne-rhone-alpes/haute-loire/1471cac3-6adf-4c8e-8076-9ded5ceef111,Centre communal d'action sociale (CCAS) - Le Monastier-sur-Gazeille,official source: Annuaire de l'administration Service-public.fr
mairie-leotoing@orange.fr,collectivite_administration,haute-loire,mairie collectivite,https://lannuaire.service-public.gouv.fr/auvergne-rhone-alpes/haute-loire/175573ab-0a9e-4010-8247-d4f48a29c714,Mairie - Léotoing,official source: Annuaire de l'administration Service-public.fr
mairie-lubilhac@wanadoo.fr,collectivite_administration,haute-loire,mairie collectivite,https://lannuaire.service-public.gouv.fr/auvergne-rhone-alpes/haute-loire/30d45e78-e028-4f06-abd0-c82a42179b8d,Mairie - Lubilhac,official source: Annuaire de l'administration Service-public.fr
mairie-pebrac@wanadoo.fr,collectivite_administration,haute-loire,mairie collectivite,https://lannuaire.service-public.gouv.fr/auvergne-rhone-alpes/haute-loire/1d6940eb-c6ef-434c-89e2-4cc1a3d5d898,Mairie - Pébrac,official source: Annuaire de l'administration Service-public.fr
mairie-pradelles@wanadoo.fr,collectivite_administration,haute-loire,mairie collectivite,https://lannuaire.service-public.gouv.fr/auvergne-rhone-alpes/haute-loire/e6fbfecc-138b-480a-8323-2daa936a6a4c,Mairie - Pradelles,official source: Annuaire de l'administration Service-public.fr
mairie-stetienneduvigan@orange.fr,collectivite_administration,haute-loire,mairie collectivite,https://lannuaire.service-public.gouv.fr/auvergne-rhone-alpes/haute-loire/0d85f6b7-4fe2-4cbd-bb7f-81fa4e4287e4,Mairie - Saint-Étienne-du-Vigan,official source: Annuaire de l'administration Service-public.fr
mairie-sthostien@wanadoo.fr,collectivite_administration,haute-loire,mairie collectivite,https://lannuaire.service-public.gouv.fr/auvergne-rhone-alpes/haute-loire/c4e1dcc9-bf3f-4bd3-8550-53c2ae724d02,Mairie - Saint-Hostien,official source: Annuaire de l'administration Service-public.fr
mairie-vieille-brioude2@orange.fr,collectivite_administration,haute-loire,mairie collectivite,https://lannuaire.service-public.gouv.fr/auvergne-rhone-alpes/haute-loire/7991f4fc-8ba6-45ee-a80a-f62fd09529ff,Centre communal d'action sociale (CCAS) - Vieille-Brioude,official source: Annuaire de l'administration Service-public.fr
mairie-vissac-auteyrac@orange.fr,collectivite_administration,haute-loire,mairie collectivite,https://lannuaire.service-public.gouv.fr/auvergne-rhone-alpes/haute-loire/96666565-3ce7-42f9-a8dd-2ffecc436675,Mairie - Vissac-Auteyrac,official source: Annuaire de l'administration Service-public.fr
mairie.agnat@wanadoo.fr,collectivite_administration,haute-loire,mairie collectivite,https://lannuaire.service-public.gouv.fr/auvergne-rhone-alpes/haute-loire/09bf365e-efe4-4c39-802b-1cfd2ee55797,Mairie - Agnat,official source: Annuaire de l'administration Service-public.fr
mairie.allegre@wanadoo.fr,collectivite_administration,haute-loire,mairie collectivite,https://lannuaire.service-public.gouv.fr/auvergne-rhone-alpes/haute-loire/789799f8-1427-4a1c-b24d-b3d53ca995b0,Mairie - Allègre,official source: Annuaire de l'administration Service-public.fr
mairie.alleyrac@orange.fr,collectivite_administration,haute-loire,mairie collectivite,https://lannuaire.service-public.gouv.fr/auvergne-rhone-alpes/haute-loire/fabec451-8574-4533-9ac6-fd485c39c904,Mairie - Alleyrac,official source: Annuaire de l'administration Service-public.fr
mairie.alleyras@orange.fr,collectivite_administration,haute-loire,mairie collectivite,https://lannuaire.service-public.gouv.fr/auvergne-rhone-alpes/haute-loire/9daba497-0294-49b5-8d4f-3bc3c194a4dc,Mairie - Alleyras,official source: Annuaire de l'administration Service-public.fr
mairie.araules@wanadoo.fr,collectivite_administration,haute-loire,mairie collectivite,https://lannuaire.service-public.gouv.fr/auvergne-rhone-alpes/haute-loire/15189b6e-74b0-4f8d-98a4-9910306e1ac4,Mairie - Araules,official source: Annuaire de l'administration Service-public.fr
mairie.arsac43700@gmail.com,collectivite_administration,haute-loire,mairie collectivite,https://lannuaire.service-public.gouv.fr/auvergne-rhone-alpes/haute-loire/aebbf3c2-4c6c-4605-90e8-d5e68b3c9ed5,Mairie - Arsac-en-Velay,official source: Annuaire de l'administration Service-public.fr
mairie.aubazat@wanadoo.fr,collectivite_administration,haute-loire,mairie collectivite,https://lannuaire.service-public.gouv.fr/auvergne-rhone-alpes/haute-loire/f99d24b0-a882-4eae-b530-3927b6372332,Mairie - Aubazat,official source: Annuaire de l'administration Service-public.fr
mairie.auvers@wanadoo.fr,collectivite_administration,haute-loire,mairie collectivite,https://lannuaire.service-public.gouv.fr/auvergne-rhone-alpes/haute-loire/78468561-fa15-4947-9bd9-d910bbad27f8,Mairie - Auvers,official source: Annuaire de l'administration Service-public.fr
mairie.azerat43@orange.fr,collectivite_administration,haute-loire,mairie collectivite,https://lannuaire.service-public.gouv.fr/auvergne-rhone-alpes/haute-loire/24d3f65f-f590-446f-87a0-b651ad5b402e,Mairie - Azérat,official source: Annuaire de l'administration Service-public.fr
mairie.beaumont@wanadoo.fr,collectivite_administration,haute-loire,mairie collectivite,https://lannuaire.service-public.gouv.fr/auvergne-rhone-alpes/haute-loire/8a377669-edc7-4b5c-af69-c4b1be03174f,Mairie - Beaumont,official source: Annuaire de l'administration Service-public.fr
mairie.beaune.sur.arzon@orange.fr,collectivite_administration,haute-loire,mairie collectivite,https://lannuaire.service-public.gouv.fr/auvergne-rhone-alpes/haute-loire/9e80bd82-81a2-4add-a1d4-53bedbde0c88,Mairie - Beaune-sur-Arzon,official source: Annuaire de l'administration Service-public.fr
mairie.blassac@orange.fr,collectivite_administration,haute-loire,mairie collectivite,https://lannuaire.service-public.gouv.fr/auvergne-rhone-alpes/haute-loire/a7bccca5-6f9b-43a8-97a7-85ff6f2a72fc,Mairie - Blassac,official source: Annuaire de l'administration Service-public.fr
mairie.boisset@orange.fr,collectivite_administration,haute-loire,mairie collectivite,https://lannuaire.service-public.gouv.fr/auvergne-rhone-alpes/haute-loire/2846edb4-62ac-40a6-8a98-4dab210322dc,Mairie - Boisset,official source: Annuaire de l'administration Service-public.fr
mairie.bournoncle@wanadoo.fr,collectivite_administration,haute-loire,mairie collectivite,https://lannuaire.service-public.gouv.fr/auvergne-rhone-alpes/haute-loire/c14be872-d7ff-461f-9436-1b43ad88808a,Mairie - Bournoncle-Saint-Pierre,official source: Annuaire de l'administration Service-public.fr
mairie.cayres@gmail.com,collectivite_administration,haute-loire,mairie collectivite,https://lannuaire.service-public.gouv.fr/auvergne-rhone-alpes/haute-loire/f323b0cb-4644-4ca3-a187-60e40bf055c7,Mairie - Cayres,official source: Annuaire de l'administration Service-public.fr
mairie.ceaux.dallegre@wanadoo.fr,collectivite_administration,haute-loire,mairie collectivite,https://lannuaire.service-public.gouv.fr/auvergne-rhone-alpes/haute-loire/97036f41-3adf-44f7-b1ea-c4b26c7001af,Mairie - Céaux-d'Allègre,official source: Annuaire de l'administration Service-public.fr
mairie.cerzat@wanadoo.fr,collectivite_administration,haute-loire,mairie collectivite,https://lannuaire.service-public.gouv.fr/auvergne-rhone-alpes/haute-loire/ff79effd-91f7-457c-9a62-3c7661433e4b,Mairie - Cerzat,official source: Annuaire de l'administration Service-public.fr
mairie.champclause@orange.fr,collectivite_administration,haute-loire,mairie collectivite,https://lannuaire.service-public.gouv.fr/auvergne-rhone-alpes/haute-loire/83d95d6d-88bf-49d8-ad50-438191dfa32f,Mairie - Champclause,official source: Annuaire de l'administration Service-public.fr
mairie.chanteuges@wanadoo.fr,collectivite_administration,haute-loire,mairie collectivite,https://lannuaire.service-public.gouv.fr/auvergne-rhone-alpes/haute-loire/44125309-bc12-4673-b653-ee5c3bb0f1e4,Mairie - Chanteuges,official source: Annuaire de l'administration Service-public.fr
mairie.chapellebertin@orange.fr,collectivite_administration,haute-loire,mairie collectivite,https://lannuaire.service-public.gouv.fr/auvergne-rhone-alpes/haute-loire/b6082862-9781-4e0f-b40f-50fdfae30c1a,Mairie - La Chapelle-Bertin,official source: Annuaire de l'administration Service-public.fr
mairie.chaspinhac@wanadoo.fr,collectivite_administration,haute-loire,mairie collectivite,https://lannuaire.service-public.gouv.fr/auvergne-rhone-alpes/haute-loire/e8d207cc-4f32-4f82-b8ec-e0f562a118eb,Mairie - Chaspinhac,official source: Annuaire de l'administration Service-public.fr
mairie.chaspuzac@gmail.com,collectivite_administration,haute-loire,mairie collectivite,https://lannuaire.service-public.gouv.fr/auvergne-rhone-alpes/haute-loire/0525797c-7ea4-48ff-bab5-dba5f621f5f1,Mairie - Chaspuzac,official source: Annuaire de l'administration Service-public.fr
mairie.chassignoles@wanadoo.fr,collectivite_administration,haute-loire,mairie collectivite,https://lannuaire.service-public.gouv.fr/auvergne-rhone-alpes/haute-loire/c21c7024-5b98-4093-b2a0-9f1355f8866c,Mairie - Chassignolles,official source: Annuaire de l'administration Service-public.fr
mairie.chastel@orange.fr,collectivite_administration,haute-loire,mairie collectivite,https://lannuaire.service-public.gouv.fr/auvergne-rhone-alpes/haute-loire/920b1dcd-1686-42db-b210-2a62c55453f1,Mairie - Chastel,official source: Annuaire de l'administration Service-public.fr
mairie.commune-arlempdes@orange.fr,collectivite_administration,haute-loire,mairie collectivite,https://lannuaire.service-public.gouv.fr/auvergne-rhone-alpes/haute-loire/88441deb-4836-49f3-8931-4bcbd1c096f3,Centre communal d'action sociale (CCAS) - Arlempdes,official source: Annuaire de l'administration Service-public.fr
mairie.commune-lafarre@orange.fr,collectivite_administration,haute-loire,mairie collectivite,https://lannuaire.service-public.gouv.fr/auvergne-rhone-alpes/haute-loire/4d6b90d8-c194-4c29-9e41-7323524749ef,Mairie - Lafarre,official source: Annuaire de l'administration Service-public.fr
mairie.connangles@orange.fr,collectivite_administration,haute-loire,mairie collectivite,https://lannuaire.service-public.gouv.fr/auvergne-rhone-alpes/haute-loire/7090ce2c-0c3e-44fd-9c16-cdfe63b77e1b,Mairie - Connangles,official source: Annuaire de l'administration Service-public.fr
mairie.contact@blavozy.fr,collectivite_administration,haute-loire,mairie collectivite,https://lannuaire.service-public.gouv.fr/auvergne-rhone-alpes/haute-loire/931516b5-673d-4137-81da-03d6daf62002,Mairie - Blavozy,official source: Annuaire de l'administration Service-public.fr
mairie.de.blesle@wanadoo.fr,collectivite_administration,haute-loire,mairie collectivite,https://lannuaire.service-public.gouv.fr/auvergne-rhone-alpes/haute-loire/6c180c18-f4ca-4392-9fc0-a7a1d2dbe2d0,Mairie - Blesle,official source: Annuaire de l'administration Service-public.fr
mairie.desges@wanadoo.fr,collectivite_administration,haute-loire,mairie collectivite,https://lannuaire.service-public.gouv.fr/auvergne-rhone-alpes/haute-loire/5a1068c3-20cc-402a-8d37-28d58870cff3,Mairie - Desges,official source: Annuaire de l'administration Service-public.fr
mairie.domeyrat@orange.fr,collectivite_administration,haute-loire,mairie collectivite,https://lannuaire.service-public.gouv.fr/auvergne-rhone-alpes/haute-loire/93121964-47c6-4386-8dca-077868e31918,Mairie - Domeyrat,official source: Annuaire de l'administration Service-public.fr
mairie.espalem@wanadoo.fr,collectivite_administration,haute-loire,mairie collectivite,https://lannuaire.service-public.gouv.fr/auvergne-rhone-alpes/haute-loire/6385b278-0b60-4ba8-90a9-682b0bc10dd9,Mairie - Espalem,official source: Annuaire de l'administration Service-public.fr
mairie.esplantas@orange.fr,collectivite_administration,haute-loire,mairie collectivite,https://lannuaire.service-public.gouv.fr/auvergne-rhone-alpes/haute-loire/2f6fca14-4c0f-4479-b3f8-01360ed7f772,Mairie - Esplantas-Vazeilles,official source: Annuaire de l'administration Service-public.fr
mairie.ferrussac@wanadoo.fr,collectivite_administration,haute-loire,mairie collectivite,https://lannuaire.service-public.gouv.fr/auvergne-rhone-alpes/haute-loire/be2d8ec2-8a3a-46a4-884f-12f8959567e2,Mairie - Ferrussac,official source: Annuaire de l'administration Service-public.fr
mairie.fontannes@orange.fr,collectivite_administration,haute-loire,mairie collectivite,https://lannuaire.service-public.gouv.fr/auvergne-rhone-alpes/haute-loire/4adcca05-0278-4db6-8556-cb4ba25ce1e4,Mairie - Fontannes,official source: Annuaire de l'administration Service-public.fr
mairie.frugiereslepin@wanadoo.fr,collectivite_administration,haute-loire,mairie collectivite,https://lannuaire.service-public.gouv.fr/auvergne-rhone-alpes/haute-loire/2595ecbd-91e5-4568-a50a-6d89f45d6a53,Mairie - Frugières-le-Pin,official source: Annuaire de l'administration Service-public.fr
mairie.grenier-montgon@wanadoo.fr,collectivite_administration,haute-loire,mairie collectivite,https://lannuaire.service-public.gouv.fr/auvergne-rhone-alpes/haute-loire/c1340852-af91-48bf-a795-3e47235278e7,Mairie - Grenier-Montgon,official source: Annuaire de l'administration Service-public.fr
mairie.grezes@free.fr,collectivite_administration,haute-loire,mairie collectivite,https://lannuaire.service-public.gouv.fr/auvergne-rhone-alpes/haute-loire/60c971e4-c753-4ea9-a4dd-f1775918054d,Mairie - Grèzes,official source: Annuaire de l'administration Service-public.fr
mairie.lachapellegeneste@gmail.com,collectivite_administration,haute-loire,mairie collectivite,https://lannuaire.service-public.gouv.fr/auvergne-rhone-alpes/haute-loire/07d95e47-5f57-4fb4-9b32-cfa286619e1a,Mairie - La Chapelle-Geneste,official source: Annuaire de l'administration Service-public.fr
mairie.lantriac@wanadoo.fr,collectivite_administration,haute-loire,mairie collectivite,https://lannuaire.service-public.gouv.fr/auvergne-rhone-alpes/haute-loire/8024dd24-5760-49a1-bed6-521ed2570046,Mairie - Lantriac,official source: Annuaire de l'administration Service-public.fr
mairie.lebouchetstnicolas@orange.fr,collectivite_administration,haute-loire,mairie collectivite,https://lannuaire.service-public.gouv.fr/auvergne-rhone-alpes/haute-loire/7e2e4149-bf27-4af2-881c-bfafa6ebf61e,Mairie - Le Bouchet-Saint-Nicolas,official source: Annuaire de l'administration Service-public.fr
mairie.lemasdetence@wanadoo.fr,collectivite_administration,haute-loire,mairie collectivite,https://lannuaire.service-public.gouv.fr/auvergne-rhone-alpes/haute-loire/e1abcbae-b5fb-471d-a781-443792726ec9,Mairie - Le Mas-de-Tence,official source: Annuaire de l'administration Service-public.fr
mairie.lemonteil@wanadoo.fr,collectivite_administration,haute-loire,mairie collectivite,https://lannuaire.service-public.gouv.fr/auvergne-rhone-alpes/haute-loire/d36ba5f5-b49b-404e-aec8-36c3e44eb663,Mairie - Le Monteil,official source: Annuaire de l'administration Service-public.fr
mairie.lepertuis@wanadoo.fr,collectivite_administration,haute-loire,mairie collectivite,https://lannuaire.service-public.gouv.fr/auvergne-rhone-alpes/haute-loire/aaf84967-959f-4f5e-9b81-2fc21d7965a8,Mairie - Le Pertuis,official source: Annuaire de l'administration Service-public.fr
mairie.lorlanges@wanadoo.fr,collectivite_administration,haute-loire,mairie collectivite,https://lannuaire.service-public.gouv.fr/auvergne-rhone-alpes/haute-loire/77e92fa9-275c-4aa2-a799-50f168caac91,Mairie - Lorlanges,official source: Annuaire de l'administration Service-public.fr
mairie.malvalette@orange.fr,collectivite_administration,haute-loire,mairie collectivite,https://lannuaire.service-public.gouv.fr/auvergne-rhone-alpes/haute-loire/c5439954-85b2-4a5a-8365-86b33af2d1fb,Mairie - Malvalette,official source: Annuaire de l'administration Service-public.fr
mairie.malvieres@orange.fr,collectivite_administration,haute-loire,mairie collectivite,https://lannuaire.service-public.gouv.fr/auvergne-rhone-alpes/haute-loire/19f57a75-b3e0-4c4e-adce-a075fc971944,Centre communal d'action sociale (CCAS) - Malvières,official source: Annuaire de l'administration Service-public.fr
mairie.mazerat.aurouze@wanadoo.fr,collectivite_administration,haute-loire,mairie collectivite,https://lannuaire.service-public.gouv.fr/auvergne-rhone-alpes/haute-loire/213c2fcc-3834-455f-b0a8-a948cb843e28,Mairie - Mazerat-Aurouze,official source: Annuaire de l'administration Service-public.fr
mairie.monistroldallier@orange.fr,collectivite_administration,haute-loire,mairie collectivite,https://lannuaire.service-public.gouv.fr/auvergne-rhone-alpes/haute-loire/c7eb477b-2007-472c-b982-00da8a514910,Mairie - Monistrol-d'Allier,official source: Annuaire de l'administration Service-public.fr
mairie.saint-prejet-armandon@orange.fr,collectivite_administration,haute-loire,mairie collectivite,https://lannuaire.service-public.gouv.fr/auvergne-rhone-alpes/haute-loire/0b305abe-de9d-41d8-8a82-cd08be4c6a84,Mairie - Saint-Préjet-Armandon,official source: Annuaire de l'administration Service-public.fr
mairie.saint.front43@orange.fr,collectivite_administration,haute-loire,mairie collectivite,https://lannuaire.service-public.gouv.fr/auvergne-rhone-alpes/haute-loire/420a3086-a87d-4e05-932b-c5a6f48fb786,Mairie - Saint-Front,official source: Annuaire de l'administration Service-public.fr
mairie.saintcirgues@outlook.fr,collectivite_administration,haute-loire,mairie collectivite,https://lannuaire.service-public.gouv.fr/auvergne-rhone-alpes/haute-loire/8c5ea85f-56cf-436e-bfdb-e77e4c39cce4,Mairie - Saint-Cirgues,official source: Annuaire de l'administration Service-public.fr
mairie.saintjulien0726@orange.fr,collectivite_administration,haute-loire,mairie collectivite,https://lannuaire.service-public.gouv.fr/auvergne-rhone-alpes/haute-loire/9520174a-0d52-4198-98d1-a0fd475763cb,Mairie - Saint-Julien-des-Chazes,official source: Annuaire de l'administration Service-public.fr
mairie.saintjuliendupinet@orange.fr,collectivite_administration,haute-loire,mairie collectivite,https://lannuaire.service-public.gouv.fr/auvergne-rhone-alpes/haute-loire/06f64036-ed29-420e-ae6f-75829bb7722d,Mairie - Saint-Julien-du-Pinet,official source: Annuaire de l'administration Service-public.fr
mairie.saintvert@orange.fr,collectivite_administration,haute-loire,mairie collectivite,https://lannuaire.service-public.gouv.fr/auvergne-rhone-alpes/haute-loire/e27c68e4-c149-42d9-821a-a7ae48737e33,Mairie - Saint-Vert,official source: Annuaire de l'administration Service-public.fr
mairie.salettes702@orange.fr,collectivite_administration,haute-loire,mairie collectivite,https://lannuaire.service-public.gouv.fr/auvergne-rhone-alpes/haute-loire/018a4f77-764d-49b5-a481-72887469b291,Mairie - Salettes,official source: Annuaire de l'administration Service-public.fr
mairie.seauve@orange.fr,collectivite_administration,haute-loire,mairie collectivite,https://lannuaire.service-public.gouv.fr/auvergne-rhone-alpes/haute-loire/3badd9b5-fc1a-4fa8-9fcf-5fc1ddacfa18,Mairie - La Séauve-sur-Semène,official source: Annuaire de l'administration Service-public.fr
mairie.sembadel@wanadoo.fr,collectivite_administration,haute-loire,mairie collectivite,https://lannuaire.service-public.gouv.fr/auvergne-rhone-alpes/haute-loire/376016d2-7c62-43ba-87a5-330e529e9241,Mairie - Sembadel,official source: Annuaire de l'administration Service-public.fr
mairie.seneujols@wanadoo.fr,collectivite_administration,haute-loire,mairie collectivite,https://lannuaire.service-public.gouv.fr/auvergne-rhone-alpes/haute-loire/229ea65e-1df8-4a05-b016-ef5b299c6007,Mairie - Séneujols,official source: Annuaire de l'administration Service-public.fr
mairie.siauguestemarie@wanadoo.fr,collectivite_administration,haute-loire,mairie collectivite,https://lannuaire.service-public.gouv.fr/auvergne-rhone-alpes/haute-loire/8fcb4483-50cc-4360-8641-a6d35f64f9f2,Mairie - Siaugues-Sainte-Marie,official source: Annuaire de l'administration Service-public.fr
mairie.solignacsurloire@orange.fr,collectivite_administration,haute-loire,mairie collectivite,https://lannuaire.service-public.gouv.fr/auvergne-rhone-alpes/haute-loire/22b94494-d455-4e0e-b76d-f33afd06cb7c,Mairie - Solignac-sur-Loire,official source: Annuaire de l'administration Service-public.fr
mairie.st-andre-de-chalencon@wanadoo.fr,collectivite_administration,haute-loire,mairie collectivite,https://lannuaire.service-public.gouv.fr/auvergne-rhone-alpes/haute-loire/08db7f36-a5bd-46bf-90f2-b2a5438b4068,Mairie - Saint-André-de-Chalencon,official source: Annuaire de l'administration Service-public.fr
mairie.st-julien-molhesabate@orange.fr,collectivite_administration,haute-loire,mairie collectivite,https://lannuaire.service-public.gouv.fr/auvergne-rhone-alpes/haute-loire/12be7dba-87e6-4e51-a78b-574014c8724c,Mairie - Saint-Julien-Molhesabate,official source: Annuaire de l'administration Service-public.fr
mairie.st-laurent-chabreuges@wanadoo.fr,collectivite_administration,haute-loire,mairie collectivite,https://lannuaire.service-public.gouv.fr/auvergne-rhone-alpes/haute-loire/2f36436c-d2c9-4916-8dea-36d16a2c4bd6,Mairie - Saint-Laurent-Chabreuges,official source: Annuaire de l'administration Service-public.fr
mairie.st-victor-sur-arlanc@wanadoo.fr,collectivite_administration,haute-loire,mairie collectivite,https://lannuaire.service-public.gouv.fr/auvergne-rhone-alpes/haute-loire/39f8a8f4-cd09-41a2-bd21-9a3e84f2700a,Mairie - Saint-Victor-sur-Arlanc,official source: Annuaire de l'administration Service-public.fr
mairie.st.eugenie@wanadoo.fr,collectivite_administration,haute-loire,mairie collectivite,https://lannuaire.service-public.gouv.fr/auvergne-rhone-alpes/haute-loire/e8d5ff07-f2d9-4bab-96bf-d5a7e9bc7cb7,Mairie - Sainte-Eugénie-de-Villeneuve,official source: Annuaire de l'administration Service-public.fr
mairie.st.geneys@wanadoo.fr,collectivite_administration,haute-loire,mairie collectivite,https://lannuaire.service-public.gouv.fr/auvergne-rhone-alpes/haute-loire/7c2f7f49-078c-42b3-9857-ab9801cfd4dd,Mairie - Saint-Geneys-près-Saint-Paulien,official source: Annuaire de l'administration Service-public.fr
mairie.st.georges.aurac@wanadoo.fr,collectivite_administration,haute-loire,mairie collectivite,https://lannuaire.service-public.gouv.fr/auvergne-rhone-alpes/haute-loire/81d076f4-0cbe-4800-8ae1-32fd83b139dc,Mairie - Saint-Georges-d'Aurac,official source: Annuaire de l'administration Service-public.fr
mairie.stet@wanadoo.fr,collectivite_administration,haute-loire,mairie collectivite,https://lannuaire.service-public.gouv.fr/auvergne-rhone-alpes/haute-loire/0c0c2d4b-b6c6-49cf-a4f6-451337a52153,Mairie - Saint-Étienne-sur-Blesle,official source: Annuaire de l'administration Service-public.fr
mairie.sthaon@wanadoo.fr,collectivite_administration,haute-loire,mairie collectivite,https://lannuaire.service-public.gouv.fr/auvergne-rhone-alpes/haute-loire/f3dee854-d082-45bb-9ac0-090b206973c1,Mairie - Saint-Haon,official source: Annuaire de l'administration Service-public.fr
mairie.stjean.denay@orange.fr,collectivite_administration,haute-loire,mairie collectivite,https://lannuaire.service-public.gouv.fr/auvergne-rhone-alpes/haute-loire/229cca04-83c6-4060-ae01-0a202d8e5718,Mairie - Saint-Jean-de Nay,official source: Annuaire de l'administration Service-public.fr
mairie.stjeandaubrigoux@wanadoo.fr,collectivite_administration,haute-loire,mairie collectivite,https://lannuaire.service-public.gouv.fr/auvergne-rhone-alpes/haute-loire/46f91a0c-9c0f-43d0-a607-d3fb2703ac6c,Mairie - Saint-Jean-d'Aubrigoux,official source: Annuaire de l'administration Service-public.fr
mairie.stjeanlachalm@wanadoo.fr,collectivite_administration,haute-loire,mairie collectivite,https://lannuaire.service-public.gouv.fr/auvergne-rhone-alpes/haute-loire/ccb218dd-f24d-465a-af7c-e8cd87d4bbe0,Mairie - Saint-Jean-Lachalm,official source: Annuaire de l'administration Service-public.fr
mairie.stjuliendance@cegetel.net,collectivite_administration,haute-loire,mairie collectivite,https://lannuaire.service-public.gouv.fr/auvergne-rhone-alpes/haute-loire/6fd41a09-7c89-4a82-8756-05a1c1073367,Mairie - Saint-Julien-d'Ance,official source: Annuaire de l'administration Service-public.fr
mairie.stjustpresbrioude@orange.fr,collectivite_administration,haute-loire,mairie collectivite,https://lannuaire.service-public.gouv.fr/auvergne-rhone-alpes/haute-loire/1272d898-2084-4372-beab-d139604c2826,Mairie - Saint-Just-près-Brioude,official source: Annuaire de l'administration Service-public.fr
mairie.stmartindefugeres@orange.fr,collectivite_administration,haute-loire,mairie collectivite,https://lannuaire.service-public.gouv.fr/auvergne-rhone-alpes/haute-loire/06dcacdf-53e2-424c-99d3-2b52545bfadc,Mairie - Saint-Martin-de-Fugères,official source: Annuaire de l'administration Service-public.fr
mairie.stvenerand@orange.fr,collectivite_administration,haute-loire,mairie collectivite,https://lannuaire.service-public.gouv.fr/auvergne-rhone-alpes/haute-loire/5216e4a6-96c8-4c5f-a09f-f86407c8c8c0,Mairie - Saint-Vénérand,official source: Annuaire de l'administration Service-public.fr
mairie.tiranges@wanadoo.fr,collectivite_administration,haute-loire,mairie collectivite,https://lannuaire.service-public.gouv.fr/auvergne-rhone-alpes/haute-loire/1c333b0a-6753-46de-a739-5d2ec29d5f1c,Mairie - Tiranges,official source: Annuaire de l'administration Service-public.fr
mairie.torsiac@orange.fr,collectivite_administration,haute-loire,mairie collectivite,https://lannuaire.service-public.gouv.fr/auvergne-rhone-alpes/haute-loire/460822fe-e382-474b-864d-2668acd433fd,Mairie - Torsiac,official source: Annuaire de l'administration Service-public.fr
mairie.valslechastel@orange.fr,collectivite_administration,haute-loire,mairie collectivite,https://lannuaire.service-public.gouv.fr/auvergne-rhone-alpes/haute-loire/d12d1edd-8c0e-4914-a715-3a9585f988f2,Mairie - Vals-le-Chastel,official source: Annuaire de l'administration Service-public.fr
mairie.vazeilles.limandre0@orange.fr,collectivite_administration,haute-loire,mairie collectivite,https://lannuaire.service-public.gouv.fr/auvergne-rhone-alpes/haute-loire/da52cfc7-bc0b-4a37-8f8f-7151afba842b,Mairie - Vazeilles-Limandre,official source: Annuaire de l'administration Service-public.fr
mairie.vergongheon43@vergongheon.fr,collectivite_administration,haute-loire,mairie collectivite,https://lannuaire.service-public.gouv.fr/auvergne-rhone-alpes/haute-loire/0ab47b22-6adf-4adb-8fd3-27976ca56e97,Centre communal d'action sociale (CCAS) - Vergongheon,official source: Annuaire de l'administration Service-public.fr
mairie.vernassal@wanadoo.fr,collectivite_administration,haute-loire,mairie collectivite,https://lannuaire.service-public.gouv.fr/auvergne-rhone-alpes/haute-loire/d99317b8-953f-498a-93f1-737c7e92b000,Mairie - Vernassal,official source: Annuaire de l'administration Service-public.fr
mairie.vielprat@orange.fr,collectivite_administration,haute-loire,mairie collectivite,https://lannuaire.service-public.gouv.fr/auvergne-rhone-alpes/haute-loire/254442d3-afa9-42a2-b1ec-b9ae63070c14,Mairie - Vielprat,official source: Annuaire de l'administration Service-public.fr
mairie.villeneuvedallier@wanadoo.fr,collectivite_administration,haute-loire,mairie collectivite,https://lannuaire.service-public.gouv.fr/auvergne-rhone-alpes/haute-loire/8f56807d-5ada-4d9d-b281-fdd885917f02,Mairie - Villeneuve-d'Allier,official source: Annuaire de l'administration Service-public.fr
mairie@aiguilhe.fr,collectivite_administration,haute-loire,mairie collectivite,https://lannuaire.service-public.gouv.fr/auvergne-rhone-alpes/haute-loire/b8138dda-08c3-475e-86c8-242a51ab4ae6,Mairie - Aiguilhe,official source: Annuaire de l'administration Service-public.fr
mairie@beaulieu43.fr,collectivite_administration,haute-loire,mairie collectivite,https://lannuaire.service-public.gouv.fr/auvergne-rhone-alpes/haute-loire/0a8cf773-6c9c-45bb-ac3b-02fbfd28e4b6,Mairie - Beaulieu,official source: Annuaire de l'administration Service-public.fr
mairie@bessamorel43.fr,collectivite_administration,haute-loire,mairie collectivite,https://lannuaire.service-public.gouv.fr/auvergne-rhone-alpes/haute-loire/24e55c0e-8bb5-4408-8f65-dbe08618291b,Mairie - Bessamorel,official source: Annuaire de l'administration Service-public.fr
mairie@chadrac.fr,collectivite_administration,haute-loire,mairie collectivite,https://lannuaire.service-public.gouv.fr/auvergne-rhone-alpes/haute-loire/26ef28e5-9cc9-440d-9900-73a800981807,Mairie - Chadrac,official source: Annuaire de l'administration Service-public.fr
mairie@chamalieres-sur-loire.fr,collectivite_administration,haute-loire,mairie collectivite,https://lannuaire.service-public.gouv.fr/auvergne-rhone-alpes/haute-loire/c64190c0-3ce7-44f7-bea5-f2ba0f4ba99d,Mairie - Chamalières-sur-Loire,official source: Annuaire de l'administration Service-public.fr
mairie@chaudeyrolles.fr,collectivite_administration,haute-loire,mairie collectivite,https://lannuaire.service-public.gouv.fr/auvergne-rhone-alpes/haute-loire/8534d9ee-2a5b-4cc1-a745-fb4b46153060,Mairie - Chaudeyrolles,official source: Annuaire de l'administration Service-public.fr
mairie@chomelix.fr,collectivite_administration,haute-loire,mairie collectivite,https://lannuaire.service-public.gouv.fr/auvergne-rhone-alpes/haute-loire/339804ce-a604-4664-954a-39655d6f24fd,Mairie - Chomelix,official source: Annuaire de l'administration Service-public.fr
mairie@costaros43.fr,collectivite_administration,haute-loire,mairie collectivite,https://lannuaire.service-public.gouv.fr/auvergne-rhone-alpes/haute-loire/075eec3b-5e93-40d5-9116-2c0576bd983c,Mairie - Costaros,official source: Annuaire de l'administration Service-public.fr
mairie@coubon.fr,collectivite_administration,haute-loire,mairie collectivite,https://lannuaire.service-public.gouv.fr/auvergne-rhone-alpes/haute-loire/bb9d959d-cff3-4a22-b3ac-103815bf0835,Mairie - Coubon,official source: Annuaire de l'administration Service-public.fr
mairie@dunieres43.fr,collectivite_administration,haute-loire,mairie collectivite,https://lannuaire.service-public.gouv.fr/auvergne-rhone-alpes/haute-loire/33076f6d-c0aa-4e87-b64e-fe9593878d1b,Mairie - Dunières,official source: Annuaire de l'administration Service-public.fr
mairie@espaly.fr,collectivite_administration,haute-loire,mairie collectivite,https://lannuaire.service-public.gouv.fr/auvergne-rhone-alpes/haute-loire/3a639284-8591-4885-9fb1-d72c93ee4009,Mairie - Espaly-Saint-Marcel,official source: Annuaire de l'administration Service-public.fr
mairie@javaugues.fr,collectivite_administration,haute-loire,mairie collectivite,https://lannuaire.service-public.gouv.fr/auvergne-rhone-alpes/haute-loire/fe24a26f-c3be-4baf-8e36-32aa74975bdc,Mairie - Javaugues,official source: Annuaire de l'administration Service-public.fr
mairie@lamothe43.fr,collectivite_administration,haute-loire,mairie collectivite,https://lannuaire.service-public.gouv.fr/auvergne-rhone-alpes/haute-loire/a4c05424-5664-4642-85b9-34f4e9ef1418,Mairie - Lamothe,official source: Annuaire de l'administration Service-public.fr
mairie@lapte43.fr,collectivite_administration,haute-loire,mairie collectivite,https://lannuaire.service-public.gouv.fr/auvergne-rhone-alpes/haute-loire/b859c40b-1012-477a-99d9-3290b8ea216c,Mairie - Lapte,official source: Annuaire de l'administration Service-public.fr
mairie@lavoutesurloire.fr,collectivite_administration,haute-loire,mairie collectivite,https://lannuaire.service-public.gouv.fr/auvergne-rhone-alpes/haute-loire/f0a2bb7f-b7f5-4917-8e8b-3365f00d9aab,Mairie - Lavoûte-sur-Loire,official source: Annuaire de l'administration Service-public.fr
mairie@les-villettes.fr,collectivite_administration,haute-loire,mairie collectivite,https://lannuaire.service-public.gouv.fr/auvergne-rhone-alpes/haute-loire/c66e9d65-0335-47e1-b985-2ba0d32ecc9e,Mairie - Les Villettes,official source: Annuaire de l'administration Service-public.fr
mairie@mairie-aurec.fr,collectivite_administration,haute-loire,mairie collectivite,https://lannuaire.service-public.gouv.fr/auvergne-rhone-alpes/haute-loire/b3cbd859-b276-438a-b43c-206a4706ed8d,Police municipale - Aurec-sur-Loire,official source: Annuaire de l'administration Service-public.fr
mairie@malrevers.fr,collectivite_administration,haute-loire,mairie collectivite,https://lannuaire.service-public.gouv.fr/auvergne-rhone-alpes/haute-loire/bb7d8e37-abd7-4e6f-8cd8-ce592b7e5f28,Mairie - Malrevers,official source: Annuaire de l'administration Service-public.fr
mairie@mazet-st-voy.com,collectivite_administration,haute-loire,mairie collectivite,https://lannuaire.service-public.gouv.fr/auvergne-rhone-alpes/haute-loire/a34e1a5f-411d-4673-9354-0f711d24ea8a,Mairie - Mazet-Saint-Voy,official source: Annuaire de l'administration Service-public.fr
mairie@mazeyratdallier.fr,collectivite_administration,haute-loire,mairie collectivite,https://lannuaire.service-public.gouv.fr/auvergne-rhone-alpes/haute-loire/91a8bdef-6265-41a3-9935-3c2f1f75f0b3,Mairie - Mazeyrat-d'Allier,official source: Annuaire de l'administration Service-public.fr
mairie@mezeres.fr,collectivite_administration,haute-loire,mairie collectivite,https://lannuaire.service-public.gouv.fr/auvergne-rhone-alpes/haute-loire/89a0f9a6-b476-40f3-89cd-e927f4450a94,Mairie - Mézères,official source: Annuaire de l'administration Service-public.fr
mairie@montfauconenvelay.fr,collectivite_administration,haute-loire,mairie collectivite,https://lannuaire.service-public.gouv.fr/auvergne-rhone-alpes/haute-loire/fdf36665-b4b5-4b31-ba85-c0ae5f45cc0e,Mairie - Montfaucon-en-Velay,official source: Annuaire de l'administration Service-public.fr
mairie@paulhaguet.fr,collectivite_administration,haute-loire,mairie collectivite,https://lannuaire.service-public.gouv.fr/auvergne-rhone-alpes/haute-loire/9db7489a-770d-4e18-98dd-79022b63e1f1,Mairie - Paulhaguet,official source: Annuaire de l'administration Service-public.fr
mairie@rauret.fr,collectivite_administration,haute-loire,mairie collectivite,https://lannuaire.service-public.gouv.fr/auvergne-rhone-alpes/haute-loire/66fd5692-ac72-423c-8df5-6da6e2cd893d,Mairie - Rauret,official source: Annuaire de l'administration Service-public.fr
mairie@rocheenregnier.fr,collectivite_administration,haute-loire,mairie collectivite,https://lannuaire.service-public.gouv.fr/auvergne-rhone-alpes/haute-loire/0a5c49e7-8c2a-426e-a8d0-e8ac938c48bf,Mairie - Roche-en-Régnier,official source: Annuaire de l'administration Service-public.fr
mairie@saint-pal-de-chalencon.fr,collectivite_administration,haute-loire,mairie collectivite,https://lannuaire.service-public.gouv.fr/auvergne-rhone-alpes/haute-loire/56cd9f9b-3467-417d-8f25-eaad35b1d7f7,Mairie - Saint-Pal-de-Chalencon,official source: Annuaire de l'administration Service-public.fr
mairie@saint-paulien.fr,collectivite_administration,haute-loire,mairie collectivite,https://lannuaire.service-public.gouv.fr/auvergne-rhone-alpes/haute-loire/4764f726-ec16-4331-915b-5b2d16880b94,Centre communal d'action sociale (CCAS) - Saint-Paulien,official source: Annuaire de l'administration Service-public.fr
mairie@saint-victor-malescours.fr,collectivite_administration,haute-loire,mairie collectivite,https://lannuaire.service-public.gouv.fr/auvergne-rhone-alpes/haute-loire/0c3007ba-1c04-42ee-af00-c6bed2dc881e,Mairie - Saint-Victor-Malescours,official source: Annuaire de l'administration Service-public.fr
mairie@saintbonnetlefroid.fr,collectivite_administration,haute-loire,mairie collectivite,https://lannuaire.service-public.gouv.fr/auvergne-rhone-alpes/haute-loire/c7417ac6-fa2c-4547-ac95-c547b3fafdb5,Mairie - Saint-Bonnet-le-Froid,official source: Annuaire de l'administration Service-public.fr
mairie@saintchristophesurdolaizon.fr,collectivite_administration,haute-loire,mairie collectivite,https://lannuaire.service-public.gouv.fr/auvergne-rhone-alpes/haute-loire/7eaf419c-af32-4877-8b80-31607c6f0456,Mairie - Saint-Christophe-sur-Dolaison,official source: Annuaire de l'administration Service-public.fr
mairie@saintetiennelardeyrol43.fr,collectivite_administration,haute-loire,mairie collectivite,https://lannuaire.service-public.gouv.fr/auvergne-rhone-alpes/haute-loire/abcad7e3-cab7-4ee3-a5ab-48340e9ff37e,Mairie - Saint-Étienne-Lardeyrol,official source: Annuaire de l'administration Service-public.fr
mairie@saintjeures.fr,collectivite_administration,haute-loire,mairie collectivite,https://lannuaire.service-public.gouv.fr/auvergne-rhone-alpes/haute-loire/69aa6518-7b22-403e-b4e2-c2411e9cc877,Mairie - Saint-Jeures,official source: Annuaire de l'administration Service-public.fr
mairie@saintjulienchapteuil.fr,collectivite_administration,haute-loire,mairie collectivite,https://lannuaire.service-public.gouv.fr/auvergne-rhone-alpes/haute-loire/5ecc7154-4644-49d2-8477-f68e3aff04fa,Mairie - Saint-Julien-Chapteuil,official source: Annuaire de l'administration Service-public.fr
mairie@saintjustmalmont.fr,collectivite_administration,haute-loire,mairie collectivite,https://lannuaire.service-public.gouv.fr/auvergne-rhone-alpes/haute-loire/e2561d12-8535-4ff9-8438-bff5d3f4f849,Mairie - Saint-Just-Malmont,official source: Annuaire de l'administration Service-public.fr
mairie@saintpierreduchamp43.fr,collectivite_administration,haute-loire,mairie collectivite,https://lannuaire.service-public.gouv.fr/auvergne-rhone-alpes/haute-loire/9cf0a3d9-7463-43ae-837e-72b14ba867e8,Mairie - Saint-Pierre-du-Champ,official source: Annuaire de l'administration Service-public.fr
mairie@saintprejetdallier.com,collectivite_administration,haute-loire,mairie collectivite,https://lannuaire.service-public.gouv.fr/auvergne-rhone-alpes/haute-loire/f51fc3f8-0051-464a-9e11-49521f81617d,Mairie - Saint-Préjet-d'Allier,official source: Annuaire de l'administration Service-public.fr
mairie@saintvincent43.fr,collectivite_administration,haute-loire,mairie collectivite,https://lannuaire.service-public.gouv.fr/auvergne-rhone-alpes/haute-loire/0f5a648b-f48b-4ee7-927c-66cfc6c9f7f3,Mairie - Saint-Vincent,official source: Annuaire de l'administration Service-public.fr
mairie@sanssacleglise.fr,collectivite_administration,haute-loire,mairie collectivite,https://lannuaire.service-public.gouv.fr/auvergne-rhone-alpes/haute-loire/607fce09-08e3-49dc-b2b1-1041ce5d12f3,Mairie - Sanssac-l'Église,official source: Annuaire de l'administration Service-public.fr
mairie@solignacsousroche.fr,collectivite_administration,haute-loire,mairie collectivite,https://lannuaire.service-public.gouv.fr/auvergne-rhone-alpes/haute-loire/fbbe279a-c628-44af-a127-3c3638bf4a6a,Mairie - Solignac-sous-Roche,official source: Annuaire de l'administration Service-public.fr
mairie@valprivas.com,collectivite_administration,haute-loire,mairie collectivite,https://lannuaire.service-public.gouv.fr/auvergne-rhone-alpes/haute-loire/22010813-8812-4b6a-8ab6-4cc5a1e4c9ea,Mairie - Valprivas,official source: Annuaire de l'administration Service-public.fr
mairie@valspreslepuy.fr,collectivite_administration,haute-loire,mairie collectivite,https://lannuaire.service-public.gouv.fr/auvergne-rhone-alpes/haute-loire/c6f5e3f0-c851-414c-9713-f378df33e2c1,Centre communal d'action sociale (CCAS) - Vals-près-le-Puy,official source: Annuaire de l'administration Service-public.fr
mairie@vieillebrioude.fr,collectivite_administration,haute-loire,mairie collectivite,https://lannuaire.service-public.gouv.fr/auvergne-rhone-alpes/haute-loire/adec4f3b-6dac-407f-ae79-78c7f5c0412a,Mairie - Vieille-Brioude,official source: Annuaire de l'administration Service-public.fr
mairie@ville-beauzac.fr,collectivite_administration,haute-loire,mairie collectivite,https://lannuaire.service-public.gouv.fr/auvergne-rhone-alpes/haute-loire/926c5959-6d13-4634-86f4-4fe69dd592e1,Mairie - Beauzac,official source: Annuaire de l'administration Service-public.fr
mairie@ville-retournac.fr,collectivite_administration,haute-loire,mairie collectivite,https://lannuaire.service-public.gouv.fr/auvergne-rhone-alpes/haute-loire/e94d889c-a584-4e20-b59e-6aac797e9f95,Mairie - Retournac,official source: Annuaire de l'administration Service-public.fr
mairie@ville-tence.fr,collectivite_administration,haute-loire,mairie collectivite,https://lannuaire.service-public.gouv.fr/auvergne-rhone-alpes/haute-loire/5222a925-ae37-4818-8e66-3acb9562a02d,Centre communal d'action sociale (CCAS) - Tence,official source: Annuaire de l'administration Service-public.fr
mairie@vorey.fr,collectivite_administration,haute-loire,mairie collectivite,https://lannuaire.service-public.gouv.fr/auvergne-rhone-alpes/haute-loire/a03ce2c2-2a5b-456b-94a3-36fbac790e72,Centre communal d'action sociale (CCAS) - Vorey,official source: Annuaire de l'administration Service-public.fr
mairie@yssingeaux.fr,collectivite_administration,haute-loire,mairie collectivite,https://lannuaire.service-public.gouv.fr/auvergne-rhone-alpes/haute-loire/9874d974-28cb-42e3-82c6-7105457f20e6,Mairie - Yssingeaux,official source: Annuaire de l'administration Service-public.fr
mairieally@orange.fr,collectivite_administration,haute-loire,mairie collectivite,https://lannuaire.service-public.gouv.fr/auvergne-rhone-alpes/haute-loire/d963813b-81c1-4346-912c-5625b415b13d,Mairie - Ally,official source: Annuaire de l'administration Service-public.fr
mairieautrac@wanadoo.fr,collectivite_administration,haute-loire,mairie collectivite,https://lannuaire.service-public.gouv.fr/auvergne-rhone-alpes/haute-loire/dc7750c9-41d8-4c05-8f7b-0d9703460653,Mairie - Autrac,official source: Annuaire de l'administration Service-public.fr
mairieberbezit@orange.fr,collectivite_administration,haute-loire,mairie collectivite,https://lannuaire.service-public.gouv.fr/auvergne-rhone-alpes/haute-loire/38c301ee-63c4-4c05-9d30-f98a77447e32,Mairie - Berbezit,official source: Annuaire de l'administration Service-public.fr
mairieblanzac@wanadoo.fr,collectivite_administration,haute-loire,mairie collectivite,https://lannuaire.service-public.gouv.fr/auvergne-rhone-alpes/haute-loire/8dfea788-0dc0-4107-a34f-639fb5f78a24,Mairie - Blanzac,official source: Annuaire de l'administration Service-public.fr
mairiebonneval@orange.fr,collectivite_administration,haute-loire,mairie collectivite,https://lannuaire.service-public.gouv.fr/auvergne-rhone-alpes/haute-loire/68539742-fd23-42dd-9c07-15686514b518,Mairie - Bonneval,official source: Annuaire de l'administration Service-public.fr
mairiecharraix@orange.fr,collectivite_administration,haute-loire,mairie collectivite,https://lannuaire.service-public.gouv.fr/auvergne-rhone-alpes/haute-loire/7a1a7ad3-abe3-49ef-b4a0-d7c868b332bc,Mairie - Charraix,official source: Annuaire de l'administration Service-public.fr
mairiecistrieres@orange.fr,collectivite_administration,haute-loire,mairie collectivite,https://lannuaire.service-public.gouv.fr/auvergne-rhone-alpes/haute-loire/45f3d9bf-d9ce-49bc-8f20-3f29e2ba0546,Mairie - Cistrières,official source: Annuaire de l'administration Service-public.fr
mairiecubelles@orange.fr,collectivite_administration,haute-loire,mairie collectivite,https://lannuaire.service-public.gouv.fr/auvergne-rhone-alpes/haute-loire/973118b8-d3e8-4485-b0d7-fce44c5cf43a,Mairie - Cubelles,official source: Annuaire de l'administration Service-public.fr
mairiedebarges@9business.fr,collectivite_administration,haute-loire,mairie collectivite,https://lannuaire.service-public.gouv.fr/auvergne-rhone-alpes/haute-loire/7fcf1217-c41e-4d5b-ba4d-18542502d5c5,Mairie - Barges,official source: Annuaire de l'administration Service-public.fr
mairiedeborne@orange.fr,collectivite_administration,haute-loire,mairie collectivite,https://lannuaire.service-public.gouv.fr/auvergne-rhone-alpes/haute-loire/6008be63-b071-4629-9714-7cb3b3d94f89,Mairie - Borne,official source: Annuaire de l'administration Service-public.fr
mairiedegoudet@orange.fr,collectivite_administration,haute-loire,mairie collectivite,https://lannuaire.service-public.gouv.fr/auvergne-rhone-alpes/haute-loire/d2074e60-5f90-435a-a460-a412f20983bd,Mairie - Goudet,official source: Annuaire de l'administration Service-public.fr
mairiedemoudeyres@orange.fr,collectivite_administration,haute-loire,mairie collectivite,https://lannuaire.service-public.gouv.fr/auvergne-rhone-alpes/haute-loire/12bab9e6-e722-4335-977a-30a83d20ee71,Mairie - Moudeyres,official source: Annuaire de l'administration Service-public.fr
mairiedequeyrieres@outlook.fr,collectivite_administration,haute-loire,mairie collectivite,https://lannuaire.service-public.gouv.fr/auvergne-rhone-alpes/haute-loire/9b23591f-de2e-416c-b60e-a81052b01c7b,Mairie - Queyrières,official source: Annuaire de l'administration Service-public.fr
mairiedethoras@orange.fr,collectivite_administration,haute-loire,mairie collectivite,https://lannuaire.service-public.gouv.fr/auvergne-rhone-alpes/haute-loire/aa941a60-bd58-4144-8424-19130aa38f9b,Mairie - Thoras,official source: Annuaire de l'administration Service-public.fr
mairiefixstgeneys@orange.fr,collectivite_administration,haute-loire,mairie collectivite,https://lannuaire.service-public.gouv.fr/auvergne-rhone-alpes/haute-loire/f46e50c0-9b0c-4249-91ff-55f5d5459bc9,Mairie - Fix-Saint-Geneys,official source: Annuaire de l'administration Service-public.fr
mairiefreycenetlatour@orange.fr,collectivite_administration,haute-loire,mairie collectivite,https://lannuaire.service-public.gouv.fr/auvergne-rhone-alpes/haute-loire/2800244a-d3b6-4aca-bf72-c78d3b95b775,Mairie - Freycenet-la-Tour,official source: Annuaire de l'administration Service-public.fr
mairiefrugeresmines@wanadoo.fr,collectivite_administration,haute-loire,mairie collectivite,https://lannuaire.service-public.gouv.fr/auvergne-rhone-alpes/haute-loire/8bd01006-3393-48a9-a037-78159d95c42f,Mairie - Frugères-les-Mines,official source: Annuaire de l'administration Service-public.fr
mairielabesseyresaintmary@orange.fr,collectivite_administration,haute-loire,mairie collectivite,https://lannuaire.service-public.gouv.fr/auvergne-rhone-alpes/haute-loire/9496ce59-78d5-409c-ac73-20e9041e65be,Mairie - La Besseyre-Saint-Mary,official source: Annuaire de l'administration Service-public.fr
mairielavalsurdoulon@free.fr,collectivite_administration,haute-loire,mairie collectivite,https://lannuaire.service-public.gouv.fr/auvergne-rhone-alpes/haute-loire/af32aa5d-02e6-4859-861b-03c8302a7089,Mairie - Laval-sur-Doulon,official source: Annuaire de l'administration Service-public.fr
mairielavaudieu@orange.fr,collectivite_administration,haute-loire,mairie collectivite,https://lannuaire.service-public.gouv.fr/auvergne-rhone-alpes/haute-loire/6f8022fe-0548-4500-accc-2cb181a0cffd,Mairie - Lavaudieu,official source: Annuaire de l'administration Service-public.fr
mairielebrignon@wanadoo.fr,collectivite_administration,haute-loire,mairie collectivite,https://lannuaire.service-public.gouv.fr/auvergne-rhone-alpes/haute-loire/2ea8d282-7e2c-451a-9399-6788a7b42a60,Mairie - Le Brignon,official source: Annuaire de l'administration Service-public.fr
mairielempdessurallagnon@orange.fr,collectivite_administration,haute-loire,mairie collectivite,https://lannuaire.service-public.gouv.fr/auvergne-rhone-alpes/haute-loire/bcbac82a-4f47-4dc7-9331-f951f21eda63,Centre communal d'action sociale (CCAS) - Lempdes-sur-Allagnon,official source: Annuaire de l'administration Service-public.fr
mairielesvastres@orange.fr,collectivite_administration,haute-loire,mairie collectivite,https://lannuaire.service-public.gouv.fr/auvergne-rhone-alpes/haute-loire/101c2a11-d4f2-4170-99af-4f7809704be8,Mairie - Les Vastres,official source: Annuaire de l'administration Service-public.fr
mairiemercoeur081@orange.fr,collectivite_administration,haute-loire,mairie collectivite,https://lannuaire.service-public.gouv.fr/auvergne-rhone-alpes/haute-loire/d7b1b1c1-0382-4c05-ba8a-3117f46c655b,Mairie - Mercoeur,official source: Annuaire de l'administration Service-public.fr
mairiepalsenouire@orange.fr,collectivite_administration,haute-loire,mairie collectivite,https://lannuaire.service-public.gouv.fr/auvergne-rhone-alpes/haute-loire/887ccd17-f263-4b8a-9077-fbfa8d17409f,Mairie - Saint-Pal-de-Senouire,official source: Annuaire de l'administration Service-public.fr
mairiepinols@wanadoo.fr,collectivite_administration,haute-loire,mairie collectivite,https://lannuaire.service-public.gouv.fr/auvergne-rhone-alpes/haute-loire/96089bbd-57b5-49cf-98c6-960fc365e309,Mairie - Pinols,official source: Annuaire de l'administration Service-public.fr
mairiesaintemarguerite@orange.fr,collectivite_administration,haute-loire,mairie collectivite,https://lannuaire.service-public.gouv.fr/auvergne-rhone-alpes/haute-loire/90cba477-6ebc-4777-ba6e-bf8fd57ccbe0,Mairie - Sainte-Marguerite,official source: Annuaire de l'administration Service-public.fr
mairiestarconsdebarges@orange.fr,collectivite_administration,haute-loire,mairie collectivite,https://lannuaire.service-public.gouv.fr/auvergne-rhone-alpes/haute-loire/30eab7c5-54c6-451a-834b-43c80c55096a,Centre communal d'action sociale (CCAS) - Saint-Arcons-de-Barges,official source: Annuaire de l'administration Service-public.fr
mairiestbeauzire@orange.fr,collectivite_administration,haute-loire,mairie collectivite,https://lannuaire.service-public.gouv.fr/auvergne-rhone-alpes/haute-loire/bc2eb42c-6d61-4345-b55d-8c68ddb5df2c,Mairie - Saint-Beauzire,official source: Annuaire de l'administration Service-public.fr
mairiestgeorgeslagricol@wanadoo.fr,collectivite_administration,haute-loire,mairie collectivite,https://lannuaire.service-public.gouv.fr/auvergne-rhone-alpes/haute-loire/7f48ed0f-3614-47d8-8ed9-91e9187153c1,Mairie - Saint-Georges-Lagricol,official source: Annuaire de l'administration Service-public.fr
mairiestgeron43@wanadoo.fr,collectivite_administration,haute-loire,mairie collectivite,https://lannuaire.service-public.gouv.fr/auvergne-rhone-alpes/haute-loire/714b161c-e974-4e7f-9072-da91500e082f,Mairie - Saint-Géron,official source: Annuaire de l'administration Service-public.fr
mairieventeuges@wanadoo.fr,collectivite_administration,haute-loire,mairie collectivite,https://lannuaire.service-public.gouv.fr/auvergne-rhone-alpes/haute-loire/e887928b-e214-4423-8ff3-c5027707eeb8,Mairie - Venteuges,official source: Annuaire de l'administration Service-public.fr
montusclat.mairie@wanadoo.fr,collectivite_administration,haute-loire,mairie collectivite,https://lannuaire.service-public.gouv.fr/auvergne-rhone-alpes/haute-loire/ceb84fa0-527e-498a-a205-58ebd4316d0c,Mairie - Montusclat,official source: Annuaire de l'administration Service-public.fr
prades.haut-allier@wanadoo.fr,collectivite_administration,haute-loire,mairie collectivite,https://lannuaire.service-public.gouv.fr/auvergne-rhone-alpes/haute-loire/6c006d96-680c-4c63-8bce-51ac8a6c4ecb,Mairie - Prades,official source: Annuaire de l'administration Service-public.fr
raucoules.commune@wanadoo.fr,collectivite_administration,haute-loire,mairie collectivite,https://lannuaire.service-public.gouv.fr/auvergne-rhone-alpes/haute-loire/b21c8421-38f2-4513-a52d-cbd8eba99b79,Mairie - Raucoules,official source: Annuaire de l'administration Service-public.fr
saint-austremoine@wanadoo.fr,collectivite_administration,haute-loire,mairie collectivite,https://lannuaire.service-public.gouv.fr/auvergne-rhone-alpes/haute-loire/0a2c2e79-1358-4404-8e06-5ef2d3f03577,Mairie - Saint-Austremoine,official source: Annuaire de l'administration Service-public.fr
saint-hilaire-mairie@orange.fr,collectivite_administration,haute-loire,mairie collectivite,https://lannuaire.service-public.gouv.fr/auvergne-rhone-alpes/haute-loire/f6a7ee62-61bf-401a-891d-f26183371f94,Mairie - Saint-Hilaire,official source: Annuaire de l'administration Service-public.fr
saintberain43@gmail.com,collectivite_administration,haute-loire,mairie collectivite,https://lannuaire.service-public.gouv.fr/auvergne-rhone-alpes/haute-loire/a13b7298-5458-4239-a079-0a468f05a5b5,Mairie - Saint-Bérain,official source: Annuaire de l'administration Service-public.fr
saintvidal.mairie@orange.fr,collectivite_administration,haute-loire,mairie collectivite,https://lannuaire.service-public.gouv.fr/auvergne-rhone-alpes/haute-loire/8539044b-5f51-4ea4-a6d2-fb61e20159cc,Mairie - Saint-Vidal,official source: Annuaire de l'administration Service-public.fr
sec.mairie.presailles@orange.fr,collectivite_administration,haute-loire,mairie collectivite,https://lannuaire.service-public.gouv.fr/auvergne-rhone-alpes/haute-loire/5ff9bf28-950f-4229-80a9-9937ebb85043,Mairie - Présailles,official source: Annuaire de l'administration Service-public.fr
secretariat.general@ville-langeac.com,collectivite_administration,haute-loire,mairie collectivite,https://lannuaire.service-public.gouv.fr/auvergne-rhone-alpes/haute-loire/8b92153e-0bcd-4df1-93ff-7d99eadeebf7,Mairie - Langeac,official source: Annuaire de l'administration Service-public.fr
secretariat.pontsalomon.mairie@orange.fr,collectivite_administration,haute-loire,mairie collectivite,https://lannuaire.service-public.gouv.fr/auvergne-rhone-alpes/haute-loire/82c6ae9f-82a4-4e9b-8cd2-27913a265480,Mairie - Pont-Salomon,official source: Annuaire de l'administration Service-public.fr
secretariat43@mairie-felines.fr,collectivite_administration,haute-loire,mairie collectivite,https://lannuaire.service-public.gouv.fr/auvergne-rhone-alpes/haute-loire/08ce6aa1-ca4a-4726-b64b-8baa49d6b0a0,Mairie - Félines,official source: Annuaire de l'administration Service-public.fr
secretariat@commune-riotord.fr,collectivite_administration,haute-loire,mairie collectivite,https://lannuaire.service-public.gouv.fr/auvergne-rhone-alpes/haute-loire/72ce9571-1b1a-41d4-bf37-75d71f782c43,Mairie - Riotord,official source: Annuaire de l'administration Service-public.fr
secretariat@lemonastiersurgazeille.fr,collectivite_administration,haute-loire,mairie collectivite,https://lannuaire.service-public.gouv.fr/auvergne-rhone-alpes/haute-loire/baa765b3-c40a-4920-9c30-611bbd06c782,Mairie - Le Monastier-sur-Gazeille,official source: Annuaire de l'administration Service-public.fr
st-didier-sur-doulon@wanadoo.fr,collectivite_administration,haute-loire,mairie collectivite,https://lannuaire.service-public.gouv.fr/auvergne-rhone-alpes/haute-loire/2c0501fc-58d3-4431-bbb5-2b3646499b28,Mairie - Saint-Didier-sur-Doulon,official source: Annuaire de l'administration Service-public.fr
st-privatdudragon@orange.fr,collectivite_administration,haute-loire,mairie collectivite,https://lannuaire.service-public.gouv.fr/auvergne-rhone-alpes/haute-loire/551d6d26-f970-4699-b5d4-8d5b75c00683,Mairie - Saint-Privat-du-Dragon,official source: Annuaire de l'administration Service-public.fr
stpauldetartas@gmail.com,collectivite_administration,haute-loire,mairie collectivite,https://lannuaire.service-public.gouv.fr/auvergne-rhone-alpes/haute-loire/21cc1080-d6f6-432f-a771-c32b7e41deec,Mairie - Saint-Paul-de-Tartas,official source: Annuaire de l'administration Service-public.fr
vergezac.mairie@wanadoo.fr,collectivite_administration,haute-loire,mairie collectivite,https://lannuaire.service-public.gouv.fr/auvergne-rhone-alpes/haute-loire/b58257c6-212a-40c2-b70f-06cd898d95dc,Mairie - Vergezac,official source: Annuaire de l'administration Service-public.fr
accueil.mda@hauteloire.fr,protection_enfance,haute-loire,maison france services,https://lannuaire.service-public.gouv.fr/auvergne-rhone-alpes/haute-loire/d9f4f0f5-936c-445a-9095-bf87250da2d4,Maison départementale des personnes handicapées (MDPH) - Haute-Loire,official source: Annuaire de l'administration Service-public.fr
territoiredelajeuneloire@hauteloire.fr,structure,haute-loire,maison france services,https://lannuaire.service-public.gouv.fr/auvergne-rhone-alpes/haute-loire/6cd3a196-6b94-4567-8b45-1ca8e9fe67ee,Maison Départementale des Solidarités (MDS) Territoire de la Jeune Loire,official source: Annuaire de l'administration Service-public.fr
territoireduvelay@hauteloire.fr,structure,haute-loire,maison france services,https://lannuaire.service-public.gouv.fr/auvergne-rhone-alpes/haute-loire/91e6d4c6-4b4a-4f7c-8129-60ab00473014,Maison Départementale des Solidarités (MDS) Territoire du Velay,official source: Annuaire de l'administration Service-public.fr
accueil@missionlocalebrioude.fr,jeunesse_loisirs,haute-loire,mission locale jeunesse insertion,https://lannuaire.service-public.gouv.fr/auvergne-rhone-alpes/haute-loire/63d0f66a-c6f3-4e96-98bd-48f271a1b5ba,Mission locale pour l'insertion professionnelle et sociale des jeunes (16-25 ans) - Brioude,official source: Annuaire de l'administration Service-public.fr
accueil@mljeuneloire.org,jeunesse_loisirs,haute-loire,mission locale jeunesse insertion,https://lannuaire.service-public.gouv.fr/auvergne-rhone-alpes/haute-loire/c2b385cf-0c39-45b2-8722-095233927a3e,Mission locale pour l'insertion professionnelle et sociale des jeunes (16-25 ans) - Yssingeaux,official source: Annuaire de l'administration Service-public.fr
mission.localeduvelay@mislocvelay.org,jeunesse_loisirs,haute-loire,mission locale jeunesse insertion,https://lannuaire.service-public.gouv.fr/auvergne-rhone-alpes/haute-loire/f6e106f0-3cd3-42b6-801e-5567268d65f0,Mission locale pour l'insertion professionnelle et sociale des jeunes (16-25 ans) - Le Puy-en-Velay,official source: Annuaire de l'administration Service-public.fr
sous-prefecture-de-brioude@haute-loire.pref.gouv.fr,collectivite_administration,haute-loire,prefecture administration,https://lannuaire.service-public.gouv.fr/auvergne-rhone-alpes/haute-loire/f4b37c62-2238-4b4f-aca1-c9d54d3effc9,Greffe des associations - Haute-Loire (Brioude),official source: Annuaire de l'administration Service-public.fr
sp-yssingeaux@haute-loire.gouv.fr,collectivite_administration,haute-loire,prefecture administration,https://lannuaire.service-public.gouv.fr/auvergne-rhone-alpes/haute-loire/fc78c032-2fa8-4636-b7a1-d94c65c215d1,Greffe des associations - Haute-Loire (Yssingeaux),official source: Annuaire de l'administration Service-public.fr
ppe@asea43.org,protection_enfance,haute-loire,protection enfance ASE MECS,https://asea43.org/polesprotectionenfance.html,ASEA 43 Pole protection de l'enfance,manual public source: protection enfance ASE MECS
ce.sdjes43@ac-clermont.fr,jeunesse_loisirs,haute-loire,service jeunesse,https://lannuaire.service-public.gouv.fr/auvergne-rhone-alpes/haute-loire/e9e5c7d5-9a62-4b58-a37a-82252c68f15f,"Service départemental à la jeunesse, à l'engagement et aux sports (SDJES) - Haute-Loire",official source: Annuaire de l'administration Service-public.fr
pij.nexon@wanadoo.fr,jeunesse_loisirs,haute-vienne,PIJ information jeunesse,https://lannuaire.service-public.gouv.fr/nouvelle-aquitaine/haute-vienne/a14cae90-96bb-4738-b5b1-3ddabc39fd14,Point information jeunesse - Nexon,official source: Annuaire de l'administration Service-public.fr
service.interval@alsea87.fr,jeunesse_loisirs,haute-vienne,PIJ information jeunesse,https://lannuaire.service-public.gouv.fr/nouvelle-aquitaine/haute-vienne/a1551d74-47d1-4b72-96b0-da927e942afe,Point information jeunesse - Limoges,official source: Annuaire de l'administration Service-public.fr
styrieix@mlr87.fr,jeunesse_loisirs,haute-vienne,PIJ information jeunesse,https://lannuaire.service-public.gouv.fr/nouvelle-aquitaine/haute-vienne/3d8c2b21-2752-44b0-9c63-164cc2281364,Point information jeunesse - Saint-Yrieix-la-Perche,official source: Annuaire de l'administration Service-public.fr
accueil.tj-limoges@justice.fr,collectivite_administration,haute-vienne,administration collectivite service public,https://lannuaire.service-public.gouv.fr/nouvelle-aquitaine/haute-vienne/be3d35a0-fc84-406f-97cb-bcca06e4602d,Tribunal judiciaire de Limoges,official source: Annuaire de l'administration Service-public.fr
accueil@ambazac.fr,collectivite_administration,haute-vienne,administration collectivite service public,https://lannuaire.service-public.gouv.fr/nouvelle-aquitaine/haute-vienne/0d60d8d4-d0b1-4033-b481-faf0316f2de9,Centre communal d'action sociale (CCAS) - Ambazac,official source: Annuaire de l'administration Service-public.fr
accueil@elan87.fr,collectivite_administration,haute-vienne,administration collectivite service public,https://lannuaire.service-public.gouv.fr/nouvelle-aquitaine/haute-vienne/9c0bc49a-b66e-4be7-8562-b17cc778a80b,Communauté de communes - Elan Limousin Avenir Nature,official source: Annuaire de l'administration Service-public.fr
accueil@foyer-rural-saint-leonard.fr,collectivite_administration,haute-vienne,administration collectivite service public,https://lannuaire.service-public.gouv.fr/nouvelle-aquitaine/haute-vienne/1bb1e0ce-1101-49dc-b068-2873e39c4a35,Point info famille - Saint-Léonard,official source: Annuaire de l'administration Service-public.fr
accueil@ordre-architectes-na.org,collectivite_administration,haute-vienne,administration collectivite service public,https://lannuaire.service-public.gouv.fr/nouvelle-aquitaine/haute-vienne/dd459058-5eb0-4011-bd9a-49f26e647aeb,Conseil régional de l'ordre des architectes (CROA) - Nouvelle-Aquitaine - Site de Limoges,official source: Annuaire de l'administration Service-public.fr
accueil@paysdenexon-montsdechalus.fr,collectivite_administration,haute-vienne,administration collectivite service public,https://lannuaire.service-public.gouv.fr/nouvelle-aquitaine/haute-vienne/4b178f0e-57c1-4a2f-9945-213ef921d9f6,Communauté de communes - Pays de Nexon Monts de Chalus,official source: Annuaire de l'administration Service-public.fr
agencedelimoges@ccmps.fr,collectivite_administration,haute-vienne,administration collectivite service public,https://lannuaire.service-public.gouv.fr/nouvelle-aquitaine/haute-vienne/21171d87-f457-4cd6-836e-e33ddb207fa0,Crédit municipal - Limoges,official source: Annuaire de l'administration Service-public.fr
annie.mazeiras@haute-vienne.fr,collectivite_administration,haute-vienne,administration collectivite service public,https://lannuaire.service-public.gouv.fr/nouvelle-aquitaine/haute-vienne/8dbee4aa-f56b-41ee-9fb6-90a7ef30abbc,Point d'information local dédié aux personnes âgées - Saint-Sulpice-les-Feuilles,official source: Annuaire de l'administration Service-public.fr
antenne-beaubreuil@limoges.fr,collectivite_administration,haute-vienne,administration collectivite service public,https://lannuaire.service-public.gouv.fr/nouvelle-aquitaine/haute-vienne/a0cfde6d-c684-457f-b3ca-a982579a3585,France services - Limoges - Nord Beaubreuil,official source: Annuaire de l'administration Service-public.fr
antennetsociale-oradour@haute-vienne.fr,collectivite_administration,haute-vienne,administration collectivite service public,https://lannuaire.service-public.gouv.fr/nouvelle-aquitaine/haute-vienne/cefa188b-92e0-4492-92b1-22d88b4e21d9,Point d'information local dédié aux personnes âgées - Oradour-sur-Vayres,official source: Annuaire de l'administration Service-public.fr
arnac-la-poste@france-services.gouv.fr,collectivite_administration,haute-vienne,administration collectivite service public,https://lannuaire.service-public.gouv.fr/nouvelle-aquitaine/haute-vienne/eaaf851c-5b1d-4993-9097-4d3f78ee41ee,France services - Arnac-la-Poste,official source: Annuaire de l'administration Service-public.fr
bellac@france-services.gouv.fr,collectivite_administration,haute-vienne,administration collectivite service public,https://lannuaire.service-public.gouv.fr/nouvelle-aquitaine/haute-vienne/1d291312-e6ca-4d78-aa6b-cc76eece9276,France services - Bellac,official source: Annuaire de l'administration Service-public.fr
ccas.pcb@limoges.fr,collectivite_administration,haute-vienne,administration collectivite service public,https://lannuaire.service-public.gouv.fr/nouvelle-aquitaine/haute-vienne/22e3caf3-6ebc-41b2-a746-1d2a9418aa95,Point conseil budget - Centre Communal d'Action Sociale (CCAS 87) - Limoges,official source: Annuaire de l'administration Service-public.fr
ccas.secretariat@limoges.fr,collectivite_administration,haute-vienne,administration collectivite service public,https://lannuaire.service-public.gouv.fr/nouvelle-aquitaine/haute-vienne/0a2605c9-eaad-4744-9839-e1a455e07c41,Centre communal d'action sociale (CCAS) - Limoges,official source: Annuaire de l'administration Service-public.fr
ccas@rochechouart.com,collectivite_administration,haute-vienne,administration collectivite service public,https://lannuaire.service-public.gouv.fr/nouvelle-aquitaine/haute-vienne/1ef168d5-63a3-4ede-ae3f-d53f3c3957c5,Centre communal d'action sociale (CCAS) - Rochechouart,official source: Annuaire de l'administration Service-public.fr
ccas@saint-junien.fr,collectivite_administration,haute-vienne,administration collectivite service public,https://lannuaire.service-public.gouv.fr/nouvelle-aquitaine/haute-vienne/0da8645f-bba5-44e1-9982-bdac80ec57bb,Centre communal d'action sociale (CCAS) - Saint-Junien,official source: Annuaire de l'administration Service-public.fr
ccasbellac@wanadoo.fr,collectivite_administration,haute-vienne,administration collectivite service public,https://lannuaire.service-public.gouv.fr/nouvelle-aquitaine/haute-vienne/5d79730a-6a28-4322-a4cc-6e190507e30d,Centre communal d'action sociale (CCAS) - Bellac,official source: Annuaire de l'administration Service-public.fr
cd.87@ordre.medecin.fr,collectivite_administration,haute-vienne,administration collectivite service public,https://lannuaire.service-public.gouv.fr/nouvelle-aquitaine/haute-vienne/7f07842c-eb99-4bb4-895f-186e537ea038,Conseil départemental de l'ordre des médecins - Haute-Vienne,official source: Annuaire de l'administration Service-public.fr
cdad-haute-vienne@justice.fr,collectivite_administration,haute-vienne,administration collectivite service public,https://lannuaire.service-public.gouv.fr/nouvelle-aquitaine/haute-vienne/f610dd40-9745-43d7-aee9-5ce1ae9b93ca,Point-justice des Chambres consulaires de Limoges,official source: Annuaire de l'administration Service-public.fr
cdos87@orange.fr,collectivite_administration,haute-vienne,administration collectivite service public,https://lannuaire.service-public.gouv.fr/nouvelle-aquitaine/haute-vienne/b2384e60-2fc9-495a-8b88-0108a4c1ab3f,Centre de ressources et d'information des bénévoles (CRIB) - Comité départemental olympique et sportif de la Haute-Vienne,official source: Annuaire de l'administration Service-public.fr
ce.cio.bellac@ac-limoges.fr,collectivite_administration,haute-vienne,administration collectivite service public,https://lannuaire.service-public.gouv.fr/nouvelle-aquitaine/haute-vienne/423d5959-2aa5-4911-bad0-27be168f3d71,Centre d'information et d'orientation (CIO) - Bellac,official source: Annuaire de l'administration Service-public.fr
ce.cio.limoges@ac-limoges.fr,collectivite_administration,haute-vienne,administration collectivite service public,https://lannuaire.service-public.gouv.fr/nouvelle-aquitaine/haute-vienne/b6509d4d-2135-4571-b4a4-5c5f4357d1bf,Centre d'information et d'orientation (CIO) - Limoges,official source: Annuaire de l'administration Service-public.fr
ce.cio.st-junien@ac-limoges.fr,collectivite_administration,haute-vienne,administration collectivite service public,https://lannuaire.service-public.gouv.fr/nouvelle-aquitaine/haute-vienne/6c150bcb-445f-43f7-b612-f89ddcf5684b,Centre d'information et d'orientation (CIO) - Saint-Junien,official source: Annuaire de l'administration Service-public.fr
ce.cio.st-yrieix@ac-limoges.fr,collectivite_administration,haute-vienne,administration collectivite service public,https://lannuaire.service-public.gouv.fr/nouvelle-aquitaine/haute-vienne/51792f96-55cf-4f17-af62-3c17c29295ce,Centre d'information et d'orientation (CIO) - Saint-Yrieix-la-Perche,official source: Annuaire de l'administration Service-public.fr
cidff87@cidff-limousin.org,collectivite_administration,haute-vienne,administration collectivite service public,https://lannuaire.service-public.gouv.fr/nouvelle-aquitaine/haute-vienne/14e90814-2cf7-4d5b-a66d-8cecf2323fa1,Centre d'information sur les droits des femmes et des familles (CIDFF) - Limousin,official source: Annuaire de l'administration Service-public.fr
codefi.ccsf87@dgfip.finances.gouv.fr,collectivite_administration,haute-vienne,administration collectivite service public,https://lannuaire.service-public.gouv.fr/nouvelle-aquitaine/haute-vienne/31668c97-afee-4e81-907d-3bfbded7ee39,Commission des chefs de services financiers (CCSF) - Haute-Vienne,official source: Annuaire de l'administration Service-public.fr
commune.nantiat@nantiat.fr,collectivite_administration,haute-vienne,administration collectivite service public,https://lannuaire.service-public.gouv.fr/nouvelle-aquitaine/haute-vienne/7b385d09-5811-48b5-b187-00bbf5b355ff,Centre communal d'action sociale (CCAS) - Nantiat,official source: Annuaire de l'administration Service-public.fr
contact appel 87@gmail.com,collectivite_administration,haute-vienne,administration collectivite service public,https://lannuaire.service-public.gouv.fr/nouvelle-aquitaine/haute-vienne/07d837fa-f51a-4f62-9c02-36259d8cfc53,"APPEL, Association de prévention du Psychotrauma chez l'enfant en Limousin",official source: Annuaire de l'administration Service-public.fr
contact-aract-nouvelle-aquitaine@anact.fr,collectivite_administration,haute-vienne,administration collectivite service public,https://lannuaire.service-public.gouv.fr/nouvelle-aquitaine/haute-vienne/5e2ae802-4be9-472a-94de-a020f5d2b580,Agence régionale pour l’amélioration des conditions de travail (Aract) - Nouvelle-Aquitaine - Site de Limoges,official source: Annuaire de l'administration Service-public.fr
contact.atelier87@reseau-canope.fr,collectivite_administration,haute-vienne,administration collectivite service public,https://lannuaire.service-public.gouv.fr/nouvelle-aquitaine/haute-vienne/fb4639c7-83b5-45b7-89e0-c24a65eac5f9,Atelier Canopé 87 - Limoges,official source: Annuaire de l'administration Service-public.fr
contact.bdhv@haute-vienne.fr,collectivite_administration,haute-vienne,administration collectivite service public,https://lannuaire.service-public.gouv.fr/nouvelle-aquitaine/haute-vienne/c60e2e13-a230-4b9a-8b37-3040a78ce141,Bibliothèque départementale - Haute-Vienne,official source: Annuaire de l'administration Service-public.fr
contact@adil87.org,collectivite_administration,haute-vienne,administration collectivite service public,https://lannuaire.service-public.gouv.fr/nouvelle-aquitaine/haute-vienne/57553710-d6f1-4909-933e-d23377f622a1,Agence départementale d'information sur le logement (ADIL) - Haute-Vienne,official source: Annuaire de l'administration Service-public.fr
contact@briancesudhautevienne.fr,collectivite_administration,haute-vienne,administration collectivite service public,https://lannuaire.service-public.gouv.fr/nouvelle-aquitaine/haute-vienne/537e8fe4-9c1d-42b2-bdb2-ce8d707cce0e,Communauté de communes - Briance Sud Haute Vienne,official source: Annuaire de l'administration Service-public.fr
contact@caue87.fr,collectivite_administration,haute-vienne,administration collectivite service public,https://lannuaire.service-public.gouv.fr/nouvelle-aquitaine/haute-vienne/8bc21a52-1146-4065-b012-c22a339129d2,"Conseil d'architecture, d'urbanisme et de l'environnement (CAUE) - Haute-Vienne",official source: Annuaire de l'administration Service-public.fr
contact@cc-portesdevassiviere.fr,collectivite_administration,haute-vienne,administration collectivite service public,https://lannuaire.service-public.gouv.fr/nouvelle-aquitaine/haute-vienne/865c9208-8d02-41eb-8f16-6c1bc20dccd1,Communauté de communes - Portes de Vassivière,official source: Annuaire de l'administration Service-public.fr
contact@cdes.fr,collectivite_administration,haute-vienne,administration collectivite service public,https://lannuaire.service-public.gouv.fr/nouvelle-aquitaine/haute-vienne/cde129e5-7668-4bac-a7aa-f8abfe4ca05a,Centre de ressources et d'information des bénévoles (CRIB) - Progesport de Limoges,official source: Annuaire de l'administration Service-public.fr
contact@condatsurvienne.fr,collectivite_administration,haute-vienne,administration collectivite service public,https://lannuaire.service-public.gouv.fr/nouvelle-aquitaine/haute-vienne/a2bc5075-a38e-4436-919d-fac56d899c2a,Centre communal d'action sociale (CCAS) - Condat-sur-Vienne,official source: Annuaire de l'administration Service-public.fr
contact@federation-peche87.com,collectivite_administration,haute-vienne,administration collectivite service public,https://lannuaire.service-public.gouv.fr/nouvelle-aquitaine/haute-vienne/f67db4f7-1316-407d-8c56-6d62545bb083,Fédération départementale pour la pêche et la protection du milieu aquatique - Haute-Vienne,official source: Annuaire de l'administration Service-public.fr
contact@ouestlimousin.com,collectivite_administration,haute-vienne,administration collectivite service public,https://lannuaire.service-public.gouv.fr/nouvelle-aquitaine/haute-vienne/38aacb95-2c79-4290-a556-c3040ca3001d,Communauté de communes - Ouest Limousin,official source: Annuaire de l'administration Service-public.fr
contact@saintjouvent.com,collectivite_administration,haute-vienne,administration collectivite service public,https://lannuaire.service-public.gouv.fr/nouvelle-aquitaine/haute-vienne/b7a8a128-8405-4d48-afdd-66ee49668c1b,Centre communal d'action sociale (CCAS) - Saint-Jouvent,official source: Annuaire de l'administration Service-public.fr
contact@saintpriesttaurion.fr,collectivite_administration,haute-vienne,administration collectivite service public,https://lannuaire.service-public.gouv.fr/nouvelle-aquitaine/haute-vienne/bfb8b483-7e2b-4088-954b-02400884b717,Centre communal d'action sociale (CCAS) - Saint-Priest-Taurion,official source: Annuaire de l'administration Service-public.fr
contact@spsti23/87.fr,collectivite_administration,haute-vienne,administration collectivite service public,https://lannuaire.service-public.gouv.fr/nouvelle-aquitaine/haute-vienne/97353abc-c97e-4211-9460-3f4dc830c7b3,Association interprofessionnelle pour la santé au travail - Limoges,official source: Annuaire de l'administration Service-public.fr
couzeix@france-services.gouv.fr,collectivite_administration,haute-vienne,administration collectivite service public,https://lannuaire.service-public.gouv.fr/nouvelle-aquitaine/haute-vienne/2785e867-ca9c-41a8-8e67-83d7b7b5ddba,France services - Couzeix,official source: Annuaire de l'administration Service-public.fr
cph-limoges@justice.fr,collectivite_administration,haute-vienne,administration collectivite service public,https://lannuaire.service-public.gouv.fr/nouvelle-aquitaine/haute-vienne/60a9621b-9ae7-4261-8d1d-e022aa5bf710,Conseil de prud'hommes de Limoges,official source: Annuaire de l'administration Service-public.fr
ctrc.alpc@outlook.com,collectivite_administration,haute-vienne,administration collectivite service public,https://lannuaire.service-public.gouv.fr/nouvelle-aquitaine/haute-vienne/891234c1-c63c-4b7c-8ec6-511969eede90,Centre technique régional de la consommation (CTRC) - Nouvelle-Aquitaine - Site de Limoges,official source: Annuaire de l'administration Service-public.fr
cussac@france-services.gouv.fr,collectivite_administration,haute-vienne,administration collectivite service public,https://lannuaire.service-public.gouv.fr/nouvelle-aquitaine/haute-vienne/39b7ee6d-0030-4c88-bea2-dd3fe06771bd,France services - Cussac,official source: Annuaire de l'administration Service-public.fr
ddetspp-renseignements@haute-vienne.gouv.fr,collectivite_administration,haute-vienne,administration collectivite service public,https://lannuaire.service-public.gouv.fr/nouvelle-aquitaine/haute-vienne/9bfd4437-c82f-4e5a-b87f-31db962fc864,Service de renseignement en droit du travail - Haute-Vienne,official source: Annuaire de l'administration Service-public.fr
ddsis@sdis87.fr,collectivite_administration,haute-vienne,administration collectivite service public,https://lannuaire.service-public.gouv.fr/nouvelle-aquitaine/haute-vienne/f4cbf10c-1159-4be2-9335-d1339cde7198,Service départemental d'incendie et de secours (SDIS) - Haute-Vienne,official source: Annuaire de l'administration Service-public.fr
ddt-anah@haute-vienne.gouv.fr,collectivite_administration,haute-vienne,administration collectivite service public,https://lannuaire.service-public.gouv.fr/nouvelle-aquitaine/haute-vienne/40212f38-023a-462e-b396-d72af05ca55f,Agence nationale de l'habitat (Anah) - Délégation locale - Haute-Vienne,official source: Annuaire de l'administration Service-public.fr
ddt@haute-vienne.gouv.fr,collectivite_administration,haute-vienne,administration collectivite service public,https://lannuaire.service-public.gouv.fr/nouvelle-aquitaine/haute-vienne/1b4abc05-d1ed-4583-83bb-6de806c22861,Commission départementale de conciliation -  Haute-Vienne,official source: Annuaire de l'administration Service-public.fr
direction@lde87.fr,collectivite_administration,haute-vienne,administration collectivite service public,https://lannuaire.service-public.gouv.fr/nouvelle-aquitaine/haute-vienne/28285a1f-0374-4558-85d6-0348d7da1e6a,Centre de ressources et d'information des bénévoles (CRIB) - Ligue de l'enseignement de la Haute-Vienne,official source: Annuaire de l'administration Service-public.fr
draaf-nouvelle-aquitaine@agriculture.gouv.fr,collectivite_administration,haute-vienne,administration collectivite service public,https://lannuaire.service-public.gouv.fr/nouvelle-aquitaine/haute-vienne/eb4ae345-5d9b-4cd6-928c-ad18392e9854,"Direction régionale de l'alimentation, de l'agriculture et de la forêt (Draaf) - Nouvelle-Aquitaine - Siège de Limoges",official source: Annuaire de l'administration Service-public.fr
dtnouvelleaquitaine@onisep.fr,collectivite_administration,haute-vienne,administration collectivite service public,https://lannuaire.service-public.gouv.fr/nouvelle-aquitaine/haute-vienne/97e2941a-d907-48db-91d5-fcc5e60e7ae7,Onisep - Délégation régionale Nouvelle-Aquitaine - Site de Limoges,official source: Annuaire de l'administration Service-public.fr
evaasion@mutalitelimousine.fr,collectivite_administration,haute-vienne,administration collectivite service public,https://lannuaire.service-public.gouv.fr/nouvelle-aquitaine/haute-vienne/f4637063-94be-4e44-9771-f45db774a5ee,Plateforme d'accompagnement et de répit pour les aidants de personnes âgées - Limoges - Landouge,official source: Annuaire de l'administration Service-public.fr
formations-limoges@afpa.fr,collectivite_administration,haute-vienne,administration collectivite service public,https://lannuaire.service-public.gouv.fr/nouvelle-aquitaine/haute-vienne/74943aef-9bbe-460d-96b2-e3eff0ab18f1,Agence nationale pour la formation professionnelle des adultes (Afpa) - Centre de Limoges - Babylone,official source: Annuaire de l'administration Service-public.fr
franceservices@paysdenexon-montsdechalus.fr,collectivite_administration,haute-vienne,administration collectivite service public,https://lannuaire.service-public.gouv.fr/nouvelle-aquitaine/haute-vienne/847716b6-4386-4e13-bc03-82c8971f2a03,France services - Châlus,official source: Annuaire de l'administration Service-public.fr
ggd87@gendarmerie.interieur.gouv.fr,collectivite_administration,haute-vienne,administration collectivite service public,https://lannuaire.service-public.gouv.fr/nouvelle-aquitaine/haute-vienne/e6aa78e0-7a78-4c81-81b2-48f7f892aaf6,Groupement de gendarmerie départementale - Haute-Vienne,official source: Annuaire de l'administration Service-public.fr
info@cc-valdevienne.fr,collectivite_administration,haute-vienne,administration collectivite service public,https://lannuaire.service-public.gouv.fr/nouvelle-aquitaine/haute-vienne/963708ba-98ab-41da-91a8-4ad49fd4602d,Communauté de communes - Val de Vienne,official source: Annuaire de l'administration Service-public.fr
info@communaute-saint-yrieix.fr,collectivite_administration,haute-vienne,administration collectivite service public,https://lannuaire.service-public.gouv.fr/nouvelle-aquitaine/haute-vienne/415a9e87-843e-4ee1-ac13-e3fdb1b2b5b7,Communauté de communes - Pays de Saint-Yrieix,official source: Annuaire de l'administration Service-public.fr
info@limoges.cci.fr,collectivite_administration,haute-vienne,administration collectivite service public,https://lannuaire.service-public.gouv.fr/nouvelle-aquitaine/haute-vienne/4678730d-d447-4daa-b8a8-effd2eeb1288,Chambre de commerce et d'industrie (CCI) 87 - Haute-Vienne - Siège de Limoges,official source: Annuaire de l'administration Service-public.fr
inspe-direction@unilim.fr,collectivite_administration,haute-vienne,administration collectivite service public,https://lannuaire.service-public.gouv.fr/nouvelle-aquitaine/haute-vienne/ab5054c8-60fb-4f90-83be-6d2168cac261,Institut national supérieur du professorat et de l'éducation (Inspé) - Académie de Limoges,official source: Annuaire de l'administration Service-public.fr
jane-limousin@france-services.gouv.fr,collectivite_administration,haute-vienne,administration collectivite service public,https://lannuaire.service-public.gouv.fr/nouvelle-aquitaine/haute-vienne/43e73d12-f95d-40ba-b939-e91e1e329143,France services - Châteauneuf-la-Forêt,official source: Annuaire de l'administration Service-public.fr
javerdat@france-services.gouv.fr,collectivite_administration,haute-vienne,administration collectivite service public,https://lannuaire.service-public.gouv.fr/nouvelle-aquitaine/haute-vienne/9ad8beea-ac2e-4f68-92e8-345a5ab28440,France services - Javerdat,official source: Annuaire de l'administration Service-public.fr
kesaco@brianceroselle.fr,collectivite_administration,haute-vienne,administration collectivite service public,https://lannuaire.service-public.gouv.fr/nouvelle-aquitaine/haute-vienne/b6709cf3-4fff-4961-9314-95b822ae3e3a,France services - Saint-Genest-sur-Roselle,official source: Annuaire de l'administration Service-public.fr
le-dorat@france-services.gouv.fr,collectivite_administration,haute-vienne,administration collectivite service public,https://lannuaire.service-public.gouv.fr/nouvelle-aquitaine/haute-vienne/b99e5cff-9e45-4021-91d8-24ffd5605ba2,France services - Le Dorat,official source: Annuaire de l'administration Service-public.fr
marie-laure.pitel@ac-limoges.fr,collectivite_administration,haute-vienne,administration collectivite service public,https://lannuaire.service-public.gouv.fr/nouvelle-aquitaine/haute-vienne/c2bca8f6-f4e8-41c3-8e2a-35a41e5e9bba,Délégué départemental à la vie associative (DDVA) - Haute-Vienne,official source: Annuaire de l'administration Service-public.fr
mdd-ambazac@haute-vienne.fr,collectivite_administration,haute-vienne,administration collectivite service public,https://lannuaire.service-public.gouv.fr/nouvelle-aquitaine/haute-vienne/8aceb391-e0bb-4e18-9978-3f2d24590eb1,Point d'information local dédié aux personnes âgées - Ambazac,official source: Annuaire de l'administration Service-public.fr
mdd-saintjunien@haute-vienne.fr,collectivite_administration,haute-vienne,administration collectivite service public,https://lannuaire.service-public.gouv.fr/nouvelle-aquitaine/haute-vienne/9b88cd46-677e-4304-821b-35b06da91ef1,Point d'information local dédié aux personnes âgées - Saint-Laurent-sur-Gorre,official source: Annuaire de l'administration Service-public.fr
mezieres-issoire@wanadoo.fr,collectivite_administration,haute-vienne,administration collectivite service public,https://lannuaire.service-public.gouv.fr/nouvelle-aquitaine/haute-vienne/10ab8d01-5be6-4085-8fe8-acbd49805ac8,Centre communal d'action sociale (CCAS) - Val d'Issoire,official source: Annuaire de l'administration Service-public.fr
nexon@france-services.gouv.fr,collectivite_administration,haute-vienne,administration collectivite service public,https://lannuaire.service-public.gouv.fr/nouvelle-aquitaine/haute-vienne/45d1e16a-529f-485e-af16-d12e932579e2,France services - Nexon,official source: Annuaire de l'administration Service-public.fr
nouvelle-aquitaine@agefiph.asso.fr,collectivite_administration,haute-vienne,administration collectivite service public,https://lannuaire.service-public.gouv.fr/nouvelle-aquitaine/haute-vienne/8ab2ee04-cfc5-4e87-9655-b5e3df84a885,Association de gestion du fonds pour l'insertion professionnelle des personnes handicapées (Agefiph) - Nouvelle-Aquitaine - Limoges,official source: Annuaire de l'administration Service-public.fr
ordre@barreau-limoges.fr,collectivite_administration,haute-vienne,administration collectivite service public,https://lannuaire.service-public.gouv.fr/nouvelle-aquitaine/haute-vienne/9e16cc24-bc43-4498-8f7f-970d049e0995,Ordre des avocats - Barreau de Limoges,official source: Annuaire de l'administration Service-public.fr
pcb@udaf87.asso.fr,collectivite_administration,haute-vienne,administration collectivite service public,https://lannuaire.service-public.gouv.fr/nouvelle-aquitaine/haute-vienne/0aa4ec40-29a5-40ae-a444-4da4e1957db0,Point conseil budget - Union départementale des associations familiales (UDAF 87) - Bellac,official source: Annuaire de l'administration Service-public.fr
pharmacovigilance@chu-limoges.fr,collectivite_administration,haute-vienne,administration collectivite service public,https://lannuaire.service-public.gouv.fr/nouvelle-aquitaine/haute-vienne/e3aa07a2-190d-4980-b1f5-2a815b03bd9c,Centre régional de pharmacovigilance - Limoges,official source: Annuaire de l'administration Service-public.fr
police.municipale@ville-feytiat.fr,collectivite_administration,haute-vienne,administration collectivite service public,https://lannuaire.service-public.gouv.fr/nouvelle-aquitaine/haute-vienne/31922170-46a5-464a-b65c-ec2de44bad70,Police municipale - Feytiat,official source: Annuaire de l'administration Service-public.fr
policemunicipale@condatsurvienne.fr,collectivite_administration,haute-vienne,administration collectivite service public,https://lannuaire.service-public.gouv.fr/nouvelle-aquitaine/haute-vienne/42657361-b422-4c5e-a0d2-9fdc169f1530,Police municipale - Condat-sur-Vienne,official source: Annuaire de l'administration Service-public.fr
pref-pass87@haute-vienne.gouv.fr,collectivite_administration,haute-vienne,administration collectivite service public,https://lannuaire.service-public.gouv.fr/nouvelle-aquitaine/haute-vienne/11bb9767-e2ae-4d05-aecd-cb1eb1e51f13,Direction de la légalité (DL) - Haute-Vienne,official source: Annuaire de l'administration Service-public.fr
r-limoges@douane.finances.gouv.fr,collectivite_administration,haute-vienne,administration collectivite service public,https://lannuaire.service-public.gouv.fr/nouvelle-aquitaine/haute-vienne/35252e0d-5d65-4c1d-820a-93fa8bd886d0,Bureau de douane - Limoges,official source: Annuaire de l'administration Service-public.fr
rochechouart@france-services.gouv.fr,collectivite_administration,haute-vienne,administration collectivite service public,https://lannuaire.service-public.gouv.fr/nouvelle-aquitaine/haute-vienne/4c4a3072-4667-465f-9d74-15a287f649df,France services - Rochechouart,official source: Annuaire de l'administration Service-public.fr
saint-germain-les-belles@france-services.gouv.fr,collectivite_administration,haute-vienne,administration collectivite service public,https://lannuaire.service-public.gouv.fr/nouvelle-aquitaine/haute-vienne/36bec476-88a3-43c3-b0af-39f6a4afd43d,France services - Saint-Germain-les-Belles,official source: Annuaire de l'administration Service-public.fr
secretariat.cias@paysdenexon-montsdechalus.fr,collectivite_administration,haute-vienne,administration collectivite service public,https://lannuaire.service-public.gouv.fr/nouvelle-aquitaine/haute-vienne/de810c24-de62-4a01-b4f8-441985ff2f6a,Centre communal d'action sociale (CCAS) - Nexon,official source: Annuaire de l'administration Service-public.fr
secretariat@gartempe-saint-pardoux.fr,collectivite_administration,haute-vienne,administration collectivite service public,https://lannuaire.service-public.gouv.fr/nouvelle-aquitaine/haute-vienne/b202371f-a2d9-4397-aae3-8dc43f4f3263,Communauté de communes Gartempe Saint-Pardoux,official source: Annuaire de l'administration Service-public.fr
secretariat@soinsante-limoges.com,collectivite_administration,haute-vienne,administration collectivite service public,https://lannuaire.service-public.gouv.fr/nouvelle-aquitaine/haute-vienne/ee120929-f527-4360-ab92-fb32169b78e2,Plateforme d'accompagnement et de répit pour les aidants de personnes âgées - Limoges - Le Castel,official source: Annuaire de l'administration Service-public.fr
sgc.bellac@dgfip.finances.gouv.fr,collectivite_administration,haute-vienne,administration collectivite service public,https://lannuaire.service-public.gouv.fr/nouvelle-aquitaine/haute-vienne/8283c507-77d3-43f9-8fca-08c5cf010a95,Service de gestion comptable (SGC) - Bellac,official source: Annuaire de l'administration Service-public.fr
sgc.saint-yrieix-la-perche@dgfip.finances.gouv.fr,collectivite_administration,haute-vienne,administration collectivite service public,https://lannuaire.service-public.gouv.fr/nouvelle-aquitaine/haute-vienne/3f7fed88-fd25-4b6e-9d01-0f9179a17693,Service de gestion comptable (SGC) - Saint-Yrieix-la-Perche,official source: Annuaire de l'administration Service-public.fr
sp-bellac@haute-vienne.gouv.fr,collectivite_administration,haute-vienne,administration collectivite service public,https://lannuaire.service-public.gouv.fr/nouvelle-aquitaine/haute-vienne/d61ef98d-e185-494b-8087-69243c977461,Sous-préfecture - Bellac,official source: Annuaire de l'administration Service-public.fr
sp-rochechouart@haute-vienne.gouv.fr,collectivite_administration,haute-vienne,administration collectivite service public,https://lannuaire.service-public.gouv.fr/nouvelle-aquitaine/haute-vienne/a9e9229d-80fd-44c9-b199-530ed609c85f,Sous-préfecture - Rochechouart,official source: Annuaire de l'administration Service-public.fr
spfe.haute-vienne@dgfip.finances.gouv.fr,collectivite_administration,haute-vienne,administration collectivite service public,https://lannuaire.service-public.gouv.fr/nouvelle-aquitaine/haute-vienne/a0708c84-d93b-48e8-ac55-52719499ab2b,Service de la publicité foncière et de l'enregistrement (SPFE) - Limoges,official source: Annuaire de l'administration Service-public.fr
stephanerazgallah@arsl.eu,collectivite_administration,haute-vienne,administration collectivite service public,https://lannuaire.service-public.gouv.fr/nouvelle-aquitaine/haute-vienne/7dcce276-b7ec-4832-8b72-8b04399847fc,SERVICE DE REPARATION PENALE DE LIMOGES,official source: Annuaire de l'administration Service-public.fr
udaf87@udaf87.asso.fr,collectivite_administration,haute-vienne,administration collectivite service public,https://lannuaire.service-public.gouv.fr/nouvelle-aquitaine/haute-vienne/6d096184-c256-4e39-b6c3-57eba90edefb,Point info famille - Limoges - Firmin-Delage,official source: Annuaire de l'administration Service-public.fr
accueil@glanges.fr,collectivite_administration,haute-vienne,mairie collectivite,https://lannuaire.service-public.gouv.fr/nouvelle-aquitaine/haute-vienne/22eb03e2-f118-4b5f-97db-5d8afbca9e77,Mairie - Glanges,official source: Annuaire de l'administration Service-public.fr
accueil@mairie-stpaul87.fr,collectivite_administration,haute-vienne,mairie collectivite,https://lannuaire.service-public.gouv.fr/nouvelle-aquitaine/haute-vienne/5590652d-f5a2-4047-8f41-da0e0c9f75ad,Mairie - Saint-Paul,official source: Annuaire de l'administration Service-public.fr
accueil@oradour-sur-glane.fr,collectivite_administration,haute-vienne,mairie collectivite,https://lannuaire.service-public.gouv.fr/nouvelle-aquitaine/haute-vienne/0de06aaa-93ab-4ca2-ad9b-c1ea5c3f49a3,Mairie - Oradour-sur-Glane,official source: Annuaire de l'administration Service-public.fr
accueil@rilhac-rancon.fr,collectivite_administration,haute-vienne,mairie collectivite,https://lannuaire.service-public.gouv.fr/nouvelle-aquitaine/haute-vienne/720b1b17-806f-4b41-857e-648abf4e3cc6,Mairie - Rilhac-Rancon,official source: Annuaire de l'administration Service-public.fr
accueil@ville-feytiat.fr,collectivite_administration,haute-vienne,mairie collectivite,https://lannuaire.service-public.gouv.fr/nouvelle-aquitaine/haute-vienne/3e8ca8f4-e6df-462d-8edc-4a4778bcb9e0,Mairie - Feytiat,official source: Annuaire de l'administration Service-public.fr
accueil@ville-saint-leonard.fr,collectivite_administration,haute-vienne,mairie collectivite,https://lannuaire.service-public.gouv.fr/nouvelle-aquitaine/haute-vienne/4bc054c8-34b4-4192-b022-34e4520aa25c,Mairie - Saint-Léonard-de-Noblat,official source: Annuaire de l'administration Service-public.fr
accueilmairie@nieul87.fr,collectivite_administration,haute-vienne,mairie collectivite,https://lannuaire.service-public.gouv.fr/nouvelle-aquitaine/haute-vienne/f2e72a02-8c08-4d20-8339-4790a1fc7df2,Mairie - Nieul,official source: Annuaire de l'administration Service-public.fr
affairesgenerales@lepalaissurvienne.fr,collectivite_administration,haute-vienne,mairie collectivite,https://lannuaire.service-public.gouv.fr/nouvelle-aquitaine/haute-vienne/d0e1e2ff-bf2e-4d45-84b5-e43bd6a5c5af,Mairie - Le Palais-sur-Vienne,official source: Annuaire de l'administration Service-public.fr
bellac@mairie-bellac.fr,collectivite_administration,haute-vienne,mairie collectivite,https://lannuaire.service-public.gouv.fr/nouvelle-aquitaine/haute-vienne/05048df5-ab1e-4f43-a455-c8ced1c64459,Mairie - Bellac,official source: Annuaire de l'administration Service-public.fr
ccas@mairie-saint-junien.fr,collectivite_administration,haute-vienne,mairie collectivite,https://lannuaire.service-public.gouv.fr/nouvelle-aquitaine/haute-vienne/cebce0c5-46e7-447f-a768-3237aecdfa05,Point info famille - Saint-Junien,official source: Annuaire de l'administration Service-public.fr
chapelle-montbrandeix@orange.fr,collectivite_administration,haute-vienne,mairie collectivite,https://lannuaire.service-public.gouv.fr/nouvelle-aquitaine/haute-vienne/fd6a909b-459c-40bc-b669-f557105221f9,Mairie - La Chapelle-Montbrandeix,official source: Annuaire de l'administration Service-public.fr
chaptelat.limousin@wanadoo.fr,collectivite_administration,haute-vienne,mairie collectivite,https://lannuaire.service-public.gouv.fr/nouvelle-aquitaine/haute-vienne/63635346-75ad-4808-9994-184776201fcf,Mairie - Chaptelat,official source: Annuaire de l'administration Service-public.fr
commune.de.bessines@gmail.com,collectivite_administration,haute-vienne,mairie collectivite,https://lannuaire.service-public.gouv.fr/nouvelle-aquitaine/haute-vienne/619b8aa8-3177-4138-85b8-d0ba17a10242,Mairie - Bessines-sur-Gartempe,official source: Annuaire de l'administration Service-public.fr
commune.saint.pardoux@orange.fr,collectivite_administration,haute-vienne,mairie collectivite,https://lannuaire.service-public.gouv.fr/nouvelle-aquitaine/haute-vienne/8a61e830-8573-4340-b156-c1e8f7392692,Mairie déléguée - Saint-Pardoux,official source: Annuaire de l'administration Service-public.fr
commune.saintemariedevaux@wanadoo.fr,collectivite_administration,haute-vienne,mairie collectivite,https://lannuaire.service-public.gouv.fr/nouvelle-aquitaine/haute-vienne/29727d1b-f6a0-4251-bcb2-34ff8f1a8c46,Mairie - Sainte-Marie-de-Vaux,official source: Annuaire de l'administration Service-public.fr
commune.saintmartindejussac@wanadoo.fr,collectivite_administration,haute-vienne,mairie collectivite,https://lannuaire.service-public.gouv.fr/nouvelle-aquitaine/haute-vienne/3708f70b-1618-43dc-8590-806e81ddae89,Mairie - Saint-Martin-de-Jussac,official source: Annuaire de l'administration Service-public.fr
commune.villefavard@orange.fr,collectivite_administration,haute-vienne,mairie collectivite,https://lannuaire.service-public.gouv.fr/nouvelle-aquitaine/haute-vienne/0dadcbe2-02ec-4e6e-89a2-da9024efebcd,Mairie - Villefavard,official source: Annuaire de l'administration Service-public.fr
contact@chaillac-sur-vienne.fr,collectivite_administration,haute-vienne,mairie collectivite,https://lannuaire.service-public.gouv.fr/nouvelle-aquitaine/haute-vienne/f57a6aed-892d-4dad-9e7b-260961d69c2f,Mairie - Chaillac-sur-Vienne,official source: Annuaire de l'administration Service-public.fr
contact@chateauponsac.fr,collectivite_administration,haute-vienne,mairie collectivite,https://lannuaire.service-public.gouv.fr/nouvelle-aquitaine/haute-vienne/9a943df8-5586-4ecc-9655-6d2dbdec39fd,Mairie - Châteauponsac,official source: Annuaire de l'administration Service-public.fr
contact@commune-surdoux.fr,collectivite_administration,haute-vienne,mairie collectivite,https://lannuaire.service-public.gouv.fr/nouvelle-aquitaine/haute-vienne/bf8211de-e46b-422c-80ea-f49bb5aaa26f,Mairie - Surdoux,official source: Annuaire de l'administration Service-public.fr
contact@jonchere-saint-maurice.fr,collectivite_administration,haute-vienne,mairie collectivite,https://lannuaire.service-public.gouv.fr/nouvelle-aquitaine/haute-vienne/f41ff187-3509-435b-a95d-c7aa99deca50,Mairie - La Jonchère-Saint-Maurice,official source: Annuaire de l'administration Service-public.fr
contact@lageneytouse.fr,collectivite_administration,haute-vienne,mairie collectivite,https://lannuaire.service-public.gouv.fr/nouvelle-aquitaine/haute-vienne/131e069b-a22b-489f-bdcd-aa07e866c92b,Mairie - La Geneytouse,official source: Annuaire de l'administration Service-public.fr
contact@mairie-eymoutiers.fr,collectivite_administration,haute-vienne,mairie collectivite,https://lannuaire.service-public.gouv.fr/nouvelle-aquitaine/haute-vienne/0048ac97-3adb-4cba-81f5-a6e9d99c3906,Mairie - Eymoutiers,official source: Annuaire de l'administration Service-public.fr
contact@mairieblond.fr,collectivite_administration,haute-vienne,mairie collectivite,https://lannuaire.service-public.gouv.fr/nouvelle-aquitaine/haute-vienne/8b5a7218-eac2-41a1-a168-3e909f8a3d7c,Mairie - Blond,official source: Annuaire de l'administration Service-public.fr
contact@mairiedethouron.fr,collectivite_administration,haute-vienne,mairie collectivite,https://lannuaire.service-public.gouv.fr/nouvelle-aquitaine/haute-vienne/2619665a-2b34-4738-a3e9-12c9f681eb84,Mairie - Thouron,official source: Annuaire de l'administration Service-public.fr
contact@saint-bonnet-briance.fr,collectivite_administration,haute-vienne,mairie collectivite,https://lannuaire.service-public.gouv.fr/nouvelle-aquitaine/haute-vienne/ea1f83a8-bdec-4bac-a4b6-1879a637f2fa,Mairie - Saint-Bonnet-Briance,official source: Annuaire de l'administration Service-public.fr
contact@saintlegerlamontagne.fr,collectivite_administration,haute-vienne,mairie collectivite,https://lannuaire.service-public.gouv.fr/nouvelle-aquitaine/haute-vienne/0d60b621-f020-4651-bdd4-3423a04f9dde,Mairie - Saint-Léger-la-Montagne,official source: Annuaire de l'administration Service-public.fr
contat@mairie-champnetery.fr,collectivite_administration,haute-vienne,mairie collectivite,https://lannuaire.service-public.gouv.fr/nouvelle-aquitaine/haute-vienne/618463ad-e62a-40a3-95f9-95e5601d0575,Mairie - Champnétery,official source: Annuaire de l'administration Service-public.fr
darnac@voeg.fr,collectivite_administration,haute-vienne,mairie collectivite,https://lannuaire.service-public.gouv.fr/nouvelle-aquitaine/haute-vienne/30b60804-d995-4dbe-aaac-5e01820e3eb0,Mairie déléguée - Darnac,official source: Annuaire de l'administration Service-public.fr
france-services@mairie-boisseuil87.fr,collectivite_administration,haute-vienne,mairie collectivite,https://lannuaire.service-public.gouv.fr/nouvelle-aquitaine/haute-vienne/5c31bff7-6381-4f3c-9472-6a8fd3be23b6,France services - Boisseuil,official source: Annuaire de l'administration Service-public.fr
larochelabeille.mairie@wanadoo.fr,collectivite_administration,haute-vienne,mairie collectivite,https://lannuaire.service-public.gouv.fr/nouvelle-aquitaine/haute-vienne/553a3e42-a122-4fd4-8a95-897d4d341826,Mairie - La Roche-l'Abeille,official source: Annuaire de l'administration Service-public.fr
lemaire@limoges.fr,collectivite_administration,haute-vienne,mairie collectivite,https://lannuaire.service-public.gouv.fr/nouvelle-aquitaine/haute-vienne/0acde6de-32e2-421b-a2e6-e62552aa3c09,Mairie - Limoges,official source: Annuaire de l'administration Service-public.fr
lid@mairie-aixesurvienne.fr,collectivite_administration,haute-vienne,mairie collectivite,https://lannuaire.service-public.gouv.fr/nouvelle-aquitaine/haute-vienne/0ce2315b-9baa-4aef-a657-86481b5c3018,France services - Aixe-sur-Vienne,official source: Annuaire de l'administration Service-public.fr
mairie-accueil@vicqsurbreuilh.com,collectivite_administration,haute-vienne,mairie collectivite,https://lannuaire.service-public.gouv.fr/nouvelle-aquitaine/haute-vienne/c25e4883-6637-418a-8a05-1ee3d0b7ad20,Mairie - Vicq-sur-Breuilh,official source: Annuaire de l'administration Service-public.fr
mairie-du-chatenet-en-dognon@orange.fr,collectivite_administration,haute-vienne,mairie collectivite,https://lannuaire.service-public.gouv.fr/nouvelle-aquitaine/haute-vienne/26e9783f-5f55-4874-ada3-71f9648ee8e2,Mairie - Le Châtenet-en-Dognon,official source: Annuaire de l'administration Service-public.fr
mairie-eymoutiers@wanadoo.fr,collectivite_administration,haute-vienne,mairie collectivite,https://lannuaire.service-public.gouv.fr/nouvelle-aquitaine/haute-vienne/a0d15c41-a2ab-496d-8ebc-3af31506c817,Centre communal d'action sociale (CCAS) - Eymoutiers,official source: Annuaire de l'administration Service-public.fr
mairie-flavignac@wanadoo.fr,collectivite_administration,haute-vienne,mairie collectivite,https://lannuaire.service-public.gouv.fr/nouvelle-aquitaine/haute-vienne/85ebe913-06a7-4185-8000-da2b6ad7d35a,Mairie - Flavignac,official source: Annuaire de l'administration Service-public.fr
mairie-marval@wanadoo.fr,collectivite_administration,haute-vienne,mairie collectivite,https://lannuaire.service-public.gouv.fr/nouvelle-aquitaine/haute-vienne/e4089279-eed3-4922-9924-8e5e1becb648,Mairie - Marval,official source: Annuaire de l'administration Service-public.fr
mairie-peyratlechateau87@wanadoo.fr,collectivite_administration,haute-vienne,mairie collectivite,https://lannuaire.service-public.gouv.fr/nouvelle-aquitaine/haute-vienne/ba1e6c55-f545-4100-b12a-668012afa228,Mairie - Peyrat-le-Château,official source: Annuaire de l'administration Service-public.fr
mairie-st-ouen-sur-gartempe@wanadoo.fr,collectivite_administration,haute-vienne,mairie collectivite,https://lannuaire.service-public.gouv.fr/nouvelle-aquitaine/haute-vienne/481056b8-40bb-4d5a-ad88-9953530017dc,Mairie - Saint-Ouen-sur-Gartempe,official source: Annuaire de l'administration Service-public.fr
mairie.augne@wanadoo.fr,collectivite_administration,haute-vienne,mairie collectivite,https://lannuaire.service-public.gouv.fr/nouvelle-aquitaine/haute-vienne/3346112c-d6ef-42c5-b378-45891c22337b,Mairie - Augne,official source: Annuaire de l'administration Service-public.fr
mairie.azat@wanadoo.fr,collectivite_administration,haute-vienne,mairie collectivite,https://lannuaire.service-public.gouv.fr/nouvelle-aquitaine/haute-vienne/025f6d3c-c3bc-46ea-829c-56cbb15d09ba,Mairie - Azat-le-Ris,official source: Annuaire de l'administration Service-public.fr
mairie.beaumontdulac@wanadoo.fr,collectivite_administration,haute-vienne,mairie collectivite,https://lannuaire.service-public.gouv.fr/nouvelle-aquitaine/haute-vienne/c7684649-785f-4dd2-a32d-12b25b771488,Mairie - Beaumont-du-Lac,official source: Annuaire de l'administration Service-public.fr
mairie.bonnac@wanadoo.fr,collectivite_administration,haute-vienne,mairie collectivite,https://lannuaire.service-public.gouv.fr/nouvelle-aquitaine/haute-vienne/d49ab74c-9588-48d0-96ff-56c45d06f3be,Centre communal d'action sociale (CCAS) - Bonnac-la-Côte,official source: Annuaire de l'administration Service-public.fr
mairie.chateau-chervix@wanadoo.fr,collectivite_administration,haute-vienne,mairie collectivite,https://lannuaire.service-public.gouv.fr/nouvelle-aquitaine/haute-vienne/59995939-5484-4e08-98f2-22f6f2a16d76,Mairie - Château-Chervix,official source: Annuaire de l'administration Service-public.fr
mairie.chateauponsac@orange.fr,collectivite_administration,haute-vienne,mairie collectivite,https://lannuaire.service-public.gouv.fr/nouvelle-aquitaine/haute-vienne/d6bebe08-00bd-4f92-9a12-256292383183,Centre communal d'action sociale (CCAS) - Châteauponsac,official source: Annuaire de l'administration Service-public.fr
mairie.cheronnac@wanadoo.fr,collectivite_administration,haute-vienne,mairie collectivite,https://lannuaire.service-public.gouv.fr/nouvelle-aquitaine/haute-vienne/26f9f889-c838-40a0-90ea-a31bf8aaf504,Mairie - Chéronnac,official source: Annuaire de l'administration Service-public.fr
mairie.dinsac@wanadoo.fr,collectivite_administration,haute-vienne,mairie collectivite,https://lannuaire.service-public.gouv.fr/nouvelle-aquitaine/haute-vienne/fdc5110c-8ad1-4dbc-9fa2-21f6fb65918b,Mairie - Dinsac,official source: Annuaire de l'administration Service-public.fr
mairie.droux@wanadoo.fr,collectivite_administration,haute-vienne,mairie collectivite,https://lannuaire.service-public.gouv.fr/nouvelle-aquitaine/haute-vienne/beed11dc-d8d5-4d2e-a7e6-21a27e3dc728,Mairie - Droux,official source: Annuaire de l'administration Service-public.fr
mairie.folles@orange.fr,collectivite_administration,haute-vienne,mairie collectivite,https://lannuaire.service-public.gouv.fr/nouvelle-aquitaine/haute-vienne/63f2bd88-e10f-4f65-bffa-09ff505b0c5d,Mairie - Folles,official source: Annuaire de l'administration Service-public.fr
mairie.glandon@wanadoo.fr,collectivite_administration,haute-vienne,mairie collectivite,https://lannuaire.service-public.gouv.fr/nouvelle-aquitaine/haute-vienne/42a3b3e6-f770-4159-98b4-b67ef6d52fd0,Mairie - Glandon,official source: Annuaire de l'administration Service-public.fr
mairie.janailhac@orange.fr,collectivite_administration,haute-vienne,mairie collectivite,https://lannuaire.service-public.gouv.fr/nouvelle-aquitaine/haute-vienne/053209de-e3a9-4dde-a57a-3d4ae161bac2,Mairie - Janailhac,official source: Annuaire de l'administration Service-public.fr
mairie.junien@orange.fr,collectivite_administration,haute-vienne,mairie collectivite,https://lannuaire.service-public.gouv.fr/nouvelle-aquitaine/haute-vienne/1122b39a-b935-4d49-bced-60213a2416c0,Mairie - Saint-Junien-les-Combes,official source: Annuaire de l'administration Service-public.fr
mairie.la.meyze@orange.fr,collectivite_administration,haute-vienne,mairie collectivite,https://lannuaire.service-public.gouv.fr/nouvelle-aquitaine/haute-vienne/4121b134-baab-4e0e-a288-b54fd398dea1,Centre communal d'action sociale (CCAS) - La Meyze,official source: Annuaire de l'administration Service-public.fr
mairie.lebuis@wanadoo.fr,collectivite_administration,haute-vienne,mairie collectivite,https://lannuaire.service-public.gouv.fr/nouvelle-aquitaine/haute-vienne/07d2bd25-dadd-4501-b717-796b0447639a,Mairie - Le Buis,official source: Annuaire de l'administration Service-public.fr
mairie.lesgrandschezeaux@orange.fr,collectivite_administration,haute-vienne,mairie collectivite,https://lannuaire.service-public.gouv.fr/nouvelle-aquitaine/haute-vienne/abd6eb89-a165-46c2-9368-bee8b4ef7643,Mairie - Les Grands-Chézeaux,official source: Annuaire de l'administration Service-public.fr
mairie.lussac.les.eglises@orange.fr,collectivite_administration,haute-vienne,mairie collectivite,https://lannuaire.service-public.gouv.fr/nouvelle-aquitaine/haute-vienne/a8e83a23-48de-457b-ab84-62f8dccb720c,Mairie - Lussac-les-Églises,official source: Annuaire de l'administration Service-public.fr
mairie.magnac-bourg@wanadoo.fr,collectivite_administration,haute-vienne,mairie collectivite,https://lannuaire.service-public.gouv.fr/nouvelle-aquitaine/haute-vienne/bc1b4ce2-2671-4385-ac70-c7e915c5ce74,Mairie - Magnac-Bourg,official source: Annuaire de l'administration Service-public.fr
mairie.magnaclaval@wanadoo.fr,collectivite_administration,haute-vienne,mairie collectivite,https://lannuaire.service-public.gouv.fr/nouvelle-aquitaine/haute-vienne/7331c333-78b8-46f3-a6eb-9d0871eebddf,Centre communal d'action sociale (CCAS) - Magnac-Laval,official source: Annuaire de l'administration Service-public.fr
mairie.maisonnais.sur.tardoire@wanadoo.fr,collectivite_administration,haute-vienne,mairie collectivite,https://lannuaire.service-public.gouv.fr/nouvelle-aquitaine/haute-vienne/25b726b4-ca68-4c81-b1cf-a07bcf4578ea,Mairie - Maisonnais-sur-Tardoire,official source: Annuaire de l'administration Service-public.fr
mairie.meilhac@wanadoo.fr,collectivite_administration,haute-vienne,mairie collectivite,https://lannuaire.service-public.gouv.fr/nouvelle-aquitaine/haute-vienne/cff7ed62-37aa-49e0-b9cd-0da02edfe1f1,Mairie - Meilhac,official source: Annuaire de l'administration Service-public.fr
mairie.nedde@nedde.fr,collectivite_administration,haute-vienne,mairie collectivite,https://lannuaire.service-public.gouv.fr/nouvelle-aquitaine/haute-vienne/7f48b1b3-05bf-4812-a7a6-ca4ac4fd7439,Mairie - Nedde,official source: Annuaire de l'administration Service-public.fr
mairie.neuvic-entier@wanadoo.fr,collectivite_administration,haute-vienne,mairie collectivite,https://lannuaire.service-public.gouv.fr/nouvelle-aquitaine/haute-vienne/ecbb4861-905e-4fa7-9612-f9d1ff0965f7,Centre communal d'action sociale (CCAS) - Neuvic-Entier,official source: Annuaire de l'administration Service-public.fr
mairie.pierrebuffiere@wanadoo.fr,collectivite_administration,haute-vienne,mairie collectivite,https://lannuaire.service-public.gouv.fr/nouvelle-aquitaine/haute-vienne/d6b9dc8a-15f7-4bda-b913-0cd8ec23c8f1,Mairie - Pierre-Buffière,official source: Annuaire de l'administration Service-public.fr
mairie.razes@wanadoo.fr,collectivite_administration,haute-vienne,mairie collectivite,https://lannuaire.service-public.gouv.fr/nouvelle-aquitaine/haute-vienne/9ae6b261-7897-4a85-a6bb-6b0758c443cc,Mairie - Razès,official source: Annuaire de l'administration Service-public.fr
mairie.rempnat@wanadoo.fr,collectivite_administration,haute-vienne,mairie collectivite,https://lannuaire.service-public.gouv.fr/nouvelle-aquitaine/haute-vienne/3a37db00-36f8-42ea-a21e-e2c3aa04b4ee,Mairie - Rempnat,official source: Annuaire de l'administration Service-public.fr
mairie.sainte.anne.saint.priest@wanadoo.fr,collectivite_administration,haute-vienne,mairie collectivite,https://lannuaire.service-public.gouv.fr/nouvelle-aquitaine/haute-vienne/9a376b2a-791a-4f3b-9f6c-ac53a87fd1c0,Mairie - Sainte-Anne-Saint-Priest,official source: Annuaire de l'administration Service-public.fr
mairie.saintgilleslesforets@orange.fr,collectivite_administration,haute-vienne,mairie collectivite,https://lannuaire.service-public.gouv.fr/nouvelle-aquitaine/haute-vienne/854c89d7-4d00-44d9-b2ad-a86bab897419,Mairie - Saint Gilles les Forets,official source: Annuaire de l'administration Service-public.fr
mairie.saintpardouxlelac@orange.fr,collectivite_administration,haute-vienne,mairie collectivite,https://lannuaire.service-public.gouv.fr/nouvelle-aquitaine/haute-vienne/d0cadcac-f802-49e2-9d74-348555f4b2a9,Mairie - Saint-Pardoux-le-Lac,official source: Annuaire de l'administration Service-public.fr
mairie.sauviat@wanadoo.fr,collectivite_administration,haute-vienne,mairie collectivite,https://lannuaire.service-public.gouv.fr/nouvelle-aquitaine/haute-vienne/e9016a4e-ee7e-486b-85a5-59799034ddb7,Centre communal d'action sociale (CCAS) - Sauviat-sur-Vige,official source: Annuaire de l'administration Service-public.fr
mairie.smlm@wanadoo.fr,collectivite_administration,haute-vienne,mairie collectivite,https://lannuaire.service-public.gouv.fr/nouvelle-aquitaine/haute-vienne/6622fa2d-97aa-4d26-9a3b-161432f91829,Mairie - Saint-Martin-le-Mault,official source: Annuaire de l'administration Service-public.fr
mairie.stamandlepetit@wanadoo.fr,collectivite_administration,haute-vienne,mairie collectivite,https://lannuaire.service-public.gouv.fr/nouvelle-aquitaine/haute-vienne/7514c175-74f7-4d2b-8c43-97315272c2c8,Mairie - Saint-Amand-le-Petit,official source: Annuaire de l'administration Service-public.fr
mairie.stvicturnien@wanadoo.fr,collectivite_administration,haute-vienne,mairie collectivite,https://lannuaire.service-public.gouv.fr/nouvelle-aquitaine/haute-vienne/d38eda95-c2dc-444f-8983-d7f44119645c,Centre communal d'action sociale (CCAS) - Saint-Victurnien,official source: Annuaire de l'administration Service-public.fr
mairie.tersannes@wanadoo.fr,collectivite_administration,haute-vienne,mairie collectivite,https://lannuaire.service-public.gouv.fr/nouvelle-aquitaine/haute-vienne/34e636f3-a584-4504-8e8a-114b19247412,Mairie - Tersannes,official source: Annuaire de l'administration Service-public.fr
mairie@bussiere-galant.fr,collectivite_administration,haute-vienne,mairie collectivite,https://lannuaire.service-public.gouv.fr/nouvelle-aquitaine/haute-vienne/4f24b6ef-53be-4697-bc81-730fc2871553,Mairie - Bussière-Galant,official source: Annuaire de l'administration Service-public.fr
mairie@chateauneuf-la-foret.fr,collectivite_administration,haute-vienne,mairie collectivite,https://lannuaire.service-public.gouv.fr/nouvelle-aquitaine/haute-vienne/42ac791c-c2c2-4aa1-9e43-26eaf6689092,Mairie - Châteauneuf-la-Forêt,official source: Annuaire de l'administration Service-public.fr
mairie@compreignac87.fr,collectivite_administration,haute-vienne,mairie collectivite,https://lannuaire.service-public.gouv.fr/nouvelle-aquitaine/haute-vienne/a8518824-cc77-4f6b-bda7-be0d734fb3f1,Centre communal d'action sociale (CCAS) - Compreignac,official source: Annuaire de l'administration Service-public.fr
mairie@coussac-bonneval.fr,collectivite_administration,haute-vienne,mairie collectivite,https://lannuaire.service-public.gouv.fr/nouvelle-aquitaine/haute-vienne/8893213f-dee6-49ee-b2e7-9d4078ce50d2,Mairie - Coussac-Bonneval,official source: Annuaire de l'administration Service-public.fr
mairie@couzeix.fr,collectivite_administration,haute-vienne,mairie collectivite,https://lannuaire.service-public.gouv.fr/nouvelle-aquitaine/haute-vienne/34922e8c-f987-46fa-ad03-84b3b9ad49f1,Mairie - Couzeix,official source: Annuaire de l'administration Service-public.fr
mairie@cussac87.com,collectivite_administration,haute-vienne,mairie collectivite,https://lannuaire.service-public.gouv.fr/nouvelle-aquitaine/haute-vienne/044993e0-06c3-4cde-b218-c3dec41b82f3,Mairie - Cussac,official source: Annuaire de l'administration Service-public.fr
mairie@dompierreleseglises.fr,collectivite_administration,haute-vienne,mairie collectivite,https://lannuaire.service-public.gouv.fr/nouvelle-aquitaine/haute-vienne/751fe10c-87f2-4a8b-9eaa-d5b0d2f56727,Mairie - Dompierre-les-Églises,official source: Annuaire de l'administration Service-public.fr
mairie@dournazac.fr,collectivite_administration,haute-vienne,mairie collectivite,https://lannuaire.service-public.gouv.fr/nouvelle-aquitaine/haute-vienne/977b2af8-97c0-43c3-9aaa-91bab027d000,Mairie - Dournazac,official source: Annuaire de l'administration Service-public.fr
mairie@jourgnac.fr,collectivite_administration,haute-vienne,mairie collectivite,https://lannuaire.service-public.gouv.fr/nouvelle-aquitaine/haute-vienne/1c6a0f13-04d8-4dfb-bbfb-88e2b29c9b1b,Mairie - Jourgnac,official source: Annuaire de l'administration Service-public.fr
mairie@le-vigen.fr,collectivite_administration,haute-vienne,mairie collectivite,https://lannuaire.service-public.gouv.fr/nouvelle-aquitaine/haute-vienne/7e8ca535-0d12-4b4e-b050-fed8f52989df,Mairie - Le Vigen,official source: Annuaire de l'administration Service-public.fr
mairie@magnac-laval.fr,collectivite_administration,haute-vienne,mairie collectivite,https://lannuaire.service-public.gouv.fr/nouvelle-aquitaine/haute-vienne/ad67f0f4-e238-4636-8c9f-c09b1b336ff2,Mairie - Magnac-Laval,official source: Annuaire de l'administration Service-public.fr
mairie@mairie-aixesurvienne.fr,collectivite_administration,haute-vienne,mairie collectivite,https://lannuaire.service-public.gouv.fr/nouvelle-aquitaine/haute-vienne/0669b070-43e0-4f32-96ff-7c23c57b47b2,Centre communal d'action sociale (CCAS) - Aixe-sur-Vienne,official source: Annuaire de l'administration Service-public.fr
mairie@mairie-panazol.fr,collectivite_administration,haute-vienne,mairie collectivite,https://lannuaire.service-public.gouv.fr/nouvelle-aquitaine/haute-vienne/48dfdd34-39e3-4718-b7c2-b29d4ff1c1d9,Mairie - Panazol,official source: Annuaire de l'administration Service-public.fr
mairie@neuvic-entier.fr,collectivite_administration,haute-vienne,mairie collectivite,https://lannuaire.service-public.gouv.fr/nouvelle-aquitaine/haute-vienne/346cf7b2-dc5e-4e0f-8c6f-d55dfce1d24d,Mairie - Neuvic-Entier,official source: Annuaire de l'administration Service-public.fr
mairie@nouic.fr,collectivite_administration,haute-vienne,mairie collectivite,https://lannuaire.service-public.gouv.fr/nouvelle-aquitaine/haute-vienne/37ab6607-d04b-4c86-84cb-670d2d2ac85d,Mairie - Nouic,official source: Annuaire de l'administration Service-public.fr
mairie@pensol.fr,collectivite_administration,haute-vienne,mairie collectivite,https://lannuaire.service-public.gouv.fr/nouvelle-aquitaine/haute-vienne/3ff85978-24a2-4e2b-943b-237a680384c3,Mairie - Pensol,official source: Annuaire de l'administration Service-public.fr
mairie@peyratdebellac.fr,collectivite_administration,haute-vienne,mairie collectivite,https://lannuaire.service-public.gouv.fr/nouvelle-aquitaine/haute-vienne/242da9a1-8913-4500-b5e5-7d4e4aee6f67,Mairie - Peyrat-de-Bellac,official source: Annuaire de l'administration Service-public.fr
mairie@rilhac-rancon.fr,collectivite_administration,haute-vienne,mairie collectivite,https://lannuaire.service-public.gouv.fr/nouvelle-aquitaine/haute-vienne/0471e954-b92b-497c-8cc4-79a623bc4342,Centre communal d'action sociale (CCAS) - Rilhac-Rancon,official source: Annuaire de l'administration Service-public.fr
mairie@saintbazile87.fr,collectivite_administration,haute-vienne,mairie collectivite,https://lannuaire.service-public.gouv.fr/nouvelle-aquitaine/haute-vienne/2c84f954-5baf-47eb-a80b-65db4a598834,Mairie - Saint-Bazile,official source: Annuaire de l'administration Service-public.fr
mairie@saintlaurentleseglises.fr,collectivite_administration,haute-vienne,mairie collectivite,https://lannuaire.service-public.gouv.fr/nouvelle-aquitaine/haute-vienne/626ef857-f7fe-4bb5-9168-8c1bacaf158e,Mairie - Saint-Laurent-les-Églises,official source: Annuaire de l'administration Service-public.fr
mairie@saintmaurice87.fr,collectivite_administration,haute-vienne,mairie collectivite,https://lannuaire.service-public.gouv.fr/nouvelle-aquitaine/haute-vienne/5acb8685-9cff-447a-8bd4-969e0d8ff746,Mairie - Saint-Maurice-les-Brousses,official source: Annuaire de l'administration Service-public.fr
mairie@sslf.fr,collectivite_administration,haute-vienne,mairie collectivite,https://lannuaire.service-public.gouv.fr/nouvelle-aquitaine/haute-vienne/957090aa-6c8b-4fd9-b57f-56ae89578b62,Mairie - Saint-Sulpice-les-Feuilles,official source: Annuaire de l'administration Service-public.fr
mairie@st-martin-terressus.fr,collectivite_administration,haute-vienne,mairie collectivite,https://lannuaire.service-public.gouv.fr/nouvelle-aquitaine/haute-vienne/4736fd8a-2112-4903-aa5a-c3d14c801742,Mairie - Saint-Martin-Terressus,official source: Annuaire de l'administration Service-public.fr
mairie@stmartinlevieux.fr,collectivite_administration,haute-vienne,mairie collectivite,https://lannuaire.service-public.gouv.fr/nouvelle-aquitaine/haute-vienne/09e2c4dc-21a2-4f35-8ccc-3cff0e43ca53,Mairie - Saint-Martin-le-Vieux,official source: Annuaire de l'administration Service-public.fr
mairie@verneuilsurvienne.fr,collectivite_administration,haute-vienne,mairie collectivite,https://lannuaire.service-public.gouv.fr/nouvelle-aquitaine/haute-vienne/25828397-a521-4df2-a3cc-1213e7aad571,Mairie - Verneuil-sur-Vienne,official source: Annuaire de l'administration Service-public.fr
mairie@videix.fr,collectivite_administration,haute-vienne,mairie collectivite,https://lannuaire.service-public.gouv.fr/nouvelle-aquitaine/haute-vienne/f8da3294-7eff-47fc-909d-018635ce7d7c,Mairie - Videix,official source: Annuaire de l'administration Service-public.fr
mairie@voeg.fr,collectivite_administration,haute-vienne,mairie collectivite,https://lannuaire.service-public.gouv.fr/nouvelle-aquitaine/haute-vienne/771fc7f9-3571-4b23-b35e-bf91ddbcef8b,France services - Val-d'Oire-et-Gartempe,official source: Annuaire de l'administration Service-public.fr
mairiearnaclaposte87@orange.fr,collectivite_administration,haute-vienne,mairie collectivite,https://lannuaire.service-public.gouv.fr/nouvelle-aquitaine/haute-vienne/1e5a44f2-8bbb-487b-8e87-4a99dcad298f,Mairie - Arnac-la-Poste,official source: Annuaire de l'administration Service-public.fr
mairiebersac@wanadoo.fr,collectivite_administration,haute-vienne,mairie collectivite,https://lannuaire.service-public.gouv.fr/nouvelle-aquitaine/haute-vienne/7d709446-d89a-4184-9599-4d00f445b673,Mairie - Bersac-sur-Rivalier,official source: Annuaire de l'administration Service-public.fr
mairiedemoissannes@gmail.com,collectivite_administration,haute-vienne,mairie collectivite,https://lannuaire.service-public.gouv.fr/nouvelle-aquitaine/haute-vienne/4c70e604-67fe-4632-9e39-053c7a7eb130,Mairie - Moissannes,official source: Annuaire de l'administration Service-public.fr
mairiederoyeres@orange.fr,collectivite_administration,haute-vienne,mairie collectivite,https://lannuaire.service-public.gouv.fr/nouvelle-aquitaine/haute-vienne/6e97bccd-702e-4f4e-bdda-ddc762d17864,Mairie - Royères,official source: Annuaire de l'administration Service-public.fr
mairiedesaintgermainlesbelles@orange.fr,collectivite_administration,haute-vienne,mairie collectivite,https://lannuaire.service-public.gouv.fr/nouvelle-aquitaine/haute-vienne/a8e5800b-0a78-412c-bf6b-200d4e7b4937,Centre communal d'action sociale (CCAS) - Saint-Germain-les-Belles,official source: Annuaire de l'administration Service-public.fr
mairiedesbillanges@orange.fr,collectivite_administration,haute-vienne,mairie collectivite,https://lannuaire.service-public.gouv.fr/nouvelle-aquitaine/haute-vienne/ed5336c8-4353-4178-8448-2730fe2c6af6,Mairie - Les Billanges,official source: Annuaire de l'administration Service-public.fr
mairiedessalleslavauguyon@wanadoo.fr,collectivite_administration,haute-vienne,mairie collectivite,https://lannuaire.service-public.gouv.fr/nouvelle-aquitaine/haute-vienne/1a8b4334-dee4-4205-ab86-e7ba0c8c8673,Mairie - Les Salles-Lavauguyon,official source: Annuaire de l'administration Service-public.fr
mairieduchalard@wanadoo.fr,collectivite_administration,haute-vienne,mairie collectivite,https://lannuaire.service-public.gouv.fr/nouvelle-aquitaine/haute-vienne/45d10a7c-edea-4e9a-b1aa-f299f8e490ea,Mairie - Le Chalard,official source: Annuaire de l'administration Service-public.fr
mairiejouac@orange.fr,collectivite_administration,haute-vienne,mairie collectivite,https://lannuaire.service-public.gouv.fr/nouvelle-aquitaine/haute-vienne/ed7020a9-b70d-4650-83a2-a96f50130252,Mairie - Jouac,official source: Annuaire de l'administration Service-public.fr
mairielabazeuge@wanadoo.fr,collectivite_administration,haute-vienne,mairie collectivite,https://lannuaire.service-public.gouv.fr/nouvelle-aquitaine/haute-vienne/3c985ad3-b88a-401d-b6d6-ce70c42a5b01,Mairie - La Bazeuge,official source: Annuaire de l'administration Service-public.fr
mairies.sgll@wanadoo.fr,collectivite_administration,haute-vienne,mairie collectivite,https://lannuaire.service-public.gouv.fr/nouvelle-aquitaine/haute-vienne/0c90a057-b690-468a-bfe3-0912d4cd3df9,Mairie - Saint-Georges-les-Landes,official source: Annuaire de l'administration Service-public.fr
mairiesaintbonnetdebellac@gmail.com,collectivite_administration,haute-vienne,mairie collectivite,https://lannuaire.service-public.gouv.fr/nouvelle-aquitaine/haute-vienne/bf38d023-6bc7-4feb-8a71-358c8b5a7346,Mairie - Saint-Bonnet-de-Bellac,official source: Annuaire de l'administration Service-public.fr
mairiesainthilairebonneval@orange.fr,collectivite_administration,haute-vienne,mairie collectivite,https://lannuaire.service-public.gouv.fr/nouvelle-aquitaine/haute-vienne/66db9c43-f055-4bae-8a1b-6e967546c665,Mairie - Saint-Hilaire-Bonneval,official source: Annuaire de l'administration Service-public.fr
mairiesaintjeanligoure@orange.fr,collectivite_administration,haute-vienne,mairie collectivite,https://lannuaire.service-public.gouv.fr/nouvelle-aquitaine/haute-vienne/b4e74b92-5fb6-48b4-bdfc-27f82c33c2e4,Mairie - Saint-Jean-Ligoure,official source: Annuaire de l'administration Service-public.fr
mairiestgenest@wanadoo.fr,collectivite_administration,haute-vienne,mairie collectivite,https://lannuaire.service-public.gouv.fr/nouvelle-aquitaine/haute-vienne/9b75b93d-5e41-4ec5-a82f-57f0c3b17f78,Mairie - Saint-Genest-sur-Roselle,official source: Annuaire de l'administration Service-public.fr
mairiestvittesurbriance@orange.fr,collectivite_administration,haute-vienne,mairie collectivite,https://lannuaire.service-public.gouv.fr/nouvelle-aquitaine/haute-vienne/a0af3461-a2da-4a0f-85a2-855937669204,Mairie - Saint-Vitte-sur-Briance,official source: Annuaire de l'administration Service-public.fr
mairiesussac@wanadoo.fr,collectivite_administration,haute-vienne,mairie collectivite,https://lannuaire.service-public.gouv.fr/nouvelle-aquitaine/haute-vienne/0e9f4f1b-3ceb-4f8c-bc57-8980d18f91c5,Mairie - Sussac,official source: Annuaire de l'administration Service-public.fr
oradour.st.genest@wanadoo.fr,collectivite_administration,haute-vienne,mairie collectivite,https://lannuaire.service-public.gouv.fr/nouvelle-aquitaine/haute-vienne/17f1e644-7bc9-49f2-9819-0fe66f65b236,Mairie - Oradour-Saint-Genest,official source: Annuaire de l'administration Service-public.fr
saintdenisdesmurs@orange.fr,collectivite_administration,haute-vienne,mairie collectivite,https://lannuaire.service-public.gouv.fr/nouvelle-aquitaine/haute-vienne/e16d72f5-3d4c-4f1d-84ae-cd8e52ebcbd5,Mairie - Saint-Denis-des-Murs,official source: Annuaire de l'administration Service-public.fr
secretariat-mairie@berneuil.fr,collectivite_administration,haute-vienne,mairie collectivite,https://lannuaire.service-public.gouv.fr/nouvelle-aquitaine/haute-vienne/5b53c7f0-df50-4085-aee9-62f009a5b60d,Mairie - Berneuil,official source: Annuaire de l'administration Service-public.fr
secretariat.mairiemailhac@wanadoo.fr,collectivite_administration,haute-vienne,mairie collectivite,https://lannuaire.service-public.gouv.fr/nouvelle-aquitaine/haute-vienne/3f359d04-f1c8-497c-adbf-92613d4b812d,Mairie - Mailhac-sur-Benaize,official source: Annuaire de l'administration Service-public.fr
secretariat@mairie-bosmie.fr,collectivite_administration,haute-vienne,mairie collectivite,https://lannuaire.service-public.gouv.fr/nouvelle-aquitaine/haute-vienne/2d46d17b-5e0b-4c03-8522-51255daf288f,Centre communal d'action sociale (CCAS) - Bosmie-l'Aiguille,official source: Annuaire de l'administration Service-public.fr
secretariat@mairiechalus87.fr,collectivite_administration,haute-vienne,mairie collectivite,https://lannuaire.service-public.gouv.fr/nouvelle-aquitaine/haute-vienne/0af9713a-f30c-4e50-8abb-5d4404d1b58e,Centre communal d'action sociale (CCAS) - Châlus,official source: Annuaire de l'administration Service-public.fr
secretariat@saint-sulpice-lauriere.fr,collectivite_administration,haute-vienne,mairie collectivite,https://lannuaire.service-public.gouv.fr/nouvelle-aquitaine/haute-vienne/5a6a8309-2033-409a-81c8-71a59d603526,Mairie - Saint-Sulpice-Laurière,official source: Annuaire de l'administration Service-public.fr
secretariat@veyrac.fr,collectivite_administration,haute-vienne,mairie collectivite,https://lannuaire.service-public.gouv.fr/nouvelle-aquitaine/haute-vienne/de623352-f6fb-440a-bec5-5f66efdd452a,Mairie - Veyrac,official source: Annuaire de l'administration Service-public.fr
st.sornin.marche@wanadoo.fr,collectivite_administration,haute-vienne,mairie collectivite,https://lannuaire.service-public.gouv.fr/nouvelle-aquitaine/haute-vienne/34361673-383c-4364-9650-fc33861c6488,Mairie - Saint-Sornin-la-Marche,official source: Annuaire de l'administration Service-public.fr
stbarbant@voeg.fr,collectivite_administration,haute-vienne,mairie collectivite,https://lannuaire.service-public.gouv.fr/nouvelle-aquitaine/haute-vienne/49bd8497-5c00-4314-96cb-2b1e879d0847,Mairie déléguée - Saint-Barbant,official source: Annuaire de l'administration Service-public.fr
stpriestligoure.mairie@wanadoo.fr,collectivite_administration,haute-vienne,mairie collectivite,https://lannuaire.service-public.gouv.fr/nouvelle-aquitaine/haute-vienne/09bf3d73-e46d-402f-bcc9-afec32994e20,Mairie - Saint-Priest-Ligoure,official source: Annuaire de l'administration Service-public.fr
thiat@voeg.fr,collectivite_administration,haute-vienne,mairie collectivite,https://lannuaire.service-public.gouv.fr/nouvelle-aquitaine/haute-vienne/607df43c-a944-421e-b383-c1f7a1955494,Mairie déléguée - Thiat,official source: Annuaire de l'administration Service-public.fr
villeoradoursurvayres@wanadoo.fr,collectivite_administration,haute-vienne,mairie collectivite,https://lannuaire.service-public.gouv.fr/nouvelle-aquitaine/haute-vienne/80f3eacd-8055-45e4-9655-61ef51dfc47f,Mairie - Oradour-sur-Vayres,official source: Annuaire de l'administration Service-public.fr
mda87@ch-esquirol-limoges.fr,protection_enfance,haute-vienne,maison des adolescents protection enfance,https://www.mda87.fr/,Maison des Adolescents de la Haute-Vienne,manual public source: maison des adolescents protection enfance
mda87@mda87.fr,protection_enfance,haute-vienne,maison des adolescents protection enfance,https://cerjep.fr/les-maisons-des-adolescents-mda/,MDA de la Haute-Vienne,manual public source: maison des adolescents protection enfance
antsociale-couzeix@haute-vienne.fr,social_insertion,haute-vienne,maison france services,https://lannuaire.service-public.gouv.fr/nouvelle-aquitaine/haute-vienne/c4545951-8979-4f89-aa44-5588db59d413,Maison du Département de Couzeix,official source: Annuaire de l'administration Service-public.fr
anttech-oradour@haute-vienne.fr,structure,haute-vienne,maison france services,https://lannuaire.service-public.gouv.fr/nouvelle-aquitaine/haute-vienne/bd5b7d91-5f8b-458d-a803-2fd3320cbd8e,Maison du Département de Oradour-sur-Vayres,official source: Annuaire de l'administration Service-public.fr
contact.mdph@haute-vienne.fr,structure,haute-vienne,maison france services,https://lannuaire.service-public.gouv.fr/nouvelle-aquitaine/haute-vienne/cc1f58bf-f18b-4e22-8b90-e56c3659b62a,Maison départementale des personnes handicapées (MDPH) - Haute-Vienne,official source: Annuaire de l'administration Service-public.fr
mdd-aixe@haute-vienne.fr,structure,haute-vienne,maison france services,https://lannuaire.service-public.gouv.fr/nouvelle-aquitaine/haute-vienne/2a716ae4-92dd-4c74-8e31-5615128a4649,Maison du Département de Aixe-sur-Vienne,official source: Annuaire de l'administration Service-public.fr
mdd-bellac@haute-vienne.fr,structure,haute-vienne,maison france services,https://lannuaire.service-public.gouv.fr/nouvelle-aquitaine/haute-vienne/c4426400-42c0-43c3-9466-f5fae16e9125,Maison du Département de Bellac,official source: Annuaire de l'administration Service-public.fr
mdd-bessines@haute-vienne.fr,structure,haute-vienne,maison france services,https://lannuaire.service-public.gouv.fr/nouvelle-aquitaine/haute-vienne/643de48b-66e2-4e8e-82d9-83af82bc325b,Maison du Département de Bessines-sur-Gartempe,official source: Annuaire de l'administration Service-public.fr
mdd-carmes@haute-vienne.fr,structure,haute-vienne,maison france services,https://lannuaire.service-public.gouv.fr/nouvelle-aquitaine/haute-vienne/7d5dbabc-f79c-4a10-aa08-17d8160ab037,Maison du Département de Limoges - Carmes,official source: Annuaire de l'administration Service-public.fr
mdd-eymoutiers@haute-vienne.fr,structure,haute-vienne,maison france services,https://lannuaire.service-public.gouv.fr/nouvelle-aquitaine/haute-vienne/d6afd868-529f-40a0-8f2d-00428c4d319b,Maison du Département de Eymoutiers,official source: Annuaire de l'administration Service-public.fr
mdd-magnaclaval@haute-vienne.fr,structure,haute-vienne,maison france services,https://lannuaire.service-public.gouv.fr/nouvelle-aquitaine/haute-vienne/e6857d4f-e5c8-40e5-945e-2d4300e447ff,Maison du Département de Magnac-Laval,official source: Annuaire de l'administration Service-public.fr
mdd-nantiat@haute-vienne.fr,structure,haute-vienne,maison france services,https://lannuaire.service-public.gouv.fr/nouvelle-aquitaine/haute-vienne/1a8400ba-fa2c-4a29-ac33-c3345c5ed21f,Maison du Département de Nantiat,official source: Annuaire de l'administration Service-public.fr
mdd-resistance@haute-vienne.fr,structure,haute-vienne,maison france services,https://lannuaire.service-public.gouv.fr/nouvelle-aquitaine/haute-vienne/6770f715-cbb8-4d70-98ea-afa4e651ecd0,Maison du Département de Limoges - Résistance Limousine,official source: Annuaire de l'administration Service-public.fr
mdd-stlaurent@haute-vienne.fr,structure,haute-vienne,maison france services,https://lannuaire.service-public.gouv.fr/nouvelle-aquitaine/haute-vienne/ba7f0815-560a-4d50-98b1-119bce063a7b,Maison du Département de Saint-Laurent-sur-Gorre,official source: Annuaire de l'administration Service-public.fr
mdd-stsulpice@haute-vienne.fr,structure,haute-vienne,maison france services,https://lannuaire.service-public.gouv.fr/nouvelle-aquitaine/haute-vienne/5feaa3bf-1d37-4d85-ae33-95b66e3406ed,Maison du Département de Saint-Sulpice-les-Feuilles,official source: Annuaire de l'administration Service-public.fr
mdd-styrieix@haute-vienne.fr,structure,haute-vienne,maison france services,https://lannuaire.service-public.gouv.fr/nouvelle-aquitaine/haute-vienne/34c6e168-6674-4339-af5b-cfaca78549d7,Maison du Département de Saint-Yrieix-la-Perche,official source: Annuaire de l'administration Service-public.fr
mjd.tj-limoges@justice.fr,structure,haute-vienne,maison france services,https://lannuaire.service-public.gouv.fr/nouvelle-aquitaine/haute-vienne/e057b277-806f-4e48-ae72-a54b87295f3b,Point-justice Maison de la justice et du droit de Limoges,official source: Annuaire de l'administration Service-public.fr
contact@mlr87.fr,jeunesse_loisirs,haute-vienne,mission locale jeunesse insertion,https://lannuaire.service-public.gouv.fr/nouvelle-aquitaine/haute-vienne/cbd6fe49-b216-4e01-baf4-b5cb0e172fe2,Mission locale pour l'insertion professionnelle et sociale des jeunes (16-25 ans) - Bellac,official source: Annuaire de l'administration Service-public.fr
mission.locale@mlagglo-limoges.org,jeunesse_loisirs,haute-vienne,mission locale jeunesse insertion,https://lannuaire.service-public.gouv.fr/nouvelle-aquitaine/haute-vienne/d06c99b8-7ea0-4ade-910f-6149f15f7f52,Mission locale pour l'insertion professionnelle et sociale des jeunes (16-25 ans) - Limoges - Marcel-Vardelle,official source: Annuaire de l'administration Service-public.fr
cabinet.ia87@ac-limoges.fr,jeunesse_loisirs,haute-vienne,service jeunesse,https://lannuaire.service-public.gouv.fr/nouvelle-aquitaine/haute-vienne/4bfa84da-bb92-4889-8ea9-468a2db65cb1,"Service départemental à la jeunesse, à l'engagement et aux sports (SDJES) - Haute-Vienne",official source: Annuaire de l'administration Service-public.fr
dtpjj-limoges@justice.gouv.fr,jeunesse_loisirs,haute-vienne,service jeunesse,https://lannuaire.service-public.gouv.fr/nouvelle-aquitaine/haute-vienne/a4cf4d3d-83ee-45a4-9062-b7b17e659c82,Direction territoriale de la protection judiciaire de la jeunesse (DTPJJ) - Limousin,official source: Annuaire de l'administration Service-public.fr
alsh-thuret@plainelimagne.fr,jeunesse_loisirs,puy-de-dome,ALSH centre de loisirs,https://www.thuret.fr/le-centre-de-loisirs/,Accueil de loisirs - Thuret,manual public source: ALSH centre de loisirs
alsh.pontaumur@ccvcommunaute.fr,jeunesse_loisirs,puy-de-dome,ALSH centre de loisirs,https://pontaumur.fr/centre-de-loisirs-garderie/,Centre de loisirs - Pontaumur,manual public source: ALSH centre de loisirs
alsh@afr63.fr,jeunesse_loisirs,puy-de-dome,ALSH centre de loisirs,https://pontaumur.fr/centre-de-loisirs-garderie/,Centre de loisirs - Pontaumur,manual public source: ALSH centre de loisirs
responsablealsh@sayat.fr,jeunesse_loisirs,puy-de-dome,ALSH jeunesse,https://www.sayat.fr/enfance-et-jeunesse/accueil-de-loisirs-3-18-ans/,Accueil de loisirs - Sayat,manual public source: ALSH jeunesse
alshdethuret@orange.fr,jeunesse_loisirs,puy-de-dome,ALSH periscolaire,https://www.thuret.fr/le-centre-de-loisirs/,Accueil de loisirs - Thuret,manual public source: ALSH periscolaire
interveduc@fal63.org,jeunesse_loisirs,puy-de-dome,BAFA interventions educatives,https://fal63.org/nous-contacter/,Ligue de l'enseignement du Puy-de-Dome,manual public source: BAFA interventions educatives
cdos.communication63@orange.fr,sport,puy-de-dome,CDOS sport,https://www.allbiz.fr/comit%C3%A9-d%C3%A9partemental-olympique-et_27j-04-73-14-09-61,CDOS Puy-de-Dome,manual public source: CDOS sport
cdos63@wanadoo.fr,sport,puy-de-dome,CDOS sport,https://www.allbiz.fr/comit%C3%A9-d%C3%A9partemental-olympique-et_27j-04-73-14-09-61,CDOS Puy-de-Dome,manual public source: CDOS sport
cdos63.animation@orange.fr,sport,puy-de-dome,CDOS sport animation,https://www.associations.gouv.fr/comite-departemental-olympique-et-sportif-du-puy-de-dome.html,CDOS Puy-de-Dome - Associations.gouv.fr,manual public source: CDOS sport animation
infojeunes@rlv.eu,jeunesse_loisirs,puy-de-dome,PIJ information jeunesse,https://lannuaire.service-public.gouv.fr/auvergne-rhone-alpes/puy-de-dome/86f9abef-a8eb-419f-80b9-395b909d03a3,Point information jeunesse - Riom,official source: Annuaire de l'administration Service-public.fr
xavier.changeat@aesio.fr,jeunesse_loisirs,puy-de-dome,PIJ information jeunesse,https://lannuaire.service-public.gouv.fr/auvergne-rhone-alpes/puy-de-dome/521789f5-a33f-469d-9a0e-8b6aaa16e5c3,Point information jeunesse - Clermont-Ferrand,official source: Annuaire de l'administration Service-public.fr
acceuil@capissoire.fr,collectivite_administration,puy-de-dome,administration collectivite service public,https://lannuaire.service-public.gouv.fr/auvergne-rhone-alpes/puy-de-dome/b9295536-d66a-45ad-8952-bb5d549d01d9,Communauté d'agglomération - Agglo Pays d'Issoire (API),official source: Annuaire de l'administration Service-public.fr
accueil.tprx-riom@justice.fr,collectivite_administration,puy-de-dome,administration collectivite service public,https://lannuaire.service-public.gouv.fr/auvergne-rhone-alpes/puy-de-dome/0aae9bf2-aa75-4885-8db5-88d7fb1b0f20,Point-justice du Tribunal de proximité de Riom,official source: Annuaire de l'administration Service-public.fr
accueil@ambertlivradoisforez.fr,collectivite_administration,puy-de-dome,administration collectivite service public,https://lannuaire.service-public.gouv.fr/auvergne-rhone-alpes/puy-de-dome/ee25d5f9-e709-4454-8f5c-45d4b974855b,Communauté de communes - Ambert Livradois Forez,official source: Annuaire de l'administration Service-public.fr
accueil@aura.chambagri.fr,collectivite_administration,puy-de-dome,administration collectivite service public,https://lannuaire.service-public.gouv.fr/auvergne-rhone-alpes/puy-de-dome/4e7442b0-f8c4-4be4-9fc5-4d5fd348e4c0,Chambre régionale d'agriculture Auvergne-Rhône-Alpes - Site d'Aubière,official source: Annuaire de l'administration Service-public.fr
accueil@cdg63.fr,collectivite_administration,puy-de-dome,administration collectivite service public,https://lannuaire.service-public.gouv.fr/auvergne-rhone-alpes/puy-de-dome/d6805fed-62af-4ffe-b9ad-73ff62b37181,Centre de gestion de la fonction publique territoriale - Puy-de-Dôme,official source: Annuaire de l'administration Service-public.fr
accueil@clic-agglo-clermont.com,collectivite_administration,puy-de-dome,administration collectivite service public,https://lannuaire.service-public.gouv.fr/auvergne-rhone-alpes/puy-de-dome/416a7832-a3fb-4b39-bae1-7341c81eeb2a,Point d'information local dédié aux personnes âgées - Clermont-Ferrand,official source: Annuaire de l'administration Service-public.fr
accueil@clic-billom.fr,collectivite_administration,puy-de-dome,administration collectivite service public,https://lannuaire.service-public.gouv.fr/auvergne-rhone-alpes/puy-de-dome/d8e66a4a-3b1c-4779-ab3c-27a8cadd5c55,Point d'information local dédié aux personnes âgées - Billom,official source: Annuaire de l'administration Service-public.fr
accueil@clic-thiers.com,collectivite_administration,puy-de-dome,administration collectivite service public,https://lannuaire.service-public.gouv.fr/auvergne-rhone-alpes/puy-de-dome/ea83a7e5-05fa-4fb7-8055-4e461c5a12f8,Point d'information local dédié aux personnes âgées - Thiers,official source: Annuaire de l'administration Service-public.fr
accueil@cliclivradoisforez.org,collectivite_administration,puy-de-dome,administration collectivite service public,https://lannuaire.service-public.gouv.fr/auvergne-rhone-alpes/puy-de-dome/4f4fed62-e2e7-42a5-91f7-35316ed0be94,Point d'information local dédié aux personnes âgées - Ambert,official source: Annuaire de l'administration Service-public.fr
accueil@domes-sancyartense.fr,collectivite_administration,puy-de-dome,administration collectivite service public,https://lannuaire.service-public.gouv.fr/auvergne-rhone-alpes/puy-de-dome/0cf5db2f-b352-4259-81ce-9522e85443be,Communauté de communes - Dômes Sancy Artense,official source: Annuaire de l'administration Service-public.fr
accueil@paysdesainteloy.fr,collectivite_administration,puy-de-dome,administration collectivite service public,https://lannuaire.service-public.gouv.fr/auvergne-rhone-alpes/puy-de-dome/d02526b4-0604-42f3-8eb4-c146c35e157c,Centre intercommunal d'action sociale (CIAS) du Pays Saint-Éloy,official source: Annuaire de l'administration Service-public.fr
accueil@peche63.com,collectivite_administration,puy-de-dome,administration collectivite service public,https://lannuaire.service-public.gouv.fr/auvergne-rhone-alpes/puy-de-dome/24b10abf-3ec0-4ff4-ac73-839dbc0ae1b3,Fédération départementale pour la pêche et la protection du milieu aquatique - Puy-de-Dôme,official source: Annuaire de l'administration Service-public.fr
ademe.auvergne@ademe.fr,collectivite_administration,puy-de-dome,administration collectivite service public,https://lannuaire.service-public.gouv.fr/auvergne-rhone-alpes/puy-de-dome/7e6753bf-0d0b-49aa-aeeb-7beae3b8ae20,Agence de l'environnement et de la maîtrise de l'énergie (ADEME) - Direction régionale Auvergne-Rhône-Alpes - Site de Clermont-Ferrand,official source: Annuaire de l'administration Service-public.fr
administratif@plateformedesvolcans.fr,collectivite_administration,puy-de-dome,administration collectivite service public,https://lannuaire.service-public.gouv.fr/auvergne-rhone-alpes/puy-de-dome/409f0ff5-4625-42be-ba2d-da220df44ee3,Plateforme d'accompagnement et de répit pour les aidants de personnes âgées - Chamalières,official source: Annuaire de l'administration Service-public.fr
archives@puy-de-dome.fr,collectivite_administration,puy-de-dome,administration collectivite service public,https://lannuaire.service-public.gouv.fr/auvergne-rhone-alpes/puy-de-dome/e41887de-3615-460a-ada9-020e40ee4971,Archives départementales - Puy-de-Dôme,official source: Annuaire de l'administration Service-public.fr
ars-dt63-delegue-territorial@ars.sante.fr,collectivite_administration,puy-de-dome,administration collectivite service public,https://lannuaire.service-public.gouv.fr/auvergne-rhone-alpes/puy-de-dome/c23f85bd-e190-4205-983b-3d280edb267e,Agence régionale de santé (ARS) - Délégation départementale - Puy-de-Dôme,official source: Annuaire de l'administration Service-public.fr
auvergne-rhones-alpes@agefiph.asso.fr,collectivite_administration,puy-de-dome,administration collectivite service public,https://lannuaire.service-public.gouv.fr/auvergne-rhone-alpes/puy-de-dome/82b163d5-ef4b-4ad0-925c-0e6dbb381266,Association de gestion du fonds pour l'insertion professionnelle des personnes handicapées (Agefiph) - Auvergne-Rhône-Alpes - Clermont-Ferrand,official source: Annuaire de l'administration Service-public.fr
billom@france-services.gouv.fr,collectivite_administration,puy-de-dome,administration collectivite service public,https://lannuaire.service-public.gouv.fr/auvergne-rhone-alpes/puy-de-dome/d38b685e-4939-4dba-b089-f1abdfbb1e5d,France services - Billom,official source: Annuaire de l'administration Service-public.fr
capeb63@capeb63.fr,collectivite_administration,puy-de-dome,administration collectivite service public,https://lannuaire.service-public.gouv.fr/auvergne-rhone-alpes/puy-de-dome/523787ab-40b7-4d6e-9371-a67d34ffd35e,Confédération départementale de l'artisanat et des petites entreprises du bâtiment  (Capeb) - Puy-de-Dôme,official source: Annuaire de l'administration Service-public.fr
capemploi@capemploi63.fr,collectivite_administration,puy-de-dome,administration collectivite service public,https://lannuaire.service-public.gouv.fr/auvergne-rhone-alpes/puy-de-dome/d7c356d5-74ff-40b3-9509-c42d263700da,Cap emploi - Puy-de-Dôme,official source: Annuaire de l'administration Service-public.fr
ccas.perignat@gmail.com,collectivite_administration,puy-de-dome,administration collectivite service public,https://lannuaire.service-public.gouv.fr/auvergne-rhone-alpes/puy-de-dome/7190b6ed-669c-4637-be9e-fd62d3db1c69,Centre communal d'action sociale (CCAS) - Pérignat-sur-Allier,official source: Annuaire de l'administration Service-public.fr
ccas@cebazat.fr,collectivite_administration,puy-de-dome,administration collectivite service public,https://lannuaire.service-public.gouv.fr/auvergne-rhone-alpes/puy-de-dome/f58cf609-fc55-4e81-84a8-46ab83b89f48,Centre communal d'action sociale (CCAS) - Cébazat,official source: Annuaire de l'administration Service-public.fr
ccas@ceyrat.fr,collectivite_administration,puy-de-dome,administration collectivite service public,https://lannuaire.service-public.gouv.fr/auvergne-rhone-alpes/puy-de-dome/6463f0ea-5cdf-449f-8bff-315cbf287788,Centre communal d'action sociale (CCAS) - Ceyrat,official source: Annuaire de l'administration Service-public.fr
ccas@chatel-guyon.fr,collectivite_administration,puy-de-dome,administration collectivite service public,https://lannuaire.service-public.gouv.fr/auvergne-rhone-alpes/puy-de-dome/3a7f755e-f1a4-4eba-8e51-cdf7cdf385ec,Centre communal d'action sociale (CCAS) - Châtel-Guyon,official source: Annuaire de l'administration Service-public.fr
ccas@pontduchateau.fr,collectivite_administration,puy-de-dome,administration collectivite service public,https://lannuaire.service-public.gouv.fr/auvergne-rhone-alpes/puy-de-dome/724c6877-f869-4a11-8155-4fb99e4d5181,Centre communal d'action sociale (CCAS) - Pont-du-Château,official source: Annuaire de l'administration Service-public.fr
ccas@royat.fr,collectivite_administration,puy-de-dome,administration collectivite service public,https://lannuaire.service-public.gouv.fr/auvergne-rhone-alpes/puy-de-dome/41897480-a5fd-4cdd-811e-a7e1b8204a75,Centre communal d'action sociale (CCAS) - Royat,official source: Annuaire de l'administration Service-public.fr
ccas@sainteloylesmines.fr,collectivite_administration,puy-de-dome,administration collectivite service public,https://lannuaire.service-public.gouv.fr/auvergne-rhone-alpes/puy-de-dome/ddb5b973-bd6f-4ee4-b377-f9b1a8914047,Centre communal d'action sociale (CCAS) - Saint-Éloy-les-Mines,official source: Annuaire de l'administration Service-public.fr
ccas@ville-aubiere.fr,collectivite_administration,puy-de-dome,administration collectivite service public,https://lannuaire.service-public.gouv.fr/auvergne-rhone-alpes/puy-de-dome/b0ae774d-916e-4836-a86a-2137b3d438df,Centre communal d'action sociale (CCAS) - Aubière,official source: Annuaire de l'administration Service-public.fr
ccas@ville-courpiere.fr,collectivite_administration,puy-de-dome,administration collectivite service public,https://lannuaire.service-public.gouv.fr/auvergne-rhone-alpes/puy-de-dome/a761fca5-ef3f-4a17-ae26-b62162cabbdd,Centre communal d'action sociale (CCAS) - Courpière,official source: Annuaire de l'administration Service-public.fr
ccas@ville-gerzat.fr,collectivite_administration,puy-de-dome,administration collectivite service public,https://lannuaire.service-public.gouv.fr/auvergne-rhone-alpes/puy-de-dome/ec5aae97-9f79-4dba-a5ed-eb8e09b732d2,Centre communal d'action sociale (CCAS) - Gerzat,official source: Annuaire de l'administration Service-public.fr
ccaschampeix@orange.fr,collectivite_administration,puy-de-dome,administration collectivite service public,https://lannuaire.service-public.gouv.fr/auvergne-rhone-alpes/puy-de-dome/d329c634-5cd0-4749-b624-40bd4b22f5a1,Centre communal d'action sociale (CCAS) - Champeix,official source: Annuaire de l'administration Service-public.fr
ccc@puy-de-dome.cci.fr,collectivite_administration,puy-de-dome,administration collectivite service public,https://lannuaire.service-public.gouv.fr/auvergne-rhone-alpes/puy-de-dome/8070e867-49bf-4046-9209-bb7ad14daa71,Chambre de commerce et d'industrie (CCI) 63 - Puy-de-Dôme - Siège de Clermont-Ferrand,official source: Annuaire de l'administration Service-public.fr
ccms@cc-massifdusancy.fr,collectivite_administration,puy-de-dome,administration collectivite service public,https://lannuaire.service-public.gouv.fr/auvergne-rhone-alpes/puy-de-dome/c53b0361-48b2-4b2b-a982-14d65c55a646,Communauté de communes - Massif du Sancy,official source: Annuaire de l'administration Service-public.fr
cd.63@ordre.medecin.fr,collectivite_administration,puy-de-dome,administration collectivite service public,https://lannuaire.service-public.gouv.fr/auvergne-rhone-alpes/puy-de-dome/a4849789-d1c7-4ba2-a5b0-671ca4b5ba17,Conseil départemental de l'ordre des médecins - Puy-de-Dôme,official source: Annuaire de l'administration Service-public.fr
cdad63.juriste@gmail.com,collectivite_administration,puy-de-dome,administration collectivite service public,https://lannuaire.service-public.gouv.fr/auvergne-rhone-alpes/puy-de-dome/5be4687a-47f8-4d7c-bde7-fc02eaa347cd,Conseil départemental d'accès au droit du Puy-de-Dôme,official source: Annuaire de l'administration Service-public.fr
cdos63@cdos63.com,collectivite_administration,puy-de-dome,administration collectivite service public,https://lannuaire.service-public.gouv.fr/auvergne-rhone-alpes/puy-de-dome/2e961cdf-f614-4a2e-a59d-aab69479708b,Centre de ressources et d'information des bénévoles (CRIB) - Comité départemental olympique et sportif du Puy-de-Dôme,official source: Annuaire de l'administration Service-public.fr
ce.sdjes63.vieassociative@ac-clermont.fr,collectivite_administration,puy-de-dome,administration collectivite service public,https://lannuaire.service-public.gouv.fr/auvergne-rhone-alpes/puy-de-dome/cf0ffd73-ff50-4b28-b25e-1a1ad8f526d9,Délégué départemental à la vie associative (DDVA) - Puy-de-Dôme,official source: Annuaire de l'administration Service-public.fr
ci.auvergne@notaires.fr,collectivite_administration,puy-de-dome,administration collectivite service public,https://lannuaire.service-public.gouv.fr/auvergne-rhone-alpes/puy-de-dome/b0c23301-bb65-4f0a-915f-fdfdb3024956,"Chambre interdépartementale des notaires - Allier, Cantal, Haute-Loire et Puy-de-Dôme",official source: Annuaire de l'administration Service-public.fr
cias@ccvcommunaute.fr,collectivite_administration,puy-de-dome,administration collectivite service public,https://lannuaire.service-public.gouv.fr/auvergne-rhone-alpes/puy-de-dome/dc52da8a-bd0f-4042-bd45-ec4060ca3dcd,Centre intercommunal d'action sociale (CIAS) de Chavanon Combrailles et Volcans,official source: Annuaire de l'administration Service-public.fr
cidff63-direction@orange.fr,collectivite_administration,puy-de-dome,administration collectivite service public,https://lannuaire.service-public.gouv.fr/auvergne-rhone-alpes/puy-de-dome/dd6d0cac-ca1f-4698-a230-b06815f2948e,Centre d'information sur les droits des femmes et des familles (CIDFF) - Puy-de-Dôme,official source: Annuaire de l'administration Service-public.fr
cio.clermont-ferrand@ac-clermont.fr,collectivite_administration,puy-de-dome,administration collectivite service public,https://lannuaire.service-public.gouv.fr/auvergne-rhone-alpes/puy-de-dome/1982fa02-b00e-48d9-8d5a-c3c37ee20976,Centre d'information et d'orientation (CIO) - Clermont-Ferrand,official source: Annuaire de l'administration Service-public.fr
cio.issoire@ac-clermont.fr,collectivite_administration,puy-de-dome,administration collectivite service public,https://lannuaire.service-public.gouv.fr/auvergne-rhone-alpes/puy-de-dome/17b37ad6-ea7d-4d6d-8d80-0aa6575537b3,Centre d'information et d'orientation (CIO) - Issoire,official source: Annuaire de l'administration Service-public.fr
cio.riom@ac-clermont.fr,collectivite_administration,puy-de-dome,administration collectivite service public,https://lannuaire.service-public.gouv.fr/auvergne-rhone-alpes/puy-de-dome/efa05ff2-a4df-4a99-a9a4-9dccc907192d,Centre d'information et d'orientation (CIO) - Riom,official source: Annuaire de l'administration Service-public.fr
ciothiers@ac-clermont.fr,collectivite_administration,puy-de-dome,administration collectivite service public,https://lannuaire.service-public.gouv.fr/auvergne-rhone-alpes/puy-de-dome/2e21691a-e7d9-4ee5-8b6e-7a20152ea0b8,Centre d'information et d'orientation (CIO) - Thiers,official source: Annuaire de l'administration Service-public.fr
clermont-ferrand@ofii.fr,collectivite_administration,puy-de-dome,administration collectivite service public,https://lannuaire.service-public.gouv.fr/auvergne-rhone-alpes/puy-de-dome/73c6a29a-9401-453e-8206-3c3aad814ba3,"Office français de l'immigration et de l'intégration (OFII) - Direction territoriale de Clermont-Ferrand (dép. 03, 15, 43, 63)",official source: Annuaire de l'administration Service-public.fr
clermont@credit-municipal-lyon.fr,collectivite_administration,puy-de-dome,administration collectivite service public,https://lannuaire.service-public.gouv.fr/auvergne-rhone-alpes/puy-de-dome/4b9c7e9c-23ba-419a-947b-36ff9e3ffb6a,Crédit municipal - Clermont-Ferrand,official source: Annuaire de l'administration Service-public.fr
clermontferrand@banque-france.fr,collectivite_administration,puy-de-dome,administration collectivite service public,https://lannuaire.service-public.gouv.fr/auvergne-rhone-alpes/puy-de-dome/7c3b40b8-3c5c-4e4e-bc2e-8977fcc80f01,Banque de France - Bureau d’accueil et d’information - Clermont-Ferrand,official source: Annuaire de l'administration Service-public.fr
clic.senior-montagne@wanadoo.fr,collectivite_administration,puy-de-dome,administration collectivite service public,https://lannuaire.service-public.gouv.fr/auvergne-rhone-alpes/puy-de-dome/c6e044a7-8f64-4751-8cac-1b9c6082451b,Relais Autonomie - CLIC Senior-Montagne,official source: Annuaire de l'administration Service-public.fr
clic@coordination-issoire.fr,collectivite_administration,puy-de-dome,administration collectivite service public,https://lannuaire.service-public.gouv.fr/auvergne-rhone-alpes/puy-de-dome/3e16a700-08aa-4913-ba3e-092f265f8874,Point d'information local dédié aux personnes âgées - Issoire,official source: Annuaire de l'administration Service-public.fr
cliclivradoisforez@gmail.com,collectivite_administration,puy-de-dome,administration collectivite service public,https://lannuaire.service-public.gouv.fr/auvergne-rhone-alpes/puy-de-dome/d65b39c0-409b-4cb0-9bb4-3cc73c9eeba9,Relais Autonomie - CLIC Livradois Forez,official source: Annuaire de l'administration Service-public.fr
codefi.ccsf63@dgfip.finances.gouv.fr,collectivite_administration,puy-de-dome,administration collectivite service public,https://lannuaire.service-public.gouv.fr/auvergne-rhone-alpes/puy-de-dome/94617fdc-3c32-4e33-9d81-86cf7c78c790,Comité départemental d’examen des difficultés des entreprises (CODEFI)  - Puy-de-Dôme,official source: Annuaire de l'administration Service-public.fr
communedelamoutade@orange.fr,collectivite_administration,puy-de-dome,administration collectivite service public,https://lannuaire.service-public.gouv.fr/auvergne-rhone-alpes/puy-de-dome/25c60df7-179a-4f31-81a7-3e1bf61f9341,Centre communal d'action sociale (CCAS) - Chambaron sur Morge,official source: Annuaire de l'administration Service-public.fr
communication@clermontmetropole.eu,collectivite_administration,puy-de-dome,administration collectivite service public,https://lannuaire.service-public.gouv.fr/auvergne-rhone-alpes/puy-de-dome/0e9015bf-78dd-46d4-afbe-96b556e74cde,Métropole - Clermont Auvergne,official source: Annuaire de l'administration Service-public.fr
conciliateurfiscal63@dgfip.finances.gouv.fr,collectivite_administration,puy-de-dome,administration collectivite service public,https://lannuaire.service-public.gouv.fr/auvergne-rhone-alpes/puy-de-dome/65b674ec-b4c9-43dd-aeb8-ee427a30f656,Conciliateur fiscal départemental - Puy-de-Dôme,official source: Annuaire de l'administration Service-public.fr
contact.atelier63@reseau-canope.fr,collectivite_administration,puy-de-dome,administration collectivite service public,https://lannuaire.service-public.gouv.fr/auvergne-rhone-alpes/puy-de-dome/1e03f470-8f10-4adf-b43c-a63fc94915bd,Atelier Canopé 63 - Clermont-Ferrand,official source: Annuaire de l'administration Service-public.fr
contact.gva@ac-clermont.fr,collectivite_administration,puy-de-dome,administration collectivite service public,https://lannuaire.service-public.gouv.fr/auvergne-rhone-alpes/puy-de-dome/a9f618a7-302f-4940-b8f6-5e7419f1e370,Greta Val d'Allier - Issoire,official source: Annuaire de l'administration Service-public.fr
contact.puydedome@cma-auvergnerhomealpes.fr,collectivite_administration,puy-de-dome,administration collectivite service public,https://lannuaire.service-public.gouv.fr/auvergne-rhone-alpes/puy-de-dome/2d6c8b10-98b2-4833-80cf-b596bf634dc8,Chambre de métiers et de l'artisanat (CMA) - Puy-de-Dôme,official source: Annuaire de l'administration Service-public.fr
contact@adil63.org,collectivite_administration,puy-de-dome,administration collectivite service public,https://lannuaire.service-public.gouv.fr/auvergne-rhone-alpes/puy-de-dome/20619d5c-e898-45bd-b1a6-aaab8ef70a2f,Agence départementale d'information sur le logement (ADIL) - Puy-de-Dôme,official source: Annuaire de l'administration Service-public.fr
contact@billomcommunaute.fr,collectivite_administration,puy-de-dome,administration collectivite service public,https://lannuaire.service-public.gouv.fr/auvergne-rhone-alpes/puy-de-dome/fdd94983-958c-4f40-a991-2934a9d31df3,Communauté de communes - Billom Communauté,official source: Annuaire de l'administration Service-public.fr
contact@caue63.com,collectivite_administration,puy-de-dome,administration collectivite service public,https://lannuaire.service-public.gouv.fr/auvergne-rhone-alpes/puy-de-dome/f328a99f-51af-437e-8313-27f24e5621fb,"Conseil d'architecture, d'urbanisme et de l'environnement (CAUE) - Puy-de-Dôme",official source: Annuaire de l'administration Service-public.fr
contact@ccas-lecendre.fr,collectivite_administration,puy-de-dome,administration collectivite service public,https://lannuaire.service-public.gouv.fr/auvergne-rhone-alpes/puy-de-dome/a6fd803c-fdaf-4e9b-b595-3cb658ccbd8d,Centre communal d'action sociale (CCAS) - Le Cendre,official source: Annuaire de l'administration Service-public.fr
contact@ccdoreallier.fr,collectivite_administration,puy-de-dome,administration collectivite service public,https://lannuaire.service-public.gouv.fr/auvergne-rhone-alpes/puy-de-dome/c109728b-d82b-403c-86cb-754d6965039e,Communauté de communes - Entre Dore et Allier,official source: Annuaire de l'administration Service-public.fr
contact@cctdm.fr,collectivite_administration,puy-de-dome,administration collectivite service public,https://lannuaire.service-public.gouv.fr/auvergne-rhone-alpes/puy-de-dome/9beda32a-fe8d-4785-a934-3036869e54b6,Communauté de communes - Thiers Dore et Montagne,official source: Annuaire de l'administration Service-public.fr
contact@ccvcommunaute.fr,collectivite_administration,puy-de-dome,administration collectivite service public,https://lannuaire.service-public.gouv.fr/auvergne-rhone-alpes/puy-de-dome/d216b03a-a8fe-46e1-8987-c249f8c1609d,Communauté de communes - Chavanon Combrailles et Volcans,official source: Annuaire de l'administration Service-public.fr
contact@cias.rlv.eu,collectivite_administration,puy-de-dome,administration collectivite service public,https://lannuaire.service-public.gouv.fr/auvergne-rhone-alpes/puy-de-dome/ca5c28ef-a663-4fdf-809f-c93e515d68a1,Centre intercommunal d'action sociale (CIAS) de Riom Limagne et Volcans,official source: Annuaire de l'administration Service-public.fr
contact@mond-arverne.fr,collectivite_administration,puy-de-dome,administration collectivite service public,https://lannuaire.service-public.gouv.fr/auvergne-rhone-alpes/puy-de-dome/90d0cc8d-8259-438f-86c6-fda5baba8eee,Communauté - Mont-d'Arverne,official source: Annuaire de l'administration Service-public.fr
contact@plainelimagne.fr,collectivite_administration,puy-de-dome,administration collectivite service public,https://lannuaire.service-public.gouv.fr/auvergne-rhone-alpes/puy-de-dome/6837692d-1e5b-49e8-88ee-ef8483598bb5,Communauté de communes - Plaine Limagne,official source: Annuaire de l'administration Service-public.fr
contact@publicinfolagauthiere.fr,collectivite_administration,puy-de-dome,administration collectivite service public,https://lannuaire.service-public.gouv.fr/auvergne-rhone-alpes/puy-de-dome/07bca9c7-1675-43f4-8c8d-2d2a3b32f3b8,France services - Clermont-Ferrand - La Gauthière,official source: Annuaire de l'administration Service-public.fr
contact@puy-de-dome.chambagri.fr,collectivite_administration,puy-de-dome,administration collectivite service public,https://lannuaire.service-public.gouv.fr/auvergne-rhone-alpes/puy-de-dome/21206c0a-6bcd-4af4-b491-f691befedcee,Chambre d'agriculture - Puy-de-Dôme,official source: Annuaire de l'administration Service-public.fr
contact@renovactions63.fr,collectivite_administration,puy-de-dome,administration collectivite service public,https://lannuaire.service-public.gouv.fr/auvergne-rhone-alpes/puy-de-dome/72fa1bc5-0693-43a8-816f-96995223d8dc,Espace conseil France Rénov' - Clermont-Ferrand,official source: Annuaire de l'administration Service-public.fr
contact@rlv.eu,collectivite_administration,puy-de-dome,administration collectivite service public,https://lannuaire.service-public.gouv.fr/auvergne-rhone-alpes/puy-de-dome/84828004-7159-47b0-85c4-068e20244355,Communauté d'agglomération - Riom Limagne et Volcans,official source: Annuaire de l'administration Service-public.fr
contact@ville-riom.fr,collectivite_administration,puy-de-dome,administration collectivite service public,https://lannuaire.service-public.gouv.fr/auvergne-rhone-alpes/puy-de-dome/706bebfa-cf3e-4a81-afc0-a7d35ff6a822,Centre communal d'action sociale (CCAS) - Riom,official source: Annuaire de l'administration Service-public.fr
contactseniors@ccas-clermont-ferrand.fr,collectivite_administration,puy-de-dome,administration collectivite service public,https://lannuaire.service-public.gouv.fr/auvergne-rhone-alpes/puy-de-dome/d14aa3ef-6f61-4f1a-88d9-56e7a6d13fae,Point-justice du CCAS de Clermont-Ferrand,official source: Annuaire de l'administration Service-public.fr
cph-clermont-ferrand@justice.fr,collectivite_administration,puy-de-dome,administration collectivite service public,https://lannuaire.service-public.gouv.fr/auvergne-rhone-alpes/puy-de-dome/5d442256-6e08-46b6-bbdb-6404a90584eb,Conseil de prud'hommes de Clermont-Ferrand,official source: Annuaire de l'administration Service-public.fr
cph-riom@justice.fr,collectivite_administration,puy-de-dome,administration collectivite service public,https://lannuaire.service-public.gouv.fr/auvergne-rhone-alpes/puy-de-dome/8530d202-4920-4d4c-977f-6efb59432f62,Conseil de prud'hommes de Riom,official source: Annuaire de l'administration Service-public.fr
ctrc.aura@gmail.com,collectivite_administration,puy-de-dome,administration collectivite service public,https://lannuaire.service-public.gouv.fr/auvergne-rhone-alpes/puy-de-dome/39ffbe53-013c-4167-b884-b186096629f4,Centre technique régional de la consommation (CTRC) - Auvergne-Rhône-Alpes,official source: Annuaire de l'administration Service-public.fr
ddets-commission-departementale-conciliation@puy-de-dome.gouv.fr,collectivite_administration,puy-de-dome,administration collectivite service public,https://lannuaire.service-public.gouv.fr/auvergne-rhone-alpes/puy-de-dome/396aca97-3aef-48fa-903d-47955d68e7e4,Commission départementale de conciliation - Puy-de-Dôme,official source: Annuaire de l'administration Service-public.fr
ddets-secretariat@puy-de-dome.gouv.fr,collectivite_administration,puy-de-dome,administration collectivite service public,https://lannuaire.service-public.gouv.fr/auvergne-rhone-alpes/puy-de-dome/0e6ee451-33d7-47f5-ad91-2c9b9df058ff,Service de renseignement en droit du travail - Puy-de-Dôme,official source: Annuaire de l'administration Service-public.fr
ddfip63@dgfip.finances.gouv.fr,collectivite_administration,puy-de-dome,administration collectivite service public,https://lannuaire.service-public.gouv.fr/auvergne-rhone-alpes/puy-de-dome/903b26f0-45e2-4545-bd7a-78700fbf1341,Direction départementale des finances publiques (DDFIP) - Puy-de-Dôme,official source: Annuaire de l'administration Service-public.fr
ddpp-stprr-per@puy-de-dome.gouv.fr,collectivite_administration,puy-de-dome,administration collectivite service public,https://lannuaire.service-public.gouv.fr/auvergne-rhone-alpes/puy-de-dome/71b6991f-b512-4b3b-b1fd-74ed8b8107c8,Bureau de l'éducation routière (BER) - Puy-de-Dôme,official source: Annuaire de l'administration Service-public.fr
ddpp@puy-de-dome.gouv.fr,collectivite_administration,puy-de-dome,administration collectivite service public,https://lannuaire.service-public.gouv.fr/auvergne-rhone-alpes/puy-de-dome/5f6389d8-ba91-4d2e-91a8-d6ad6f11bf71,Direction départementale de la protection des populations (DDPP) - Puy-de-Dôme,official source: Annuaire de l'administration Service-public.fr
ddsp63-csec-chamalieres@interieur.gouv.fr,cse,puy-de-dome,administration collectivite service public,https://lannuaire.service-public.gouv.fr/auvergne-rhone-alpes/puy-de-dome/80208814-b862-4aab-b688-69b025bc0217,Commissariat de police de Chamalières,official source: Annuaire de l'administration Service-public.fr
ddsp63-csec-jaude@interieur.gouv.fr,cse,puy-de-dome,administration collectivite service public,https://lannuaire.service-public.gouv.fr/auvergne-rhone-alpes/puy-de-dome/85aa0d81-e3bf-4293-bce1-74147840f5f1,Commissariat de police de Clermont-Ferrand - Secteur Jaude,official source: Annuaire de l'administration Service-public.fr
ddsp63-csec-saint-jacques@interieur.gouv.fr,cse,puy-de-dome,administration collectivite service public,https://lannuaire.service-public.gouv.fr/auvergne-rhone-alpes/puy-de-dome/e51fe948-c634-4b3a-a591-9094ccbf4890,Commissariat de police de Clermont-Ferrand – Secteur Saint-Jacques,official source: Annuaire de l'administration Service-public.fr
ddt-shru-anah@puy-de-dome.gouv.fr,collectivite_administration,puy-de-dome,administration collectivite service public,https://lannuaire.service-public.gouv.fr/auvergne-rhone-alpes/puy-de-dome/3f08c7cc-97d4-4c8e-8665-27f94c760557,Agence nationale de l'habitat (Anah) - Délégation locale - Puy-de-Dôme,official source: Annuaire de l'administration Service-public.fr
ddt@puy-de-dome.gouv.fr,collectivite_administration,puy-de-dome,administration collectivite service public,https://lannuaire.service-public.gouv.fr/auvergne-rhone-alpes/puy-de-dome/5c860a4c-dc62-49fe-bdf7-5325b8187180,Direction départementale des territoires (DDT) - Puy-de-Dôme,official source: Annuaire de l'administration Service-public.fr
diffusion.direction_sec@sdis63.fr,collectivite_administration,puy-de-dome,administration collectivite service public,https://lannuaire.service-public.gouv.fr/auvergne-rhone-alpes/puy-de-dome/ace7fa0c-4162-4e0e-ac6e-4e8b29631bf0,Service départemental d'incendie et de secours (SDIS) - Puy-de-Dôme,official source: Annuaire de l'administration Service-public.fr
dipn63@interieur.gouv.fr,collectivite_administration,puy-de-dome,administration collectivite service public,https://lannuaire.service-public.gouv.fr/auvergne-rhone-alpes/puy-de-dome/f27e8900-8074-45ce-97c0-0e2d514192cd,Direction interdépartementale de la police nationale (DIPN) - Puy-de-Dôme,official source: Annuaire de l'administration Service-public.fr
dir-mc@developpement-durable.gouv.fr,collectivite_administration,puy-de-dome,administration collectivite service public,https://lannuaire.service-public.gouv.fr/auvergne-rhone-alpes/puy-de-dome/90bf64d2-90dc-44de-8955-92e77433c07b,Direction interdépartementale des routes (DIR) - Massif central,official source: Annuaire de l'administration Service-public.fr
direction63@safer-aura.fr,collectivite_administration,puy-de-dome,administration collectivite service public,https://lannuaire.service-public.gouv.fr/auvergne-rhone-alpes/puy-de-dome/968f23a9-7471-4a75-97e6-402747ac22af,Société d'aménagement foncier et d'établissement rural (Safer) - Puy-de-Dôme,official source: Annuaire de l'administration Service-public.fr
direction@ccas-clermont-ferrand.fr,collectivite_administration,puy-de-dome,administration collectivite service public,https://lannuaire.service-public.gouv.fr/auvergne-rhone-alpes/puy-de-dome/39b42113-3bf0-41cb-ae8f-03fe2bf82a7a,Centre communal d'action sociale (CCAS) - Clermont-Ferrand,official source: Annuaire de l'administration Service-public.fr
directionsecretariat.cfe@ahsm.fr,collectivite_administration,puy-de-dome,administration collectivite service public,https://lannuaire.service-public.gouv.fr/auvergne-rhone-alpes/puy-de-dome/9899ab8d-4333-46a0-9deb-2d757a355267,Point-justice du CH Sainte-Marie de Clermont-Ferrand,official source: Annuaire de l'administration Service-public.fr
dmd63@terre-net.defense.gouv.fr,collectivite_administration,puy-de-dome,administration collectivite service public,https://lannuaire.service-public.gouv.fr/auvergne-rhone-alpes/puy-de-dome/bbe64510-1150-4912-84ad-6a8baf16e861,Délégation militaire départementale (DMD) - Puy-de-Dôme,official source: Annuaire de l'administration Service-public.fr
draaf-auvergne-rhone-alpes@agriculture.gouv.fr,collectivite_administration,puy-de-dome,administration collectivite service public,https://lannuaire.service-public.gouv.fr/auvergne-rhone-alpes/puy-de-dome/7969fa79-77d8-42a6-8e07-06166733745f,"Direction régionale de l'alimentation, de l'agriculture et de la forêt (Draaf) - Auvergne-Rhône-Alpes - Siège de Lempdes Clermont-Ferrand",official source: Annuaire de l'administration Service-public.fr
droclermont@onisep.fr,collectivite_administration,puy-de-dome,administration collectivite service public,https://lannuaire.service-public.gouv.fr/auvergne-rhone-alpes/puy-de-dome/58b4f3cd-05a6-46cd-b7da-f638b427d319,Onisep - Délégation régionale Auvergne-Rhône-Alpes - Site de Clermont-Ferrand,official source: Annuaire de l'administration Service-public.fr
efs.besse@cc-massifdusancy.fr,collectivite_administration,puy-de-dome,administration collectivite service public,https://lannuaire.service-public.gouv.fr/auvergne-rhone-alpes/puy-de-dome/0436657b-f3de-4c34-a3cb-0c21dc53c78a,Point-justice en France services de Besse et Saint Anastaise,official source: Annuaire de l'administration Service-public.fr
efs.montdore@cc-massifdusancy.fr,collectivite_administration,puy-de-dome,administration collectivite service public,https://lannuaire.service-public.gouv.fr/auvergne-rhone-alpes/puy-de-dome/36a3ef47-fb56-414a-b19b-68759cf378f2,Point-justice en France services de Mont-Dore,official source: Annuaire de l'administration Service-public.fr
egalite@ville-clermont-ferrand.fr,collectivite_administration,puy-de-dome,administration collectivite service public,https://lannuaire.service-public.gouv.fr/auvergne-rhone-alpes/puy-de-dome/4ce1ea3a-e127-481a-9105-daa3a869e374,Point-justice 25 Gisèle Halimi,official source: Annuaire de l'administration Service-public.fr
espace.autonomie@puy-de-dome.fr,collectivite_administration,puy-de-dome,administration collectivite service public,https://lannuaire.service-public.gouv.fr/auvergne-rhone-alpes/puy-de-dome/20c4c491-0f5b-4ad7-a83a-fed6ab8fd949,Espace Autonomie 63,official source: Annuaire de l'administration Service-public.fr
fdc63@chasseurdefrance.com,collectivite_administration,puy-de-dome,administration collectivite service public,https://lannuaire.service-public.gouv.fr/auvergne-rhone-alpes/puy-de-dome/8ab2e886-c656-4e9a-9886-b07d08a02ff3,Fédération départementale des chasseurs - Puy-de-Dôme,official source: Annuaire de l'administration Service-public.fr
fraissem@d63.ffbatiment.fr,collectivite_administration,puy-de-dome,administration collectivite service public,https://lannuaire.service-public.gouv.fr/auvergne-rhone-alpes/puy-de-dome/d7d720c5-99b8-454d-9b15-360a0b7e6256,Fédération française du bâtiment (FFB) - Puy-de-Dôme,official source: Annuaire de l'administration Service-public.fr
franceservices.bourglastic@ccvcommunaute.fr,collectivite_administration,puy-de-dome,administration collectivite service public,https://lannuaire.service-public.gouv.fr/auvergne-rhone-alpes/puy-de-dome/195648cd-b4a6-497d-8ad9-9e79ca3cd2c7,Point conseil budget - Union départementale des associations familiales (UDAF 63) - Bourg-Lastic,official source: Annuaire de l'administration Service-public.fr
franceservices.giat@ccvcommunaute.fr,collectivite_administration,puy-de-dome,administration collectivite service public,https://lannuaire.service-public.gouv.fr/auvergne-rhone-alpes/puy-de-dome/35f7e790-f846-4a68-86d8-67d5e51b7b12,Point conseil budget - Union départementale des associations familiales (UDAF 63) - Giat,official source: Annuaire de l'administration Service-public.fr
franceservices.giat@cvvcommunaute.fr,collectivite_administration,puy-de-dome,administration collectivite service public,https://lannuaire.service-public.gouv.fr/auvergne-rhone-alpes/puy-de-dome/c657a587-33ff-4499-99aa-9bcac89c731a,Point-justice en France services de Giat,official source: Annuaire de l'administration Service-public.fr
franceservices.herment@ccvcommunaute.fr,collectivite_administration,puy-de-dome,administration collectivite service public,https://lannuaire.service-public.gouv.fr/auvergne-rhone-alpes/puy-de-dome/b3de19c0-9b64-40f9-89d0-a3f57d521d45,Point conseil budget - Union départementale des associations familiales (UDAF 63) - Herment,official source: Annuaire de l'administration Service-public.fr
franceservices.herment@cvvcommunaute.fr,collectivite_administration,puy-de-dome,administration collectivite service public,https://lannuaire.service-public.gouv.fr/auvergne-rhone-alpes/puy-de-dome/7e3e0566-6a00-43fb-92f1-961ea958b6a8,Point-justice en France services de Herment,official source: Annuaire de l'administration Service-public.fr
franceservices.pontaumur@ccvcommunaute.fr,collectivite_administration,puy-de-dome,administration collectivite service public,https://lannuaire.service-public.gouv.fr/auvergne-rhone-alpes/puy-de-dome/735e6e91-4d2a-4454-9532-811e3a7d940a,Point conseil budget - Union départementale des associations familiales (UDAF 63) - Pontaumur,official source: Annuaire de l'administration Service-public.fr
franceservices.pontgibaud@ccvcommunaute.fr,collectivite_administration,puy-de-dome,administration collectivite service public,https://lannuaire.service-public.gouv.fr/auvergne-rhone-alpes/puy-de-dome/f9f17295-1b27-4445-8308-f6fcc15e4554,Point conseil budget - Union départementale des associations familiales (UDAF 63) - Pontgibaud,official source: Annuaire de l'administration Service-public.fr
franceservices.pontgibaud@cvvcommunaute.fr,collectivite_administration,puy-de-dome,administration collectivite service public,https://lannuaire.service-public.gouv.fr/auvergne-rhone-alpes/puy-de-dome/feb5851a-036f-4857-bedc-f9e6e557d16b,Point-justice en France services de Pontgibaud,official source: Annuaire de l'administration Service-public.fr
franceservices@ccdoreallier.fr,collectivite_administration,puy-de-dome,administration collectivite service public,https://lannuaire.service-public.gouv.fr/auvergne-rhone-alpes/puy-de-dome/8a21e01a-20d2-4146-9dd0-b7a30737a453,France services - Lezoux,official source: Annuaire de l'administration Service-public.fr
franceservices@cournon-auvergne.fr,collectivite_administration,puy-de-dome,administration collectivite service public,https://lannuaire.service-public.gouv.fr/auvergne-rhone-alpes/puy-de-dome/02bc51fb-bb8d-41cd-b99b-0e7813ef6c08,Point-justice en France services de Cournon-d'Auvergne,official source: Annuaire de l'administration Service-public.fr
franceservices@domes-sancyartense.fr,collectivite_administration,puy-de-dome,administration collectivite service public,https://lannuaire.service-public.gouv.fr/auvergne-rhone-alpes/puy-de-dome/84175f23-58cc-4013-8629-706140b6534d,France services - La Tour-d'Auvergne,official source: Annuaire de l'administration Service-public.fr
franceservices@plainelimagne.fr,collectivite_administration,puy-de-dome,administration collectivite service public,https://lannuaire.service-public.gouv.fr/auvergne-rhone-alpes/puy-de-dome/d47160b6-14fe-4c44-8c69-58fea7624e78,France services - Luzillat,official source: Annuaire de l'administration Service-public.fr
franceservices@sga63.fr,collectivite_administration,puy-de-dome,administration collectivite service public,https://lannuaire.service-public.gouv.fr/auvergne-rhone-alpes/puy-de-dome/e7a771db-4f67-4d9a-b0c1-6f904ffcb1b2,France services - Saint-Gervais-d'Auvergne,official source: Annuaire de l'administration Service-public.fr
franceservices@ville-volvic.fr,collectivite_administration,puy-de-dome,administration collectivite service public,https://lannuaire.service-public.gouv.fr/auvergne-rhone-alpes/puy-de-dome/acfe65ee-0f4f-4939-b628-0969a69376bd,France services - Volvic,official source: Annuaire de l'administration Service-public.fr
ggd63@wanadoo.fr,collectivite_administration,puy-de-dome,administration collectivite service public,https://lannuaire.service-public.gouv.fr/auvergne-rhone-alpes/puy-de-dome/b35896eb-56b8-444d-8cd8-b3476ce85e46,Groupement de gendarmerie départementale - Puy-de-Dôme,official source: Annuaire de l'administration Service-public.fr
greffe.ta-clermont-ferrand@juradm.fr,collectivite_administration,puy-de-dome,administration collectivite service public,https://lannuaire.service-public.gouv.fr/auvergne-rhone-alpes/puy-de-dome/6559f1a2-2735-4bf7-91ea-55acaaeb3721,Tribunal administratif - Clermont-Ferrand,official source: Annuaire de l'administration Service-public.fr
greta-auvergne@ac-clermont.fr,collectivite_administration,puy-de-dome,administration collectivite service public,https://lannuaire.service-public.gouv.fr/auvergne-rhone-alpes/puy-de-dome/5f63a439-a93e-4539-96a9-76659116ce30,Greta Auvergne - Clermont-Ferrand,official source: Annuaire de l'administration Service-public.fr
greta.livradois@ac-clermont.fr,collectivite_administration,puy-de-dome,administration collectivite service public,https://lannuaire.service-public.gouv.fr/auvergne-rhone-alpes/puy-de-dome/81b06a64-a0ff-4a11-b842-aad6826087ad,Greta Livradois Forez - Ambert,official source: Annuaire de l'administration Service-public.fr
ia63@ac-clermont.fr,collectivite_administration,puy-de-dome,administration collectivite service public,https://lannuaire.service-public.gouv.fr/auvergne-rhone-alpes/puy-de-dome/d8a4a09d-89b3-4bea-80d5-a437a3f467b6,Direction des services départementaux de l'Éducation nationale (DSDEN) - Puy-de-Dôme,official source: Annuaire de l'administration Service-public.fr
info@cress-aura.org,collectivite_administration,puy-de-dome,administration collectivite service public,https://lannuaire.service-public.gouv.fr/auvergne-rhone-alpes/puy-de-dome/9a26523d-3179-47e5-9b45-960b1b0361fd,Centre de ressources et d'information des bénévoles (CRIB) - Chambre régionale de l'économie sociale et solidaire d'Auvergne-Rhône-Alpes,official source: Annuaire de l'administration Service-public.fr
info@parc-livradois-forez.org,collectivite_administration,puy-de-dome,administration collectivite service public,https://lannuaire.service-public.gouv.fr/auvergne-rhone-alpes/puy-de-dome/b77cd000-6584-4fad-b341-5b59409aca46,Parc naturel régional - Livradois-Forez,official source: Annuaire de l'administration Service-public.fr
info@parcdesvolcans.fr,collectivite_administration,puy-de-dome,administration collectivite service public,https://lannuaire.service-public.gouv.fr/auvergne-rhone-alpes/puy-de-dome/df5ec5d0-9663-4ea1-851d-dfb4434d04f8,Parc naturel régional - Volcans d'Auvergne,official source: Annuaire de l'administration Service-public.fr
la-poste-de-thiers@france-services.gouv.fr,collectivite_administration,puy-de-dome,administration collectivite service public,https://lannuaire.service-public.gouv.fr/auvergne-rhone-alpes/puy-de-dome/0dcc4bc1-485c-47ea-943d-a77c0d4d80b5,France services - Thiers,official source: Annuaire de l'administration Service-public.fr
manzat@france-services.gouv.fr,collectivite_administration,puy-de-dome,administration collectivite service public,https://lannuaire.service-public.gouv.fr/auvergne-rhone-alpes/puy-de-dome/b1362332-2c99-48d9-b150-9edb13c3624b,France services - Manzat,official source: Annuaire de l'administration Service-public.fr
md63@puy-de-dome.fr,collectivite_administration,puy-de-dome,administration collectivite service public,https://lannuaire.service-public.gouv.fr/auvergne-rhone-alpes/puy-de-dome/4213378b-2d92-4002-a82d-91b25a8c4ff6,Médiathèque départementale - Puy-de-Dôme,official source: Annuaire de l'administration Service-public.fr
mds.ardes@capissoire.fr,collectivite_administration,puy-de-dome,administration collectivite service public,https://lannuaire.service-public.gouv.fr/auvergne-rhone-alpes/puy-de-dome/f4a1d74d-fca8-47f6-b79e-5f6640ce1ca8,France services - Ardes-sur-Couze,official source: Annuaire de l'administration Service-public.fr
mds.brassac@capissoire.fr,collectivite_administration,puy-de-dome,administration collectivite service public,https://lannuaire.service-public.gouv.fr/auvergne-rhone-alpes/puy-de-dome/5984c3e7-fb40-4e0a-aa4e-b848f73188fc,France services - Brassac-les-Mines,official source: Annuaire de l'administration Service-public.fr
mds.champeix@capissoire.fr,collectivite_administration,puy-de-dome,administration collectivite service public,https://lannuaire.service-public.gouv.fr/auvergne-rhone-alpes/puy-de-dome/248f4205-eeba-40d9-ba81-2e8673646ad1,France services - Champeix,official source: Annuaire de l'administration Service-public.fr
mds.clermont-vaucanson@puy-de-dome.fr,collectivite_administration,puy-de-dome,administration collectivite service public,https://lannuaire.service-public.gouv.fr/auvergne-rhone-alpes/puy-de-dome/679b8725-1f14-422b-96db-a1ffa49be0b0,Centre de protection maternelle et infantile (PMI) - Clermont-Ferrand - Vaucanson,official source: Annuaire de l'administration Service-public.fr
mds.cournon@puy-de-dome.fr,collectivite_administration,puy-de-dome,administration collectivite service public,https://lannuaire.service-public.gouv.fr/auvergne-rhone-alpes/puy-de-dome/85986bc7-9350-4fa0-a3b5-1638a4fd111f,Centre de protection maternelle et infantile (PMI) - Cournon,official source: Annuaire de l'administration Service-public.fr
mds.issoire@puy-de-dome.fr,collectivite_administration,puy-de-dome,administration collectivite service public,https://lannuaire.service-public.gouv.fr/auvergne-rhone-alpes/puy-de-dome/4c93b6a9-940f-4c7b-a181-524979e3a3d8,Centre de protection maternelle et infantile (PMI) - Brassac-les-Mines,official source: Annuaire de l'administration Service-public.fr
mds.rochefort-sancy@puy-de-dome.fr,collectivite_administration,puy-de-dome,administration collectivite service public,https://lannuaire.service-public.gouv.fr/auvergne-rhone-alpes/puy-de-dome/1e70f42f-6350-46b9-84a9-a2ab6089ffc8,Centre de protection maternelle et infantile (PMI) - Rochefort-Montagne,official source: Annuaire de l'administration Service-public.fr
mds.sauxillanges@capissoire.fr,collectivite_administration,puy-de-dome,administration collectivite service public,https://lannuaire.service-public.gouv.fr/auvergne-rhone-alpes/puy-de-dome/5a6b9b54-097a-4cb7-b4d5-cb001beb34fc,France services - Sauxillanges,official source: Annuaire de l'administration Service-public.fr
mfs@puy-guillaume.fr,collectivite_administration,puy-de-dome,administration collectivite service public,https://lannuaire.service-public.gouv.fr/auvergne-rhone-alpes/puy-de-dome/fe306783-4de4-464f-84e8-ced5833694da,France services - Puy-Guillaume,official source: Annuaire de l'administration Service-public.fr
mfs@ville-gerzat.fr,collectivite_administration,puy-de-dome,administration collectivite service public,https://lannuaire.service-public.gouv.fr/auvergne-rhone-alpes/puy-de-dome/8154bcf5-8924-452d-9592-6fb0ffabb3e0,France services - Gerzat,official source: Annuaire de l'administration Service-public.fr
mq.fontaine-du-bac@ville-clermont-ferrand.fr,collectivite_administration,puy-de-dome,administration collectivite service public,https://lannuaire.service-public.gouv.fr/auvergne-rhone-alpes/puy-de-dome/07854056-9613-4f33-8657-e3d64d7bf891,France services - Clermont-Ferrand,official source: Annuaire de l'administration Service-public.fr
msap.ambert@ambertlivradoisforez.fr,collectivite_administration,puy-de-dome,administration collectivite service public,https://lannuaire.service-public.gouv.fr/auvergne-rhone-alpes/puy-de-dome/dd46146a-8f0f-4dea-9264-0d51bf984394,France services - Ambert,official source: Annuaire de l'administration Service-public.fr
msap.cunlhat@ambertlivradoisforez.fr,collectivite_administration,puy-de-dome,administration collectivite service public,https://lannuaire.service-public.gouv.fr/auvergne-rhone-alpes/puy-de-dome/428c89af-eefd-4481-a32c-e452ebefdc4a,France services - Cunlhat,official source: Annuaire de l'administration Service-public.fr
msap.olliergues@ambertlivradoisforez.fr,collectivite_administration,puy-de-dome,administration collectivite service public,https://lannuaire.service-public.gouv.fr/auvergne-rhone-alpes/puy-de-dome/ab712512-2fed-4e89-900b-6bd96e739e83,France services - Olliergues (itinérant),official source: Annuaire de l'administration Service-public.fr
msap.viverols@ambertlivradoisforez.fr,collectivite_administration,puy-de-dome,administration collectivite service public,https://lannuaire.service-public.gouv.fr/auvergne-rhone-alpes/puy-de-dome/03f51484-119b-48ab-802a-a9bebd65d847,France services - Viverols,official source: Annuaire de l'administration Service-public.fr
ordre@barreau-clermont.fr,collectivite_administration,puy-de-dome,administration collectivite service public,https://lannuaire.service-public.gouv.fr/auvergne-rhone-alpes/puy-de-dome/d6fdd0bb-c5a8-47b3-8d6c-e4729022a01b,Ordre des avocats - Barreau de Clermont-Ferrand,official source: Annuaire de l'administration Service-public.fr
pcb21sud@vyv3.fr,collectivite_administration,puy-de-dome,administration collectivite service public,https://lannuaire.service-public.gouv.fr/auvergne-rhone-alpes/puy-de-dome/7a32d35c-70a8-40a3-8592-e57faa460a57,Point conseil budget - Union départementale des associations familiales (UDAF 63) - Clermont-Ferrand - Henri-Tourette,official source: Annuaire de l'administration Service-public.fr
pcb@croixmarine.fr,collectivite_administration,puy-de-dome,administration collectivite service public,https://lannuaire.service-public.gouv.fr/auvergne-rhone-alpes/puy-de-dome/a3f5a857-1025-405f-995d-4c451bc9651f,Point conseil budget - Croix Marine 63,official source: Annuaire de l'administration Service-public.fr
pharmacovigilance@chu-clermontferrand.fr,collectivite_administration,puy-de-dome,administration collectivite service public,https://lannuaire.service-public.gouv.fr/auvergne-rhone-alpes/puy-de-dome/e48073c3-cb60-40f8-a385-d5a73f380686,Centre régional de pharmacovigilance - Clermont-Ferrand,official source: Annuaire de l'administration Service-public.fr
pm@pontduchateau.fr,collectivite_administration,puy-de-dome,administration collectivite service public,https://lannuaire.service-public.gouv.fr/auvergne-rhone-alpes/puy-de-dome/16d1cea0-82c8-4d61-8d22-c76ebd99767b,Police municipale - Pont-du-Château,official source: Annuaire de l'administration Service-public.fr
pm@thiers.fr,collectivite_administration,puy-de-dome,administration collectivite service public,https://lannuaire.service-public.gouv.fr/auvergne-rhone-alpes/puy-de-dome/8e1c9bca-4269-4f34-8125-dcbe7db6bd63,Police municipale - Thiers,official source: Annuaire de l'administration Service-public.fr
pmi.63@puy-de-dome.fr,collectivite_administration,puy-de-dome,administration collectivite service public,https://lannuaire.service-public.gouv.fr/auvergne-rhone-alpes/puy-de-dome/a4899f7f-5f6f-4e38-b357-5309d05241ef,Centre de protection maternelle et infantile (PMI) - Clermont-Ferrand - Michel-de-l'Hospital,official source: Annuaire de l'administration Service-public.fr
police-municipale@ceyrat.fr,collectivite_administration,puy-de-dome,administration collectivite service public,https://lannuaire.service-public.gouv.fr/auvergne-rhone-alpes/puy-de-dome/2c628c6b-caf8-4199-9e79-ab31bc432472,Police municipale - Ceyrat,official source: Annuaire de l'administration Service-public.fr
police-municipale@ville-romagnat.fr,collectivite_administration,puy-de-dome,administration collectivite service public,https://lannuaire.service-public.gouv.fr/auvergne-rhone-alpes/puy-de-dome/35b7cb0c-79ae-4339-8cea-e6e4988c1c4a,Police municipale - Romagnat,official source: Annuaire de l'administration Service-public.fr
police.brassac63@orange.fr,collectivite_administration,puy-de-dome,administration collectivite service public,https://lannuaire.service-public.gouv.fr/auvergne-rhone-alpes/puy-de-dome/5f7eac00-9547-4d8d-bb10-dd379f3231b7,Police municipale - Brassac-les-Mines,official source: Annuaire de l'administration Service-public.fr
police.municipale@cebazat.fr,collectivite_administration,puy-de-dome,administration collectivite service public,https://lannuaire.service-public.gouv.fr/auvergne-rhone-alpes/puy-de-dome/6a161abd-8413-4da2-bc00-78a4d8b57342,Police municipale - Cébazat,official source: Annuaire de l'administration Service-public.fr
police.municipale@lezoux.fr,collectivite_administration,puy-de-dome,administration collectivite service public,https://lannuaire.service-public.gouv.fr/auvergne-rhone-alpes/puy-de-dome/9e256620-00aa-44a1-9cfe-11e63105e549,Police municipale - Lezoux,official source: Annuaire de l'administration Service-public.fr
police.municipale@royat.fr,collectivite_administration,puy-de-dome,administration collectivite service public,https://lannuaire.service-public.gouv.fr/auvergne-rhone-alpes/puy-de-dome/79b913e4-c00f-46b8-8acd-6323e74ca36d,Police municipale - Royat,official source: Annuaire de l'administration Service-public.fr
police.municipale@ville-aubiere.fr,collectivite_administration,puy-de-dome,administration collectivite service public,https://lannuaire.service-public.gouv.fr/auvergne-rhone-alpes/puy-de-dome/77753fd7-4877-40a1-a731-6144b15df200,Police municipale - Aubière,official source: Annuaire de l'administration Service-public.fr
police.municipale@ville-aulnat.fr,collectivite_administration,puy-de-dome,administration collectivite service public,https://lannuaire.service-public.gouv.fr/auvergne-rhone-alpes/puy-de-dome/fe042174-c137-436e-943d-5b50a30d344e,Police municipale - Aulnat,official source: Annuaire de l'administration Service-public.fr
police.municipale@ville-chamalieres.fr,collectivite_administration,puy-de-dome,administration collectivite service public,https://lannuaire.service-public.gouv.fr/auvergne-rhone-alpes/puy-de-dome/88f96476-1a66-4b71-a5b2-15f9a2603116,Police municipale - Chamalières,official source: Annuaire de l'administration Service-public.fr
police.municipale@ville-gerzat.fr,collectivite_administration,puy-de-dome,administration collectivite service public,https://lannuaire.service-public.gouv.fr/auvergne-rhone-alpes/puy-de-dome/657d9cd9-dd62-4d81-b11f-09bb87ef01e4,Police municipale - Gerzat,official source: Annuaire de l'administration Service-public.fr
police.municipale@ville-riom.fr,collectivite_administration,puy-de-dome,administration collectivite service public,https://lannuaire.service-public.gouv.fr/auvergne-rhone-alpes/puy-de-dome/3da31a74-b1a7-494d-8bc5-40707daff426,Police municipale - Riom,official source: Annuaire de l'administration Service-public.fr
police@ville-volvic.fr,collectivite_administration,puy-de-dome,administration collectivite service public,https://lannuaire.service-public.gouv.fr/auvergne-rhone-alpes/puy-de-dome/9adb9771-180e-4009-8ec7-0cd03ff060de,Police municipale - Volvic,official source: Annuaire de l'administration Service-public.fr
policemunicipale@beaumont63.fr,collectivite_administration,puy-de-dome,administration collectivite service public,https://lannuaire.service-public.gouv.fr/auvergne-rhone-alpes/puy-de-dome/64c01e08-524f-4899-a41e-c46fdb9a6912,Police municipale - Beaumont,official source: Annuaire de l'administration Service-public.fr
policemunicipale@issoire.fr,collectivite_administration,puy-de-dome,administration collectivite service public,https://lannuaire.service-public.gouv.fr/auvergne-rhone-alpes/puy-de-dome/a66e68cf-0043-4266-bf4b-1437858510b9,Police municipale - Issoire,official source: Annuaire de l'administration Service-public.fr
policemunicipale@lecendre.fr,collectivite_administration,puy-de-dome,administration collectivite service public,https://lannuaire.service-public.gouv.fr/auvergne-rhone-alpes/puy-de-dome/8572bf0c-7253-473e-b75b-406184ad5adc,Police municipale - Le Cendre,official source: Annuaire de l'administration Service-public.fr
pref-naturalisation@puy-de-dome.gouv.fr,collectivite_administration,puy-de-dome,administration collectivite service public,https://lannuaire.service-public.gouv.fr/auvergne-rhone-alpes/puy-de-dome/e7b1bad3-83cc-47d6-8897-44c91ccf1a83,Plateforme de naturalisation - Auvergne,official source: Annuaire de l'administration Service-public.fr
puy-de-dome@labo-terana.fr,collectivite_administration,puy-de-dome,administration collectivite service public,https://lannuaire.service-public.gouv.fr/auvergne-rhone-alpes/puy-de-dome/f268c3ca-5a4d-4f84-823b-25ace893e206,Laboratoire départemental d'analyses - Puy-de-Dôme,official source: Annuaire de l'administration Service-public.fr
randan@france-services.gouv.fr,collectivite_administration,puy-de-dome,administration collectivite service public,https://lannuaire.service-public.gouv.fr/auvergne-rhone-alpes/puy-de-dome/205e6b89-b0db-4c51-bda6-153e5cac443c,France services - Randan,official source: Annuaire de l'administration Service-public.fr
renover@rlv.eu,collectivite_administration,puy-de-dome,administration collectivite service public,https://lannuaire.service-public.gouv.fr/auvergne-rhone-alpes/puy-de-dome/43ec72cd-de6a-495c-8290-1c101ce37b2f,Espace conseil France Rénov' - Riom,official source: Annuaire de l'administration Service-public.fr
saint-dier-d-auvergne@france-services.gouv.fr,collectivite_administration,puy-de-dome,administration collectivite service public,https://lannuaire.service-public.gouv.fr/auvergne-rhone-alpes/puy-de-dome/23e80747-e575-4bb3-bb90-b1e121ad6eeb,France services - Saint-Dier d’Auvergne,official source: Annuaire de l'administration Service-public.fr
saintgermainlembron@france-services.gouv.fr,collectivite_administration,puy-de-dome,administration collectivite service public,https://lannuaire.service-public.gouv.fr/auvergne-rhone-alpes/puy-de-dome/f26d62b5-1537-4446-a217-1392175c0847,France services - Saint-Germain-Lembron,official source: Annuaire de l'administration Service-public.fr
sd63@onacvg.fr,collectivite_administration,puy-de-dome,administration collectivite service public,https://lannuaire.service-public.gouv.fr/auvergne-rhone-alpes/puy-de-dome/27f9f226-15b1-43be-9d0e-bccfae23532f,Office national des combattants et victimes de guerre (ONaCVG) - Service départemental - Puy-de-Dôme,official source: Annuaire de l'administration Service-public.fr
sdif.puy-de-dome@dgfip.finances.gouv.fr,collectivite_administration,puy-de-dome,administration collectivite service public,https://lannuaire.service-public.gouv.fr/auvergne-rhone-alpes/puy-de-dome/90013ce2-4c19-4e56-9c90-f525143c0c89,Service départemental des impôts foncier (SDIF) Puy-de-Dôme - Clermont-Ferrand,official source: Annuaire de l'administration Service-public.fr
sec-mds-st-eloy@puy-de-dome.fr,collectivite_administration,puy-de-dome,administration collectivite service public,https://lannuaire.service-public.gouv.fr/auvergne-rhone-alpes/puy-de-dome/ad3cb403-cf6b-481f-8699-935647f05c71,France services - Saint-Éloy-les-Mines,official source: Annuaire de l'administration Service-public.fr
secretariat-general@comcom-csm.fr,collectivite_administration,puy-de-dome,administration collectivite service public,https://lannuaire.service-public.gouv.fr/auvergne-rhone-alpes/puy-de-dome/353aa2ed-af2a-4b56-9887-829837f5eb2e,Centre intercommunal d'action sociale (CIAS) de Combrailles Sioule et Morge,official source: Annuaire de l'administration Service-public.fr
secretariat@clic-riom.fr,collectivite_administration,puy-de-dome,administration collectivite service public,https://lannuaire.service-public.gouv.fr/auvergne-rhone-alpes/puy-de-dome/cb691346-866f-4356-b3e3-e08b6b33ee15,Relais Autonomie - CLIC Riom-Limagne-Combrailles,official source: Annuaire de l'administration Service-public.fr
service-social@ville-romagnat.fr,collectivite_administration,puy-de-dome,administration collectivite service public,https://lannuaire.service-public.gouv.fr/auvergne-rhone-alpes/puy-de-dome/4636b64b-dd07-4fc8-a5f0-4ab1fba4a43d,Centre communal d'action sociale (CCAS) - Romagnat,official source: Annuaire de l'administration Service-public.fr
service.adherents@aistlpa.fr,collectivite_administration,puy-de-dome,administration collectivite service public,https://lannuaire.service-public.gouv.fr/auvergne-rhone-alpes/puy-de-dome/d49638b4-5a69-49d1-97f3-32c1753d6c76,Aist - La prévention active - Clermont-Ferrand,official source: Annuaire de l'administration Service-public.fr
sgc-direction@puy-de-dome.gouv.fr,collectivite_administration,puy-de-dome,administration collectivite service public,https://lannuaire.service-public.gouv.fr/auvergne-rhone-alpes/puy-de-dome/beb8cf70-3030-4d31-aa3b-eae4db728968,Secrétariat général commun départemental - Puy-de-Dôme,official source: Annuaire de l'administration Service-public.fr
sgc.ambert@dgfip.finances.gouv.fr,collectivite_administration,puy-de-dome,administration collectivite service public,https://lannuaire.service-public.gouv.fr/auvergne-rhone-alpes/puy-de-dome/c9742e69-0a6b-4348-9fbd-8daeb95206e7,Service de gestion comptable (SGC) - Ambert,official source: Annuaire de l'administration Service-public.fr
sgc.clermontmetropole.amendes@dgfip.finances.gouv.fr,collectivite_administration,puy-de-dome,administration collectivite service public,https://lannuaire.service-public.gouv.fr/auvergne-rhone-alpes/puy-de-dome/72344b09-ea94-4f1f-b3c9-a7a50daec8ec,Service de gestion comptable (SGC) - Clermont métropole et amendes,official source: Annuaire de l'administration Service-public.fr
sgc.issoire@dgfip.finances.gouv.fr,collectivite_administration,puy-de-dome,administration collectivite service public,https://lannuaire.service-public.gouv.fr/auvergne-rhone-alpes/puy-de-dome/6631208d-e07d-4983-bc8e-418e163ba7c5,Service de gestion comptable (SGC) - Issoire,official source: Annuaire de l'administration Service-public.fr
sgc.riom@dgfip.finances.gouv.fr,collectivite_administration,puy-de-dome,administration collectivite service public,https://lannuaire.service-public.gouv.fr/auvergne-rhone-alpes/puy-de-dome/793b3067-2062-4b69-b012-e2b7bef42b43,Service de gestion comptable (SGC) - Riom,official source: Annuaire de l'administration Service-public.fr
social@lesmartresdeveyre.fr,collectivite_administration,puy-de-dome,administration collectivite service public,https://lannuaire.service-public.gouv.fr/auvergne-rhone-alpes/puy-de-dome/47282a67-b9fb-487f-bf77-f487ff5ea6bc,Centre communal d'action sociale (CCAS) - Les Martres-de-Veyre,official source: Annuaire de l'administration Service-public.fr
sp-ambert@puy-de-dome.gouv.fr,collectivite_administration,puy-de-dome,administration collectivite service public,https://lannuaire.service-public.gouv.fr/auvergne-rhone-alpes/puy-de-dome/e2b29f0b-80a9-43ce-8639-10f8827d7f79,Sous-préfecture - Ambert,official source: Annuaire de l'administration Service-public.fr
sp-issoire@puy-de-dome.gouv.fr,collectivite_administration,puy-de-dome,administration collectivite service public,https://lannuaire.service-public.gouv.fr/auvergne-rhone-alpes/puy-de-dome/ad4a8a08-23b6-4603-87e0-dd8f989775c0,Sous-préfecture - Issoire,official source: Annuaire de l'administration Service-public.fr
sp-riom@puy-de-dome.gouv.fr,collectivite_administration,puy-de-dome,administration collectivite service public,https://lannuaire.service-public.gouv.fr/auvergne-rhone-alpes/puy-de-dome/fd350db8-f23e-4cd3-a3d8-bab96fb77f49,Sous-préfecture - Riom,official source: Annuaire de l'administration Service-public.fr
sp-thiers@puy-de-dome.gouv.fr,collectivite_administration,puy-de-dome,administration collectivite service public,https://lannuaire.service-public.gouv.fr/auvergne-rhone-alpes/puy-de-dome/4898c36a-5ee6-40ea-9a26-903d2e96b0bb,Sous-préfecture - Thiers,official source: Annuaire de l'administration Service-public.fr
spfe.puy-de-dome@dgfip.finances.gouv.fr,collectivite_administration,puy-de-dome,administration collectivite service public,https://lannuaire.service-public.gouv.fr/auvergne-rhone-alpes/puy-de-dome/fb5e2450-080f-429b-a989-0db2c0037606,Service de la publicité foncière (SPF) - Clermont-Ferrand,official source: Annuaire de l'administration Service-public.fr
srpj.clermont-ferrand@interieur.gouv.fr,collectivite_administration,puy-de-dome,administration collectivite service public,https://lannuaire.service-public.gouv.fr/auvergne-rhone-alpes/puy-de-dome/f7a88e6d-0c10-4eb5-91f1-1f2b6cc26e79,Direction territoriale de police judiciaire - Clermont-Ferrand,official source: Annuaire de l'administration Service-public.fr
t063012@dgfip.finances.gouv.fr,collectivite_administration,puy-de-dome,administration collectivite service public,https://lannuaire.service-public.gouv.fr/auvergne-rhone-alpes/puy-de-dome/2a91096a-12a5-4e8a-a48e-2302133149fd,Trésorerie Hospitalière du Puy-de-Dôme,official source: Annuaire de l'administration Service-public.fr
t063056@dgfip.finances.gouv.fr,collectivite_administration,puy-de-dome,administration collectivite service public,https://lannuaire.service-public.gouv.fr/auvergne-rhone-alpes/puy-de-dome/9af5b42c-6e1f-4733-a59c-a4886121cc21,Service de gestion comptable (SGC) - Thiers,official source: Annuaire de l'administration Service-public.fr
t063090@dgfip.finances.gouv.fr,collectivite_administration,puy-de-dome,administration collectivite service public,https://lannuaire.service-public.gouv.fr/auvergne-rhone-alpes/puy-de-dome/9228f6bc-5196-4d34-9caf-10eacfe93d58,Paierie départementale - Puy-de-Dôme - Clermont-Ferrand,official source: Annuaire de l'administration Service-public.fr
tgi-clermont-ferrand@justice.fr,collectivite_administration,puy-de-dome,administration collectivite service public,https://lannuaire.service-public.gouv.fr/auvergne-rhone-alpes/puy-de-dome/3792c392-5970-4c20-96e1-2cce90034004,Tribunal pour enfants de Clermont-Ferrand,official source: Annuaire de l'administration Service-public.fr
tj-clermont-ferrand@justice.fr,collectivite_administration,puy-de-dome,administration collectivite service public,https://lannuaire.service-public.gouv.fr/auvergne-rhone-alpes/puy-de-dome/4e72164a-1b86-4d68-9ba5-5a32e216eaf4,Tribunal judiciaire de Clermont-Ferrand,official source: Annuaire de l'administration Service-public.fr
tprx-riom@justice.fr,collectivite_administration,puy-de-dome,administration collectivite service public,https://lannuaire.service-public.gouv.fr/auvergne-rhone-alpes/puy-de-dome/b52c489d-e0df-4301-b391-f37729fde3ae,Tribunal de proximité de Riom,official source: Annuaire de l'administration Service-public.fr
tprx-thiers@justice.fr,collectivite_administration,puy-de-dome,administration collectivite service public,https://lannuaire.service-public.gouv.fr/auvergne-rhone-alpes/puy-de-dome/1b6b1cbb-5bb3-43d9-824b-2aa11a2a63d2,Tribunal de proximité de Thiers,official source: Annuaire de l'administration Service-public.fr
udaf63@udaf63.fr,collectivite_administration,puy-de-dome,administration collectivite service public,https://lannuaire.service-public.gouv.fr/auvergne-rhone-alpes/puy-de-dome/64b5d0f1-4c6f-48a8-84a3-f32aec67dc8b,Point conseil budget - Union départementale des associations familiales (UDAF 63) - Clermont-Ferrand - Claude-Bernard,official source: Annuaire de l'administration Service-public.fr
udap.puy-de-dome@culture.gouv.fr,collectivite_administration,puy-de-dome,administration collectivite service public,https://lannuaire.service-public.gouv.fr/auvergne-rhone-alpes/puy-de-dome/ed0bd948-66d3-4a50-8f49-d0ac6d8f84f8,Unité départementale de l'architecture et du patrimoine (UDAP) - Puy-de-Dôme,official source: Annuaire de l'administration Service-public.fr
viti-clermont@douane.finances.gouv.fr,collectivite_administration,puy-de-dome,administration collectivite service public,https://lannuaire.service-public.gouv.fr/auvergne-rhone-alpes/puy-de-dome/6885dc4a-2ec0-492e-8f77-4f61c3b26e7c,Bureau de douane (viticulture) - Clermont-Ferrand,official source: Annuaire de l'administration Service-public.fr
apevolloreville@gmail.com,association_parents,puy-de-dome,association parents eleves,https://vollore-ville.fr/association-des-parents-deleves/,APE Vollore-Ville,manual public source: association parents eleves
fcpe63@orange.fr,association_parents,puy-de-dome,association parents eleves,https://associations.clermont-ferrand.fr/association/conseil-departemental-des-parents-deleves-du-puy-de-dome-1,FCPE Puy-de-Dome,manual public source: association parents eleves
peep.63@wanadoo.fr,association_parents,puy-de-dome,association parents eleves,https://www.allbiz.fr/association-des-parents-del%C3%A8ves-de_1D-04-73-17-35-27,PEEP Puy-de-Dome,manual public source: association parents eleves
cbd63@wanadoo.fr,sport,puy-de-dome,club sportif,https://puydedome.franceolympique.com/comites.php,CDOS Puy-de-Dome - comites,manual public source: club sportif
cd63.athle@gmail.com,sport,puy-de-dome,club sportif,https://puydedome.franceolympique.com/comites.php,CDOS Puy-de-Dome - comites,manual public source: club sportif
contact@basket63.com,sport,puy-de-dome,club sportif,https://puydedome.franceolympique.com/comites.php,CDOS Puy-de-Dome - comites,manual public source: club sportif
cej@fal63.org,jeunesse_loisirs,puy-de-dome,culture education jeunesse,https://fal63.org/nous-contacter/,Ligue de l'enseignement du Puy-de-Dome,manual public source: culture education jeunesse
formation@fal63.org,jeunesse_loisirs,puy-de-dome,formation jeunesse animation,https://fal63.org/nous-contacter/,Ligue de l'enseignement du Puy-de-Dome,manual public source: formation jeunesse animation
lief@fal63.org,structure,puy-de-dome,loisirs interventions educatives,https://fal63.org/nous-contacter/,Ligue de l'enseignement du Puy-de-Dome,manual public source: loisirs interventions educatives
accueil-mairie@ville-romagnat.fr,collectivite_administration,puy-de-dome,mairie collectivite,https://lannuaire.service-public.gouv.fr/auvergne-rhone-alpes/puy-de-dome/26509a9c-3436-48d5-ba16-6bf60881e30c,Mairie - Romagnat,official source: Annuaire de l'administration Service-public.fr
accueil.mairie@tallende.fr,collectivite_administration,puy-de-dome,mairie collectivite,https://lannuaire.service-public.gouv.fr/auvergne-rhone-alpes/puy-de-dome/bdc5506c-7886-46b0-9853-8436b7675751,Mairie - Tallende,official source: Annuaire de l'administration Service-public.fr
accueil@mairie-larocheblanche.fr,collectivite_administration,puy-de-dome,mairie collectivite,https://lannuaire.service-public.gouv.fr/auvergne-rhone-alpes/puy-de-dome/535823b4-8f4d-477c-be51-81fcd6bb1a39,Mairie - La Roche-Blanche,official source: Annuaire de l'administration Service-public.fr
accueil@mairie-orcines.fr,collectivite_administration,puy-de-dome,mairie collectivite,https://lannuaire.service-public.gouv.fr/auvergne-rhone-alpes/puy-de-dome/e7664443-e208-4a66-9e4f-9747d3df7f56,Centre communal d'action sociale (CCAS) - Orcines,official source: Annuaire de l'administration Service-public.fr
accueil@mairieartonne.fr,collectivite_administration,puy-de-dome,mairie collectivite,https://lannuaire.service-public.gouv.fr/auvergne-rhone-alpes/puy-de-dome/8f42de8d-bc30-4a08-a53b-466672f770d4,Mairie - Artonne,official source: Annuaire de l'administration Service-public.fr
accueil@mairiechampeix.fr,collectivite_administration,puy-de-dome,mairie collectivite,https://lannuaire.service-public.gouv.fr/auvergne-rhone-alpes/puy-de-dome/eb31f1ec-f038-4473-b838-d3ffac7c7e19,Mairie - Champeix,official source: Annuaire de l'administration Service-public.fr
accueil@marat63.fr,collectivite_administration,puy-de-dome,mairie collectivite,https://lannuaire.service-public.gouv.fr/auvergne-rhone-alpes/puy-de-dome/987d0547-ca22-4f58-9e1f-81ca770f14c3,Mairie - Marat,official source: Annuaire de l'administration Service-public.fr
accueil@saint-bonnet-pres-riom.fr,collectivite_administration,puy-de-dome,mairie collectivite,https://lannuaire.service-public.gouv.fr/auvergne-rhone-alpes/puy-de-dome/aff86351-6891-4723-bef1-56b688f64e40,Mairie - Saint-Bonnet-près-Riom,official source: Annuaire de l'administration Service-public.fr
accueil@ville-saint-nectaire.fr,collectivite_administration,puy-de-dome,mairie collectivite,https://lannuaire.service-public.gouv.fr/auvergne-rhone-alpes/puy-de-dome/139df419-9996-4b0c-a4e3-9c541c7543fe,Mairie - Saint-Nectaire,official source: Annuaire de l'administration Service-public.fr
administration.generale@aigueperse.fr,collectivite_administration,puy-de-dome,mairie collectivite,https://lannuaire.service-public.gouv.fr/auvergne-rhone-alpes/puy-de-dome/a29b6778-f10f-4898-9e6e-664e281178a4,Mairie - Aigueperse,official source: Annuaire de l'administration Service-public.fr
aix-la-fayette.mairie@wanadoo.fr,collectivite_administration,puy-de-dome,mairie collectivite,https://lannuaire.service-public.gouv.fr/auvergne-rhone-alpes/puy-de-dome/cb4fffe9-10ca-443e-b8f4-7e1ea1b63a03,Mairie - Aix-la-Fayette,official source: Annuaire de l'administration Service-public.fr
anzatleluguet.mairie@wanadoo.fr,collectivite_administration,puy-de-dome,mairie collectivite,https://lannuaire.service-public.gouv.fr/auvergne-rhone-alpes/puy-de-dome/2e65bbd0-1ef0-4467-9465-8e21cf281adc,Mairie - Anzat-le-Luguet,official source: Annuaire de l'administration Service-public.fr
ardes.mairie@wanadoo.fr,collectivite_administration,puy-de-dome,mairie collectivite,https://lannuaire.service-public.gouv.fr/auvergne-rhone-alpes/puy-de-dome/dc6d9cfa-18f4-430f-9d3c-7946ad47c13c,Mairie - Ardes-sur-Couze,official source: Annuaire de l'administration Service-public.fr
auzelles.mairie@orange.fr,collectivite_administration,puy-de-dome,mairie collectivite,https://lannuaire.service-public.gouv.fr/auvergne-rhone-alpes/puy-de-dome/24c0ab28-f4a0-45da-b479-5ce9f9497a2b,Mairie - Auzelles,official source: Annuaire de l'administration Service-public.fr
ayat.sur.sioule.63@wanadoo.fr,collectivite_administration,puy-de-dome,mairie collectivite,https://lannuaire.service-public.gouv.fr/auvergne-rhone-alpes/puy-de-dome/9b1e9786-0c31-4297-8aed-b5b1975a1591,Mairie - Ayat-sur-Sioule,official source: Annuaire de l'administration Service-public.fr
baffie.mairie@wanadoo.fr,collectivite_administration,puy-de-dome,mairie collectivite,https://lannuaire.service-public.gouv.fr/auvergne-rhone-alpes/puy-de-dome/eafcdbf0-c64d-44c3-aecc-0589c077c0df,Mairie - Baffie,official source: Annuaire de l'administration Service-public.fr
bertignat.mairie@orange.fr,collectivite_administration,puy-de-dome,mairie collectivite,https://lannuaire.service-public.gouv.fr/auvergne-rhone-alpes/puy-de-dome/58bcf447-1ae8-48b3-9e86-5f95170297ad,Mairie - Bertignat,official source: Annuaire de l'administration Service-public.fr
beurieres.mairie@orange.fr,collectivite_administration,puy-de-dome,mairie collectivite,https://lannuaire.service-public.gouv.fr/auvergne-rhone-alpes/puy-de-dome/08ec6e66-a2cf-4d6b-9428-8039b44b11a8,Mairie - Beurières,official source: Annuaire de l'administration Service-public.fr
bouzel.mairie@orange.fr,collectivite_administration,puy-de-dome,mairie collectivite,https://lannuaire.service-public.gouv.fr/auvergne-rhone-alpes/puy-de-dome/2cd1e8d7-3d77-4ab5-9b42-4eafc16b0848,Mairie - Bouzel,official source: Annuaire de l'administration Service-public.fr
brousse-mairie@wanadoo.fr,collectivite_administration,puy-de-dome,mairie collectivite,https://lannuaire.service-public.gouv.fr/auvergne-rhone-alpes/puy-de-dome/9571ffb1-bf29-4554-bf68-3fd0c2da2c1b,Mairie - Brousse,official source: Annuaire de l'administration Service-public.fr
ceilloux.mairie@orange.fr,collectivite_administration,puy-de-dome,mairie collectivite,https://lannuaire.service-public.gouv.fr/auvergne-rhone-alpes/puy-de-dome/010772ad-a145-4758-ad05-da797b1e7e81,Mairie - Ceilloux,official source: Annuaire de l'administration Service-public.fr
celles.mairie@orange.fr,collectivite_administration,puy-de-dome,mairie collectivite,https://lannuaire.service-public.gouv.fr/auvergne-rhone-alpes/puy-de-dome/7a66356f-3d05-429a-a147-2d8a7675ca88,Centre communal d'action sociale (CCAS) - Celles-sur-Durolle,official source: Annuaire de l'administration Service-public.fr
chambon@sancy.com,collectivite_administration,puy-de-dome,mairie collectivite,https://lannuaire.service-public.gouv.fr/auvergne-rhone-alpes/puy-de-dome/e71781ac-271c-4d75-baca-ab7dec3de5cb,Mairie - Chambon-sur-Lac,official source: Annuaire de l'administration Service-public.fr
champetieres.mairie@wanadoo.fr,collectivite_administration,puy-de-dome,mairie collectivite,https://lannuaire.service-public.gouv.fr/auvergne-rhone-alpes/puy-de-dome/8618bc52-11ad-4969-8b9f-427827f94461,Mairie - Champétières,official source: Annuaire de l'administration Service-public.fr
chapdes-beaufort@orange.fr,collectivite_administration,puy-de-dome,mairie collectivite,https://lannuaire.service-public.gouv.fr/auvergne-rhone-alpes/puy-de-dome/dcfb97b2-b474-431a-b9e1-f3ff5b1358a8,Mairie - Chapdes-Beaufort,official source: Annuaire de l'administration Service-public.fr
chapelle.usson@orange.fr,collectivite_administration,puy-de-dome,mairie collectivite,https://lannuaire.service-public.gouv.fr/auvergne-rhone-alpes/puy-de-dome/4218afa3-ed26-457c-a04b-7a43915e576f,Mairie - La Chapelle-sur-Usson,official source: Annuaire de l'administration Service-public.fr
chaumont-le-bourg.mairie@orange.fr,collectivite_administration,puy-de-dome,mairie collectivite,https://lannuaire.service-public.gouv.fr/auvergne-rhone-alpes/puy-de-dome/1ad8d3ce-2a95-447d-be4d-2ea0b11fed44,Mairie - Chaumont-le-Bourg,official source: Annuaire de l'administration Service-public.fr
chauriat.sec.mairie@wanadoo.fr,collectivite_administration,puy-de-dome,mairie collectivite,https://lannuaire.service-public.gouv.fr/auvergne-rhone-alpes/puy-de-dome/86c79cce-6ae7-4266-a1e4-8770ef575fc4,Centre communal d'action sociale (CCAS) - Chauriat,official source: Annuaire de l'administration Service-public.fr
chidrac.mairie@wanadoo.fr,collectivite_administration,puy-de-dome,mairie collectivite,https://lannuaire.service-public.gouv.fr/auvergne-rhone-alpes/puy-de-dome/4f3d7f87-758d-473f-91fb-310f237d94ef,Mairie - Les Deux-Rives,official source: Annuaire de l'administration Service-public.fr
clemensat.mairie@orange.fr,collectivite_administration,puy-de-dome,mairie collectivite,https://lannuaire.service-public.gouv.fr/auvergne-rhone-alpes/puy-de-dome/274ddbb7-f027-4a21-b16e-0867ebb414e2,Mairie - Clémensat,official source: Annuaire de l'administration Service-public.fr
commune-beaulieu@wanadoo.fr,collectivite_administration,puy-de-dome,mairie collectivite,https://lannuaire.service-public.gouv.fr/auvergne-rhone-alpes/puy-de-dome/0f7cf762-fdae-43d3-9b7d-56a3e7330b95,Mairie - Beaulieu,official source: Annuaire de l'administration Service-public.fr
commune-brenat@orange.fr,collectivite_administration,puy-de-dome,mairie collectivite,https://lannuaire.service-public.gouv.fr/auvergne-rhone-alpes/puy-de-dome/54ddac53-fb73-436b-8b7c-0c78eff8ed01,Mairie - Brenat,official source: Annuaire de l'administration Service-public.fr
commune-combronde@wanadoo.fr,collectivite_administration,puy-de-dome,mairie collectivite,https://lannuaire.service-public.gouv.fr/auvergne-rhone-alpes/puy-de-dome/a477837a-7e4b-4364-9119-a01da774362a,Mairie - Combronde,official source: Annuaire de l'administration Service-public.fr
commune-de-la-celle-dauvergne@wanadoo.fr,collectivite_administration,puy-de-dome,mairie collectivite,https://lannuaire.service-public.gouv.fr/auvergne-rhone-alpes/puy-de-dome/829d2652-883d-4784-a5b7-d98dc419d639,Mairie - La Celle-d'Auvergne,official source: Annuaire de l'administration Service-public.fr
commune-de-ste-catherine@orange.fr,collectivite_administration,puy-de-dome,mairie collectivite,https://lannuaire.service-public.gouv.fr/auvergne-rhone-alpes/puy-de-dome/feae7402-388f-4bb6-9867-b9a689d05e80,Mairie - Sainte-Catherine-du-Fraisse,official source: Annuaire de l'administration Service-public.fr
commune-grandeyrolles@orange.fr,collectivite_administration,puy-de-dome,mairie collectivite,https://lannuaire.service-public.gouv.fr/auvergne-rhone-alpes/puy-de-dome/df63d73a-92a8-4c27-9453-349117a56898,Mairie - Grandeyrolles,official source: Annuaire de l'administration Service-public.fr
commune-verrieres@orange.fr,collectivite_administration,puy-de-dome,mairie collectivite,https://lannuaire.service-public.gouv.fr/auvergne-rhone-alpes/puy-de-dome/73a73982-72e4-4dde-99cd-63e8514ead6a,Mairie - Verrières,official source: Annuaire de l'administration Service-public.fr
commune-vodable@orange.fr,collectivite_administration,puy-de-dome,mairie collectivite,https://lannuaire.service-public.gouv.fr/auvergne-rhone-alpes/puy-de-dome/0f4576cd-8037-4ab3-bf84-0d788159ae06,Mairie - Vodable,official source: Annuaire de l'administration Service-public.fr
commune.biollet@gmail.com,collectivite_administration,puy-de-dome,mairie collectivite,https://lannuaire.service-public.gouv.fr/auvergne-rhone-alpes/puy-de-dome/533975c5-aa59-4c81-a14a-d8faed246347,Mairie - Biollet,official source: Annuaire de l'administration Service-public.fr
commune.de.charnat@wanadoo.fr,collectivite_administration,puy-de-dome,mairie collectivite,https://lannuaire.service-public.gouv.fr/auvergne-rhone-alpes/puy-de-dome/62bb4a40-325e-4526-8068-f1df0baf9c83,Mairie - Charnat,official source: Annuaire de l'administration Service-public.fr
commune.saurier@orange.fr,collectivite_administration,puy-de-dome,mairie collectivite,https://lannuaire.service-public.gouv.fr/auvergne-rhone-alpes/puy-de-dome/8f83bad8-d06c-4737-827e-600cc4dc521d,Mairie - Saurier,official source: Annuaire de l'administration Service-public.fr
commune.solignat@wanadoo.fr,collectivite_administration,puy-de-dome,mairie collectivite,https://lannuaire.service-public.gouv.fr/auvergne-rhone-alpes/puy-de-dome/b4a57124-8c7b-40e4-b435-5578dd1b14da,Mairie - Solignat,official source: Annuaire de l'administration Service-public.fr
commune.varennessurusson@orange.fr,collectivite_administration,puy-de-dome,mairie collectivite,https://lannuaire.service-public.gouv.fr/auvergne-rhone-alpes/puy-de-dome/ede7a37e-b825-4fd1-9110-ca36f05ce07c,Mairie - Varennes-sur-Usson,official source: Annuaire de l'administration Service-public.fr
commune@arlanc.fr,collectivite_administration,puy-de-dome,mairie collectivite,https://lannuaire.service-public.gouv.fr/auvergne-rhone-alpes/puy-de-dome/f725423c-6fb7-4810-8625-95844ea78d47,Mairie - Arlanc,official source: Annuaire de l'administration Service-public.fr
commune_aveze@orange.fr,collectivite_administration,puy-de-dome,mairie collectivite,https://lannuaire.service-public.gouv.fr/auvergne-rhone-alpes/puy-de-dome/17e47f68-cbca-473f-9dfe-308b5f396201,Mairie - Avèze,official source: Annuaire de l'administration Service-public.fr
communechateausurcher@orange.fr,collectivite_administration,puy-de-dome,mairie collectivite,https://lannuaire.service-public.gouv.fr/auvergne-rhone-alpes/puy-de-dome/a192870c-595b-4b18-b6a6-199b1c17501e,Mairie - Château-sur-Cher,official source: Annuaire de l'administration Service-public.fr
communedechastreix@orange.fr,collectivite_administration,puy-de-dome,mairie collectivite,https://lannuaire.service-public.gouv.fr/auvergne-rhone-alpes/puy-de-dome/54c52d84-a4b1-4123-b5ae-506c51884a5f,Mairie - Chastreix,official source: Annuaire de l'administration Service-public.fr
communedenebouzat@orange.fr,collectivite_administration,puy-de-dome,mairie collectivite,https://lannuaire.service-public.gouv.fr/auvergne-rhone-alpes/puy-de-dome/8c462754-b0d6-470c-a5a5-dd0915840c33,Mairie - Nébouzat,official source: Annuaire de l'administration Service-public.fr
communedevilleneuve@orange.fr,collectivite_administration,puy-de-dome,mairie collectivite,https://lannuaire.service-public.gouv.fr/auvergne-rhone-alpes/puy-de-dome/061c1d49-894c-4f14-b104-a9eb6b9675d8,Mairie - Villeneuve,official source: Annuaire de l'administration Service-public.fr
communelaps@orange.fr,collectivite_administration,puy-de-dome,mairie collectivite,https://lannuaire.service-public.gouv.fr/auvergne-rhone-alpes/puy-de-dome/ec2dd71e-39d6-4471-9b02-04d6db386151,Mairie - Laps,official source: Annuaire de l'administration Service-public.fr
communetourzelronzieres@wanadoo.fr,collectivite_administration,puy-de-dome,mairie collectivite,https://lannuaire.service-public.gouv.fr/auvergne-rhone-alpes/puy-de-dome/75781db8-319f-4065-88fa-ef194da91775,Mairie - Tourzel-Ronzières,official source: Annuaire de l'administration Service-public.fr
condat-les-montboissier.mairie@wanadoo.fr,collectivite_administration,puy-de-dome,mairie collectivite,https://lannuaire.service-public.gouv.fr/auvergne-rhone-alpes/puy-de-dome/fafef1b4-5021-45aa-85db-7e425d6e5440,Mairie - Condat-lès-Montboissier,official source: Annuaire de l'administration Service-public.fr
contact.mairie@ancizes.fr,collectivite_administration,puy-de-dome,mairie collectivite,https://lannuaire.service-public.gouv.fr/auvergne-rhone-alpes/puy-de-dome/e63ff0a8-6df0-4c8d-a2a7-f1d53c272a2f,Mairie - Les Ancizes-Comps,official source: Annuaire de l'administration Service-public.fr
contact.sauvagnatstemarthe@orange.fr,collectivite_administration,puy-de-dome,mairie collectivite,https://lannuaire.service-public.gouv.fr/auvergne-rhone-alpes/puy-de-dome/bb95fbfd-8cd2-4f5a-a0c9-c0cb7a74711d,Mairie - Sauvagnat-Sainte-Marthe,official source: Annuaire de l'administration Service-public.fr
contact@bas-et-lezat.fr,collectivite_administration,puy-de-dome,mairie collectivite,https://lannuaire.service-public.gouv.fr/auvergne-rhone-alpes/puy-de-dome/a482d7a4-8bb1-4866-b940-cbba7db504e7,Mairie - Bas-et-Lezat,official source: Annuaire de l'administration Service-public.fr
contact@beaumont63.fr,collectivite_administration,puy-de-dome,mairie collectivite,https://lannuaire.service-public.gouv.fr/auvergne-rhone-alpes/puy-de-dome/3ee668bf-b683-481c-92ec-96f2d1eacc0b,Mairie - Beaumont,official source: Annuaire de l'administration Service-public.fr
contact@billom.fr,collectivite_administration,puy-de-dome,mairie collectivite,https://lannuaire.service-public.gouv.fr/auvergne-rhone-alpes/puy-de-dome/2578d3b1-016f-47ec-b41d-0671ab38d9fd,Mairie - Billom,official source: Annuaire de l'administration Service-public.fr
contact@cebazat.fr,collectivite_administration,puy-de-dome,mairie collectivite,https://lannuaire.service-public.gouv.fr/auvergne-rhone-alpes/puy-de-dome/5c3cf6bf-d202-48cd-9bf7-15a0f30c2f88,Mairie - Cébazat,official source: Annuaire de l'administration Service-public.fr
contact@commune-montfermy.fr,collectivite_administration,puy-de-dome,mairie collectivite,https://lannuaire.service-public.gouv.fr/auvergne-rhone-alpes/puy-de-dome/def450d3-8c49-4847-af43-1f286c08e4f4,Mairie - Montfermy,official source: Annuaire de l'administration Service-public.fr
contact@commune-palladuc.fr,collectivite_administration,puy-de-dome,mairie collectivite,https://lannuaire.service-public.gouv.fr/auvergne-rhone-alpes/puy-de-dome/e0fc171c-eb41-4fcf-b677-0c68335601f3,Mairie - Palladuc,official source: Annuaire de l'administration Service-public.fr
contact@cournon-auvergne.fr,collectivite_administration,puy-de-dome,mairie collectivite,https://lannuaire.service-public.gouv.fr/auvergne-rhone-alpes/puy-de-dome/bc3d519f-ce2b-474d-8e0a-b0c2b5d4aade,Mairie - Cournon-d'Auvergne,official source: Annuaire de l'administration Service-public.fr
contact@egliseneuve-pres-billom.fr,collectivite_administration,puy-de-dome,mairie collectivite,https://lannuaire.service-public.gouv.fr/auvergne-rhone-alpes/puy-de-dome/f6980a3c-f869-4dde-aa78-38003a33b26d,Mairie - Égliseneuve-près-Billom,official source: Annuaire de l'administration Service-public.fr
contact@issoire.fr,collectivite_administration,puy-de-dome,mairie collectivite,https://lannuaire.service-public.gouv.fr/auvergne-rhone-alpes/puy-de-dome/501b2ed4-3925-481d-b2bd-98148b2d9f87,Mairie - Issoire,official source: Annuaire de l'administration Service-public.fr
contact@lagoutelle.fr,collectivite_administration,puy-de-dome,mairie collectivite,https://lannuaire.service-public.gouv.fr/auvergne-rhone-alpes/puy-de-dome/b633a320-182f-451f-88e9-f2ca86700044,Mairie - La Goutelle,official source: Annuaire de l'administration Service-public.fr
contact@lesmartresdeveyre.fr,collectivite_administration,puy-de-dome,mairie collectivite,https://lannuaire.service-public.gouv.fr/auvergne-rhone-alpes/puy-de-dome/dc715e21-4ded-4ec3-b4d4-a08bdee808fa,Mairie - Les Martres-de-Veyre,official source: Annuaire de l'administration Service-public.fr
contact@mairie-augerolles.fr,collectivite_administration,puy-de-dome,mairie collectivite,https://lannuaire.service-public.gouv.fr/auvergne-rhone-alpes/puy-de-dome/adb72cc9-2841-46e7-9559-f7af3d3b50a6,Mairie - Augerolles,official source: Annuaire de l'administration Service-public.fr
contact@mairie-lempdes.fr,collectivite_administration,puy-de-dome,mairie collectivite,https://lannuaire.service-public.gouv.fr/auvergne-rhone-alpes/puy-de-dome/c4f0bbd7-0cbc-4a13-bb63-37e57c1b7671,Mairie - Lempdes,official source: Annuaire de l'administration Service-public.fr
contact@mairie-veyremonton.com,collectivite_administration,puy-de-dome,mairie collectivite,https://lannuaire.service-public.gouv.fr/auvergne-rhone-alpes/puy-de-dome/033954ca-b817-486a-9ba0-a6b42286911c,Mairie - Veyre-Monton,official source: Annuaire de l'administration Service-public.fr
contact@mairiechambaronsurmorge.fr,collectivite_administration,puy-de-dome,mairie collectivite,https://lannuaire.service-public.gouv.fr/auvergne-rhone-alpes/puy-de-dome/6777e629-aa41-4737-b05a-f79191ecb2da,Mairie - Chambaron-sur-Morge,official source: Annuaire de l'administration Service-public.fr
contact@mairiechappes63.com,collectivite_administration,puy-de-dome,mairie collectivite,https://lannuaire.service-public.gouv.fr/auvergne-rhone-alpes/puy-de-dome/492592fe-e7ae-4ae0-a292-1aff6080b77e,Mairie - Chappes,official source: Annuaire de l'administration Service-public.fr
contact@mairieternantleseaux.fr,collectivite_administration,puy-de-dome,mairie collectivite,https://lannuaire.service-public.gouv.fr/auvergne-rhone-alpes/puy-de-dome/a9162970-0c94-4db5-8445-91e409b4c6e7,Mairie - Ternant-les-Eaux,official source: Annuaire de l'administration Service-public.fr
contact@marsat.fr,collectivite_administration,puy-de-dome,mairie collectivite,https://lannuaire.service-public.gouv.fr/auvergne-rhone-alpes/puy-de-dome/35424660-9f8d-4f7d-9ce2-8d5f6f6d3f83,Mairie - Marsat,official source: Annuaire de l'administration Service-public.fr
contact@mursurallier.fr,collectivite_administration,puy-de-dome,mairie collectivite,https://lannuaire.service-public.gouv.fr/auvergne-rhone-alpes/puy-de-dome/abd4ac12-66d7-44b6-905f-b9991d252c6f,Mairie déléguée - Dallet,official source: Annuaire de l'administration Service-public.fr
contact@paslieres.fr,collectivite_administration,puy-de-dome,mairie collectivite,https://lannuaire.service-public.gouv.fr/auvergne-rhone-alpes/puy-de-dome/dd10611f-cd50-44c5-be89-88cddd0b537a,Mairie - Paslières,official source: Annuaire de l'administration Service-public.fr
contact@puy-guillaume.fr,collectivite_administration,puy-de-dome,mairie collectivite,https://lannuaire.service-public.gouv.fr/auvergne-rhone-alpes/puy-de-dome/ef50f921-eb90-4019-8176-d10c8186685a,Mairie - Puy-Guillaume,official source: Annuaire de l'administration Service-public.fr
contact@saint-germain-lembron.fr,collectivite_administration,puy-de-dome,mairie collectivite,https://lannuaire.service-public.gouv.fr/auvergne-rhone-alpes/puy-de-dome/c8da3dd5-f203-4fe8-9cd4-d08cb9f0bd20,Mairie - Saint-Germain-Lembron,official source: Annuaire de l'administration Service-public.fr
contact@saint-priest-bramefant.fr,collectivite_administration,puy-de-dome,mairie collectivite,https://lannuaire.service-public.gouv.fr/auvergne-rhone-alpes/puy-de-dome/013b1c63-7d6e-4da3-a620-b3c72dc634ab,Mairie - Saint-Priest-Bramefant,official source: Annuaire de l'administration Service-public.fr
contact@saint-saturnin63.fr,collectivite_administration,puy-de-dome,mairie collectivite,https://lannuaire.service-public.gouv.fr/auvergne-rhone-alpes/puy-de-dome/60ef8c48-85db-4dde-8d54-ac97a6433b8d,Mairie - Saint-Saturnin,official source: Annuaire de l'administration Service-public.fr
contact@sainteloylesmines.fr,collectivite_administration,puy-de-dome,mairie collectivite,https://lannuaire.service-public.gouv.fr/auvergne-rhone-alpes/puy-de-dome/9973f287-9546-49fd-ba16-ea4fa44662e8,Mairie - Saint-Éloy-les-Mines,official source: Annuaire de l'administration Service-public.fr
contact@saintremysurdurolle.fr,collectivite_administration,puy-de-dome,mairie collectivite,https://lannuaire.service-public.gouv.fr/auvergne-rhone-alpes/puy-de-dome/8c342d21-9300-4e97-b3a7-75ccb3234087,Mairie - Saint-Rémy-sur-Durolle,official source: Annuaire de l'administration Service-public.fr
contact@ville-aulnat.fr,collectivite_administration,puy-de-dome,mairie collectivite,https://lannuaire.service-public.gouv.fr/auvergne-rhone-alpes/puy-de-dome/65b00f49-8def-4274-ba99-3ce29170c9fb,Mairie - Aulnat,official source: Annuaire de l'administration Service-public.fr
contact@ville-blanzat.fr,collectivite_administration,puy-de-dome,mairie collectivite,https://lannuaire.service-public.gouv.fr/auvergne-rhone-alpes/puy-de-dome/b0aa52ef-41b4-461b-8c3d-9b3baeb96bfb,Mairie - Blanzat,official source: Annuaire de l'administration Service-public.fr
contact@ville-clermont-ferrand.fr,collectivite_administration,puy-de-dome,mairie collectivite,https://lannuaire.service-public.gouv.fr/auvergne-rhone-alpes/puy-de-dome/e2c4e494-abd1-428b-bbe1-471bf3d50038,Mairie - Clermont-Ferrand,official source: Annuaire de l'administration Service-public.fr
contact@ville-mozac.fr,collectivite_administration,puy-de-dome,mairie collectivite,https://lannuaire.service-public.gouv.fr/auvergne-rhone-alpes/puy-de-dome/13e56e6a-9f0b-40e2-8b3a-c2fd0b6e066a,Mairie - Mozac,official source: Annuaire de l'administration Service-public.fr
direction@mairiemaringues.fr,collectivite_administration,puy-de-dome,mairie collectivite,https://lannuaire.service-public.gouv.fr/auvergne-rhone-alpes/puy-de-dome/f2ad1993-a32e-46ab-838c-e172caa20167,Mairie - Maringues,official source: Annuaire de l'administration Service-public.fr
dore-leglise-mairie@orange.fr,collectivite_administration,puy-de-dome,mairie collectivite,https://lannuaire.service-public.gouv.fr/auvergne-rhone-alpes/puy-de-dome/3e16b1df-9f16-4995-8d82-10f072746b1b,Mairie - Dore-l'Église,official source: Annuaire de l'administration Service-public.fr
durmignat-63@orange.fr,collectivite_administration,puy-de-dome,mairie collectivite,https://lannuaire.service-public.gouv.fr/auvergne-rhone-alpes/puy-de-dome/123b918f-4a0a-4423-84cd-ac2ab2b7fe36,Mairie - Durmignat,official source: Annuaire de l'administration Service-public.fr
echandelys.mairie@orange.fr,collectivite_administration,puy-de-dome,mairie collectivite,https://lannuaire.service-public.gouv.fr/auvergne-rhone-alpes/puy-de-dome/b59599ea-ccca-46da-a168-e9a919f18d67,Mairie - Échandelys,official source: Annuaire de l'administration Service-public.fr
egliseneuve@free.fr,collectivite_administration,puy-de-dome,mairie collectivite,https://lannuaire.service-public.gouv.fr/auvergne-rhone-alpes/puy-de-dome/88529110-2053-4a96-9af5-1db60a81593d,Mairie - Égliseneuve-d'Entraigues,official source: Annuaire de l'administration Service-public.fr
eglisolles.mairie@wanadoo.fr,collectivite_administration,puy-de-dome,mairie collectivite,https://lannuaire.service-public.gouv.fr/auvergne-rhone-alpes/puy-de-dome/e4476278-3da9-4b9b-9c25-b5a620ac366e,Mairie - Églisolles,official source: Annuaire de l'administration Service-public.fr
espirat.mairie@wanadoo.fr,collectivite_administration,puy-de-dome,mairie collectivite,https://lannuaire.service-public.gouv.fr/auvergne-rhone-alpes/puy-de-dome/d6476518-bd1d-4994-bcc7-96406194d586,Mairie - Espirat,official source: Annuaire de l'administration Service-public.fr
etatcivil@mairiemontdore63.fr,collectivite_administration,puy-de-dome,mairie collectivite,https://lannuaire.service-public.gouv.fr/auvergne-rhone-alpes/puy-de-dome/70e4e68b-c9d9-4555-855c-47ae0e3dfea4,Centre communal d'action sociale (CCAS) - Mont-Dore,official source: Annuaire de l'administration Service-public.fr
fayet-ronaye.mairie@wanadoo.fr,collectivite_administration,puy-de-dome,mairie collectivite,https://lannuaire.service-public.gouv.fr/auvergne-rhone-alpes/puy-de-dome/fff6f663-d1e9-43a7-b63a-2ff248ba1436,Mairie - Fayet-Ronaye,official source: Annuaire de l'administration Service-public.fr
france-services@mairie-vic-le-comte.fr,collectivite_administration,puy-de-dome,mairie collectivite,https://lannuaire.service-public.gouv.fr/auvergne-rhone-alpes/puy-de-dome/f6fcdbc9-fe3d-4bac-ad1c-9b04f4a7151c,France services - Vic-le-Comte,official source: Annuaire de l'administration Service-public.fr
gerzat@ville-gerzat.fr,collectivite_administration,puy-de-dome,mairie collectivite,https://lannuaire.service-public.gouv.fr/auvergne-rhone-alpes/puy-de-dome/8311ef21-84a6-4613-9ab7-4a496701b179,Mairie - Gerzat,official source: Annuaire de l'administration Service-public.fr
grandrif.mairie@wanadoo.fr,collectivite_administration,puy-de-dome,mairie collectivite,https://lannuaire.service-public.gouv.fr/auvergne-rhone-alpes/puy-de-dome/bd6b3c8a-5c10-4e2f-a025-5908483e9e6a,Mairie - Grandrif,official source: Annuaire de l'administration Service-public.fr
info-mairie@mairie-vic-le-comte.fr,collectivite_administration,puy-de-dome,mairie collectivite,https://lannuaire.service-public.gouv.fr/auvergne-rhone-alpes/puy-de-dome/1e1e6991-8cf8-4242-9cbe-42f7abbcb6e5,Mairie - Vic-le-Comte,official source: Annuaire de l'administration Service-public.fr
job.mairie@wanadoo.fr,collectivite_administration,puy-de-dome,mairie collectivite,https://lannuaire.service-public.gouv.fr/auvergne-rhone-alpes/puy-de-dome/8e83f18e-4a55-4f5d-b16f-79239560c5a0,Mairie - Job,official source: Annuaire de l'administration Service-public.fr
jozerand@wanadoo.fr,collectivite_administration,puy-de-dome,mairie collectivite,https://lannuaire.service-public.gouv.fr/auvergne-rhone-alpes/puy-de-dome/deec5d6f-a2b7-45ff-8552-58ad46c8b68c,Mairie - Jozerand,official source: Annuaire de l'administration Service-public.fr
la-chapelle-agnon.mairie@wanadoo.fr,collectivite_administration,puy-de-dome,mairie collectivite,https://lannuaire.service-public.gouv.fr/auvergne-rhone-alpes/puy-de-dome/a4214775-fd52-4b09-a791-8a83a801158a,Mairie - La Chapelle-Agnon,official source: Annuaire de l'administration Service-public.fr
la-chaulme.mairie@wanadoo.fr,collectivite_administration,puy-de-dome,mairie collectivite,https://lannuaire.service-public.gouv.fr/auvergne-rhone-alpes/puy-de-dome/08bff354-a5f4-4b17-aede-27d493ebcaac,Mairie - La Chaulme,official source: Annuaire de l'administration Service-public.fr
latourauvergne.mairie@orange.fr,collectivite_administration,puy-de-dome,mairie collectivite,https://lannuaire.service-public.gouv.fr/auvergne-rhone-alpes/puy-de-dome/68e5b6b3-3e3b-4003-a0cb-6b6025b0d5fc,Centre communal d'action sociale (CCAS) - La Tour-d'Auvergne,official source: Annuaire de l'administration Service-public.fr
le-brugeron.mairie@wanadoo.fr,collectivite_administration,puy-de-dome,mairie collectivite,https://lannuaire.service-public.gouv.fr/auvergne-rhone-alpes/puy-de-dome/f2e66cd4-e3cb-4da6-9f04-5185eed42dac,Mairie - Le Brugeron,official source: Annuaire de l'administration Service-public.fr
le-monestier-mairie@wanadoo.fr,collectivite_administration,puy-de-dome,mairie collectivite,https://lannuaire.service-public.gouv.fr/auvergne-rhone-alpes/puy-de-dome/5571d624-b85c-4247-9f69-5d67281e57b2,Mairie - Le Monestier,official source: Annuaire de l'administration Service-public.fr
lespradeaux@wanadoo.fr,collectivite_administration,puy-de-dome,mairie collectivite,https://lannuaire.service-public.gouv.fr/auvergne-rhone-alpes/puy-de-dome/46980d5b-f434-41b9-beb1-7eda4cab9b8f,Mairie - Les Pradeaux,official source: Annuaire de l'administration Service-public.fr
m.puysaintgulmier@laposte.net,collectivite_administration,puy-de-dome,mairie collectivite,https://lannuaire.service-public.gouv.fr/auvergne-rhone-alpes/puy-de-dome/043a4f1b-4ca0-4e23-8d47-7bc470d5ff99,Mairie - Le Puy-Saint-Gulmier,official source: Annuaire de l'administration Service-public.fr
maire.augnat@wanadoo.fr,collectivite_administration,puy-de-dome,mairie collectivite,https://lannuaire.service-public.gouv.fr/auvergne-rhone-alpes/puy-de-dome/b30f259f-ae5b-4233-a008-baf88869ed87,Mairie - Augnat,official source: Annuaire de l'administration Service-public.fr
maire.de.glaine@orange.fr,collectivite_administration,puy-de-dome,mairie collectivite,https://lannuaire.service-public.gouv.fr/auvergne-rhone-alpes/puy-de-dome/53490686-a179-4616-956f-0a00dc138a37,Mairie - Glaine-Montaigut,official source: Annuaire de l'administration Service-public.fr
mairie-ars-les-favets@wanadoo.fr,collectivite_administration,puy-de-dome,mairie collectivite,https://lannuaire.service-public.gouv.fr/auvergne-rhone-alpes/puy-de-dome/3301484c-77ad-4166-aa31-7b74eb80ef46,Mairie - Ars-les-Favets,official source: Annuaire de l'administration Service-public.fr
mairie-champagnat-le-jeune@wanadoo.fr,collectivite_administration,puy-de-dome,mairie collectivite,https://lannuaire.service-public.gouv.fr/auvergne-rhone-alpes/puy-de-dome/79414401-a444-459e-b5e7-00d22df0231a,Mairie - Champagnat-le-Jeune,official source: Annuaire de l'administration Service-public.fr
mairie-cisternes@wanadoo.fr,collectivite_administration,puy-de-dome,mairie collectivite,https://lannuaire.service-public.gouv.fr/auvergne-rhone-alpes/puy-de-dome/f377a5a6-7b3f-4b2d-b939-926a01238b37,Mairie - Cisternes-la-Forêt,official source: Annuaire de l'administration Service-public.fr
mairie-clerlande@wanadoo.fr,collectivite_administration,puy-de-dome,mairie collectivite,https://lannuaire.service-public.gouv.fr/auvergne-rhone-alpes/puy-de-dome/dbfd7c51-27c1-4f68-b86d-9d7edb2aeab4,Mairie - Clerlande,official source: Annuaire de l'administration Service-public.fr
mairie-combrailles@orange.fr,collectivite_administration,puy-de-dome,mairie collectivite,https://lannuaire.service-public.gouv.fr/auvergne-rhone-alpes/puy-de-dome/2df7c058-6815-45b7-8a1e-7cf921c209cf,Mairie - Combrailles,official source: Annuaire de l'administration Service-public.fr
mairie-de-champs@wanadoo.fr,collectivite_administration,puy-de-dome,mairie collectivite,https://lannuaire.service-public.gouv.fr/auvergne-rhone-alpes/puy-de-dome/3565bc81-d2d8-44b2-bf8f-bdf5731fbd17,Mairie - Champs,official source: Annuaire de l'administration Service-public.fr
mairie-de-chassagne@wanadoo.fr,collectivite_administration,puy-de-dome,mairie collectivite,https://lannuaire.service-public.gouv.fr/auvergne-rhone-alpes/puy-de-dome/aaa9ee5d-9c03-46db-b037-610361839115,Mairie - Chassagne,official source: Annuaire de l'administration Service-public.fr
mairie-de-condat-en-combraille@orange.fr,collectivite_administration,puy-de-dome,mairie collectivite,https://lannuaire.service-public.gouv.fr/auvergne-rhone-alpes/puy-de-dome/79f2ff2b-5e5e-46fe-933c-962d6229ac91,Mairie - Condat-en-Combraille,official source: Annuaire de l'administration Service-public.fr
mairie-de-gelles@orange.fr,collectivite_administration,puy-de-dome,mairie collectivite,https://lannuaire.service-public.gouv.fr/auvergne-rhone-alpes/puy-de-dome/0ed5c4c2-a038-480b-88fb-207dd5132975,Mairie - Gelles,official source: Annuaire de l'administration Service-public.fr
mairie-de-la-cellette@wanadoo.fr,collectivite_administration,puy-de-dome,mairie collectivite,https://lannuaire.service-public.gouv.fr/auvergne-rhone-alpes/puy-de-dome/356d41b5-da01-4881-a375-f92b06fb3df3,Centre communal d'action sociale (CCAS) - La Cellette,official source: Annuaire de l'administration Service-public.fr
mairie-de-la-crouzille@wanadoo.fr,collectivite_administration,puy-de-dome,mairie collectivite,https://lannuaire.service-public.gouv.fr/auvergne-rhone-alpes/puy-de-dome/51a95a40-9995-42b6-96eb-914c3919828c,Mairie - La Crouzille,official source: Annuaire de l'administration Service-public.fr
mairie-de-saint-angel@wanadoo.fr,collectivite_administration,puy-de-dome,mairie collectivite,https://lannuaire.service-public.gouv.fr/auvergne-rhone-alpes/puy-de-dome/e6965a92-a797-4867-ab17-0ed9ddf6133e,Mairie - Saint-Angel,official source: Annuaire de l'administration Service-public.fr
mairie-de-st-alyre@wanadoo.fr,collectivite_administration,puy-de-dome,mairie collectivite,https://lannuaire.service-public.gouv.fr/auvergne-rhone-alpes/puy-de-dome/e59e6405-b954-4bce-8f4c-dd181f14f232,Mairie - Saint-Alyre-ès-Montagne,official source: Annuaire de l'administration Service-public.fr
mairie-de-st-gal-sur-sioule@wanadoo.fr,collectivite_administration,puy-de-dome,mairie collectivite,https://lannuaire.service-public.gouv.fr/auvergne-rhone-alpes/puy-de-dome/8dd1eed4-190b-4321-8060-504d53bb43ab,Mairie - Saint-Gal-sur-Sioule,official source: Annuaire de l'administration Service-public.fr
mairie-de-st-maurice-es-allier@wanadoo.fr,collectivite_administration,puy-de-dome,mairie collectivite,https://lannuaire.service-public.gouv.fr/auvergne-rhone-alpes/puy-de-dome/1781b84b-683a-4d19-a63c-292385537994,Mairie - Saint-Maurice-ès-Allier,official source: Annuaire de l'administration Service-public.fr
mairie-de-st-remy-de-blot@orange.fr,collectivite_administration,puy-de-dome,mairie collectivite,https://lannuaire.service-public.gouv.fr/auvergne-rhone-alpes/puy-de-dome/596d6fe9-be58-460a-ba9d-dfa2ce6918f5,Mairie - Saint-Rémy-de-Blot,official source: Annuaire de l'administration Service-public.fr
mairie-de-st-victor@orange.fr,collectivite_administration,puy-de-dome,mairie collectivite,https://lannuaire.service-public.gouv.fr/auvergne-rhone-alpes/puy-de-dome/abc84c97-6092-4d31-90ca-ff3c079c3315,Mairie - Saint-Victor-Montvianeix,official source: Annuaire de l'administration Service-public.fr
mairie-de-viscomtat@wanadoo.fr,collectivite_administration,puy-de-dome,mairie collectivite,https://lannuaire.service-public.gouv.fr/auvergne-rhone-alpes/puy-de-dome/3cd47a6d-f3b2-48b2-8138-203363d224b9,Mairie - Viscomtat,official source: Annuaire de l'administration Service-public.fr
mairie-espinasse.63@wanadoo.fr,collectivite_administration,puy-de-dome,mairie collectivite,https://lannuaire.service-public.gouv.fr/auvergne-rhone-alpes/puy-de-dome/f6f7ad63-1fce-4cd3-af92-86362c71c1bb,Mairie - Espinasse,official source: Annuaire de l'administration Service-public.fr
mairie-grandval@wanadoo.fr,collectivite_administration,puy-de-dome,mairie collectivite,https://lannuaire.service-public.gouv.fr/auvergne-rhone-alpes/puy-de-dome/bb070dbb-4544-4979-9a7c-fd73074f479c,Mairie - Grandval,official source: Annuaire de l'administration Service-public.fr
mairie-larocheblanchegergovie@orange.fr,collectivite_administration,puy-de-dome,mairie collectivite,https://lannuaire.service-public.gouv.fr/auvergne-rhone-alpes/puy-de-dome/2395c2fc-e045-4576-a803-a07a8a123a4b,Centre communal d'action sociale (CCAS) - La Roche-Blanche,official source: Annuaire de l'administration Service-public.fr
mairie-lempty@orange.fr,collectivite_administration,puy-de-dome,mairie collectivite,https://lannuaire.service-public.gouv.fr/auvergne-rhone-alpes/puy-de-dome/e8e72983-d5db-44b9-b8f7-981079b15432,Mairie - Lempty,official source: Annuaire de l'administration Service-public.fr
mairie-les-martres-dartiere@wanadoo.fr,collectivite_administration,puy-de-dome,mairie collectivite,https://lannuaire.service-public.gouv.fr/auvergne-rhone-alpes/puy-de-dome/0eab861d-5b97-4acf-9012-c94161615186,Mairie - Les Martres-d'Artière,official source: Annuaire de l'administration Service-public.fr
mairie-meilhaud@orange.fr,collectivite_administration,puy-de-dome,mairie collectivite,https://lannuaire.service-public.gouv.fr/auvergne-rhone-alpes/puy-de-dome/2b2023c1-a304-4f55-95b6-e3cbdb6c1e52,Mairie - Meilhaud,official source: Annuaire de l'administration Service-public.fr
mairie-messeix@wanadoo.fr,collectivite_administration,puy-de-dome,mairie collectivite,https://lannuaire.service-public.gouv.fr/auvergne-rhone-alpes/puy-de-dome/3ab8df5f-8918-464a-aa16-0d094a7598d7,Mairie - Messeix,official source: Annuaire de l'administration Service-public.fr
mairie-miremont@wanadoo.fr,collectivite_administration,puy-de-dome,mairie collectivite,https://lannuaire.service-public.gouv.fr/auvergne-rhone-alpes/puy-de-dome/ed193acb-49c6-43be-a0e6-55701eb21dba,Mairie - Miremont,official source: Annuaire de l'administration Service-public.fr
mairie-moriat@orange.fr,collectivite_administration,puy-de-dome,mairie collectivite,https://lannuaire.service-public.gouv.fr/auvergne-rhone-alpes/puy-de-dome/bc616b1a-9f6e-4552-add2-0fcbb99b9ab6,Mairie - Moriat,official source: Annuaire de l'administration Service-public.fr
mairie-moureuille@wanadoo.fr,collectivite_administration,puy-de-dome,mairie collectivite,https://lannuaire.service-public.gouv.fr/auvergne-rhone-alpes/puy-de-dome/090afd5d-6857-4daf-acf8-06e0204c7acd,Mairie - Moureuille,official source: Annuaire de l'administration Service-public.fr
mairie-olmet63@orange.fr,collectivite_administration,puy-de-dome,mairie collectivite,https://lannuaire.service-public.gouv.fr/auvergne-rhone-alpes/puy-de-dome/72ff0ce4-158b-48a9-a011-3f91c13dd6ab,Mairie - Olmet,official source: Annuaire de l'administration Service-public.fr
mairie-sauxillanges@wanadoo.fr,collectivite_administration,puy-de-dome,mairie collectivite,https://lannuaire.service-public.gouv.fr/auvergne-rhone-alpes/puy-de-dome/c1548aec-75fa-4f62-bba3-a19ad364f749,Centre communal d'action sociale (CCAS) - Sauxillanges,official source: Annuaire de l'administration Service-public.fr
mairie-savennes-63@wanadoo.fr,collectivite_administration,puy-de-dome,mairie collectivite,https://lannuaire.service-public.gouv.fr/auvergne-rhone-alpes/puy-de-dome/df3e7c63-044a-413d-be81-80c71519aa8c,Mairie - Savennes,official source: Annuaire de l'administration Service-public.fr
mairie-singles@orange.fr,collectivite_administration,puy-de-dome,mairie collectivite,https://lannuaire.service-public.gouv.fr/auvergne-rhone-alpes/puy-de-dome/41d1f6e9-3b6d-4d94-a1cf-a13943b91fc8,Mairie - Singles,official source: Annuaire de l'administration Service-public.fr
mairie-st-clement-de-regnat@wanadoo.fr,collectivite_administration,puy-de-dome,mairie collectivite,https://lannuaire.service-public.gouv.fr/auvergne-rhone-alpes/puy-de-dome/ef416dd6-bda8-45d9-827f-c474da42090b,Mairie - Saint-Clément-de-Régnat,official source: Annuaire de l'administration Service-public.fr
mairie-st-dier@wanadoo.fr,collectivite_administration,puy-de-dome,mairie collectivite,https://lannuaire.service-public.gouv.fr/auvergne-rhone-alpes/puy-de-dome/dcc8d402-9f21-49ca-ba29-62327bbb0bb1,Mairie - Saint-Dier-d'Auvergne,official source: Annuaire de l'administration Service-public.fr
mairie-st-pierre-colamine@wanadoo.fr,collectivite_administration,puy-de-dome,mairie collectivite,https://lannuaire.service-public.gouv.fr/auvergne-rhone-alpes/puy-de-dome/a3231e16-5280-4702-a8c4-f425d68341d6,Mairie - Saint-Pierre-Colamine,official source: Annuaire de l'administration Service-public.fr
mairie-st-pierre-le-chastel@orange.fr,collectivite_administration,puy-de-dome,mairie collectivite,https://lannuaire.service-public.gouv.fr/auvergne-rhone-alpes/puy-de-dome/f6aaace4-d85d-4ebf-a531-207155921be8,Mairie - Saint-Pierre-le-Chastel,official source: Annuaire de l'administration Service-public.fr
mairie-st-sauveur-la-sagne@orange.fr,collectivite_administration,puy-de-dome,mairie collectivite,https://lannuaire.service-public.gouv.fr/auvergne-rhone-alpes/puy-de-dome/afde670b-1656-44fb-95d4-cd9c9e49b24d,Mairie - Saint-Sauveur-la-Sagne,official source: Annuaire de l'administration Service-public.fr
mairie-sugeres@orange.fr,collectivite_administration,puy-de-dome,mairie collectivite,https://lannuaire.service-public.gouv.fr/auvergne-rhone-alpes/puy-de-dome/c49a3ce0-4f9f-4918-9553-c627d9b7dbe0,Mairie - Sugères,official source: Annuaire de l'administration Service-public.fr
mairie-usson@wanadoo.fr,collectivite_administration,puy-de-dome,mairie collectivite,https://lannuaire.service-public.gouv.fr/auvergne-rhone-alpes/puy-de-dome/61c52ba2-1e1e-4834-ac49-5d5172fcdec7,Mairie - Usson,official source: Annuaire de l'administration Service-public.fr
mairie-vergheas@wanadoo.fr,collectivite_administration,puy-de-dome,mairie collectivite,https://lannuaire.service-public.gouv.fr/auvergne-rhone-alpes/puy-de-dome/c4e14bcc-1c4d-47b2-af64-a1dc29b08b36,Mairie - Vergheas,official source: Annuaire de l'administration Service-public.fr
mairie-villeneuve-les-cerfs@orange.fr,collectivite_administration,puy-de-dome,mairie collectivite,https://lannuaire.service-public.gouv.fr/auvergne-rhone-alpes/puy-de-dome/d143968c-affd-48d4-a275-530b1655efde,Mairie - Villeneuve-les-Cerfs,official source: Annuaire de l'administration Service-public.fr
mairie-virlet@wanadoo.fr,collectivite_administration,puy-de-dome,mairie collectivite,https://lannuaire.service-public.gouv.fr/auvergne-rhone-alpes/puy-de-dome/e3288f0d-f713-404a-91a1-91437286cf73,Mairie - Virlet,official source: Annuaire de l'administration Service-public.fr
mairie-voingt63@wanadoo.fr,collectivite_administration,puy-de-dome,mairie collectivite,https://lannuaire.service-public.gouv.fr/auvergne-rhone-alpes/puy-de-dome/82490575-02a7-4be4-98af-833228e3b38c,Mairie - Voingt,official source: Annuaire de l'administration Service-public.fr
mairie.antoingt1@orange.fr,collectivite_administration,puy-de-dome,mairie collectivite,https://lannuaire.service-public.gouv.fr/auvergne-rhone-alpes/puy-de-dome/cf957382-cf58-49e4-b6d0-08ccf9729f77,Mairie - Antoingt,official source: Annuaire de l'administration Service-public.fr
mairie.apchat@orange.fr,collectivite_administration,puy-de-dome,mairie collectivite,https://lannuaire.service-public.gouv.fr/auvergne-rhone-alpes/puy-de-dome/de792d25-8b04-4ba5-9bef-d049822bee7a,Mairie - Apchat,official source: Annuaire de l'administration Service-public.fr
mairie.aubiere@ville-aubiere.fr,collectivite_administration,puy-de-dome,mairie collectivite,https://lannuaire.service-public.gouv.fr/auvergne-rhone-alpes/puy-de-dome/26e3f2ed-375d-4379-aa67-bacdbf4f96b0,Mairie - Aubière,official source: Annuaire de l'administration Service-public.fr
mairie.aulhatflat@gmail.com,collectivite_administration,puy-de-dome,mairie collectivite,https://lannuaire.service-public.gouv.fr/auvergne-rhone-alpes/puy-de-dome/d414127b-4544-4b21-8cc2-13faaae73544,Mairie - Aulhat-Flat,official source: Annuaire de l'administration Service-public.fr
mairie.aurieres@orange.fr,collectivite_administration,puy-de-dome,mairie collectivite,https://lannuaire.service-public.gouv.fr/auvergne-rhone-alpes/puy-de-dome/96777ef1-1f98-41da-ba53-74b8182ce601,Mairie - Aurières,official source: Annuaire de l'administration Service-public.fr
mairie.bagnols63@wanadoo.fr,collectivite_administration,puy-de-dome,mairie collectivite,https://lannuaire.service-public.gouv.fr/auvergne-rhone-alpes/puy-de-dome/b1473c04-ce8b-4ace-8f41-015e409db225,Mairie - Bagnols,official source: Annuaire de l'administration Service-public.fr
mairie.beauregard.leveque@wanadoo.fr,collectivite_administration,puy-de-dome,mairie collectivite,https://lannuaire.service-public.gouv.fr/auvergne-rhone-alpes/puy-de-dome/9376f606-9747-4fa3-b306-84ec9b31138e,Centre communal d'action sociale (CCAS) - Beauregard-l'Évêque,official source: Annuaire de l'administration Service-public.fr
mairie.bourg.lastic@orange.fr,collectivite_administration,puy-de-dome,mairie collectivite,https://lannuaire.service-public.gouv.fr/auvergne-rhone-alpes/puy-de-dome/3ce605b1-b584-41a6-a1dd-34432b3547ec,Mairie - Bourg-Lastic,official source: Annuaire de l'administration Service-public.fr
mairie.brassac@orange.fr,collectivite_administration,puy-de-dome,mairie collectivite,https://lannuaire.service-public.gouv.fr/auvergne-rhone-alpes/puy-de-dome/6abd4369-0ad1-4c3a-850c-3c76d2880b13,Mairie - Brassac-les-Mines,official source: Annuaire de l'administration Service-public.fr
mairie.briffons@wanadoo.fr,collectivite_administration,puy-de-dome,mairie collectivite,https://lannuaire.service-public.gouv.fr/auvergne-rhone-alpes/puy-de-dome/b78cbc20-0671-4433-a5d5-43d2e38eb83c,Mairie - Briffons,official source: Annuaire de l'administration Service-public.fr
mairie.busseol@orange.fr,collectivite_administration,puy-de-dome,mairie collectivite,https://lannuaire.service-public.gouv.fr/auvergne-rhone-alpes/puy-de-dome/21a05f96-c017-4a0c-8db2-a2f37ff234e8,Mairie - Busséol,official source: Annuaire de l'administration Service-public.fr
mairie.bussierespruns@orange.fr,collectivite_administration,puy-de-dome,mairie collectivite,https://lannuaire.service-public.gouv.fr/auvergne-rhone-alpes/puy-de-dome/1d96d44c-1360-4219-9fe1-b8a96e25bd0b,Mairie - Bussières-et-Pruns,official source: Annuaire de l'administration Service-public.fr
mairie.buxieressousmontaigut@wanadoo.fr,collectivite_administration,puy-de-dome,mairie collectivite,https://lannuaire.service-public.gouv.fr/auvergne-rhone-alpes/puy-de-dome/bb0a8db9-229f-4f51-8b64-34bbea91d8d2,Mairie - Buxières-sous-Montaigut,official source: Annuaire de l'administration Service-public.fr
mairie.ceyssat@wanadoo.fr,collectivite_administration,puy-de-dome,mairie collectivite,https://lannuaire.service-public.gouv.fr/auvergne-rhone-alpes/puy-de-dome/c89fc11d-dbac-4210-b87f-277e5882d9b1,Mairie - Ceyssat,official source: Annuaire de l'administration Service-public.fr
mairie.chadeleuf@gmail.com,collectivite_administration,puy-de-dome,mairie collectivite,https://lannuaire.service-public.gouv.fr/auvergne-rhone-alpes/puy-de-dome/7d1e3b62-c351-4e4f-bc88-71ae4e45527a,Mairie - Chadeleuf,official source: Annuaire de l'administration Service-public.fr
mairie.chalus.63@wanadoo.fr,collectivite_administration,puy-de-dome,mairie collectivite,https://lannuaire.service-public.gouv.fr/auvergne-rhone-alpes/puy-de-dome/6ed445d2-7152-4b4e-b7f4-252f04136767,Mairie - Chalus,official source: Annuaire de l'administration Service-public.fr
mairie.chameane@orange.fr,collectivite_administration,puy-de-dome,mairie collectivite,https://lannuaire.service-public.gouv.fr/auvergne-rhone-alpes/puy-de-dome/a8faeedf-0e96-42b1-94f2-542604a1a781,Mairie déléguée - Chaméane,official source: Annuaire de l'administration Service-public.fr
mairie.chaptuzat@wanadoo.fr,collectivite_administration,puy-de-dome,mairie collectivite,https://lannuaire.service-public.gouv.fr/auvergne-rhone-alpes/puy-de-dome/994e9960-bedd-4661-9587-f08317fb83c7,Mairie - Chaptuzat,official source: Annuaire de l'administration Service-public.fr
mairie.charbonnier63340@orange.fr,collectivite_administration,puy-de-dome,mairie collectivite,https://lannuaire.service-public.gouv.fr/auvergne-rhone-alpes/puy-de-dome/2a69d58b-cd50-4c3a-b0da-e44ef3b2b614,Mairie - Charbonnier-les-Mines,official source: Annuaire de l'administration Service-public.fr
mairie.charensat.63@wanadoo.fr,collectivite_administration,puy-de-dome,mairie collectivite,https://lannuaire.service-public.gouv.fr/auvergne-rhone-alpes/puy-de-dome/45470687-75ab-4c1f-9a0a-481a90ab20aa,Mairie - Charensat,official source: Annuaire de l'administration Service-public.fr
mairie.chavaroux@orange.fr,collectivite_administration,puy-de-dome,mairie collectivite,https://lannuaire.service-public.gouv.fr/auvergne-rhone-alpes/puy-de-dome/c65f4e58-7d7e-421d-bc4b-966b509de680,Mairie - Chavaroux,official source: Annuaire de l'administration Service-public.fr
mairie.compains@wanadoo.fr,collectivite_administration,puy-de-dome,mairie collectivite,https://lannuaire.service-public.gouv.fr/auvergne-rhone-alpes/puy-de-dome/04f55305-d217-460d-acdf-24868da01526,Mairie - Compains,official source: Annuaire de l'administration Service-public.fr
mairie.courgoul@wanadoo.fr,collectivite_administration,puy-de-dome,mairie collectivite,https://lannuaire.service-public.gouv.fr/auvergne-rhone-alpes/puy-de-dome/234f4875-d191-4a2b-8f69-46c18c3bd76f,Mairie - Courgoul,official source: Annuaire de l'administration Service-public.fr
mairie.cournols@orange.fr,collectivite_administration,puy-de-dome,mairie collectivite,https://lannuaire.service-public.gouv.fr/auvergne-rhone-alpes/puy-de-dome/6c13dcae-04ea-4485-a9f9-ef7fe45a4419,Mairie - Cournols,official source: Annuaire de l'administration Service-public.fr
mairie.dauzatsurvodable@orange.fr,collectivite_administration,puy-de-dome,mairie collectivite,https://lannuaire.service-public.gouv.fr/auvergne-rhone-alpes/puy-de-dome/a0f48d74-ca5d-456b-96eb-d0b67335637f,Mairie - Dauzat-sur-Vodable,official source: Annuaire de l'administration Service-public.fr
mairie.davayat@wanadoo.fr,collectivite_administration,puy-de-dome,mairie collectivite,https://lannuaire.service-public.gouv.fr/auvergne-rhone-alpes/puy-de-dome/1c0dd9fc-f18d-4bab-83f3-557731450fd6,Mairie - Davayat,official source: Annuaire de l'administration Service-public.fr
mairie.de.lisseuil@orange.fr,collectivite_administration,puy-de-dome,mairie collectivite,https://lannuaire.service-public.gouv.fr/auvergne-rhone-alpes/puy-de-dome/20e7c1b4-43e1-46b0-861e-687eea455c56,Mairie - Lisseuil,official source: Annuaire de l'administration Service-public.fr
mairie.de.pouzol@sfr.fr,collectivite_administration,puy-de-dome,mairie collectivite,https://lannuaire.service-public.gouv.fr/auvergne-rhone-alpes/puy-de-dome/0cb46bcd-d876-4b86-b6e8-f24b9e1fa96d,Mairie - Pouzol,official source: Annuaire de l'administration Service-public.fr
mairie.de.villossanges@wanadoo.fr,collectivite_administration,puy-de-dome,mairie collectivite,https://lannuaire.service-public.gouv.fr/auvergne-rhone-alpes/puy-de-dome/6f76b46e-bb86-4374-8cdf-c032da29410f,Mairie - Villossanges,official source: Annuaire de l'administration Service-public.fr
mairie.domaize@wanadoo.fr,collectivite_administration,puy-de-dome,mairie collectivite,https://lannuaire.service-public.gouv.fr/auvergne-rhone-alpes/puy-de-dome/e94383df-6a2a-4e91-b129-1043c53029d6,Mairie - Domaize,official source: Annuaire de l'administration Service-public.fr
mairie.dorat@wanadoo.fr,collectivite_administration,puy-de-dome,mairie collectivite,https://lannuaire.service-public.gouv.fr/auvergne-rhone-alpes/puy-de-dome/f7626161-235a-4176-a1a5-2c028ea7bae3,Mairie - Dorat,official source: Annuaire de l'administration Service-public.fr
mairie.durtol@wanadoo.fr,collectivite_administration,puy-de-dome,mairie collectivite,https://lannuaire.service-public.gouv.fr/auvergne-rhone-alpes/puy-de-dome/9ae07dc8-0c55-4820-b32d-10c55575c738,Mairie - Durtol,official source: Annuaire de l'administration Service-public.fr
mairie.egliseneuvedesliards@wanadoo.fr,collectivite_administration,puy-de-dome,mairie collectivite,https://lannuaire.service-public.gouv.fr/auvergne-rhone-alpes/puy-de-dome/e659981f-c052-4319-b5cc-d98d78a36471,Mairie - Égliseneuve-des-Liards,official source: Annuaire de l'administration Service-public.fr
mairie.entraigues@free.fr,collectivite_administration,puy-de-dome,mairie collectivite,https://lannuaire.service-public.gouv.fr/auvergne-rhone-alpes/puy-de-dome/03845a72-d3a3-4fee-8344-76ee741ab9b1,Mairie - Entraigues,official source: Annuaire de l'administration Service-public.fr
mairie.enval@orange.fr,collectivite_administration,puy-de-dome,mairie collectivite,https://lannuaire.service-public.gouv.fr/auvergne-rhone-alpes/puy-de-dome/a0a405bc-c47c-4f05-8105-1aaf1a9d0587,Mairie - Enval,official source: Annuaire de l'administration Service-public.fr
mairie.espinchal@orange.fr,collectivite_administration,puy-de-dome,mairie collectivite,https://lannuaire.service-public.gouv.fr/auvergne-rhone-alpes/puy-de-dome/c9a96346-55e3-40b9-9434-dec5511af174,Mairie - Espinchal,official source: Annuaire de l'administration Service-public.fr
mairie.estandeuil@orange.fr,collectivite_administration,puy-de-dome,mairie collectivite,https://lannuaire.service-public.gouv.fr/auvergne-rhone-alpes/puy-de-dome/a2caeeca-47d6-4638-ade3-2b107dd5ec0f,Mairie - Estandeuil,official source: Annuaire de l'administration Service-public.fr
mairie.fernoel@wanadoo.fr,collectivite_administration,puy-de-dome,mairie collectivite,https://lannuaire.service-public.gouv.fr/auvergne-rhone-alpes/puy-de-dome/3107eeda-cbb4-4014-a826-e296616d4e1f,Mairie - Fernoël,official source: Annuaire de l'administration Service-public.fr
mairie.herment@wanadoo.fr,collectivite_administration,puy-de-dome,mairie collectivite,https://lannuaire.service-public.gouv.fr/auvergne-rhone-alpes/puy-de-dome/583225c9-97a0-437b-8a9d-3d983470eaf6,Mairie - Herment,official source: Annuaire de l'administration Service-public.fr
mairie.heume-eglise@orange.fr,collectivite_administration,puy-de-dome,mairie collectivite,https://lannuaire.service-public.gouv.fr/auvergne-rhone-alpes/puy-de-dome/e9fc95aa-2908-46bd-aa1a-a8e46f1ad276,Mairie - Heume-l'Église,official source: Annuaire de l'administration Service-public.fr
mairie.isserteaux@wanadoo.fr,collectivite_administration,puy-de-dome,mairie collectivite,https://lannuaire.service-public.gouv.fr/auvergne-rhone-alpes/puy-de-dome/9516268a-c453-4f71-bd26-d406c9c6f2d0,Mairie - Isserteaux,official source: Annuaire de l'administration Service-public.fr
mairie.joze@orange.fr,collectivite_administration,puy-de-dome,mairie collectivite,https://lannuaire.service-public.gouv.fr/auvergne-rhone-alpes/puy-de-dome/61f268af-c94b-4c06-8cf5-464044014afc,Mairie - Joze,official source: Annuaire de l'administration Service-public.fr
mairie.la-forie@wanadoo.fr,collectivite_administration,puy-de-dome,mairie collectivite,https://lannuaire.service-public.gouv.fr/auvergne-rhone-alpes/puy-de-dome/48c8b6f1-d2d1-4312-989b-86aef5759518,Mairie - La Forie,official source: Annuaire de l'administration Service-public.fr
mairie.lachapellemarcousse@wanadoo.fr,collectivite_administration,puy-de-dome,mairie collectivite,https://lannuaire.service-public.gouv.fr/auvergne-rhone-alpes/puy-de-dome/b315457d-3c08-4faf-ae2b-d81916d5723f,Mairie - La Chapelle-Marcousse,official source: Annuaire de l'administration Service-public.fr
mairie.lagodivelle@orange.fr,collectivite_administration,puy-de-dome,mairie collectivite,https://lannuaire.service-public.gouv.fr/auvergne-rhone-alpes/puy-de-dome/e5727966-7f01-48a5-a9cd-59397bd19ca9,Mairie - La Godivelle,official source: Annuaire de l'administration Service-public.fr
mairie.lamontgie@wanadoo.fr,collectivite_administration,puy-de-dome,mairie collectivite,https://lannuaire.service-public.gouv.fr/auvergne-rhone-alpes/puy-de-dome/3c3de1ad-3304-48c5-904e-74958bea9e40,Mairie - Lamontgie,official source: Annuaire de l'administration Service-public.fr
mairie.landogne@orange.fr,collectivite_administration,puy-de-dome,mairie collectivite,https://lannuaire.service-public.gouv.fr/auvergne-rhone-alpes/puy-de-dome/1f9f4c4e-02bf-476a-a98f-61d69c754cf3,Mairie - Landogne,official source: Annuaire de l'administration Service-public.fr
mairie.lapeyrouse63700@gmail.com,collectivite_administration,puy-de-dome,mairie collectivite,https://lannuaire.service-public.gouv.fr/auvergne-rhone-alpes/puy-de-dome/7da45a55-959b-42b8-a749-7386dd4c5cb4,Mairie - Lapeyrouse,official source: Annuaire de l'administration Service-public.fr
mairie.larodde@gmail.com,collectivite_administration,puy-de-dome,mairie collectivite,https://lannuaire.service-public.gouv.fr/auvergne-rhone-alpes/puy-de-dome/b851a029-9eed-4281-91aa-3568078c8328,Mairie - Larodde,official source: Annuaire de l'administration Service-public.fr
mairie.lasauvetat63@wanadoo.fr,collectivite_administration,puy-de-dome,mairie collectivite,https://lannuaire.service-public.gouv.fr/auvergne-rhone-alpes/puy-de-dome/70963373-c43e-4b21-8c51-c2d5a220d24e,Mairie - La Sauvetat,official source: Annuaire de l'administration Service-public.fr
mairie.lastic@orange.fr,collectivite_administration,puy-de-dome,mairie collectivite,https://lannuaire.service-public.gouv.fr/auvergne-rhone-alpes/puy-de-dome/ff8362ce-3de8-4109-81b0-2d75a73d6e18,Mairie - Lastic,official source: Annuaire de l'administration Service-public.fr
mairie.le.quartier@wanadoo.fr,collectivite_administration,puy-de-dome,mairie collectivite,https://lannuaire.service-public.gouv.fr/auvergne-rhone-alpes/puy-de-dome/8b464987-de56-4fa8-8e29-b99a776e28b6,Mairie - Le Quartier,official source: Annuaire de l'administration Service-public.fr
mairie.levernetchameane@orange.fr,collectivite_administration,puy-de-dome,mairie collectivite,https://lannuaire.service-public.gouv.fr/auvergne-rhone-alpes/puy-de-dome/7a3a725b-a379-4d13-a8e2-ec92e19ce95f,Mairie - Le Vernet-Chaméane,official source: Annuaire de l'administration Service-public.fr
mairie.ludesse@wanadoo.fr,collectivite_administration,puy-de-dome,mairie collectivite,https://lannuaire.service-public.gouv.fr/auvergne-rhone-alpes/puy-de-dome/99a703c3-3e3a-4239-80bf-9eea4eda9476,Mairie - Ludesse,official source: Annuaire de l'administration Service-public.fr
mairie.lussat63@wanadoo.fr,collectivite_administration,puy-de-dome,mairie collectivite,https://lannuaire.service-public.gouv.fr/auvergne-rhone-alpes/puy-de-dome/aa1730d7-0a25-4de0-8c21-01cf4b7f0b2b,Mairie - Lussat,official source: Annuaire de l'administration Service-public.fr
mairie.madriat@orange.fr,collectivite_administration,puy-de-dome,mairie collectivite,https://lannuaire.service-public.gouv.fr/auvergne-rhone-alpes/puy-de-dome/67f5afe3-d606-4d34-9a9f-2ac706b8105e,Mairie - Madriat,official source: Annuaire de l'administration Service-public.fr
mairie.malauzat@wanadoo.fr,collectivite_administration,puy-de-dome,mairie collectivite,https://lannuaire.service-public.gouv.fr/auvergne-rhone-alpes/puy-de-dome/e85a064f-e530-40f5-ae7c-cf0b0f5006b3,Mairie - Malauzat,official source: Annuaire de l'administration Service-public.fr
mairie.manglieu@wanadoo.fr,collectivite_administration,puy-de-dome,mairie collectivite,https://lannuaire.service-public.gouv.fr/auvergne-rhone-alpes/puy-de-dome/c0a36a19-af0b-4c9e-8048-f0cee30594f5,Mairie - Manglieu,official source: Annuaire de l'administration Service-public.fr
mairie.mareugheol@wanadoo.fr,collectivite_administration,puy-de-dome,mairie collectivite,https://lannuaire.service-public.gouv.fr/auvergne-rhone-alpes/puy-de-dome/b4ebcd10-8a2b-4eb7-a532-fdd73040df39,Mairie - Mareugheol,official source: Annuaire de l'administration Service-public.fr
mairie.marsac@cc-livradois.fr,collectivite_administration,puy-de-dome,mairie collectivite,https://lannuaire.service-public.gouv.fr/auvergne-rhone-alpes/puy-de-dome/0f12cfc5-f183-43c2-8174-a1a2903ae9f1,Mairie - Marsac-en-Livradois,official source: Annuaire de l'administration Service-public.fr
mairie.mauzun@orange.fr,collectivite_administration,puy-de-dome,mairie collectivite,https://lannuaire.service-public.gouv.fr/auvergne-rhone-alpes/puy-de-dome/0ddad4ac-f5c8-44ab-aaec-cd2eeacfb8e7,Mairie - Mauzun,official source: Annuaire de l'administration Service-public.fr
mairie.mazayes@orange.fr,collectivite_administration,puy-de-dome,mairie collectivite,https://lannuaire.service-public.gouv.fr/auvergne-rhone-alpes/puy-de-dome/6286d726-eb1f-4d59-be1a-c8894c547672,Mairie - Mazaye,official source: Annuaire de l'administration Service-public.fr
mairie.menetrol@menetrol.fr,collectivite_administration,puy-de-dome,mairie collectivite,https://lannuaire.service-public.gouv.fr/auvergne-rhone-alpes/puy-de-dome/535fe480-6374-43d0-8530-43f752f7cd70,Mairie - Ménétrol,official source: Annuaire de l'administration Service-public.fr
mairie.mlquaire@wanadoo.fr,collectivite_administration,puy-de-dome,mairie collectivite,https://lannuaire.service-public.gouv.fr/auvergne-rhone-alpes/puy-de-dome/e3bfa0cb-9f7e-4520-a3da-af875277440d,Mairie - Murat-le-Quaire,official source: Annuaire de l'administration Service-public.fr
mairie.moissat@orange.fr,collectivite_administration,puy-de-dome,mairie collectivite,https://lannuaire.service-public.gouv.fr/auvergne-rhone-alpes/puy-de-dome/5c464758-d8c2-4267-90b6-cb49f964cd61,Mairie - Moissat,official source: Annuaire de l'administration Service-public.fr
mairie.montaigutleblanc@gmail.com,collectivite_administration,puy-de-dome,mairie collectivite,https://lannuaire.service-public.gouv.fr/auvergne-rhone-alpes/puy-de-dome/bf04a4eb-abf3-44f5-82e8-0e57696406c7,Mairie - Montaigut-le-Blanc,official source: Annuaire de l'administration Service-public.fr
mairie.montel@orange.fr,collectivite_administration,puy-de-dome,mairie collectivite,https://lannuaire.service-public.gouv.fr/auvergne-rhone-alpes/puy-de-dome/313d86d7-f053-4b66-9d49-6f0ed6231c7e,Mairie - Montel-de-Gelat,official source: Annuaire de l'administration Service-public.fr
mairie.montpensier@wanadoo.fr,collectivite_administration,puy-de-dome,mairie collectivite,https://lannuaire.service-public.gouv.fr/auvergne-rhone-alpes/puy-de-dome/f926cb3f-0f4c-435b-bd1e-5d7b1f0a19a8,Mairie - Montpensier,official source: Annuaire de l'administration Service-public.fr
mairie.murol@wanadoo.fr,collectivite_administration,puy-de-dome,mairie collectivite,https://lannuaire.service-public.gouv.fr/auvergne-rhone-alpes/puy-de-dome/a432f565-772f-4c47-b8d9-6013b1505b1b,Mairie - Murol,official source: Annuaire de l'administration Service-public.fr
mairie.neronde-sur-dore@wanadoo.fr,collectivite_administration,puy-de-dome,mairie collectivite,https://lannuaire.service-public.gouv.fr/auvergne-rhone-alpes/puy-de-dome/fac5384a-3564-46f0-87b5-77b888eb015e,Mairie - Néronde-sur-Dore,official source: Annuaire de l'administration Service-public.fr
mairie.neuville63@orange.fr,collectivite_administration,puy-de-dome,mairie collectivite,https://lannuaire.service-public.gouv.fr/auvergne-rhone-alpes/puy-de-dome/0f98249c-3e0e-41c5-98c7-4365bd88c3f8,Mairie - Neuville,official source: Annuaire de l'administration Service-public.fr
mairie.noalhat@wanadoo.fr,collectivite_administration,puy-de-dome,mairie collectivite,https://lannuaire.service-public.gouv.fr/auvergne-rhone-alpes/puy-de-dome/e3777bb3-701f-4f66-a909-dc096f739ceb,Mairie - Noalhat,official source: Annuaire de l'administration Service-public.fr
mairie.orbeil@wanadoo.fr,collectivite_administration,puy-de-dome,mairie collectivite,https://lannuaire.service-public.gouv.fr/auvergne-rhone-alpes/puy-de-dome/429c1298-4cb6-4372-a37d-f23fe480404b,Mairie - Orbeil,official source: Annuaire de l'administration Service-public.fr
mairie.orcival@hotmail.fr,collectivite_administration,puy-de-dome,mairie collectivite,https://lannuaire.service-public.gouv.fr/auvergne-rhone-alpes/puy-de-dome/a6b19fa4-a5b9-4331-a9b5-6336ca9b0797,Mairie - Orcival,official source: Annuaire de l'administration Service-public.fr
mairie.pardines@gmail.com,collectivite_administration,puy-de-dome,mairie collectivite,https://lannuaire.service-public.gouv.fr/auvergne-rhone-alpes/puy-de-dome/47f83e81-bd30-4575-9ca3-ebc00c5e0c8a,Mairie - Pardines,official source: Annuaire de l'administration Service-public.fr
mairie.parentignat@orange.fr,collectivite_administration,puy-de-dome,mairie collectivite,https://lannuaire.service-public.gouv.fr/auvergne-rhone-alpes/puy-de-dome/0db3de3f-140c-40c8-b40f-872c34ef3a07,Mairie - Parentignat,official source: Annuaire de l'administration Service-public.fr
mairie.perignat@gmail.com,collectivite_administration,puy-de-dome,mairie collectivite,https://lannuaire.service-public.gouv.fr/auvergne-rhone-alpes/puy-de-dome/90d94cfb-a5ff-4599-9bc9-64fb4b278df7,Mairie - Pérignat-ès-Allier,official source: Annuaire de l'administration Service-public.fr
mairie.perpezat@wanadoo.fr,collectivite_administration,puy-de-dome,mairie collectivite,https://lannuaire.service-public.gouv.fr/auvergne-rhone-alpes/puy-de-dome/bdab95c9-a989-48af-8a8d-efddd5908224,Mairie - Perpezat,official source: Annuaire de l'administration Service-public.fr
mairie.peslieres022@orange.fr,collectivite_administration,puy-de-dome,mairie collectivite,https://lannuaire.service-public.gouv.fr/auvergne-rhone-alpes/puy-de-dome/d1f14ebf-7cc3-4307-a9a9-c470cf3277e1,Mairie - Peslières,official source: Annuaire de l'administration Service-public.fr
mairie.pessatvilleneuve@orange.fr,collectivite_administration,puy-de-dome,mairie collectivite,https://lannuaire.service-public.gouv.fr/auvergne-rhone-alpes/puy-de-dome/5d60015c-efe6-4784-a555-bbd46c084482,Mairie - Pessat-Villeneuve,official source: Annuaire de l'administration Service-public.fr
mairie.pignols@orange.fr,collectivite_administration,puy-de-dome,mairie collectivite,https://lannuaire.service-public.gouv.fr/auvergne-rhone-alpes/puy-de-dome/3ea8a7e9-585c-4add-a514-61e8bf53e11d,Mairie - Pignols,official source: Annuaire de l'administration Service-public.fr
mairie.pionsat.63@wanadoo.fr,collectivite_administration,puy-de-dome,mairie collectivite,https://lannuaire.service-public.gouv.fr/auvergne-rhone-alpes/puy-de-dome/9db3cb45-686c-4c62-9228-e95a12539b7e,Mairie - Pionsat,official source: Annuaire de l'administration Service-public.fr
mairie.pontaumur@wanadoo.fr,collectivite_administration,puy-de-dome,mairie collectivite,https://lannuaire.service-public.gouv.fr/auvergne-rhone-alpes/puy-de-dome/80981ab9-6139-4a6a-9fc8-883be1d56c02,Centre communal d'action sociale (CCAS) - Pontaumur,official source: Annuaire de l'administration Service-public.fr
mairie.pontgibaud@orange.fr,collectivite_administration,puy-de-dome,mairie collectivite,https://lannuaire.service-public.gouv.fr/auvergne-rhone-alpes/puy-de-dome/50eced92-fbe1-461d-a73f-c1206c7bff8d,Centre communal d'action sociale (CCAS) - Pontgibaud,official source: Annuaire de l'administration Service-public.fr
mairie.priest.champs@wanadoo.fr,collectivite_administration,puy-de-dome,mairie collectivite,https://lannuaire.service-public.gouv.fr/auvergne-rhone-alpes/puy-de-dome/3a646da4-1c30-4248-b5e0-4a78d5a48e98,Mairie - Saint-Priest-des-Champs,official source: Annuaire de l'administration Service-public.fr
mairie.prompsat@wanadoo.fr,collectivite_administration,puy-de-dome,mairie collectivite,https://lannuaire.service-public.gouv.fr/auvergne-rhone-alpes/puy-de-dome/58225f1c-ab82-4ab3-8afd-86587edfab8e,Mairie - Prompsat,official source: Annuaire de l'administration Service-public.fr
mairie.pulverieres@wanadoo.fr,collectivite_administration,puy-de-dome,mairie collectivite,https://lannuaire.service-public.gouv.fr/auvergne-rhone-alpes/puy-de-dome/9f142bbb-ec27-4454-9b05-81281bba2fa6,Mairie - Pulvérières,official source: Annuaire de l'administration Service-public.fr
mairie.rentieres@wanadoo.fr,collectivite_administration,puy-de-dome,mairie collectivite,https://lannuaire.service-public.gouv.fr/auvergne-rhone-alpes/puy-de-dome/19adab97-8a05-496c-9175-af0d05e974cc,Mairie - Rentières,official source: Annuaire de l'administration Service-public.fr
mairie.rochedagoux@orange.fr,collectivite_administration,puy-de-dome,mairie collectivite,https://lannuaire.service-public.gouv.fr/auvergne-rhone-alpes/puy-de-dome/6e69c512-f21c-4d2f-9abd-c030d57a05e6,Mairie - Roche-d'Agoux,official source: Annuaire de l'administration Service-public.fr
mairie.rochefort@rochefort-montagne.com,collectivite_administration,puy-de-dome,mairie collectivite,https://lannuaire.service-public.gouv.fr/auvergne-rhone-alpes/puy-de-dome/70a6f4a7-c077-4d09-8b0c-93975078383a,Centre communal d'action sociale (CCAS) - Rochefort-Montagne,official source: Annuaire de l'administration Service-public.fr
mairie.rochefort@rochefort-montagne.fr,collectivite_administration,puy-de-dome,mairie collectivite,https://lannuaire.service-public.gouv.fr/auvergne-rhone-alpes/puy-de-dome/15c1f7c6-3b62-467f-8fbf-63c605b2c1ac,Mairie - Rochefort-Montagne,official source: Annuaire de l'administration Service-public.fr
mairie.saint-gervazy@wanadoo.fr,collectivite_administration,puy-de-dome,mairie collectivite,https://lannuaire.service-public.gouv.fr/auvergne-rhone-alpes/puy-de-dome/4c1868ff-4491-4cc6-8525-60310ddbaa8e,Mairie - Saint-Gervazy,official source: Annuaire de l'administration Service-public.fr
mairie.saint-martin-des-plains@wanadoo.fr,collectivite_administration,puy-de-dome,mairie collectivite,https://lannuaire.service-public.gouv.fr/auvergne-rhone-alpes/puy-de-dome/65b2a835-7cda-40ba-8322-4cc5cd511166,Mairie - Saint-Martin-des-Plains,official source: Annuaire de l'administration Service-public.fr
mairie.saint.maigner.63@wanadoo.fr,collectivite_administration,puy-de-dome,mairie collectivite,https://lannuaire.service-public.gouv.fr/auvergne-rhone-alpes/puy-de-dome/f817d1f2-7b6e-4daa-acde-6a6d78db7bd3,Mairie - Saint-Maigner,official source: Annuaire de l'administration Service-public.fr
mairie.saintagoulin@orange.fr,collectivite_administration,puy-de-dome,mairie collectivite,https://lannuaire.service-public.gouv.fr/auvergne-rhone-alpes/puy-de-dome/05f27e3c-00e4-43d5-9f69-6ff2987faaa1,Mairie - Saint-Agoulin,official source: Annuaire de l'administration Service-public.fr
mairie.saintandre63@wanadoo.fr,collectivite_administration,puy-de-dome,mairie collectivite,https://lannuaire.service-public.gouv.fr/auvergne-rhone-alpes/puy-de-dome/7d277f07-d61f-4c89-ae7e-a0deda9d74fc,Mairie - Saint-André-le-Coq,official source: Annuaire de l'administration Service-public.fr
mairie.saintpierreroche@orange.fr,collectivite_administration,puy-de-dome,mairie collectivite,https://lannuaire.service-public.gouv.fr/auvergne-rhone-alpes/puy-de-dome/d99289e3-2e45-4b9e-9bcf-73a3d3578d5f,Mairie - Saint-Pierre-Roche,official source: Annuaire de l'administration Service-public.fr
mairie.saintvictor@wanadoo.fr,collectivite_administration,puy-de-dome,mairie collectivite,https://lannuaire.service-public.gouv.fr/auvergne-rhone-alpes/puy-de-dome/5c5f7ed3-b337-4e45-a493-ad7422c5b9a8,Mairie - Saint-Victor-la-Rivière,official source: Annuaire de l'administration Service-public.fr
mairie.sardon@orange.fr,collectivite_administration,puy-de-dome,mairie collectivite,https://lannuaire.service-public.gouv.fr/auvergne-rhone-alpes/puy-de-dome/14f04147-53fa-42e7-a4c7-cd2e62718154,Mairie - Sardon,official source: Annuaire de l'administration Service-public.fr
mairie.saulzet@wanadoo.fr,collectivite_administration,puy-de-dome,mairie collectivite,https://lannuaire.service-public.gouv.fr/auvergne-rhone-alpes/puy-de-dome/22f84298-2802-4d49-ad83-823633a2617a,Mairie - Saulzet-le-Froid,official source: Annuaire de l'administration Service-public.fr
mairie.sauret.besserve@wanadoo.fr,collectivite_administration,puy-de-dome,mairie collectivite,https://lannuaire.service-public.gouv.fr/auvergne-rhone-alpes/puy-de-dome/57be81f9-1bfc-431f-b5d8-647083bdc539,Mairie - Sauret-Besserve,official source: Annuaire de l'administration Service-public.fr
mairie.sermentizon@wanadoo.fr,collectivite_administration,puy-de-dome,mairie collectivite,https://lannuaire.service-public.gouv.fr/auvergne-rhone-alpes/puy-de-dome/356cf117-0657-4505-92e4-50ea0ba1513b,Mairie - Sermentizon,official source: Annuaire de l'administration Service-public.fr
mairie.servant@orange.fr,collectivite_administration,puy-de-dome,mairie collectivite,https://lannuaire.service-public.gouv.fr/auvergne-rhone-alpes/puy-de-dome/ae7a5160-6598-40fd-8dd7-1af04e979b5f,Mairie - Servant,official source: Annuaire de l'administration Service-public.fr
mairie.seychalles@orange.fr,collectivite_administration,puy-de-dome,mairie collectivite,https://lannuaire.service-public.gouv.fr/auvergne-rhone-alpes/puy-de-dome/2846761d-b16e-40a3-80ad-43e0937027bf,Mairie - Seychalles,official source: Annuaire de l'administration Service-public.fr
mairie.st-martin@cc-livradois.fr,collectivite_administration,puy-de-dome,mairie collectivite,https://lannuaire.service-public.gouv.fr/auvergne-rhone-alpes/puy-de-dome/091364d0-1b27-4e7c-a595-27c173a3cb93,Mairie - Saint-Martin-des-Olmes,official source: Annuaire de l'administration Service-public.fr
mairie.st-quentin-saux@wanadoo.fr,collectivite_administration,puy-de-dome,mairie collectivite,https://lannuaire.service-public.gouv.fr/auvergne-rhone-alpes/puy-de-dome/ee602687-53f7-4c19-811e-3034ff6405bf,Mairie - Saint-Quentin-sur-Sauxillanges,official source: Annuaire de l'administration Service-public.fr
mairie.st.avit@wanadoo.fr,collectivite_administration,puy-de-dome,mairie collectivite,https://lannuaire.service-public.gouv.fr/auvergne-rhone-alpes/puy-de-dome/8bc9bb59-d72d-460f-abe9-7178ec164282,Mairie - Saint‑Avit‑d'Auvergne,official source: Annuaire de l'administration Service-public.fr
mairie.st.babel@wanadoo.fr,collectivite_administration,puy-de-dome,mairie collectivite,https://lannuaire.service-public.gouv.fr/auvergne-rhone-alpes/puy-de-dome/71c3f9e9-c423-4f37-b0b4-1933caa1b774,Mairie - Saint-Babel,official source: Annuaire de l'administration Service-public.fr
mairie.st.hilaire.de.pionsat@wanadoo.fr,collectivite_administration,puy-de-dome,mairie collectivite,https://lannuaire.service-public.gouv.fr/auvergne-rhone-alpes/puy-de-dome/c567beda-0b9c-4586-9e76-772b3895bd17,Mairie - Saint-Hilaire-de-Pionsat,official source: Annuaire de l'administration Service-public.fr
mairie.st.julien.puy.laveze@wanadoo.fr,collectivite_administration,puy-de-dome,mairie collectivite,https://lannuaire.service-public.gouv.fr/auvergne-rhone-alpes/puy-de-dome/be3388bb-ed18-4dd8-9d75-ee5466e6d3e9,Mairie - Saint-Julien-Puy-Lavèze,official source: Annuaire de l'administration Service-public.fr
mairie.st.yvoine@wanadoo.fr,collectivite_administration,puy-de-dome,mairie collectivite,https://lannuaire.service-public.gouv.fr/auvergne-rhone-alpes/puy-de-dome/03316368-318c-496c-a9ee-35a638ddd22d,Mairie - Saint-Yvoine,official source: Annuaire de l'administration Service-public.fr
mairie.stbonnetlesallier@orange.fr,collectivite_administration,puy-de-dome,mairie collectivite,https://lannuaire.service-public.gouv.fr/auvergne-rhone-alpes/puy-de-dome/17770637-3526-414c-8fe9-625d879ab1cd,Mairie - Saint-Bonnet-lès-Allier,official source: Annuaire de l'administration Service-public.fr
mairie.stdonat@wanadoo.fr,collectivite_administration,puy-de-dome,mairie collectivite,https://lannuaire.service-public.gouv.fr/auvergne-rhone-alpes/puy-de-dome/279f238d-f980-4932-8c85-68861f482207,Mairie - Saint-Donat,official source: Annuaire de l'administration Service-public.fr
mairie.stetiennedeschamps@wanadoo.fr,collectivite_administration,puy-de-dome,mairie collectivite,https://lannuaire.service-public.gouv.fr/auvergne-rhone-alpes/puy-de-dome/f80bf744-1df4-4bca-b0ba-52d3864f127c,Mairie - Saint-Étienne-des-Champs,official source: Annuaire de l'administration Service-public.fr
mairie.stflour-letang@wanadoo.fr,collectivite_administration,puy-de-dome,mairie collectivite,https://lannuaire.service-public.gouv.fr/auvergne-rhone-alpes/puy-de-dome/5c8151c5-ec09-4f5a-8b42-828a2c51efca,Mairie - Saint-Flour-l'Étang,official source: Annuaire de l'administration Service-public.fr
mairie.stgeneschampespe@orange.fr,collectivite_administration,puy-de-dome,mairie collectivite,https://lannuaire.service-public.gouv.fr/auvergne-rhone-alpes/puy-de-dome/d22e0cfb-3e4b-4dd3-9e34-a6d38bf00e27,Mairie - Saint-Genès-Champespe,official source: Annuaire de l'administration Service-public.fr
mairie.stgeneslatourette@wanadoo.fr,collectivite_administration,puy-de-dome,mairie collectivite,https://lannuaire.service-public.gouv.fr/auvergne-rhone-alpes/puy-de-dome/2639fe15-1190-4b05-ac67-35b12e5fcb48,Mairie - Saint-Genès-la-Tourette,official source: Annuaire de l'administration Service-public.fr
mairie.stgeorges-mons@wanadoo.fr,collectivite_administration,puy-de-dome,mairie collectivite,https://lannuaire.service-public.gouv.fr/auvergne-rhone-alpes/puy-de-dome/d0880afd-6203-447d-910d-813fc78b4728,Mairie - Saint-Georges-de-Mons,official source: Annuaire de l'administration Service-public.fr
mairie.stherent@orange.fr,collectivite_administration,puy-de-dome,mairie collectivite,https://lannuaire.service-public.gouv.fr/auvergne-rhone-alpes/puy-de-dome/a78d8518-f68d-4844-8fc1-7673c680cf44,Mairie - Saint-Hérent,official source: Annuaire de l'administration Service-public.fr
mairie.sthilairemonges@wanadoo.fr,collectivite_administration,puy-de-dome,mairie collectivite,https://lannuaire.service-public.gouv.fr/auvergne-rhone-alpes/puy-de-dome/7e46285b-e6fa-43c3-abc6-8422d3b850e1,Mairie - Saint-Hilaire-les-Monges,official source: Annuaire de l'administration Service-public.fr
mairie.stjeandheurs@wanadoo.fr,collectivite_administration,puy-de-dome,mairie collectivite,https://lannuaire.service-public.gouv.fr/auvergne-rhone-alpes/puy-de-dome/4267f141-85ba-492a-9bc8-7c50cc6eb6bd,Mairie - Saint-Jean-d'Heurs,official source: Annuaire de l'administration Service-public.fr
mairie.stjuliendecoppel@wanadoo.fr,collectivite_administration,puy-de-dome,mairie collectivite,https://lannuaire.service-public.gouv.fr/auvergne-rhone-alpes/puy-de-dome/636ea18d-edb1-48b8-829e-bcec031eeb7d,Mairie - Saint-Julien-de-Coppel,official source: Annuaire de l'administration Service-public.fr
mairie.stjulienlageneste@wanadoo.fr,collectivite_administration,puy-de-dome,mairie collectivite,https://lannuaire.service-public.gouv.fr/auvergne-rhone-alpes/puy-de-dome/7c546359-0f1d-4130-a053-038a082231e2,Mairie - Saint-Julien-la-Geneste,official source: Annuaire de l'administration Service-public.fr
mairie.stjust@gmail.com,collectivite_administration,puy-de-dome,mairie collectivite,https://lannuaire.service-public.gouv.fr/auvergne-rhone-alpes/puy-de-dome/70d7d87c-616c-4f54-9e47-875d60cf04b2,Mairie - Saint-Just,official source: Annuaire de l'administration Service-public.fr
mairie.stpardoux@wanadoo.fr,collectivite_administration,puy-de-dome,mairie collectivite,https://lannuaire.service-public.gouv.fr/auvergne-rhone-alpes/puy-de-dome/a4e4dbf7-193d-459f-87eb-f81856d5b428,Mairie - Saint-Pardoux,official source: Annuaire de l'administration Service-public.fr
mairie.surat@wanadoo.fr,collectivite_administration,puy-de-dome,mairie collectivite,https://lannuaire.service-public.gouv.fr/auvergne-rhone-alpes/puy-de-dome/89e98fe7-0d53-47c7-97c2-26a9f56fc1b4,Mairie - Surat,official source: Annuaire de l'administration Service-public.fr
mairie.teilhede@orange.fr,collectivite_administration,puy-de-dome,mairie collectivite,https://lannuaire.service-public.gouv.fr/auvergne-rhone-alpes/puy-de-dome/735ce53b-c57a-42c5-8185-4d572edf0ea1,Mairie - Teilhède,official source: Annuaire de l'administration Service-public.fr
mairie.teilhet63@wanadoo.fr,collectivite_administration,puy-de-dome,mairie collectivite,https://lannuaire.service-public.gouv.fr/auvergne-rhone-alpes/puy-de-dome/fda32937-5edc-4632-a338-8caf945f7e57,Mairie - Teilhet,official source: Annuaire de l'administration Service-public.fr
mairie.tortebesse@wanadoo.fr,collectivite_administration,puy-de-dome,mairie collectivite,https://lannuaire.service-public.gouv.fr/auvergne-rhone-alpes/puy-de-dome/e45497ae-2350-4697-9b2f-cca6699313fe,Mairie - Tortebesse,official source: Annuaire de l'administration Service-public.fr
mairie.tours.sur.meymont@orange.fr,collectivite_administration,puy-de-dome,mairie collectivite,https://lannuaire.service-public.gouv.fr/auvergne-rhone-alpes/puy-de-dome/f64c3c8b-e041-4a78-a534-979401c65c7a,Mairie - Tours-sur-Meymont,official source: Annuaire de l'administration Service-public.fr
mairie.tralaigues@wanadoo.fr,collectivite_administration,puy-de-dome,mairie collectivite,https://lannuaire.service-public.gouv.fr/auvergne-rhone-alpes/puy-de-dome/80bb8a27-989f-4d99-b9df-abe33bf6b935,Mairie - Tralaigues,official source: Annuaire de l'administration Service-public.fr
mairie.trezioux@orange.fr,collectivite_administration,puy-de-dome,mairie collectivite,https://lannuaire.service-public.gouv.fr/auvergne-rhone-alpes/puy-de-dome/6d06bfb0-da28-47d0-9760-5dc4e1d50132,Mairie - Trézioux,official source: Annuaire de l'administration Service-public.fr
mairie.valbeleix@wanadoo.fr,collectivite_administration,puy-de-dome,mairie collectivite,https://lannuaire.service-public.gouv.fr/auvergne-rhone-alpes/puy-de-dome/482674d3-2d70-469d-ae92-3bd4e9fdb688,Mairie - Valbeleix,official source: Annuaire de l'administration Service-public.fr
mairie.varennesmorge@orange.fr,collectivite_administration,puy-de-dome,mairie collectivite,https://lannuaire.service-public.gouv.fr/auvergne-rhone-alpes/puy-de-dome/fecc20b7-6142-44cb-bcdc-a6bce04c8d4f,Mairie - Varennes-sur-Morge,official source: Annuaire de l'administration Service-public.fr
mairie.vassel@orange.fr,collectivite_administration,puy-de-dome,mairie collectivite,https://lannuaire.service-public.gouv.fr/auvergne-rhone-alpes/puy-de-dome/56a116fa-b6ce-4048-b3d8-2fe8277e1bd3,Mairie - Vassel,official source: Annuaire de l'administration Service-public.fr
mairie.verneugheol@wanadoo.fr,collectivite_administration,puy-de-dome,mairie collectivite,https://lannuaire.service-public.gouv.fr/auvergne-rhone-alpes/puy-de-dome/79cfc108-d182-483c-ada1-3b95d1fca118,Mairie - Verneugheol,official source: Annuaire de l'administration Service-public.fr
mairie.vernines63@orange.fr,collectivite_administration,puy-de-dome,mairie collectivite,https://lannuaire.service-public.gouv.fr/auvergne-rhone-alpes/puy-de-dome/68b2c405-095d-4bc9-9105-723bfbed4dcc,Mairie - Vernines,official source: Annuaire de l'administration Service-public.fr
mairie.vertolaye@wanadoo.fr,collectivite_administration,puy-de-dome,mairie collectivite,https://lannuaire.service-public.gouv.fr/auvergne-rhone-alpes/puy-de-dome/70f962f6-e5e4-4fdc-a8b0-a79125a46b92,Mairie - Vertolaye,official source: Annuaire de l'administration Service-public.fr
mairie.vitrac.63@wanadoo.fr,collectivite_administration,puy-de-dome,mairie collectivite,https://lannuaire.service-public.gouv.fr/auvergne-rhone-alpes/puy-de-dome/f0d4f5f6-256c-4315-b711-b95f0c5ab13f,Mairie - Vitrac,official source: Annuaire de l'administration Service-public.fr
mairie.yronde-buron@orange.fr,collectivite_administration,puy-de-dome,mairie collectivite,https://lannuaire.service-public.gouv.fr/auvergne-rhone-alpes/puy-de-dome/9b579f0f-9bdc-40e2-957b-11e793c03b39,Mairie - Yronde-et-Buron,official source: Annuaire de l'administration Service-public.fr
mairie696@orange.fr,collectivite_administration,puy-de-dome,mairie collectivite,https://lannuaire.service-public.gouv.fr/auvergne-rhone-alpes/puy-de-dome/3d317c74-3a46-4f15-b59f-ffbcedaf8c94,Mairie - Chambon-sur-Dolore,official source: Annuaire de l'administration Service-public.fr
mairie@arconsat.fr,collectivite_administration,puy-de-dome,mairie collectivite,https://lannuaire.service-public.gouv.fr/auvergne-rhone-alpes/puy-de-dome/55fca1ff-60ea-44e6-8616-2ed2437d6f3e,Mairie - Arconsat,official source: Annuaire de l'administration Service-public.fr
mairie@aubiat.fr,collectivite_administration,puy-de-dome,mairie collectivite,https://lannuaire.service-public.gouv.fr/auvergne-rhone-alpes/puy-de-dome/a755cd2b-3105-4468-874a-bb1214e2e4d5,Mairie - Aubiat,official source: Annuaire de l'administration Service-public.fr
mairie@authezat.fr,collectivite_administration,puy-de-dome,mairie collectivite,https://lannuaire.service-public.gouv.fr/auvergne-rhone-alpes/puy-de-dome/88d9ee55-8535-472b-94fe-b88fb1584bc6,Centre communal d'action sociale (CCAS) - Authezat,official source: Annuaire de l'administration Service-public.fr
mairie@bansat.fr,collectivite_administration,puy-de-dome,mairie collectivite,https://lannuaire.service-public.gouv.fr/auvergne-rhone-alpes/puy-de-dome/c6c23ce8-98e0-4492-84a8-b5eebaec11d9,Mairie - Bansat,official source: Annuaire de l'administration Service-public.fr
mairie@bongheat.fr,collectivite_administration,puy-de-dome,mairie collectivite,https://lannuaire.service-public.gouv.fr/auvergne-rhone-alpes/puy-de-dome/da4dccc6-e68f-4774-aed8-fdc22097a6db,Mairie - Bongheat,official source: Annuaire de l'administration Service-public.fr
mairie@bulhon.fr,collectivite_administration,puy-de-dome,mairie collectivite,https://lannuaire.service-public.gouv.fr/auvergne-rhone-alpes/puy-de-dome/d4d3a7ad-0e83-4c20-9768-d1118fb20a27,Mairie - Bulhon,official source: Annuaire de l'administration Service-public.fr
mairie@celles-sur-durolle.fr,collectivite_administration,puy-de-dome,mairie collectivite,https://lannuaire.service-public.gouv.fr/auvergne-rhone-alpes/puy-de-dome/3554fb5c-c688-41a1-86d2-30862ff2b7d2,Mairie - Celles-sur-Durolle,official source: Annuaire de l'administration Service-public.fr
mairie@ceyrat.fr,collectivite_administration,puy-de-dome,mairie collectivite,https://lannuaire.service-public.gouv.fr/auvergne-rhone-alpes/puy-de-dome/424e9abc-af9a-49f4-8300-ac437487110f,Mairie - Ceyrat,official source: Annuaire de l'administration Service-public.fr
mairie@chanatlamouteyre.fr,collectivite_administration,puy-de-dome,mairie collectivite,https://lannuaire.service-public.gouv.fr/auvergne-rhone-alpes/puy-de-dome/a1ed11fd-824a-4d03-8917-318be143a447,Mairie - Chanat-la-Mouteyre,official source: Annuaire de l'administration Service-public.fr
mairie@chas.fr,collectivite_administration,puy-de-dome,mairie collectivite,https://lannuaire.service-public.gouv.fr/auvergne-rhone-alpes/puy-de-dome/d15edb04-13e1-4104-833c-13a0d0531af1,Mairie - Chas,official source: Annuaire de l'administration Service-public.fr
mairie@chateaugay.fr,collectivite_administration,puy-de-dome,mairie collectivite,https://lannuaire.service-public.gouv.fr/auvergne-rhone-alpes/puy-de-dome/b2720bd9-10e6-40c3-94c7-730ee58e3a44,Centre communal d'action sociale (CCAS) - Châteaugay,official source: Annuaire de l'administration Service-public.fr
mairie@chateauneuflesbains.com,collectivite_administration,puy-de-dome,mairie collectivite,https://lannuaire.service-public.gouv.fr/auvergne-rhone-alpes/puy-de-dome/b0e4b277-7c08-4a01-a145-40aad728369b,Mairie - Châteauneuf-les-Bains,official source: Annuaire de l'administration Service-public.fr
mairie@chatel-guyon.fr,collectivite_administration,puy-de-dome,mairie collectivite,https://lannuaire.service-public.gouv.fr/auvergne-rhone-alpes/puy-de-dome/821a6913-a8b9-4a0c-8e5f-83c0a968d888,Mairie - Châtel-Guyon,official source: Annuaire de l'administration Service-public.fr
mairie@chateldon.com,collectivite_administration,puy-de-dome,mairie collectivite,https://lannuaire.service-public.gouv.fr/auvergne-rhone-alpes/puy-de-dome/136c6c4f-10a3-4d3a-b6cb-4ad59e2da87e,Mairie - Châteldon,official source: Annuaire de l'administration Service-public.fr
mairie@clv63.fr,collectivite_administration,puy-de-dome,mairie collectivite,https://lannuaire.service-public.gouv.fr/auvergne-rhone-alpes/puy-de-dome/d680b20f-1fd4-4b8a-9338-a32f3a329344,Mairie - Charbonnières-les-Varennes,official source: Annuaire de l'administration Service-public.fr
mairie@collanges.fr,collectivite_administration,puy-de-dome,mairie collectivite,https://lannuaire.service-public.gouv.fr/auvergne-rhone-alpes/puy-de-dome/c266da63-e83b-41c7-98a4-30d030640a6b,Mairie - Collanges,official source: Annuaire de l'administration Service-public.fr
mairie@commune-olliergues.fr,collectivite_administration,puy-de-dome,mairie collectivite,https://lannuaire.service-public.gouv.fr/auvergne-rhone-alpes/puy-de-dome/88f74e64-53c2-4821-b491-3df160a2eff3,Mairie - Olliergues,official source: Annuaire de l'administration Service-public.fr
mairie@corent.fr,collectivite_administration,puy-de-dome,mairie collectivite,https://lannuaire.service-public.gouv.fr/auvergne-rhone-alpes/puy-de-dome/ee53f4e1-66df-4a9c-a140-a50fa2740bb0,Mairie - Corent,official source: Annuaire de l'administration Service-public.fr
mairie@crevant-laveine.fr,collectivite_administration,puy-de-dome,mairie collectivite,https://lannuaire.service-public.gouv.fr/auvergne-rhone-alpes/puy-de-dome/b49470c4-1c67-4b1b-8a57-8766816e88a7,Mairie - Crevant-Laveine,official source: Annuaire de l'administration Service-public.fr
mairie@culhat.fr,collectivite_administration,puy-de-dome,mairie collectivite,https://lannuaire.service-public.gouv.fr/auvergne-rhone-alpes/puy-de-dome/87ebc892-a857-4af3-bb5a-fed4a85ba960,Mairie - Culhat,official source: Annuaire de l'administration Service-public.fr
mairie@cunlhat.fr,collectivite_administration,puy-de-dome,mairie collectivite,https://lannuaire.service-public.gouv.fr/auvergne-rhone-alpes/puy-de-dome/b8a97da4-0a5c-4689-81ba-cd49ec9a2aac,Mairie - Cunlhat,official source: Annuaire de l'administration Service-public.fr
mairie@effiat.fr,collectivite_administration,puy-de-dome,mairie collectivite,https://lannuaire.service-public.gouv.fr/auvergne-rhone-alpes/puy-de-dome/4137deca-6600-44b6-a356-489d01b2321a,Mairie - Effiat,official source: Annuaire de l'administration Service-public.fr
mairie@ennezat.fr,collectivite_administration,puy-de-dome,mairie collectivite,https://lannuaire.service-public.gouv.fr/auvergne-rhone-alpes/puy-de-dome/0cef33b9-d574-4138-9ff7-b2b455bdb38b,Mairie - Ennezat,official source: Annuaire de l'administration Service-public.fr
mairie@jumeaux.fr,collectivite_administration,puy-de-dome,mairie collectivite,https://lannuaire.service-public.gouv.fr/auvergne-rhone-alpes/puy-de-dome/52e10d21-b0c8-4ac0-a7c2-842cae36f0a9,Mairie - Jumeaux,official source: Annuaire de l'administration Service-public.fr
mairie@le-vernet-sainte-marguerite.fr,collectivite_administration,puy-de-dome,mairie collectivite,https://lannuaire.service-public.gouv.fr/auvergne-rhone-alpes/puy-de-dome/1da0ea05-0a44-4ded-a576-dca55dd84dea,Mairie - Le Vernet-Sainte-Marguerite,official source: Annuaire de l'administration Service-public.fr
mairie@lebroc63.fr,collectivite_administration,puy-de-dome,mairie collectivite,https://lannuaire.service-public.gouv.fr/auvergne-rhone-alpes/puy-de-dome/24474627-323c-41f5-89aa-abe10a4a31fd,Mairie - Le Broc,official source: Annuaire de l'administration Service-public.fr
mairie@lecendre.fr,collectivite_administration,puy-de-dome,mairie collectivite,https://lannuaire.service-public.gouv.fr/auvergne-rhone-alpes/puy-de-dome/2eff7b99-2ed2-4cee-858d-4eaea7c27168,Mairie - Le Cendre,official source: Annuaire de l'administration Service-public.fr
mairie@lecheixsurmorge.fr,collectivite_administration,puy-de-dome,mairie collectivite,https://lannuaire.service-public.gouv.fr/auvergne-rhone-alpes/puy-de-dome/2fe01e95-0ecb-471d-9286-37fa66758274,Mairie - Le Cheix-sur-Morge,official source: Annuaire de l'administration Service-public.fr
mairie@lezoux.fr,collectivite_administration,puy-de-dome,mairie collectivite,https://lannuaire.service-public.gouv.fr/auvergne-rhone-alpes/puy-de-dome/81e783d8-a652-4458-b229-dc757cb06344,Mairie - Lezoux,official source: Annuaire de l'administration Service-public.fr
mairie@limons.fr,collectivite_administration,puy-de-dome,mairie collectivite,https://lannuaire.service-public.gouv.fr/auvergne-rhone-alpes/puy-de-dome/bd2bb918-5a6c-476c-8406-68e2c1b8d8f8,Mairie - Limons,official source: Annuaire de l'administration Service-public.fr
mairie@loubeyrat.fr,collectivite_administration,puy-de-dome,mairie collectivite,https://lannuaire.service-public.gouv.fr/auvergne-rhone-alpes/puy-de-dome/c80fd0f9-3e42-4c03-8097-96c02461cae9,Mairie - Loubeyrat,official source: Annuaire de l'administration Service-public.fr
mairie@mairie-de-vertaizon.com,collectivite_administration,puy-de-dome,mairie collectivite,https://lannuaire.service-public.gouv.fr/auvergne-rhone-alpes/puy-de-dome/73bdd543-cdf4-4a8f-a265-fee398bef5f6,Centre communal d'action sociale (CCAS) - Vertaizon,official source: Annuaire de l'administration Service-public.fr
mairie@mairiesaintgenesduretz.fr,collectivite_administration,puy-de-dome,mairie collectivite,https://lannuaire.service-public.gouv.fr/auvergne-rhone-alpes/puy-de-dome/42176b67-6688-4377-b6f7-d21af8c5246f,Mairie - Saint-Genès-du-Retz,official source: Annuaire de l'administration Service-public.fr
mairie@malintrat.fr,collectivite_administration,puy-de-dome,mairie collectivite,https://lannuaire.service-public.gouv.fr/auvergne-rhone-alpes/puy-de-dome/d58366c4-e957-4abc-989b-d0da32124915,Mairie - Malintrat,official source: Annuaire de l'administration Service-public.fr
mairie@montmorin.fr,collectivite_administration,puy-de-dome,mairie collectivite,https://lannuaire.service-public.gouv.fr/auvergne-rhone-alpes/puy-de-dome/93a3ac7b-78d0-45cf-ac58-1de828da9d3a,Mairie - Montmorin,official source: Annuaire de l'administration Service-public.fr
mairie@neuf-eglise.fr,collectivite_administration,puy-de-dome,mairie collectivite,https://lannuaire.service-public.gouv.fr/auvergne-rhone-alpes/puy-de-dome/0f4aaca7-cd1d-4e4a-b694-2fd936c050b9,Mairie - Neuf-Église,official source: Annuaire de l'administration Service-public.fr
mairie@olloix.fr,collectivite_administration,puy-de-dome,mairie collectivite,https://lannuaire.service-public.gouv.fr/auvergne-rhone-alpes/puy-de-dome/86eadace-2201-4b19-aca0-875df2334472,Mairie - Olloix,official source: Annuaire de l'administration Service-public.fr
mairie@orcet.com,collectivite_administration,puy-de-dome,mairie collectivite,https://lannuaire.service-public.gouv.fr/auvergne-rhone-alpes/puy-de-dome/5e0eb5c6-badc-48c7-b85c-d5294530e69d,Mairie - Orcet,official source: Annuaire de l'administration Service-public.fr
mairie@orleat.com,collectivite_administration,puy-de-dome,mairie collectivite,https://lannuaire.service-public.gouv.fr/auvergne-rhone-alpes/puy-de-dome/8e67e7bf-1b77-4911-b3c2-5f3ee1004853,Mairie - Orléat,official source: Annuaire de l'administration Service-public.fr
mairie@perrier63.fr,collectivite_administration,puy-de-dome,mairie collectivite,https://lannuaire.service-public.gouv.fr/auvergne-rhone-alpes/puy-de-dome/737a86b2-7430-4596-9fde-a4f84ae80118,Mairie - Perrier,official source: Annuaire de l'administration Service-public.fr
mairie@peschadoires63.fr,collectivite_administration,puy-de-dome,mairie collectivite,https://lannuaire.service-public.gouv.fr/auvergne-rhone-alpes/puy-de-dome/5846bf4e-bbd7-4478-af6c-cda71fc2deb9,Mairie - Peschadoires,official source: Annuaire de l'administration Service-public.fr
mairie@pontaumur.fr,collectivite_administration,puy-de-dome,mairie collectivite,https://lannuaire.service-public.gouv.fr/auvergne-rhone-alpes/puy-de-dome/54efe8b7-b428-4517-8e90-1b1220dfe66f,Mairie - Pontaumur,official source: Annuaire de l'administration Service-public.fr
mairie@pontduchateau.fr,collectivite_administration,puy-de-dome,mairie collectivite,https://lannuaire.service-public.gouv.fr/auvergne-rhone-alpes/puy-de-dome/07b14bc9-570e-44cc-8e61-bf580d436e1b,Mairie - Pont-du-Château,official source: Annuaire de l'administration Service-public.fr
mairie@randan.fr,collectivite_administration,puy-de-dome,mairie collectivite,https://lannuaire.service-public.gouv.fr/auvergne-rhone-alpes/puy-de-dome/0bf046a7-cdfa-4d01-9de7-48b3f89ab1ed,Mairie - Randan,official source: Annuaire de l'administration Service-public.fr
mairie@royat.fr,collectivite_administration,puy-de-dome,mairie collectivite,https://lannuaire.service-public.gouv.fr/auvergne-rhone-alpes/puy-de-dome/95d85fbc-1feb-4256-a36e-4d2e304fc649,Mairie - Royat,official source: Annuaire de l'administration Service-public.fr
mairie@saint-denis-combarnazat.fr,collectivite_administration,puy-de-dome,mairie collectivite,https://lannuaire.service-public.gouv.fr/auvergne-rhone-alpes/puy-de-dome/3e3c9625-40e0-4557-83b1-b57e21cdc80a,Mairie - Saint-Denis-Combarnazat,official source: Annuaire de l'administration Service-public.fr
mairie@saint-genes-champanelle.fr,collectivite_administration,puy-de-dome,mairie collectivite,https://lannuaire.service-public.gouv.fr/auvergne-rhone-alpes/puy-de-dome/6c2c9e56-3611-423c-8cd5-d35cf54dece3,Mairie - Saint-Genès-Champanelle,official source: Annuaire de l'administration Service-public.fr
mairie@saint-laure.fr,collectivite_administration,puy-de-dome,mairie collectivite,https://lannuaire.service-public.gouv.fr/auvergne-rhone-alpes/puy-de-dome/47137dcd-ada5-430b-9a95-c8438e58ea49,Mairie - Saint-Laure,official source: Annuaire de l'administration Service-public.fr
mairie@saint-pierre-la-bourlhonne.fr,collectivite_administration,puy-de-dome,mairie collectivite,https://lannuaire.service-public.gouv.fr/auvergne-rhone-alpes/puy-de-dome/16232e0e-df99-4087-8e09-c5bb6286ccb5,Mairie - Saint-Pierre-la-Bourlhonne,official source: Annuaire de l'administration Service-public.fr
mairie@saint-sauves-auvergne.fr,collectivite_administration,puy-de-dome,mairie collectivite,https://lannuaire.service-public.gouv.fr/auvergne-rhone-alpes/puy-de-dome/74009f28-9888-40f7-a950-0e750245de5f,Mairie - Saint-Sauves-d'Auvergne,official source: Annuaire de l'administration Service-public.fr
mairie@saintamanttallende.fr,collectivite_administration,puy-de-dome,mairie collectivite,https://lannuaire.service-public.gouv.fr/auvergne-rhone-alpes/puy-de-dome/0457d7d8-c1f9-4321-9fad-7d9440b46f4b,Centre communal d'action sociale (CCAS) - Saint-Amant-Tallende,official source: Annuaire de l'administration Service-public.fr
mairie@saintdiery.fr,collectivite_administration,puy-de-dome,mairie collectivite,https://lannuaire.service-public.gouv.fr/auvergne-rhone-alpes/puy-de-dome/2188bceb-b9fa-42ff-aa14-5737f9c4d645,Mairie - Saint-Diéry,official source: Annuaire de l'administration Service-public.fr
mairie@sainteagathe.fr,collectivite_administration,puy-de-dome,mairie collectivite,https://lannuaire.service-public.gouv.fr/auvergne-rhone-alpes/puy-de-dome/2421c401-5c32-4033-ab4e-6ef6431d6dad,Mairie - Sainte-Agathe,official source: Annuaire de l'administration Service-public.fr
mairie@saintetiennesurusson.fr,collectivite_administration,puy-de-dome,mairie collectivite,https://lannuaire.service-public.gouv.fr/auvergne-rhone-alpes/puy-de-dome/87fd9ede-6be2-4743-ba64-99f4ef706e9a,Mairie - Saint-Étienne-sur-Usson,official source: Annuaire de l'administration Service-public.fr
mairie@saintgeorgessurallier.fr,collectivite_administration,puy-de-dome,mairie collectivite,https://lannuaire.service-public.gouv.fr/auvergne-rhone-alpes/puy-de-dome/d2aae1b0-8d73-44e7-9b50-5b2411bc5094,Mairie - Saint-Georges-sur-Allier,official source: Annuaire de l'administration Service-public.fr
mairie@saintjeanenval.fr,collectivite_administration,puy-de-dome,mairie collectivite,https://lannuaire.service-public.gouv.fr/auvergne-rhone-alpes/puy-de-dome/3f81cc8e-b8c1-4de6-916e-775bf4738122,Mairie - Saint-Jean-en-Val,official source: Annuaire de l'administration Service-public.fr
mairie@saintourslesroches.fr,collectivite_administration,puy-de-dome,mairie collectivite,https://lannuaire.service-public.gouv.fr/auvergne-rhone-alpes/puy-de-dome/541ea91a-3cca-4f17-a70a-78efb2d34dd5,Mairie - Saint-Ours,official source: Annuaire de l'administration Service-public.fr
mairie@salledes.fr,collectivite_administration,puy-de-dome,mairie collectivite,https://lannuaire.service-public.gouv.fr/auvergne-rhone-alpes/puy-de-dome/fc8a0852-2650-4db1-b485-3b2a4f2f8b94,Mairie - Sallèdes,official source: Annuaire de l'administration Service-public.fr
mairie@sauviat.fr,collectivite_administration,puy-de-dome,mairie collectivite,https://lannuaire.service-public.gouv.fr/auvergne-rhone-alpes/puy-de-dome/7cc22312-abfd-4d38-9f8f-5ebc383d49f5,Mairie - Sauviat,official source: Annuaire de l'administration Service-public.fr
mairie@sayat.fr,collectivite_administration,puy-de-dome,mairie collectivite,https://lannuaire.service-public.gouv.fr/auvergne-rhone-alpes/puy-de-dome/c071b20a-e22a-4e2e-901d-357a987f07fe,Mairie - Sayat,official source: Annuaire de l'administration Service-public.fr
mairie@sga63.fr,collectivite_administration,puy-de-dome,mairie collectivite,https://lannuaire.service-public.gouv.fr/auvergne-rhone-alpes/puy-de-dome/f221313a-7fca-47be-9e3a-7b2aaf8c4da7,Mairie - Saint-Gervais-d'Auvergne,official source: Annuaire de l'administration Service-public.fr
mairie@stremydechargnat.fr,collectivite_administration,puy-de-dome,mairie collectivite,https://lannuaire.service-public.gouv.fr/auvergne-rhone-alpes/puy-de-dome/be5d846c-c17e-4040-8488-6bdf7f6651a8,Mairie - Saint-Rémy-de-Chargnat,official source: Annuaire de l'administration Service-public.fr
mairie@tauves.fr,collectivite_administration,puy-de-dome,mairie collectivite,https://lannuaire.service-public.gouv.fr/auvergne-rhone-alpes/puy-de-dome/dce2627c-c8c3-443c-ab33-fd7fa824e6ad,Mairie - Tauves,official source: Annuaire de l'administration Service-public.fr
mairie@ville-beauregard-vendon.com,collectivite_administration,puy-de-dome,mairie collectivite,https://lannuaire.service-public.gouv.fr/auvergne-rhone-alpes/puy-de-dome/36e5c58c-7c5c-4c2b-8e15-918b6ac5a534,Mairie - Beauregard-Vendon,official source: Annuaire de l'administration Service-public.fr
mairie@ville-chamalieres.fr,collectivite_administration,puy-de-dome,mairie collectivite,https://lannuaire.service-public.gouv.fr/auvergne-rhone-alpes/puy-de-dome/6f20fbc9-7e54-4051-b094-62141b21a174,Mairie - Chamalières,official source: Annuaire de l'administration Service-public.fr
mairie@ville-courpiere.fr,collectivite_administration,puy-de-dome,mairie collectivite,https://lannuaire.service-public.gouv.fr/auvergne-rhone-alpes/puy-de-dome/9e9215ff-0d94-4d16-b73f-f86d6fddf8e2,Mairie - Courpière,official source: Annuaire de l'administration Service-public.fr
mairie@ville-gimeaux.com,collectivite_administration,puy-de-dome,mairie collectivite,https://lannuaire.service-public.gouv.fr/auvergne-rhone-alpes/puy-de-dome/e49fc3f0-1fb5-47b4-a3f4-a0e7b9ca9255,Mairie - Gimeaux,official source: Annuaire de l'administration Service-public.fr
mairie@ville-montaigut.fr,collectivite_administration,puy-de-dome,mairie collectivite,https://lannuaire.service-public.gouv.fr/auvergne-rhone-alpes/puy-de-dome/7fa915e8-d1dd-4bff-90a6-0a57b2ea16f6,Mairie - Montaigut-en-Combraille,official source: Annuaire de l'administration Service-public.fr
mairie@ville-nohanent.fr,collectivite_administration,puy-de-dome,mairie collectivite,https://lannuaire.service-public.gouv.fr/auvergne-rhone-alpes/puy-de-dome/3596dd0b-a9c4-4fc0-9a2b-b43655d134d7,Mairie - Nohanent,official source: Annuaire de l'administration Service-public.fr
mairie@ville-volvic.fr,collectivite_administration,puy-de-dome,mairie collectivite,https://lannuaire.service-public.gouv.fr/auvergne-rhone-alpes/puy-de-dome/46966575-024a-4d17-86fb-2817f13030d2,Mairie - Volvic,official source: Annuaire de l'administration Service-public.fr
mairie@vollore-montagne.net,collectivite_administration,puy-de-dome,mairie collectivite,https://lannuaire.service-public.gouv.fr/auvergne-rhone-alpes/puy-de-dome/3c2e8393-d82d-4864-8d1c-2c3153b2bc86,Mairie - Vollore-Montagne,official source: Annuaire de l'administration Service-public.fr
mairie@vollore-ville.fr,collectivite_administration,puy-de-dome,mairie collectivite,https://lannuaire.service-public.gouv.fr/auvergne-rhone-alpes/puy-de-dome/35278d81-6f1b-4c62-a3cb-b634e8bf88d2,Mairie - Vollore-Ville,official source: Annuaire de l'administration Service-public.fr
mairieannexevergnes@ville-clermont-ferrand.fr,collectivite_administration,puy-de-dome,mairie collectivite,https://lannuaire.service-public.gouv.fr/auvergne-rhone-alpes/puy-de-dome/8898625a-f352-4874-a63a-1bb43e4b2406,France services - Clermont-Ferrand Nord,official source: Annuaire de l'administration Service-public.fr
mairieauzat-lacombelle@orange.fr,collectivite_administration,puy-de-dome,mairie collectivite,https://lannuaire.service-public.gouv.fr/auvergne-rhone-alpes/puy-de-dome/1cefcad9-2ef7-498c-b9fd-dd76891d3c75,Mairie - Auzat-la-Combelle,official source: Annuaire de l'administration Service-public.fr
mairieblotleglise@orange.fr,collectivite_administration,puy-de-dome,mairie collectivite,https://lannuaire.service-public.gouv.fr/auvergne-rhone-alpes/puy-de-dome/8d15b877-f2d8-4165-b6e9-531d955c1b5f,Mairie - Blot-l'Église,official source: Annuaire de l'administration Service-public.fr
mairieblr@orange.fr,collectivite_administration,puy-de-dome,mairie collectivite,https://lannuaire.service-public.gouv.fr/auvergne-rhone-alpes/puy-de-dome/0ef216f8-f49d-4e7f-903e-e267ba9ba22a,Mairie - Beaumont-lès-Randan,official source: Annuaire de l'administration Service-public.fr
mairieboudes@gmail.com,collectivite_administration,puy-de-dome,mairie collectivite,https://lannuaire.service-public.gouv.fr/auvergne-rhone-alpes/puy-de-dome/de5a2a73-ccc2-4acd-a1d1-83dc5b967f6a,Mairie - Boudes,official source: Annuaire de l'administration Service-public.fr
mairiebreuil@wanadoo.fr,collectivite_administration,puy-de-dome,mairie collectivite,https://lannuaire.service-public.gouv.fr/auvergne-rhone-alpes/puy-de-dome/53b3b547-f5af-419a-9f19-7bdf100f2513,Mairie - Le Breuil-sur-Couze,official source: Annuaire de l'administration Service-public.fr
mairiebussieres@orange.fr,collectivite_administration,puy-de-dome,mairie collectivite,https://lannuaire.service-public.gouv.fr/auvergne-rhone-alpes/puy-de-dome/814e3ba7-1df7-4ef7-9d8e-5cc3abae7993,Mairie - Bussières-Prés-Pionsat,official source: Annuaire de l'administration Service-public.fr
mairieclv@orange.fr,collectivite_administration,puy-de-dome,mairie collectivite,https://lannuaire.service-public.gouv.fr/auvergne-rhone-alpes/puy-de-dome/d3889b0a-f4df-4ede-bd52-0a34e4b915ad,Mairie - Charbonnières-les-Vieilles,official source: Annuaire de l'administration Service-public.fr
mairiedaubussondauv@free.fr,collectivite_administration,puy-de-dome,mairie collectivite,https://lannuaire.service-public.gouv.fr/auvergne-rhone-alpes/puy-de-dome/a1b3f59e-9ffd-4dd0-a7a8-efbb6b900acd,Mairie - Aubusson-d'Auvergne,official source: Annuaire de l'administration Service-public.fr
mairiedecros@gmail.com,collectivite_administration,puy-de-dome,mairie collectivite,https://lannuaire.service-public.gouv.fr/auvergne-rhone-alpes/puy-de-dome/839199a9-69e9-4942-be88-c1dd7f8231b3,Mairie - Cros,official source: Annuaire de l'administration Service-public.fr
mairiedegignat@wanadoo.fr,collectivite_administration,puy-de-dome,mairie collectivite,https://lannuaire.service-public.gouv.fr/auvergne-rhone-alpes/puy-de-dome/30c1baca-68dd-40b0-b63e-cefceae4d80b,Mairie - Gignat,official source: Annuaire de l'administration Service-public.fr
mairiedelabessette@gmail.com,collectivite_administration,puy-de-dome,mairie collectivite,https://lannuaire.service-public.gouv.fr/auvergne-rhone-alpes/puy-de-dome/b8420e81-d6f6-4ada-b025-e7ade7bf619d,Mairie - Labessette,official source: Annuaire de l'administration Service-public.fr
mairiedelaqueuille@orange.fr,collectivite_administration,puy-de-dome,mairie collectivite,https://lannuaire.service-public.gouv.fr/auvergne-rhone-alpes/puy-de-dome/5bc0b6f9-77e5-4463-8d17-b0455cb42488,Mairie - Laqueuille,official source: Annuaire de l'administration Service-public.fr
mairiedemons@wanadoo.fr,collectivite_administration,puy-de-dome,mairie collectivite,https://lannuaire.service-public.gouv.fr/auvergne-rhone-alpes/puy-de-dome/678caeeb-131e-4b34-b174-1ab08ceecd42,Mairie - Mons,official source: Annuaire de l'administration Service-public.fr
mairiedeneschers@wanadoo.fr,collectivite_administration,puy-de-dome,mairie collectivite,https://lannuaire.service-public.gouv.fr/auvergne-rhone-alpes/puy-de-dome/5060649a-a423-4953-a9d3-25c81fad3342,Mairie - Neschers,official source: Annuaire de l'administration Service-public.fr
mairiedeparent.adm@orange.fr,collectivite_administration,puy-de-dome,mairie collectivite,https://lannuaire.service-public.gouv.fr/auvergne-rhone-alpes/puy-de-dome/7c9b32bc-45b8-4c65-b6e9-2e7b256f5200,Mairie - Parent,official source: Annuaire de l'administration Service-public.fr
mairiedepicherande@orange.fr,collectivite_administration,puy-de-dome,mairie collectivite,https://lannuaire.service-public.gouv.fr/auvergne-rhone-alpes/puy-de-dome/65f2ac64-6680-4c93-936d-eab021dc6655,Mairie - Picherande,official source: Annuaire de l'administration Service-public.fr
mairiedequeuille@gmail.com,collectivite_administration,puy-de-dome,mairie collectivite,https://lannuaire.service-public.gouv.fr/auvergne-rhone-alpes/puy-de-dome/4a0909cc-f45c-4d07-a3b5-afe69661583e,Mairie - Queuille,official source: Annuaire de l'administration Service-public.fr
mairiederavel@wanadoo.fr,collectivite_administration,puy-de-dome,mairie collectivite,https://lannuaire.service-public.gouv.fr/auvergne-rhone-alpes/puy-de-dome/38e16475-436d-42b9-8955-08fea216cfcc,Mairie - Ravel,official source: Annuaire de l'administration Service-public.fr
mairiederis@wanadoo.fr,collectivite_administration,puy-de-dome,mairie collectivite,https://lannuaire.service-public.gouv.fr/auvergne-rhone-alpes/puy-de-dome/324d3138-e5c7-44de-abf4-112de30c926a,Mairie - Ris,official source: Annuaire de l'administration Service-public.fr
mairiedesaint-sauves@wanadoo.fr,collectivite_administration,puy-de-dome,mairie collectivite,https://lannuaire.service-public.gouv.fr/auvergne-rhone-alpes/puy-de-dome/34912df4-77a3-4f18-996e-b5cf9a6d4e63,Centre communal d'action sociale (CCAS) - Saint-Sauves-d'Auvergne,official source: Annuaire de l'administration Service-public.fr
mairiedesaintbonnetlebourg@orange.fr,collectivite_administration,puy-de-dome,mairie collectivite,https://lannuaire.service-public.gouv.fr/auvergne-rhone-alpes/puy-de-dome/1de52c4a-5aee-444e-bb8b-4c2d43b38497,Mairie - Saint-Bonnet-le-Bourg,official source: Annuaire de l'administration Service-public.fr
mairiedethuret@wanadoo.fr,collectivite_administration,puy-de-dome,mairie collectivite,https://lannuaire.service-public.gouv.fr/auvergne-rhone-alpes/puy-de-dome/93e7854a-76fd-40d7-a32c-99cb60766fb6,Mairie - Thuret,official source: Annuaire de l'administration Service-public.fr
mairiedevensat@orange.fr,collectivite_administration,puy-de-dome,mairie collectivite,https://lannuaire.service-public.gouv.fr/auvergne-rhone-alpes/puy-de-dome/ee53655f-90ad-4a5e-bfe0-1644ec794cdd,Mairie - Vensat,official source: Annuaire de l'administration Service-public.fr
mairiedevinzelles@wanadoo.fr,collectivite_administration,puy-de-dome,mairie collectivite,https://lannuaire.service-public.gouv.fr/auvergne-rhone-alpes/puy-de-dome/1e2f2d7a-dd04-4d20-86c9-eff6e4b0b1fb,Mairie - Vinzelles,official source: Annuaire de l'administration Service-public.fr
mairiedoranges@orange.fr,collectivite_administration,puy-de-dome,mairie collectivite,https://lannuaire.service-public.gouv.fr/auvergne-rhone-alpes/puy-de-dome/8d8fa626-6be2-456c-8943-e0bcda429774,Mairie - Doranges,official source: Annuaire de l'administration Service-public.fr
mairieesteil@wanadoo.fr,collectivite_administration,puy-de-dome,mairie collectivite,https://lannuaire.service-public.gouv.fr/auvergne-rhone-alpes/puy-de-dome/b9d155c6-8776-4871-b28f-7a96497c461c,Mairie - Esteil,official source: Annuaire de l'administration Service-public.fr
mairiegouttieres63@orange.fr,collectivite_administration,puy-de-dome,mairie collectivite,https://lannuaire.service-public.gouv.fr/auvergne-rhone-alpes/puy-de-dome/616eaf7e-36b9-4913-84a5-869fa2af8986,Mairie - Gouttières,official source: Annuaire de l'administration Service-public.fr
mairieluzillat@wanadoo.fr,collectivite_administration,puy-de-dome,mairie collectivite,https://lannuaire.service-public.gouv.fr/auvergne-rhone-alpes/puy-de-dome/090781f6-df67-4c81-9991-4c65bc0847a3,Mairie - Luzillat,official source: Annuaire de l'administration Service-public.fr
mairiemanzat@wanadoo.fr,collectivite_administration,puy-de-dome,mairie collectivite,https://lannuaire.service-public.gouv.fr/auvergne-rhone-alpes/puy-de-dome/808e20e9-ec03-478d-9a39-527d4cf0b43d,Mairie - Manzat,official source: Annuaire de l'administration Service-public.fr
mairiemenat@wanadoo.fr,collectivite_administration,puy-de-dome,mairie collectivite,https://lannuaire.service-public.gouv.fr/auvergne-rhone-alpes/puy-de-dome/b3b084e6-7488-45b6-9232-ce4433d0fa6a,Mairie - Menat,official source: Annuaire de l'administration Service-public.fr
mairiemontcel@gmail.com,collectivite_administration,puy-de-dome,mairie collectivite,https://lannuaire.service-public.gouv.fr/auvergne-rhone-alpes/puy-de-dome/28a41284-ca01-4dc8-b238-30f1fb958827,Mairie - Montcel,official source: Annuaire de l'administration Service-public.fr
mairiepls@gmail.com,collectivite_administration,puy-de-dome,mairie collectivite,https://lannuaire.service-public.gouv.fr/auvergne-rhone-alpes/puy-de-dome/823ee0b4-99d9-4dd7-95c0-b6f5bde22d25,Mairie - Pérignat-lès-Sarliève,official source: Annuaire de l'administration Service-public.fr
mairiercl@orange.fr,collectivite_administration,puy-de-dome,mairie collectivite,https://lannuaire.service-public.gouv.fr/auvergne-rhone-alpes/puy-de-dome/4a6950b6-560e-43ad-b8cb-14631baf7c16,Mairie - Roche-Charles-la-Mayrand,official source: Annuaire de l'administration Service-public.fr
mairiesaintmartindollieres@wanadoo.fr,collectivite_administration,puy-de-dome,mairie collectivite,https://lannuaire.service-public.gouv.fr/auvergne-rhone-alpes/puy-de-dome/a245e396-aec4-4d98-befb-7722482278fc,Mairie - Saint-Martin-d'Ollières,official source: Annuaire de l'administration Service-public.fr
mairiestalyre@orange.fr,collectivite_administration,puy-de-dome,mairie collectivite,https://lannuaire.service-public.gouv.fr/auvergne-rhone-alpes/puy-de-dome/85629af7-530f-4034-907e-91beda6d814a,Mairie - Saint-Alyre-d'Arlanc,official source: Annuaire de l'administration Service-public.fr
mairiestbonnetpresorcival@wanadoo.fr,collectivite_administration,puy-de-dome,mairie collectivite,https://lannuaire.service-public.gouv.fr/auvergne-rhone-alpes/puy-de-dome/8a3f0ed6-a60f-43c5-bf93-fd38e8bb8d48,Mairie - Saint-Bonnet-près-Orcival,official source: Annuaire de l'administration Service-public.fr
mairiestcirgues@orange.fr,collectivite_administration,puy-de-dome,mairie collectivite,https://lannuaire.service-public.gouv.fr/auvergne-rhone-alpes/puy-de-dome/21df78fc-8825-4def-8f16-0cc15ce14f6a,Mairie déléguée - Saint-Cirgues-sur-Couze,official source: Annuaire de l'administration Service-public.fr
mairiestjacquesdambur@gmail.com,collectivite_administration,puy-de-dome,mairie collectivite,https://lannuaire.service-public.gouv.fr/auvergne-rhone-alpes/puy-de-dome/445a98b0-887d-4757-ad35-315731aafcfc,Mairie - Saint-Jacques-d'Ambur,official source: Annuaire de l'administration Service-public.fr
mairiestmyon@wanadoo.fr,collectivite_administration,puy-de-dome,mairie collectivite,https://lannuaire.service-public.gouv.fr/auvergne-rhone-alpes/puy-de-dome/5799215a-cf75-457e-8659-82b4d13a3b10,Mairie - Saint-Myon,official source: Annuaire de l'administration Service-public.fr
mairievichel@orange.fr,collectivite_administration,puy-de-dome,mairie collectivite,https://lannuaire.service-public.gouv.fr/auvergne-rhone-alpes/puy-de-dome/7dd99446-d0b3-4fd8-a4f8-adef2f3b7ad5,Mairie - Vichel,official source: Annuaire de l'administration Service-public.fr
marcillat.63@wanadoo.fr,collectivite_administration,puy-de-dome,mairie collectivite,https://lannuaire.service-public.gouv.fr/auvergne-rhone-alpes/puy-de-dome/d8482ffb-7ffb-413f-9366-cc911d072fd7,Mairie - Marcillat,official source: Annuaire de l'administration Service-public.fr
martressurmorge@orange.fr,collectivite_administration,puy-de-dome,mairie collectivite,https://lannuaire.service-public.gouv.fr/auvergne-rhone-alpes/puy-de-dome/58a99b61-c8d9-48a0-8a61-e9b47968ce8c,Mairie - Martres-sur-Morge,official source: Annuaire de l'administration Service-public.fr
mayres.mairie@wanadoo.fr,collectivite_administration,puy-de-dome,mairie collectivite,https://lannuaire.service-public.gouv.fr/auvergne-rhone-alpes/puy-de-dome/3dfdaeeb-d3cf-4972-ac0c-f7c860b1fb54,Mairie - Mayres,official source: Annuaire de l'administration Service-public.fr
mazoires.mairie@orange.fr,collectivite_administration,puy-de-dome,mairie collectivite,https://lannuaire.service-public.gouv.fr/auvergne-rhone-alpes/puy-de-dome/e2853edb-a82f-4c72-b970-161f6a5d9159,Mairie - Mazoires,official source: Annuaire de l'administration Service-public.fr
medeyrolles-mairie@orange.fr,collectivite_administration,puy-de-dome,mairie collectivite,https://lannuaire.service-public.gouv.fr/auvergne-rhone-alpes/puy-de-dome/9e824346-86b7-4516-8754-7c9483775cbe,Mairie - Medeyrolles,official source: Annuaire de l'administration Service-public.fr
mont-dore@sancy.com,collectivite_administration,puy-de-dome,mairie collectivite,https://lannuaire.service-public.gouv.fr/auvergne-rhone-alpes/puy-de-dome/7eaea5bd-cf4a-4de5-a5bd-7e1d3592e331,Mairie - Mont-Dore,official source: Annuaire de l'administration Service-public.fr
montpeyroux.mairie@orange.fr,collectivite_administration,puy-de-dome,mairie collectivite,https://lannuaire.service-public.gouv.fr/auvergne-rhone-alpes/puy-de-dome/9328788b-8f75-4f15-a893-53bc34aadfbe,Mairie - Montpeyroux,official source: Annuaire de l'administration Service-public.fr
mstjean@wanadoo.fr,collectivite_administration,puy-de-dome,mairie collectivite,https://lannuaire.service-public.gouv.fr/auvergne-rhone-alpes/puy-de-dome/dfd320a2-9983-4cb2-b0c1-245aa743d162,Mairie - Saint-Jean-des-Ollières,official source: Annuaire de l'administration Service-public.fr
nonette.orsonnette@orange.fr,collectivite_administration,puy-de-dome,mairie collectivite,https://lannuaire.service-public.gouv.fr/auvergne-rhone-alpes/puy-de-dome/83156bbd-85d2-4fec-ade4-f22daa4adce3,Mairie - Nonette-Orsonnette,official source: Annuaire de l'administration Service-public.fr
novacelles.mairie@orange.fr,collectivite_administration,puy-de-dome,mairie collectivite,https://lannuaire.service-public.gouv.fr/auvergne-rhone-alpes/puy-de-dome/9cd0bd34-198b-4fb9-9535-7cc84b607c6c,Mairie - Novacelles,official source: Annuaire de l'administration Service-public.fr
policemunicipale@mairie-larocheblanche.fr,collectivite_administration,puy-de-dome,mairie collectivite,https://lannuaire.service-public.gouv.fr/auvergne-rhone-alpes/puy-de-dome/b7c0d060-b5e2-4328-8c3c-5502d3a7fbd3,Police municipale - La Roche-Blanche,official source: Annuaire de l'administration Service-public.fr
prondines.mairie@wanadoo.fr,collectivite_administration,puy-de-dome,mairie collectivite,https://lannuaire.service-public.gouv.fr/auvergne-rhone-alpes/puy-de-dome/f0fa3ced-af66-47d2-8aec-9dc18841e9c9,Mairie - Prondines,official source: Annuaire de l'administration Service-public.fr
reception@chanonat.fr,collectivite_administration,puy-de-dome,mairie collectivite,https://lannuaire.service-public.gouv.fr/auvergne-rhone-alpes/puy-de-dome/5b774264-0bd1-4758-932a-c67a52b7091a,Mairie - Chanonat,official source: Annuaire de l'administration Service-public.fr
reignat.mairie@wanadoo.fr,collectivite_administration,puy-de-dome,mairie collectivite,https://lannuaire.service-public.gouv.fr/auvergne-rhone-alpes/puy-de-dome/739d5ec2-edcb-457f-8600-7aad5569df23,Mairie - Reignat,official source: Annuaire de l'administration Service-public.fr
renaudie.mairie@free.fr,collectivite_administration,puy-de-dome,mairie collectivite,https://lannuaire.service-public.gouv.fr/auvergne-rhone-alpes/puy-de-dome/67008513-0826-4dd5-99b3-ce84a714df50,Mairie - La Renaudie,official source: Annuaire de l'administration Service-public.fr
s.social@mairie-lempdes.fr,collectivite_administration,puy-de-dome,mairie collectivite,https://lannuaire.service-public.gouv.fr/auvergne-rhone-alpes/puy-de-dome/ade8000b-ab0f-4e66-917a-2269b00b43b5,Centre communal d'action sociale (CCAS) - Lempdes,official source: Annuaire de l'administration Service-public.fr
saillant.mairie@orange.fr,collectivite_administration,puy-de-dome,mairie collectivite,https://lannuaire.service-public.gouv.fr/auvergne-rhone-alpes/puy-de-dome/5ddd327c-6aa5-4c5f-b3b2-1b60ba4b5669,Mairie - Saillant,official source: Annuaire de l'administration Service-public.fr
saint-beauzire.mairie@wanadoo.fr,collectivite_administration,puy-de-dome,mairie collectivite,https://lannuaire.service-public.gouv.fr/auvergne-rhone-alpes/puy-de-dome/c6ee9acc-e0fc-468c-b415-2390db533a69,Mairie - Saint-Beauzire,official source: Annuaire de l'administration Service-public.fr
saint-eloy-la-glaciere.mairie@wanadoo.fr,collectivite_administration,puy-de-dome,mairie collectivite,https://lannuaire.service-public.gouv.fr/auvergne-rhone-alpes/puy-de-dome/aa95816a-793c-43c9-9014-7d9b4271a5e5,Mairie - Saint-Éloy-la-Glacière,official source: Annuaire de l'administration Service-public.fr
saint-ferreol-des-cotes.mairie@orange.fr,collectivite_administration,puy-de-dome,mairie collectivite,https://lannuaire.service-public.gouv.fr/auvergne-rhone-alpes/puy-de-dome/2c7f0f6f-75ff-49c1-a592-bc6f7ef336b4,Mairie - Saint-Ferréol-des-Côtes,official source: Annuaire de l'administration Service-public.fr
saint-romain.mairie@orange.fr,collectivite_administration,puy-de-dome,mairie collectivite,https://lannuaire.service-public.gouv.fr/auvergne-rhone-alpes/puy-de-dome/95ac533a-7594-409c-8417-7afea4a87b6d,Mairie - Saint-Romain,official source: Annuaire de l'administration Service-public.fr
sainte-christine-63@wanadoo.fr,collectivite_administration,puy-de-dome,mairie collectivite,https://lannuaire.service-public.gouv.fr/auvergne-rhone-alpes/puy-de-dome/b6fcda31-d907-4dde-8967-81d250337316,Mairie - Sainte-Christine,official source: Annuaire de l'administration Service-public.fr
saintfloret@orange.fr,collectivite_administration,puy-de-dome,mairie collectivite,https://lannuaire.service-public.gouv.fr/auvergne-rhone-alpes/puy-de-dome/854c1ed0-2da5-4c72-8aaa-72ccdceef1bc,Mairie - Saint-Floret,official source: Annuaire de l'administration Service-public.fr
sainthilairelacroix@gmail.com,collectivite_administration,puy-de-dome,mairie collectivite,https://lannuaire.service-public.gouv.fr/auvergne-rhone-alpes/puy-de-dome/8b3f1470-9dd5-43ab-9415-c9ba7e9f83c1,Mairie - Saint-Hilaire-la-Croix,official source: Annuaire de l'administration Service-public.fr
saintjeansaintgervais@orange.fr,collectivite_administration,puy-de-dome,mairie collectivite,https://lannuaire.service-public.gouv.fr/auvergne-rhone-alpes/puy-de-dome/aa48b3e0-cdae-48b5-818f-d5cb8c55dac1,Mairie - Saint-Jean-Saint-Gervais,official source: Annuaire de l'administration Service-public.fr
saintsulpice.mairie@wanadoo.fr,collectivite_administration,puy-de-dome,mairie collectivite,https://lannuaire.service-public.gouv.fr/auvergne-rhone-alpes/puy-de-dome/b9206ec1-cff9-40c3-aa50-34ac731839c7,Mairie - Saint-Sulpice,official source: Annuaire de l'administration Service-public.fr
sauvagnat.pres.herment@orange.fr,collectivite_administration,puy-de-dome,mairie collectivite,https://lannuaire.service-public.gouv.fr/auvergne-rhone-alpes/puy-de-dome/b8434568-208e-4f78-88e2-ea6d6e9a3d1a,Mairie - Sauvagnat,official source: Annuaire de l'administration Service-public.fr
sauvessanges.mairie@wanadoo.fr,collectivite_administration,puy-de-dome,mairie collectivite,https://lannuaire.service-public.gouv.fr/auvergne-rhone-alpes/puy-de-dome/84ac8de6-612c-44c1-b3fd-2285c80ed37d,Mairie - Sauvessanges,official source: Annuaire de l'administration Service-public.fr
secretaire.general@mairie.mirefleurs.fr,collectivite_administration,puy-de-dome,mairie collectivite,https://lannuaire.service-public.gouv.fr/auvergne-rhone-alpes/puy-de-dome/8dcf96a9-744a-4c49-91c6-f5a4703f8dfd,Mairie - Mirefleurs,official source: Annuaire de l'administration Service-public.fr
secretariat-mairie@chauriat.fr,collectivite_administration,puy-de-dome,mairie collectivite,https://lannuaire.service-public.gouv.fr/auvergne-rhone-alpes/puy-de-dome/3b7063c1-a57f-47d2-a13e-0e71a6742d83,Mairie - Chauriat,official source: Annuaire de l'administration Service-public.fr
secretariat@bromont-lamothe.fr,collectivite_administration,puy-de-dome,mairie collectivite,https://lannuaire.service-public.gouv.fr/auvergne-rhone-alpes/puy-de-dome/0422624c-0450-42c0-9e32-f27f366914a2,Mairie - Bromont-Lamothe,official source: Annuaire de l'administration Service-public.fr
secretariat@chabreloche.fr,collectivite_administration,puy-de-dome,mairie collectivite,https://lannuaire.service-public.gouv.fr/auvergne-rhone-alpes/puy-de-dome/a1d6f10c-195f-4a27-9357-973d0249fa59,Mairie - Chabreloche,official source: Annuaire de l'administration Service-public.fr
secretariat@coudes.fr,collectivite_administration,puy-de-dome,mairie collectivite,https://lannuaire.service-public.gouv.fr/auvergne-rhone-alpes/puy-de-dome/ad8cd836-0467-44fb-8557-64d9cbb1cb36,Mairie - Coudes,official source: Annuaire de l'administration Service-public.fr
secretariat@fayetlechateau.fr,collectivite_administration,puy-de-dome,mairie collectivite,https://lannuaire.service-public.gouv.fr/auvergne-rhone-alpes/puy-de-dome/4255d24f-471f-4b4a-bd9b-812ad3182ca4,Mairie - Fayet-le-Château,official source: Annuaire de l'administration Service-public.fr
secretariat@mairie-escoutoux.fr,collectivite_administration,puy-de-dome,mairie collectivite,https://lannuaire.service-public.gouv.fr/auvergne-rhone-alpes/puy-de-dome/431e5a88-d896-4b69-a27e-a5f736c4d10e,Mairie - Escoutoux,official source: Annuaire de l'administration Service-public.fr
secretariat@mairie-giat.fr,collectivite_administration,puy-de-dome,mairie collectivite,https://lannuaire.service-public.gouv.fr/auvergne-rhone-alpes/puy-de-dome/44c62d26-cb67-4dc4-9225-94f53c6ef23a,Mairie - Giat,official source: Annuaire de l'administration Service-public.fr
secretariat@mairie-lamonnerielemontel.fr,collectivite_administration,puy-de-dome,mairie collectivite,https://lannuaire.service-public.gouv.fr/auvergne-rhone-alpes/puy-de-dome/5fccb835-9d24-4f4b-b974-8f4024d233e1,Centre communal d'action sociale (CCAS) - La Monnerie-le-Montel,official source: Annuaire de l'administration Service-public.fr
secretariat@mairie-larochenoire.fr,collectivite_administration,puy-de-dome,mairie collectivite,https://lannuaire.service-public.gouv.fr/auvergne-rhone-alpes/puy-de-dome/5c34884b-10ce-47bd-a674-48e97bc0e4b5,Mairie - La Roche-Noire,official source: Annuaire de l'administration Service-public.fr
secretariat@mairieaydat.fr,collectivite_administration,puy-de-dome,mairie collectivite,https://lannuaire.service-public.gouv.fr/auvergne-rhone-alpes/puy-de-dome/c9c79594-5013-4125-a60f-6d93069e5933,Mairie - Aydat,official source: Annuaire de l'administration Service-public.fr
secretariat@mairiebergonne.fr,collectivite_administration,puy-de-dome,mairie collectivite,https://lannuaire.service-public.gouv.fr/auvergne-rhone-alpes/puy-de-dome/726badbb-822c-46fa-885c-d1ab0c21eb09,Mairie - Bergonne,official source: Annuaire de l'administration Service-public.fr
secretariat@mairiedebesse.fr,collectivite_administration,puy-de-dome,mairie collectivite,https://lannuaire.service-public.gouv.fr/auvergne-rhone-alpes/puy-de-dome/629dbb6f-b185-4b9f-a4cd-00cf6a621535,Mairie - Besse-et-Saint-Anastaise,official source: Annuaire de l'administration Service-public.fr
secretariat@mairielecrest.fr,collectivite_administration,puy-de-dome,mairie collectivite,https://lannuaire.service-public.gouv.fr/auvergne-rhone-alpes/puy-de-dome/73c29ed9-55d7-472b-b0a5-2d62abfd1c00,Mairie - Le Crest,official source: Annuaire de l'administration Service-public.fr
secretariat@olby.fr,collectivite_administration,puy-de-dome,mairie collectivite,https://lannuaire.service-public.gouv.fr/auvergne-rhone-alpes/puy-de-dome/101ee7ce-7760-41a0-9ba5-febe3a22630f,Mairie - Olby,official source: Annuaire de l'administration Service-public.fr
secretariat@saint-ignat.fr,collectivite_administration,puy-de-dome,mairie collectivite,https://lannuaire.service-public.gouv.fr/auvergne-rhone-alpes/puy-de-dome/9b0ead58-535d-4bc7-8a9a-c30e5ac97227,Mairie - Saint-Ignat,official source: Annuaire de l'administration Service-public.fr
secretariatdedirection@services-ville-ambert.fr,collectivite_administration,puy-de-dome,mairie collectivite,https://lannuaire.service-public.gouv.fr/auvergne-rhone-alpes/puy-de-dome/d5e5794c-7f68-4ef3-9c93-55b13676697c,Mairie - Ambert,official source: Annuaire de l'administration Service-public.fr
secretariatmairie@plauzat.fr,collectivite_administration,puy-de-dome,mairie collectivite,https://lannuaire.service-public.gouv.fr/auvergne-rhone-alpes/puy-de-dome/48a4b979-bce5-4dd2-be58-351991906fb1,Mairie - Plauzat,official source: Annuaire de l'administration Service-public.fr
service.social@mairie-vic-le-comte.fr,collectivite_administration,puy-de-dome,mairie collectivite,https://lannuaire.service-public.gouv.fr/auvergne-rhone-alpes/puy-de-dome/b45bfb83-455e-4873-a60f-13a4c46f821f,Centre communal d'action sociale (CCAS) - Vic-le-Comte,official source: Annuaire de l'administration Service-public.fr
st-amant-roche-savine.mairie@wanadoo.fr,collectivite_administration,puy-de-dome,mairie collectivite,https://lannuaire.service-public.gouv.fr/auvergne-rhone-alpes/puy-de-dome/382e73d4-9002-40f1-acbb-c7c2f0ff7405,Mairie - Saint-Amant-Roche-Savine,official source: Annuaire de l'administration Service-public.fr
st-antheme-mairie@orange.fr,collectivite_administration,puy-de-dome,mairie collectivite,https://lannuaire.service-public.gouv.fr/auvergne-rhone-alpes/puy-de-dome/456e4f0e-0eae-4781-a990-ac047be306d3,Mairie - Saint-Anthème,official source: Annuaire de l'administration Service-public.fr
st-clement-de-valorgue.mairie@orange.fr,collectivite_administration,puy-de-dome,mairie collectivite,https://lannuaire.service-public.gouv.fr/auvergne-rhone-alpes/puy-de-dome/a537f759-2630-4f99-9a4d-0e0c453ad09d,Mairie - Saint-Clément-de-Valorgue,official source: Annuaire de l'administration Service-public.fr
st-germain-lherm.mairie@wanadoo.fr,collectivite_administration,puy-de-dome,mairie collectivite,https://lannuaire.service-public.gouv.fr/auvergne-rhone-alpes/puy-de-dome/d89b9ca9-30bd-4871-b177-326e0a6ad5b0,Centre communal d'action sociale (CCAS) - Saint-Germain-l'Herm,official source: Annuaire de l'administration Service-public.fr
st-sylvestre-pragoulin@wanadoo.fr,collectivite_administration,puy-de-dome,mairie collectivite,https://lannuaire.service-public.gouv.fr/auvergne-rhone-alpes/puy-de-dome/4dc727f6-02db-4fd6-af4e-00c718a57740,Mairie - Saint-Sylvestre-Pragoulin,official source: Annuaire de l'administration Service-public.fr
st.germain.pres.herment@wanadoo.fr,collectivite_administration,puy-de-dome,mairie collectivite,https://lannuaire.service-public.gouv.fr/auvergne-rhone-alpes/puy-de-dome/be62467d-1faf-49d7-965a-223c242a49be,Mairie - Saint-Germain-près-Herment,official source: Annuaire de l'administration Service-public.fr
st.gervais.sous.meymont.mairie@wanadoo.fr,collectivite_administration,puy-de-dome,mairie collectivite,https://lannuaire.service-public.gouv.fr/auvergne-rhone-alpes/puy-de-dome/5b9545dc-2cc3-4666-94ae-02dd48d8c356,Mairie - Saint-Gervais-sous-Meymont,official source: Annuaire de l'administration Service-public.fr
st.sandoux.mairie@orange.fr,collectivite_administration,puy-de-dome,mairie collectivite,https://lannuaire.service-public.gouv.fr/auvergne-rhone-alpes/puy-de-dome/aa885a10-064f-4dfb-8ad2-036cc5e270a0,Centre communal d'action sociale (CCAS) - Saint-Sandoux,official source: Annuaire de l'administration Service-public.fr
stbonnetlechastel.mairie@wanadoo.fr,collectivite_administration,puy-de-dome,mairie collectivite,https://lannuaire.service-public.gouv.fr/auvergne-rhone-alpes/puy-de-dome/6d38bbfe-c957-4183-8c2f-4d3647774e28,Mairie - Saint-Bonnet-le-Chastel,official source: Annuaire de l'administration Service-public.fr
stmaurice63330@gmail.com,collectivite_administration,puy-de-dome,mairie collectivite,https://lannuaire.service-public.gouv.fr/auvergne-rhone-alpes/puy-de-dome/02823e40-2c01-4ed7-8249-09d1db328d70,Mairie - Saint-Maurice-près-Pionsat,official source: Annuaire de l'administration Service-public.fr
thiolieres.mairie@orange.fr,collectivite_administration,puy-de-dome,mairie collectivite,https://lannuaire.service-public.gouv.fr/auvergne-rhone-alpes/puy-de-dome/46a43983-4147-4e49-8dc2-01d0f3f806f7,Mairie - Thiolières,official source: Annuaire de l'administration Service-public.fr
tremouillestloup@wanadoo.fr,collectivite_administration,puy-de-dome,mairie collectivite,https://lannuaire.service-public.gouv.fr/auvergne-rhone-alpes/puy-de-dome/d9947931-9587-464d-87c7-49222e72121e,Mairie - Trémouille-Saint-Loup,official source: Annuaire de l'administration Service-public.fr
valcivieres.mairie@wanadoo.fr,collectivite_administration,puy-de-dome,mairie collectivite,https://lannuaire.service-public.gouv.fr/auvergne-rhone-alpes/puy-de-dome/27aa9bd8-e50b-4f71-b63b-63da9dc8f257,Mairie - Valcivières,official source: Annuaire de l'administration Service-public.fr
valzsouschateauneuf@wanadoo.fr,collectivite_administration,puy-de-dome,mairie collectivite,https://lannuaire.service-public.gouv.fr/auvergne-rhone-alpes/puy-de-dome/2abe2abc-0075-47e4-8c94-5f704ccea762,Mairie - Valz-sous-Châteauneuf,official source: Annuaire de l'administration Service-public.fr
ville-labourboule@wanadoo.fr,collectivite_administration,puy-de-dome,mairie collectivite,https://lannuaire.service-public.gouv.fr/auvergne-rhone-alpes/puy-de-dome/03c775cb-616a-469d-a222-c4d8aec4f8cb,Mairie - La Bourboule,official source: Annuaire de l'administration Service-public.fr
viverols@wanadoo.fr,collectivite_administration,puy-de-dome,mairie collectivite,https://lannuaire.service-public.gouv.fr/auvergne-rhone-alpes/puy-de-dome/c2996c6e-fd6f-42fe-984f-57f3d54aa2d2,Mairie - Viverols,official source: Annuaire de l'administration Service-public.fr
youx@orange.fr,collectivite_administration,puy-de-dome,mairie collectivite,https://lannuaire.service-public.gouv.fr/auvergne-rhone-alpes/puy-de-dome/699abcdd-0cb1-4fdf-8453-237428d4e253,Mairie - Youx,official source: Annuaire de l'administration Service-public.fr
yssac@wanadoo.fr,collectivite_administration,puy-de-dome,mairie collectivite,https://lannuaire.service-public.gouv.fr/auvergne-rhone-alpes/puy-de-dome/802d0900-3066-4869-8de8-b17198a1d922,Mairie - Yssac-la-Tourette,official source: Annuaire de l'administration Service-public.fr
maison.franceservicessud@ville-clermont-ferrand.fr,structure,puy-de-dome,maison france services,https://lannuaire.service-public.gouv.fr/auvergne-rhone-alpes/puy-de-dome/44f0b6bc-c080-460b-8aac-6cdb18e5a8ab,Point-justice en France services Fontaine du Bac,official source: Annuaire de l'administration Service-public.fr
maisondescitoyens@cournon-auvergne.fr,structure,puy-de-dome,maison france services,https://lannuaire.service-public.gouv.fr/auvergne-rhone-alpes/puy-de-dome/9b5d9f98-f760-4111-8d7b-803d1384c03b,France services - Cournon-d'Auvergne,official source: Annuaire de l'administration Service-public.fr
maisondesservices63@gmail.com,structure,puy-de-dome,maison france services,https://lannuaire.service-public.gouv.fr/auvergne-rhone-alpes/puy-de-dome/50c430b1-7cdb-4ec6-aa94-945adea990bc,Point-justice en France services de Saint-Gervais-d'Auvergne,official source: Annuaire de l'administration Service-public.fr
mda@issoire.fr,protection_enfance,puy-de-dome,maison france services,https://lannuaire.service-public.gouv.fr/auvergne-rhone-alpes/puy-de-dome/8f3966ff-6751-4a17-a4ff-d4f212b32cad,Point-justice Maison des Associations Issoire,official source: Annuaire de l'administration Service-public.fr
mdph@mdph63.fr,structure,puy-de-dome,maison france services,https://lannuaire.service-public.gouv.fr/auvergne-rhone-alpes/puy-de-dome/9d02a3b8-5247-4c51-893a-6fd2ef1450c0,Maison départementale des personnes handicapées (MDPH) - Puy-de-Dôme,official source: Annuaire de l'administration Service-public.fr
mds.martres-de-veyre@puy-de-dome.fr,structure,puy-de-dome,maison france services,https://lannuaire.service-public.gouv.fr/auvergne-rhone-alpes/puy-de-dome/3e654b3d-fc80-4bc7-915f-76501a2df9f3,Maison des solidarités des Martres-de-Veyre,official source: Annuaire de l'administration Service-public.fr
sec-ambert@puy-de-dome.fr,structure,puy-de-dome,maison france services,https://lannuaire.service-public.gouv.fr/auvergne-rhone-alpes/puy-de-dome/807dd630-b6ab-4a30-ae6b-d3baa378d297,Maison des solidarités d’Ambert,official source: Annuaire de l'administration Service-public.fr
sec-billom@puy-de-dome.fr,structure,puy-de-dome,maison france services,https://lannuaire.service-public.gouv.fr/auvergne-rhone-alpes/puy-de-dome/6c28c6cb-100e-499c-a0bf-38b32d05ed61,Maison des solidarités de Billom,official source: Annuaire de l'administration Service-public.fr
sec-mds-lesancizes@puy-de-dome.fr,structure,puy-de-dome,maison france services,https://lannuaire.service-public.gouv.fr/auvergne-rhone-alpes/puy-de-dome/6ce28a5c-e143-4fb9-bee1-665416eea10f,Maison des solidarités des Ancizes,official source: Annuaire de l'administration Service-public.fr
sec-mds-pontaumur@puy-de-dome.fr,structure,puy-de-dome,maison france services,https://lannuaire.service-public.gouv.fr/auvergne-rhone-alpes/puy-de-dome/ec2078fd-7d33-400f-8863-f61a03a04694,Maison des solidarités de Pontaumur,official source: Annuaire de l'administration Service-public.fr
sec-mds-riom@puy-de-dome.fr,structure,puy-de-dome,maison france services,https://lannuaire.service-public.gouv.fr/auvergne-rhone-alpes/puy-de-dome/34c96d88-04eb-420f-89d4-f3f8ab3c32d8,Maison des solidarités de Riom,official source: Annuaire de l'administration Service-public.fr
sec-thiers@puy-de-dome.fr,structure,puy-de-dome,maison france services,https://lannuaire.service-public.gouv.fr/auvergne-rhone-alpes/puy-de-dome/d7798718-093a-46f6-95e3-14dd1e5692d7,Maison des solidarités de Thiers,official source: Annuaire de l'administration Service-public.fr
mediationculturelle@fal63.org,jeunesse_loisirs,puy-de-dome,mediation culturelle jeunesse,https://fal63.org/nous-contacter/,Ligue de l'enseignement du Puy-de-Dome,manual public source: mediation culturelle jeunesse
accueil@mission-locale-thiers.com,jeunesse_loisirs,puy-de-dome,mission locale jeunesse insertion,https://lannuaire.service-public.gouv.fr/auvergne-rhone-alpes/puy-de-dome/b41172ac-31e0-4d35-ace5-c59323359f4b,Mission locale pour l'insertion professionnelle et sociale des jeunes (16-25 ans) - Thiers,official source: Annuaire de l'administration Service-public.fr
accueil@missionlocale-clermont.com,jeunesse_loisirs,puy-de-dome,mission locale jeunesse insertion,https://lannuaire.service-public.gouv.fr/auvergne-rhone-alpes/puy-de-dome/6224b3d4-3e12-47ef-98ea-e8f78a3c94b7,Mission locale pour l'insertion professionnelle et sociale des jeunes (16-25 ans) - Rochefort-Montagne,official source: Annuaire de l'administration Service-public.fr
contact@mission-locale-cournon.fr,jeunesse_loisirs,puy-de-dome,mission locale jeunesse insertion,https://lannuaire.service-public.gouv.fr/auvergne-rhone-alpes/puy-de-dome/aab22896-5b46-4c4d-bfa0-a2f08b3cc8cf,Mission locale pour l'insertion professionnelle et sociale des jeunes (16-25 ans) - Billom,official source: Annuaire de l'administration Service-public.fr
contact@mission-locale-issoire.com,jeunesse_loisirs,puy-de-dome,mission locale jeunesse insertion,https://lannuaire.service-public.gouv.fr/auvergne-rhone-alpes/puy-de-dome/6499d17c-a20f-489b-aa7e-67b7f60af7dd,Mission locale pour l'insertion professionnelle et sociale des jeunes (16-25 ans) - Issoire,official source: Annuaire de l'administration Service-public.fr
contact@mission-locale-riom.fr,jeunesse_loisirs,puy-de-dome,mission locale jeunesse insertion,https://lannuaire.service-public.gouv.fr/auvergne-rhone-alpes/puy-de-dome/c31b3f59-7c32-420f-8571-02264810a780,Mission locale pour l'insertion professionnelle et sociale des jeunes (16-25 ans) - Riom,official source: Annuaire de l'administration Service-public.fr
missionlocaleambert@outlook.com,jeunesse_loisirs,puy-de-dome,mission locale jeunesse insertion,https://lannuaire.service-public.gouv.fr/auvergne-rhone-alpes/puy-de-dome/fb7ad605-15c8-46d2-bf19-75feeec8b67d,Mission locale pour l'insertion professionnelle et sociale des jeunes (16-25 ans) - Ambert,official source: Annuaire de l'administration Service-public.fr
serviceenfance@sayat.fr,jeunesse_loisirs,puy-de-dome,periscolaire enfance jeunesse,https://www.sayat.fr/enfance-et-jeunesse/accueil-de-loisirs-3-18-ans/,Accueil de loisirs - Sayat,manual public source: periscolaire enfance jeunesse
sp-riom-associations@puy-de-dome.gouv.fr,collectivite_administration,puy-de-dome,prefecture administration,https://lannuaire.service-public.gouv.fr/auvergne-rhone-alpes/puy-de-dome/f5d87792-3697-4164-876d-2f4a93204fb3,Greffe des associations - Puy-de-Dôme (Riom),official source: Annuaire de l'administration Service-public.fr
numeducpdn@fal63.org,jeunesse_loisirs,puy-de-dome,promeneurs du net jeunesse,https://fal63.org/nous-contacter/,Ligue de l'enseignement du Puy-de-Dome,manual public source: promeneurs du net jeunesse
sejours@fal63.org,structure,puy-de-dome,sejours educatifs,https://fal63.org/nous-contacter/,Ligue de l'enseignement du Puy-de-Dome,manual public source: sejours educatifs
classes@fal63.org,structure,puy-de-dome,sejours loisirs,https://fal63.org/nous-contacter/,Ligue de l'enseignement du Puy-de-Dome,manual public source: sejours loisirs
scivique@fal63.org,jeunesse_loisirs,puy-de-dome,service civique jeunesse,https://fal63.org/nous-contacter/,Ligue de l'enseignement du Puy-de-Dome,manual public source: service civique jeunesse
ce.sdjes63@ac-clermont.fr,jeunesse_loisirs,puy-de-dome,service jeunesse,https://lannuaire.service-public.gouv.fr/auvergne-rhone-alpes/puy-de-dome/59c266d7-a454-47ca-b29b-468eca36244c,"Service départemental à la jeunesse, à l'engagement et aux sports (SDJES) - Puy-de-Dôme",official source: Annuaire de l'administration Service-public.fr
dtpjj-clermont-ferrand@justice.fr,jeunesse_loisirs,puy-de-dome,service jeunesse,https://lannuaire.service-public.gouv.fr/auvergne-rhone-alpes/puy-de-dome/0449e4d7-014e-4a77-b88f-cef34176577f,Direction territoriale de la protection judiciaire de la jeunesse (DTPJJ) - Auvergne,official source: Annuaire de l'administration Service-public.fr
accueil@ufolep63.org,sport,puy-de-dome,sport education populaire,https://fal63.org/nous-contacter/,Ligue de l'enseignement du Puy-de-Dome,manual public source: sport education populaire
usep63@fal63.org,sport,puy-de-dome,sport education populaire,https://fal63.org/nous-contacter/,Ligue de l'enseignement du Puy-de-Dome,manual public source: sport education populaire
contact@e2c-puydedome.fr,jeunesse_loisirs,puy-de-dome,structure jeunesse insertion,https://www.e2c-puydedome.fr/contact/,E2C Puy-de-Dome,manual public source: structure jeunesse insertion
snu63@snuipp.fr,syndicat,puy-de-dome,syndicat education FSU,https://e-mouvement.snuipp.fr/63/contact,FSU-SNUipp Puy-de-Dome,manual public source: syndicat education FSU
affiliation@fal63.org,association,puy-de-dome,vie associative,https://fal63.org/nous-contacter/,Ligue de l'enseignement du Puy-de-Dome,manual public source: vie associative
direction@fal63.org,association,puy-de-dome,vie associative education populaire,https://fal63.org/nous-contacter/,Ligue de l'enseignement du Puy-de-Dome,manual public source: vie associative education populaire
lireetfairelire@fal63.org,association,puy-de-dome,vie associative education populaire,https://fal63.org/nous-contacter/,Ligue de l'enseignement du Puy-de-Dome,manual public source: vie associative education populaire
communication@fal63.org,association,puy-de-dome,vie associative juniors associations,https://fal63.org/nous-contacter/,Ligue de l'enseignement du Puy-de-Dome,manual public source: vie associative juniors associations
mission.clara@cres-auvergne.org,sport,puy-de-dome,vie associative sport,https://www.associations.gouv.fr/comite-departemental-olympique-et-sportif-du-puy-de-dome.html,CDOS Puy-de-Dome - Associations.gouv.fr,manual public source: vie associative sport
