source_url,department,page_title,type_contacts,categories,contact_count
https://lannuaire.service-public.gouv.fr/auvergne-rhone-alpes/allier/000ee7b2-a669-44f0-9e6f-837fa7d912da,allier,Service d’aide médicale urgente (Samu) - Allier,collectivite_administration,administration collectivite service public,1
https://lannuaire.service-public.gouv.fr/auvergne-rhone-alpes/allier/00dd5c5b-8b55-43af-84fc-62ea2ec07b50,allier,Mairie - Monteignet-sur-l'Andelot,collectivite_administration,mairie collectivite,1
https://lannuaire.service-public.gouv.fr/auvergne-rhone-alpes/allier/00ec797b-b618-4ee9-ab29-1aad4efeb6da,allier,Mairie - Saint-Martinien,collectivite_administration,mairie collectivite,1
https://lannuaire.service-public.gouv.fr/auvergne-rhone-alpes/allier/0218996b-97ca-4257-bb54-5351c7717e10,allier,Mairie - Vaux,collectivite_administration,mairie collectivite,1
https://lannuaire.service-public.gouv.fr/auvergne-rhone-alpes/allier/02cc98e5-1940-4f0c-a52e-81d9f6ae5491,allier,Mission d'accueil et d'information des associations (MAIA) - Allier,collectivite_administration,administration collectivite service public,1
https://lannuaire.service-public.gouv.fr/auvergne-rhone-alpes/allier/032e072d-1485-4a5e-937c-b66dede9cebd,allier,Mairie - Chamblet,collectivite_administration,mairie collectivite,1
https://lannuaire.service-public.gouv.fr/auvergne-rhone-alpes/allier/03da85d8-0cfd-4045-a797-9deb16f1409b,allier,France services - Le Montet,collectivite_administration,administration collectivite service public,1
https://lannuaire.service-public.gouv.fr/auvergne-rhone-alpes/allier/046ccbfa-a2ab-46d1-ab7e-187efd03d516,allier,Centre communal d'action sociale (CCAS) - Châtel-de-Neuvre,collectivite_administration,administration collectivite service public,1
https://lannuaire.service-public.gouv.fr/auvergne-rhone-alpes/allier/05ae66b8-6e56-488b-a2a0-3b38c8bfbb5b,allier,Centre communal d'action sociale (CCAS) - Cognat-Lyonne,collectivite_administration,mairie collectivite,1
https://lannuaire.service-public.gouv.fr/auvergne-rhone-alpes/allier/05ebb5fd-9ee8-4426-b4aa-887827b35781,allier,France services - Montluçon,collectivite_administration,administration collectivite service public,1
https://lannuaire.service-public.gouv.fr/auvergne-rhone-alpes/allier/0640d1e0-196d-4518-b27b-c0aaab19862a,allier,Mairie - Tronget,collectivite_administration,mairie collectivite,1
https://lannuaire.service-public.gouv.fr/auvergne-rhone-alpes/allier/08942a91-6255-4f4a-8214-fe62c5870b5a,allier,Mairie - Thionne,collectivite_administration,mairie collectivite,1
https://lannuaire.service-public.gouv.fr/auvergne-rhone-alpes/allier/08dbc20d-c076-4906-82de-77602a132aec,allier,Délégation militaire départementale (DMD) - Allier,collectivite_administration,administration collectivite service public,1
https://lannuaire.service-public.gouv.fr/auvergne-rhone-alpes/allier/096c66e9-8b63-44f1-8828-6d7ff4451d17,allier,Mairie - Saint-Palais,collectivite_administration,mairie collectivite,1
https://lannuaire.service-public.gouv.fr/auvergne-rhone-alpes/allier/0a33c202-1eb8-40d3-98b8-2d0bce59044f,allier,Agence départementale d'information sur le logement (ADIL) - Allier - Vichy,collectivite_administration,administration collectivite service public,1
https://lannuaire.service-public.gouv.fr/auvergne-rhone-alpes/allier/0a8ba059-9f24-40bf-8160-4cc4bc2fc3b0,allier,Mairie - Le Montet,collectivite_administration,mairie collectivite,1
https://lannuaire.service-public.gouv.fr/auvergne-rhone-alpes/allier/0b5d66d9-f009-4dc0-97f5-31ea53523ae8,allier,Mairie - Sanssat,collectivite_administration,mairie collectivite,1
https://lannuaire.service-public.gouv.fr/auvergne-rhone-alpes/allier/0b60a807-0884-4f08-8366-2b0712fdac8c,allier,Mairie - Chevagnes,collectivite_administration,mairie collectivite,1
https://lannuaire.service-public.gouv.fr/auvergne-rhone-alpes/allier/0c1fe7b1-1285-44db-afd0-4a0b1c9136ef,allier,Mairie - Treban,collectivite_administration,mairie collectivite,1
https://lannuaire.service-public.gouv.fr/auvergne-rhone-alpes/allier/0c3bc7a6-5c1f-4e10-94ae-b8cc11b45736,allier,Centre communal d'action sociale (CCAS) - Seuillet,collectivite_administration,mairie collectivite,1
https://lannuaire.service-public.gouv.fr/auvergne-rhone-alpes/allier/0cb0ecfe-4486-435a-81e5-8b549a78a5d5,allier,Mairie - Neuilly-le-Réal,collectivite_administration,mairie collectivite,1
https://lannuaire.service-public.gouv.fr/auvergne-rhone-alpes/allier/0ce0aecd-be2a-49fc-a37c-3f1eb444e9eb,allier,Mairie - Franchesse,collectivite_administration,mairie collectivite,1
https://lannuaire.service-public.gouv.fr/auvergne-rhone-alpes/allier/0d9b07aa-2e0f-446a-b7a0-72da8a695e4b,allier,Centre communal d'action sociale (CCAS) - Gannat,collectivite_administration,administration collectivite service public,1
https://lannuaire.service-public.gouv.fr/auvergne-rhone-alpes/allier/0fa34937-f1fa-4b9f-a239-e266f59d9a0f,allier,Mairie - Lavault-Sainte-Anne,collectivite_administration,mairie collectivite,1
https://lannuaire.service-public.gouv.fr/auvergne-rhone-alpes/allier/1055a9b5-09ba-4c40-8cee-4c19e21e5f9c,allier,Mairie - Verneix,collectivite_administration,mairie collectivite,1
https://lannuaire.service-public.gouv.fr/auvergne-rhone-alpes/allier/1291b4d1-0a58-4b3c-9937-a9b60ee380c8,allier,Mairie - Saulzet,collectivite_administration,mairie collectivite,1
https://lannuaire.service-public.gouv.fr/auvergne-rhone-alpes/allier/12aac4db-5232-44b3-ad2d-89574424517f,allier,Mairie - Sazeret,collectivite_administration,mairie collectivite,1
https://lannuaire.service-public.gouv.fr/auvergne-rhone-alpes/allier/12b45640-7d3a-485e-86b8-39d8eaae0575,allier,Mairie - Bert,collectivite_administration,mairie collectivite,1
https://lannuaire.service-public.gouv.fr/auvergne-rhone-alpes/allier/143ab7ca-76c4-4708-9ef8-73319fb8fd9c,allier,Mairie - Saint-Léopardin-d'Augy,collectivite_administration,mairie collectivite,1
https://lannuaire.service-public.gouv.fr/auvergne-rhone-alpes/allier/161fd55d-c84a-4def-9520-cc6e739ea7a5,allier,Mairie - Buxières-les-Mines,collectivite_administration,mairie collectivite,1
https://lannuaire.service-public.gouv.fr/auvergne-rhone-alpes/allier/1687f952-27b6-48f1-9072-66917a018adf,allier,Centre national de la fonction publique territoriale (CNFPT) - Antenne départementale - Allier,collectivite_administration,administration collectivite service public,1
https://lannuaire.service-public.gouv.fr/auvergne-rhone-alpes/allier/16c9572a-7467-4aab-b898-b6311b990a0e,allier,Conseil de prud'hommes de Moulins,collectivite_administration,administration collectivite service public,1
https://lannuaire.service-public.gouv.fr/auvergne-rhone-alpes/allier/179ba01a-a31f-459d-acb1-e7687364a698,allier,France services - Montmarault,collectivite_administration,administration collectivite service public,1
https://lannuaire.service-public.gouv.fr/auvergne-rhone-alpes/allier/17b648a9-cfdf-43ab-9f8b-6b8b68e419a7,allier,France services - Vichy,collectivite_administration,administration collectivite service public,1
https://lannuaire.service-public.gouv.fr/auvergne-rhone-alpes/allier/1802b421-5acd-4974-ad71-5dd6bfdfbf47,allier,Mairie - Cusset,collectivite_administration,mairie collectivite,1
https://lannuaire.service-public.gouv.fr/auvergne-rhone-alpes/allier/1850b8c5-0f78-473c-ac2a-45521626838e,allier,Mairie - Bressolles,collectivite_administration,mairie collectivite,1
https://lannuaire.service-public.gouv.fr/auvergne-rhone-alpes/allier/18a2dbbd-c8c4-41cd-bea4-94336b0338dc,allier,Mairie - Barberier,collectivite_administration,mairie collectivite,1
https://lannuaire.service-public.gouv.fr/auvergne-rhone-alpes/allier/199418b9-a5e6-43fc-b5bc-077a02ad9ab8,allier,Mairie - Estivareilles,collectivite_administration,mairie collectivite,1
https://lannuaire.service-public.gouv.fr/auvergne-rhone-alpes/allier/1a06c556-12c6-470d-bc74-3929fc79193f,allier,Communauté de communes - Bocage Bourbonnais,collectivite_administration,administration collectivite service public,1
https://lannuaire.service-public.gouv.fr/auvergne-rhone-alpes/allier/1af2daeb-9d33-40fd-a5ab-44aab77fc975,allier,Mairie - Vitray,collectivite_administration,mairie collectivite,1
https://lannuaire.service-public.gouv.fr/auvergne-rhone-alpes/allier/1b4f7188-efa2-4ba4-ab6e-7a9286ee496d,allier,Mairie - Huriel,collectivite_administration,mairie collectivite,1
https://lannuaire.service-public.gouv.fr/auvergne-rhone-alpes/allier/1bb97655-e58d-4a52-86b9-b06c38d0abb5,allier,Ordre des avocats - Barreau de Moulins,collectivite_administration,administration collectivite service public,1
https://lannuaire.service-public.gouv.fr/auvergne-rhone-alpes/allier/1ca51444-8c0a-4d67-97d5-0bd89c7237f2,allier,Service de gestion comptable (SGC) - Vichy,collectivite_administration,administration collectivite service public,1
https://lannuaire.service-public.gouv.fr/auvergne-rhone-alpes/allier/1dafb9c4-c892-470c-820e-1aa659a4e2f2,allier,Mairie - Saint-Plaisir,collectivite_administration,mairie collectivite,1
https://lannuaire.service-public.gouv.fr/auvergne-rhone-alpes/allier/1e7c1d70-0586-417d-b800-abae82dcb75e,allier,Mairie - Pierrefitte-sur-Loire,collectivite_administration,mairie collectivite,1
https://lannuaire.service-public.gouv.fr/auvergne-rhone-alpes/allier/1ef311bd-18b8-4464-925c-488fbc365874,allier,Mairie - Châtel-Montagne,collectivite_administration,mairie collectivite,1
https://lannuaire.service-public.gouv.fr/auvergne-rhone-alpes/allier/1f45380a-3735-496f-a069-d62c7b310028,allier,Point information jeunesse - Montluçon,jeunesse_loisirs,PIJ information jeunesse,1
https://lannuaire.service-public.gouv.fr/auvergne-rhone-alpes/allier/2049fec8-3424-4bb3-96af-269c6d5a1c99,allier,Mairie - Mercy,collectivite_administration,mairie collectivite,1
https://lannuaire.service-public.gouv.fr/auvergne-rhone-alpes/allier/20998760-a1df-4858-bc54-5a2f50b3874b,allier,Mairie - Neuilly-en-Donjon,collectivite_administration,mairie collectivite,1
https://lannuaire.service-public.gouv.fr/auvergne-rhone-alpes/allier/20f62a6a-616b-485b-afe4-3d7f62756c57,allier,Mairie - Luneau,collectivite_administration,mairie collectivite,1
https://lannuaire.service-public.gouv.fr/auvergne-rhone-alpes/allier/211a67c1-e19c-400d-887c-0aa0a5b4ff9a,allier,Mairie - Liernolles,collectivite_administration,mairie collectivite,1
https://lannuaire.service-public.gouv.fr/auvergne-rhone-alpes/allier/2147c98e-5149-47b6-a0bb-19a506118558,allier,Mairie déléguée - Givarlais,collectivite_administration,mairie collectivite,1
https://lannuaire.service-public.gouv.fr/auvergne-rhone-alpes/allier/21af0cae-bf1b-4727-b90b-60174d25ec6d,allier,Centre communal d'action sociale (CCAS) - Saint-Pourçain-sur-Sioule,collectivite_administration,administration collectivite service public,1
https://lannuaire.service-public.gouv.fr/auvergne-rhone-alpes/allier/21d2dea7-899f-4571-98f0-f008a5858293,allier,Mairie - Veauce,collectivite_administration,mairie collectivite,1
https://lannuaire.service-public.gouv.fr/auvergne-rhone-alpes/allier/21d5e93e-5e50-4947-bb65-ebb70bb1e272,allier,Trésorerie des établissements publics de santé de l'Allier,collectivite_administration,administration collectivite service public,1
https://lannuaire.service-public.gouv.fr/auvergne-rhone-alpes/allier/229f2ec1-f55d-44db-bcd0-705b1fc338f8,allier,Mairie - La Ferté-Hauterive,collectivite_administration,mairie collectivite,1
https://lannuaire.service-public.gouv.fr/auvergne-rhone-alpes/allier/24a6aaec-eb2d-47b3-9c2d-86870121b50f,allier,Commissariat de police de Vichy,collectivite_administration,administration collectivite service public,1
https://lannuaire.service-public.gouv.fr/auvergne-rhone-alpes/allier/26feab30-73a0-4c64-9e8b-29588d61b3bb,allier,Ordre des avocats - Barreau de Montluçon,collectivite_administration,administration collectivite service public,1
https://lannuaire.service-public.gouv.fr/auvergne-rhone-alpes/allier/2836a40f-648d-4b9d-ac76-af06d58c040b,allier,Mairie - Quinssaines,collectivite_administration,mairie collectivite,1
https://lannuaire.service-public.gouv.fr/auvergne-rhone-alpes/allier/28b50344-ff4d-428f-b9a9-ab6bd908d751,allier,Fédération départementale pour la pêche et la protection du milieu aquatique - Allier,collectivite_administration,administration collectivite service public,1
https://lannuaire.service-public.gouv.fr/auvergne-rhone-alpes/allier/2923507b-c384-4649-aa01-84b96ac0524e,allier,Point information jeunesse - Varennes-sur-Allier,jeunesse_loisirs,PIJ information jeunesse,1
https://lannuaire.service-public.gouv.fr/auvergne-rhone-alpes/allier/293b9a88-1f7e-45d9-9b6b-546adbdab132,allier,Mairie - Vaumas,collectivite_administration,mairie collectivite,1
https://lannuaire.service-public.gouv.fr/auvergne-rhone-alpes/allier/29a5a283-ea2b-478a-8406-5383d9bb836c,allier,Mairie - La Chapelle-aux-Chasses,collectivite_administration,mairie collectivite,1
https://lannuaire.service-public.gouv.fr/auvergne-rhone-alpes/allier/29db1bdf-50cf-4b43-9631-ed93dee61d9d,allier,Mairie - Deneuille-les-Mines,collectivite_administration,mairie collectivite,1
https://lannuaire.service-public.gouv.fr/auvergne-rhone-alpes/allier/2a9c77db-d11a-4ec3-8161-04e4512d77a5,allier,Mairie - Treteau,collectivite_administration,mairie collectivite,1
https://lannuaire.service-public.gouv.fr/auvergne-rhone-alpes/allier/2b1ecc41-6ecd-4437-8a80-63f93a877170,allier,Mairie - Saint-Voir,collectivite_administration,mairie collectivite,1
https://lannuaire.service-public.gouv.fr/auvergne-rhone-alpes/allier/2b298cb7-df38-4c96-9077-41abb5f89cc1,allier,Mission locale pour l'insertion professionnelle et sociale des jeunes (16-25 ans) - Montluçon,jeunesse_loisirs,mission locale jeunesse insertion,1
https://lannuaire.service-public.gouv.fr/auvergne-rhone-alpes/allier/2cfbcbfb-ebe1-4067-99e7-f0879ccaf762,allier,Mairie - Cérilly,collectivite_administration,mairie collectivite,1
https://lannuaire.service-public.gouv.fr/auvergne-rhone-alpes/allier/2d1350ae-e4be-44c0-a6c8-2b852b78d90d,allier,Mairie - Murat,collectivite_administration,mairie collectivite,1
https://lannuaire.service-public.gouv.fr/auvergne-rhone-alpes/allier/2e20b5f7-d509-4817-8dd2-3818421ffe48,allier,Mairie - Saligny-sur-Roudon,collectivite_administration,mairie collectivite,1
https://lannuaire.service-public.gouv.fr/auvergne-rhone-alpes/allier/2fa38e3d-1c43-4524-b6a2-f422ad050581,allier,Police municipale - Moulins,collectivite_administration,administration collectivite service public,1
https://lannuaire.service-public.gouv.fr/auvergne-rhone-alpes/allier/2fbaca24-49f1-4eea-9e13-f37c279d1046,allier,Bureau de l'éducation routière (BER) - Allier,collectivite_administration,administration collectivite service public,1
https://lannuaire.service-public.gouv.fr/auvergne-rhone-alpes/allier/3045325c-2556-4bd0-9682-46fa1854675f,allier,Mairie - Jaligny-sur-Besbre,collectivite_administration,mairie collectivite,1
https://lannuaire.service-public.gouv.fr/auvergne-rhone-alpes/allier/321ba729-a1e2-465f-96ed-700847dddb08,allier,Police municipale - Abrest,collectivite_administration,administration collectivite service public,1
https://lannuaire.service-public.gouv.fr/auvergne-rhone-alpes/allier/333ca82c-626a-4f05-a46c-74e79e0abe7e,allier,Communauté de communes - Pays de Lapalisse,collectivite_administration,administration collectivite service public,1
https://lannuaire.service-public.gouv.fr/auvergne-rhone-alpes/allier/3482f51b-eff9-4c89-af5b-3209dbfc52c3,allier,Centre communal d'action sociale (CCAS) - Yzeure,collectivite_administration,administration collectivite service public,1
https://lannuaire.service-public.gouv.fr/auvergne-rhone-alpes/allier/349b1c13-cd27-4f34-95a8-1f6b6b3a9aa7,allier,Mairie - Thiel-sur-Acolin,collectivite_administration,mairie collectivite,1
https://lannuaire.service-public.gouv.fr/auvergne-rhone-alpes/allier/349ebb16-ca8d-4aae-9099-66dbb8ee5248,allier,Mairie - Busset,collectivite_administration,mairie collectivite,1
https://lannuaire.service-public.gouv.fr/auvergne-rhone-alpes/allier/34c87c8c-14e7-4cca-98fe-74a55c63512f,allier,Mairie - Bresnay,collectivite_administration,mairie collectivite,1
https://lannuaire.service-public.gouv.fr/auvergne-rhone-alpes/allier/34f05dfc-691a-4e3f-bea0-bcbc5f85323d,allier,Mairie - Saint-Pierre-Laval,collectivite_administration,mairie collectivite,1
https://lannuaire.service-public.gouv.fr/auvergne-rhone-alpes/allier/35e4e430-5777-48e7-8b06-ee31a74617a5,allier,Mairie - Coutansouze,collectivite_administration,mairie collectivite,1
https://lannuaire.service-public.gouv.fr/auvergne-rhone-alpes/allier/36694095-e081-4cc7-9266-60a55ff20b05,allier,Mairie - Saulcet,collectivite_administration,mairie collectivite,1
https://lannuaire.service-public.gouv.fr/auvergne-rhone-alpes/allier/3691eb41-0f7c-41ad-bece-e3e016572f75,allier,Point d'information local dédié aux personnes âgées - Yzeure,collectivite_administration,administration collectivite service public,1
https://lannuaire.service-public.gouv.fr/auvergne-rhone-alpes/allier/3721010c-2e55-4182-ae44-e3f300e6f724,allier,Mairie - Charmeil,collectivite_administration,mairie collectivite,1
https://lannuaire.service-public.gouv.fr/auvergne-rhone-alpes/allier/37a49bdf-e925-4d68-bd2a-3210fa4dbbf0,allier,Mairie - Néris-les-Bains,collectivite_administration,mairie collectivite,1
https://lannuaire.service-public.gouv.fr/auvergne-rhone-alpes/allier/38107a83-4cb4-4f15-9873-08c3f1f73299,allier,Mairie - Saint-Gérand-le-Puy,collectivite_administration,mairie collectivite,1
https://lannuaire.service-public.gouv.fr/auvergne-rhone-alpes/allier/38472657-feb3-4115-a70d-a880bb80faac,allier,Mairie - Molles,collectivite_administration,mairie collectivite,1
https://lannuaire.service-public.gouv.fr/auvergne-rhone-alpes/allier/38f1f5b2-91bd-4285-a581-152b5348fcad,allier,Mairie - Trézelles,collectivite_administration,mairie collectivite,1
https://lannuaire.service-public.gouv.fr/auvergne-rhone-alpes/allier/39f1193d-69ed-4197-8aa8-1876a69cb58f,allier,Mairie - Échassières,collectivite_administration,mairie collectivite,1
https://lannuaire.service-public.gouv.fr/auvergne-rhone-alpes/allier/3a361540-0e64-450b-8664-f99893369edb,allier,Mairie - Coulandon,collectivite_administration,mairie collectivite,1
https://lannuaire.service-public.gouv.fr/auvergne-rhone-alpes/allier/3a6a54d5-4f1a-4677-8dd9-c209a7e0cb2b,allier,Mairie - Commentry,collectivite_administration,mairie collectivite,1
https://lannuaire.service-public.gouv.fr/auvergne-rhone-alpes/allier/3a906217-f1c7-41a9-96ff-97120b03a0d7,allier,Mairie - Sussat,collectivite_administration,mairie collectivite,1
https://lannuaire.service-public.gouv.fr/auvergne-rhone-alpes/allier/3ae99389-2482-4e37-9ca1-4fba56c6b822,allier,Mairie - Chouvigny,collectivite_administration,mairie collectivite,1
https://lannuaire.service-public.gouv.fr/auvergne-rhone-alpes/allier/3aff6854-d483-4777-9d2d-7fb18959d522,allier,Mairie - Le Brethon,collectivite_administration,mairie collectivite,1
https://lannuaire.service-public.gouv.fr/auvergne-rhone-alpes/allier/3b2fcecf-64dc-4bfc-90a0-3c46248206e1,allier,Mairie - Haut-Bocage,collectivite_administration,mairie collectivite,1
https://lannuaire.service-public.gouv.fr/auvergne-rhone-alpes/allier/3cca1c2a-85d1-4e31-a5ec-d8d7fa466842,allier,Mairie - Billy,collectivite_administration,mairie collectivite,1
https://lannuaire.service-public.gouv.fr/auvergne-rhone-alpes/allier/3d930d39-647d-400c-a743-64aa4033d178,allier,Police municipale - Montluçon,collectivite_administration,mairie collectivite,1
https://lannuaire.service-public.gouv.fr/auvergne-rhone-alpes/allier/3d9cc6be-4d2d-48e7-8821-c206a0484fd7,allier,Mairie - Besson,collectivite_administration,mairie collectivite,1
https://lannuaire.service-public.gouv.fr/auvergne-rhone-alpes/allier/3e92f588-179e-4e77-8045-d376d86c7c0d,allier,Mairie - Contigny,collectivite_administration,mairie collectivite,1
https://lannuaire.service-public.gouv.fr/auvergne-rhone-alpes/allier/3ef1d4f1-f954-448f-a193-e75565bf3790,allier,Mairie - Bellenaves,collectivite_administration,mairie collectivite,1
https://lannuaire.service-public.gouv.fr/auvergne-rhone-alpes/allier/40a54171-c572-4e5f-93c5-23691839ca28,allier,Mairie - Bourbon-l'Archambault,collectivite_administration,mairie collectivite,1
https://lannuaire.service-public.gouv.fr/auvergne-rhone-alpes/allier/41a2968f-f618-4f47-8fc7-f438525cdffe,allier,Mairie - Paray-sous-Briailles,collectivite_administration,mairie collectivite,1
https://lannuaire.service-public.gouv.fr/auvergne-rhone-alpes/allier/42096073-0e9d-4aa3-9827-ed1a3cc2bfc4,allier,Mairie - Saint-Léger-sur-Vouzance,collectivite_administration,mairie collectivite,1
https://lannuaire.service-public.gouv.fr/auvergne-rhone-alpes/allier/421d109f-86fe-4f13-81d0-181a17eb15f0,allier,Communauté d'agglomération - Montluçon Communauté,collectivite_administration,administration collectivite service public,1
https://lannuaire.service-public.gouv.fr/auvergne-rhone-alpes/allier/426902d2-7722-45b3-9a42-e809fff8dd67,allier,France services - Huriel,structure,maison france services,1
https://lannuaire.service-public.gouv.fr/auvergne-rhone-alpes/allier/42f50c11-fd91-4e49-9bdc-276ba0348485,allier,Mairie - Voussac,collectivite_administration,mairie collectivite,1
https://lannuaire.service-public.gouv.fr/auvergne-rhone-alpes/allier/434b6c7d-fb6c-4037-90cf-5010ca8d335f,allier,Mairie - Laprugne,collectivite_administration,mairie collectivite,1
https://lannuaire.service-public.gouv.fr/auvergne-rhone-alpes/allier/43850978-ca6d-4b95-854a-33247d13d796,allier,Secrétariat général commun départemental - Allier,collectivite_administration,administration collectivite service public,1
https://lannuaire.service-public.gouv.fr/auvergne-rhone-alpes/allier/449d9c38-6ebb-4ffd-8c49-66cd67754d55,allier,Mairie - Le Mayet-d'École,collectivite_administration,mairie collectivite,1
https://lannuaire.service-public.gouv.fr/auvergne-rhone-alpes/allier/44c71210-3908-490f-8cd3-d2b4a87cd6b7,allier,Mairie - Mazerier,collectivite_administration,mairie collectivite,1
https://lannuaire.service-public.gouv.fr/auvergne-rhone-alpes/allier/4542510a-eba8-4c2c-8435-9c15dfbbf8d3,allier,Mairie - Ferrières-sur-Sichon,collectivite_administration,mairie collectivite,1
https://lannuaire.service-public.gouv.fr/auvergne-rhone-alpes/allier/4576d146-1884-40b7-b905-652466d1389e,allier,Centre communal d'action sociale (CCAS) - Dompierre-sur-Besbre,collectivite_administration,mairie collectivite,1
https://lannuaire.service-public.gouv.fr/auvergne-rhone-alpes/allier/45ef5e7f-0d4c-43c4-91b0-8ef77fd17c52,allier,Mairie - Terjat,collectivite_administration,mairie collectivite,1
https://lannuaire.service-public.gouv.fr/auvergne-rhone-alpes/allier/46142161-8c73-4332-bf75-ce396dce3b44,allier,Commissariat de police de Montluçon,collectivite_administration,administration collectivite service public,1
https://lannuaire.service-public.gouv.fr/auvergne-rhone-alpes/allier/46705b83-3838-44fb-a78d-4869b187e1fb,allier,France services - Lapalisse,collectivite_administration,administration collectivite service public,1
https://lannuaire.service-public.gouv.fr/auvergne-rhone-alpes/allier/4675cc94-3b9c-4fa0-948a-267047102e71,allier,Point d'accueil numérique - Vichy (Sous-préfecture),collectivite_administration,administration collectivite service public,1
https://lannuaire.service-public.gouv.fr/auvergne-rhone-alpes/allier/479024f1-6be7-4946-ab67-e0cc8f31fb7c,allier,Mairie - Gannat,collectivite_administration,mairie collectivite,1
https://lannuaire.service-public.gouv.fr/auvergne-rhone-alpes/allier/481e42ad-5183-4692-a015-7b06663cb9db,allier,Mairie - Bellerive-sur-Allier,collectivite_administration,mairie collectivite,1
https://lannuaire.service-public.gouv.fr/auvergne-rhone-alpes/allier/48682414-205c-4613-a435-0a18058b156c,allier,Mairie - Paray-le-Frésil,collectivite_administration,mairie collectivite,1
https://lannuaire.service-public.gouv.fr/auvergne-rhone-alpes/allier/49389cec-d3b3-4b6c-9c6c-c14ac7a426f0,allier,Mairie - Chavenon,collectivite_administration,mairie collectivite,1
https://lannuaire.service-public.gouv.fr/auvergne-rhone-alpes/allier/495928bc-a4bc-4892-9682-2027d4a09230,allier,Mairie - Saint-Gérand-de-Vaux,collectivite_administration,mairie collectivite,1
https://lannuaire.service-public.gouv.fr/auvergne-rhone-alpes/allier/4a544e40-6fa1-4175-b37d-a10a91947b03,allier,Mairie - Villeneuve-sur-Allier,collectivite_administration,mairie collectivite,1
https://lannuaire.service-public.gouv.fr/auvergne-rhone-alpes/allier/4ade6f4f-0542-499f-898e-1b039fc84980,allier,Conseil départemental de l'ordre des médecins - Allier,collectivite_administration,administration collectivite service public,1
https://lannuaire.service-public.gouv.fr/auvergne-rhone-alpes/allier/4c007d2d-e421-419a-90ec-170f2163125a,allier,Mairie - Louroux-de-Bouble,collectivite_administration,mairie collectivite,1
https://lannuaire.service-public.gouv.fr/auvergne-rhone-alpes/allier/4c44b58f-c78d-49ba-b22c-e82b90b20f14,allier,Mairie - La Guillermie,collectivite_administration,mairie collectivite,1
https://lannuaire.service-public.gouv.fr/auvergne-rhone-alpes/allier/4c663ecc-6e38-416a-8768-68a1a0fa4222,allier,Mairie - Theneuille,collectivite_administration,mairie collectivite,1
https://lannuaire.service-public.gouv.fr/auvergne-rhone-alpes/allier/4ca3cd61-cb44-4afb-857e-6ca95f90d60c,allier,Communauté de communes - Entr'Allier Besbre et Loire,collectivite_administration,administration collectivite service public,1
https://lannuaire.service-public.gouv.fr/auvergne-rhone-alpes/allier/4cbedde9-341c-4230-a723-2c186a58713d,allier,Mairie - Hérisson,collectivite_administration,mairie collectivite,1
https://lannuaire.service-public.gouv.fr/auvergne-rhone-alpes/allier/4ced9a02-3ba4-4d1b-a392-25e6a5448093,allier,Communauté de communes - Pays d'Huriel,collectivite_administration,administration collectivite service public,1
https://lannuaire.service-public.gouv.fr/auvergne-rhone-alpes/allier/4d0cd1e1-dc32-4356-b460-2706f9cf9dfc,allier,France services - Varennes-sur-Allier,collectivite_administration,administration collectivite service public,1
https://lannuaire.service-public.gouv.fr/auvergne-rhone-alpes/allier/4d6b8c91-aa82-4205-897d-3768cdd801dc,allier,Ordre des avocats - Barreau de Cusset-Vichy,collectivite_administration,administration collectivite service public,1
https://lannuaire.service-public.gouv.fr/auvergne-rhone-alpes/allier/4d73e604-7567-4aea-812e-98c9036eb0fc,allier,Mairie - Marcillat-en-Combraille,collectivite_administration,mairie collectivite,1
https://lannuaire.service-public.gouv.fr/auvergne-rhone-alpes/allier/4dd3f819-67bd-47dc-bc60-a1d42f141aca,allier,Mairie - Saint-Marcel-en-Murat,collectivite_administration,mairie collectivite,1
https://lannuaire.service-public.gouv.fr/auvergne-rhone-alpes/allier/4e8a2fb1-c365-4b82-9301-ddf75c59f257,allier,Mairie - Meillard,collectivite_administration,mairie collectivite,1
https://lannuaire.service-public.gouv.fr/auvergne-rhone-alpes/allier/4f0c5eb4-9479-465b-8040-4baa72149918,allier,Confédération départementale de l'artisanat et des petites entreprises du bâtiment  (Capeb) - Allier,collectivite_administration,administration collectivite service public,1
https://lannuaire.service-public.gouv.fr/auvergne-rhone-alpes/allier/4ff690c1-5fea-4424-aaf3-8f6075de5069,allier,Mairie - Chantelle,collectivite_administration,mairie collectivite,1
https://lannuaire.service-public.gouv.fr/auvergne-rhone-alpes/allier/50320817-a4db-47be-a535-6a57eb0b64be,allier,Mairie - Hauterive,collectivite_administration,mairie collectivite,1
https://lannuaire.service-public.gouv.fr/auvergne-rhone-alpes/allier/50cf0046-aeba-46c4-b3e9-550dd967815a,allier,Mairie - Neure,collectivite_administration,mairie collectivite,1
https://lannuaire.service-public.gouv.fr/auvergne-rhone-alpes/allier/535284ec-d7f8-4265-a636-a8a137732a33,allier,Mairie - Archignat,collectivite_administration,mairie collectivite,1
https://lannuaire.service-public.gouv.fr/auvergne-rhone-alpes/allier/54ff2132-f1db-4d93-877e-cc1d4b55e0e1,allier,Fédération française du bâtiment (FFB) - Allier,collectivite_administration,administration collectivite service public,1
https://lannuaire.service-public.gouv.fr/auvergne-rhone-alpes/allier/55030ab2-649f-4e0e-b815-d2051029b93a,allier,Mairie - Gannay-sur-Loire,collectivite_administration,mairie collectivite,1
https://lannuaire.service-public.gouv.fr/auvergne-rhone-alpes/allier/57eb7c14-5efc-4dd4-ada7-f249ca91bd0b,allier,Police municipale - Varennes-sur-Allier,collectivite_administration,administration collectivite service public,1
https://lannuaire.service-public.gouv.fr/auvergne-rhone-alpes/allier/58e2e447-a558-4a88-b00e-59074bd838b4,allier,Mairie - Bessay-sur-Allier,collectivite_administration,mairie collectivite,1
https://lannuaire.service-public.gouv.fr/auvergne-rhone-alpes/allier/58f9e5b8-26e0-44d1-bbf5-f1abe553ff82,allier,Conciliateur fiscal départemental - Allier,collectivite_administration,administration collectivite service public,1
https://lannuaire.service-public.gouv.fr/auvergne-rhone-alpes/allier/5927b70d-e8a3-46a5-aec1-7cd934f451ac,allier,Mairie - Sauvagny,collectivite_administration,mairie collectivite,1
https://lannuaire.service-public.gouv.fr/auvergne-rhone-alpes/allier/59467562-ec8e-4b1a-b318-c3e58d660fb3,allier,Tribunal de proximité de Vichy,collectivite_administration,administration collectivite service public,1
https://lannuaire.service-public.gouv.fr/auvergne-rhone-alpes/allier/5970b94d-4dfb-4c20-ab73-2c84806823be,allier,Mairie - Saint-Félix,collectivite_administration,mairie collectivite,1
https://lannuaire.service-public.gouv.fr/auvergne-rhone-alpes/allier/5a32af74-9662-4c98-8458-e40196fdc6c2,allier,Centre communal d'action sociale (CCAS) - Avermes,collectivite_administration,mairie collectivite,1
https://lannuaire.service-public.gouv.fr/auvergne-rhone-alpes/allier/5a7f9043-3c17-46e7-8fac-0e3322083aff,allier,Mairie - Bayet,collectivite_administration,mairie collectivite,1
https://lannuaire.service-public.gouv.fr/auvergne-rhone-alpes/allier/5add5deb-157f-4380-ad22-770f7e3a120f,allier,Centre communal d'action sociale (CCAS) - Commentry,collectivite_administration,administration collectivite service public,1
https://lannuaire.service-public.gouv.fr/auvergne-rhone-alpes/allier/5bef8076-8b6d-4010-9a51-5d0d52ab3c21,allier,Mairie - Ébreuil,collectivite_administration,mairie collectivite,1
https://lannuaire.service-public.gouv.fr/auvergne-rhone-alpes/allier/5c07969a-cd63-4cd7-b008-0bbfe6c4b910,allier,Mairie - Bizeneuille,collectivite_administration,mairie collectivite,1
https://lannuaire.service-public.gouv.fr/auvergne-rhone-alpes/allier/5c64a1bb-4c50-4151-8357-344dc4fc8c6c,allier,Mairie - Saint-Sornin,collectivite_administration,mairie collectivite,1
https://lannuaire.service-public.gouv.fr/auvergne-rhone-alpes/allier/5cd0d29e-7e65-426f-8641-69adcd1ae8a5,allier,Mairie - Nizerolles,collectivite_administration,mairie collectivite,1
https://lannuaire.service-public.gouv.fr/auvergne-rhone-alpes/allier/5d61140b-75ec-40e2-a746-02b0fcd9c2c1,allier,Greta Bassin Dore Allier - Cusset,collectivite_administration,administration collectivite service public,1
https://lannuaire.service-public.gouv.fr/auvergne-rhone-alpes/allier/5da4b5af-1ec6-4915-a1ac-ae1ecf0e1669,allier,Mairie - Saint-Sauvier,collectivite_administration,mairie collectivite,1
https://lannuaire.service-public.gouv.fr/auvergne-rhone-alpes/allier/5e049b88-07d3-4b34-b6c8-f1d1c0ae66ea,allier,France services - Moulins (itinérant),collectivite_administration,administration collectivite service public,1
https://lannuaire.service-public.gouv.fr/auvergne-rhone-alpes/allier/5e4382c9-314f-4a03-b755-a3e5fa2f7ceb,allier,Mairie - Varennes-sur-Tèche,collectivite_administration,mairie collectivite,1
https://lannuaire.service-public.gouv.fr/auvergne-rhone-alpes/allier/5e727590-45d0-45e2-85e2-50ababa7c440,allier,Communauté de communes - Pays de Tronçais,collectivite_administration,administration collectivite service public,1
https://lannuaire.service-public.gouv.fr/auvergne-rhone-alpes/allier/5efe24f8-dc7a-4a21-92fe-35cc9ca28271,allier,Mairie - Vieure,collectivite_administration,mairie collectivite,1
https://lannuaire.service-public.gouv.fr/auvergne-rhone-alpes/allier/5f805135-1b7b-4383-98b1-8e5f1054ed2e,allier,Conseil départemental d'accès au droit de l'Allier,collectivite_administration,administration collectivite service public,1
https://lannuaire.service-public.gouv.fr/auvergne-rhone-alpes/allier/5fc459a9-a137-4308-ab5b-fed1d044e8cf,allier,Mairie - Saint-Victor,collectivite_administration,mairie collectivite,1
https://lannuaire.service-public.gouv.fr/auvergne-rhone-alpes/allier/602255ce-834e-4389-87c0-2a329aa00757,allier,"Direction départementale de l'emploi, du travail, des solidarités et de la protection des populations (DDETSPP) - Allier",collectivite_administration,administration collectivite service public,1
https://lannuaire.service-public.gouv.fr/auvergne-rhone-alpes/allier/60541786-feeb-40d6-a422-817bf73d183b,allier,Mairie - Vicq,collectivite_administration,mairie collectivite,1
https://lannuaire.service-public.gouv.fr/auvergne-rhone-alpes/allier/605b3382-149a-4ce6-bb93-522806e593d3,allier,Mairie - Saint-Yorre,collectivite_administration,mairie collectivite,1
https://lannuaire.service-public.gouv.fr/auvergne-rhone-alpes/allier/609043f1-162c-42f9-999b-a2953835de13,allier,Greffe des associations - Allier (Montluçon),collectivite_administration,prefecture administration,1
https://lannuaire.service-public.gouv.fr/auvergne-rhone-alpes/allier/60ef27b3-106f-44e7-9dce-00f05009e8dc,allier,France services - Ébreuil (itinérant),collectivite_administration,administration collectivite service public,1
https://lannuaire.service-public.gouv.fr/auvergne-rhone-alpes/allier/60fee9ee-13a4-4b49-923f-e27f5031e003,allier,Centre communal d'action sociale (CCAS) - Aurouër,collectivite_administration,mairie collectivite,1
https://lannuaire.service-public.gouv.fr/auvergne-rhone-alpes/allier/61452cc0-c031-48ac-a803-66a34b30f635,allier,Tribunal judiciaire de Cusset,collectivite_administration,administration collectivite service public,1
https://lannuaire.service-public.gouv.fr/auvergne-rhone-alpes/allier/61ae6e60-ef37-4986-aa99-ad3deabb24bc,allier,Mairie - Beaune-d'Allier,collectivite_administration,mairie collectivite,1
https://lannuaire.service-public.gouv.fr/auvergne-rhone-alpes/allier/62a03c20-f561-4487-99a1-0f572d482418,allier,Mairie - Meillers,collectivite_administration,mairie collectivite,1
https://lannuaire.service-public.gouv.fr/auvergne-rhone-alpes/allier/62f65f2b-d07a-416f-91fc-64c618d31137,allier,Archives départementales - Allier,collectivite_administration,administration collectivite service public,1
https://lannuaire.service-public.gouv.fr/auvergne-rhone-alpes/allier/63061878-30a7-4baa-8213-067fd5b0f9e1,allier,Mairie - Ygrande,collectivite_administration,mairie collectivite,1
https://lannuaire.service-public.gouv.fr/auvergne-rhone-alpes/allier/63135ca4-f226-462c-a54d-a5cd79beb8c3,allier,Mairie - Limoise,collectivite_administration,mairie collectivite,1
https://lannuaire.service-public.gouv.fr/auvergne-rhone-alpes/allier/63755724-e95d-46e4-b134-0d4173f9ac46,allier,Mairie - Noyant-d'Allier,collectivite_administration,mairie collectivite,1
https://lannuaire.service-public.gouv.fr/auvergne-rhone-alpes/allier/64a58d6b-9129-4c15-a71d-9d8f0730608e,allier,Mairie - Saint-Genest,collectivite_administration,mairie collectivite,1
https://lannuaire.service-public.gouv.fr/auvergne-rhone-alpes/allier/64b8ac41-3a79-485c-acd7-1440f646c487,allier,Agence nationale de l'habitat (Anah) - Délégation locale - Allier,collectivite_administration,administration collectivite service public,1
https://lannuaire.service-public.gouv.fr/auvergne-rhone-alpes/allier/6523602a-dd72-427c-92ab-050341cc2a14,allier,Mairie - Autry-Issards,collectivite_administration,mairie collectivite,1
https://lannuaire.service-public.gouv.fr/auvergne-rhone-alpes/allier/65df66c5-98fa-49c2-84e3-65d11be7c612,allier,Mairie - Loriges,collectivite_administration,mairie collectivite,1
https://lannuaire.service-public.gouv.fr/auvergne-rhone-alpes/allier/661d7a3b-09d5-47ea-835e-0b4a4e98d885,allier,Mairie - Varennes-sur-Allier,collectivite_administration,mairie collectivite,1
https://lannuaire.service-public.gouv.fr/auvergne-rhone-alpes/allier/66fb6fe6-7a00-473c-a47a-dee7c067498c,allier,Mairie - Lurcy-Lévis,collectivite_administration,mairie collectivite,1
https://lannuaire.service-public.gouv.fr/auvergne-rhone-alpes/allier/6711c3a9-11c0-470b-b01b-e576e556c14e,allier,Point d'accueil numérique - Moulins (Préfecture),collectivite_administration,administration collectivite service public,1
https://lannuaire.service-public.gouv.fr/auvergne-rhone-alpes/allier/6750b3d3-6275-407a-a451-08a497e29a57,allier,Mairie - Saint-Prix,collectivite_administration,mairie collectivite,1
https://lannuaire.service-public.gouv.fr/auvergne-rhone-alpes/allier/6827f06f-3c22-45b8-b40f-c8fac2e1c1d3,allier,France services - Le Mayet-de-Montagne,collectivite_administration,administration collectivite service public,1
https://lannuaire.service-public.gouv.fr/auvergne-rhone-alpes/allier/68a2d9df-c06d-47d9-aade-120329b39ef2,allier,Centre communal d'action sociale (CCAS) - Fourilles,collectivite_administration,mairie collectivite,1
https://lannuaire.service-public.gouv.fr/auvergne-rhone-alpes/allier/6971a07d-4bdf-4779-909c-543396daf852,allier,France services - Marcillat-en-Combraille,collectivite_administration,administration collectivite service public,1
https://lannuaire.service-public.gouv.fr/auvergne-rhone-alpes/allier/6ad0d449-cd8a-4bb7-9073-8a0ab825263a,allier,Communauté de communes - Val de Cher,collectivite_administration,administration collectivite service public,1
https://lannuaire.service-public.gouv.fr/auvergne-rhone-alpes/allier/6c728d35-fc55-447e-a012-f0b56d1013e1,allier,Mairie - Creuzier-le-Neuf,collectivite_administration,mairie collectivite,1
https://lannuaire.service-public.gouv.fr/auvergne-rhone-alpes/allier/6c90f71c-a246-4c74-bcc4-6627a25a6b2a,allier,Mission locale pour l'insertion professionnelle et sociale des jeunes (16-25 ans) - Gannat,jeunesse_loisirs,mission locale jeunesse insertion,1
https://lannuaire.service-public.gouv.fr/auvergne-rhone-alpes/allier/6dc0a3b7-d397-428a-9520-3e18c1ae41cb,allier,Mairie - Taxat-Senat,collectivite_administration,mairie collectivite,1
https://lannuaire.service-public.gouv.fr/auvergne-rhone-alpes/allier/6dd71711-fdf2-45cf-9b09-2ed5cc362e13,allier,Mairie - Marcenat,collectivite_administration,mairie collectivite,1
https://lannuaire.service-public.gouv.fr/auvergne-rhone-alpes/allier/6e960713-eff2-4a3a-93ca-410f10401f78,allier,Mairie - Saint-Désiré,collectivite_administration,mairie collectivite,1
https://lannuaire.service-public.gouv.fr/auvergne-rhone-alpes/allier/6ee8024f-6e4c-49be-93c6-c25dcf8800cd,allier,Mairie - Malicorne,collectivite_administration,mairie collectivite,1
https://lannuaire.service-public.gouv.fr/auvergne-rhone-alpes/allier/6ff1542c-b907-49e7-b145-c03401833797,allier,Mairie - Saint-Fargeol,collectivite_administration,mairie collectivite,1
https://lannuaire.service-public.gouv.fr/auvergne-rhone-alpes/allier/708d733e-d1b9-4dce-9db3-8aa2ee3825f2,allier,Mairie - Le Mayet-de-Montagne,collectivite_administration,mairie collectivite,1
https://lannuaire.service-public.gouv.fr/auvergne-rhone-alpes/allier/7113d9c0-da02-4bc8-ab07-2fc54d940163,allier,Mairie - Montilly,collectivite_administration,mairie collectivite,1
https://lannuaire.service-public.gouv.fr/auvergne-rhone-alpes/allier/7175f248-3bff-49e5-887d-642ea2cefce1,allier,Mairie - La Chapelle,collectivite_administration,mairie collectivite,1
https://lannuaire.service-public.gouv.fr/auvergne-rhone-alpes/allier/72031ad3-d01c-41b8-b5e2-a08f8942a64e,allier,France services - Saint-Germain-des-Fossés,collectivite_administration,administration collectivite service public,1
https://lannuaire.service-public.gouv.fr/auvergne-rhone-alpes/allier/72e1fc46-c4dc-406e-90d6-9d38b9beb5b5,allier,Mairie - Urçay,collectivite_administration,mairie collectivite,1
https://lannuaire.service-public.gouv.fr/auvergne-rhone-alpes/allier/72e7d840-edf4-418d-a67d-e9d6d73b5e7f,allier,Centre communal d'action sociale (CCAS) - Bourbon-l'Archambault,collectivite_administration,mairie collectivite,1
https://lannuaire.service-public.gouv.fr/auvergne-rhone-alpes/allier/73c536eb-c41d-4ad9-971a-744cb0580d8e,allier,Mairie - Arronnes,collectivite_administration,mairie collectivite,1
https://lannuaire.service-public.gouv.fr/auvergne-rhone-alpes/allier/7405b8d0-06be-4eb1-8503-b1169e88d4bd,allier,Mairie - Aurouër,collectivite_administration,mairie collectivite,1
https://lannuaire.service-public.gouv.fr/auvergne-rhone-alpes/allier/74b970ae-433d-4a4b-9ee7-ccb6ad3abc62,allier,Service de gestion comptable (SGC) - Moulins,collectivite_administration,administration collectivite service public,1
https://lannuaire.service-public.gouv.fr/auvergne-rhone-alpes/allier/76186773-446b-4f16-8b58-2b053305a53f,allier,Mairie - Saint-Nicolas-des-Biefs,collectivite_administration,mairie collectivite,1
https://lannuaire.service-public.gouv.fr/auvergne-rhone-alpes/allier/761ddf5d-a6a5-4755-be2c-b7ee18d40a0b,allier,Mairie - Saint-Didier-la-Forêt,collectivite_administration,mairie collectivite,1
https://lannuaire.service-public.gouv.fr/auvergne-rhone-alpes/allier/7753aeed-3b41-445e-af86-1e7974f625f9,allier,Mairie - Saint-Bonnet-Tronçais,collectivite_administration,mairie collectivite,1
https://lannuaire.service-public.gouv.fr/auvergne-rhone-alpes/allier/78f5bfb7-e128-45a4-8f70-9ab85df66327,allier,Tribunal judiciaire de Moulins,collectivite_administration,administration collectivite service public,1
https://lannuaire.service-public.gouv.fr/auvergne-rhone-alpes/allier/7950e998-dcb6-4007-bbba-9c1d50178936,allier,Mairie - Ainay-le-Château,collectivite_administration,mairie collectivite,1
https://lannuaire.service-public.gouv.fr/auvergne-rhone-alpes/allier/7a2f50d9-8ebf-4c2c-837f-dbd4c68799f8,allier,Mairie - Rocles,collectivite_administration,mairie collectivite,1
https://lannuaire.service-public.gouv.fr/auvergne-rhone-alpes/allier/7aa1ecb8-8e1c-4511-a198-0e12ee14b42d,allier,Mairie - Étroussat,collectivite_administration,mairie collectivite,1
https://lannuaire.service-public.gouv.fr/auvergne-rhone-alpes/allier/7bdaeab8-0dc6-43d2-ad3f-0e773bfba450,allier,Mairie - Venas,collectivite_administration,mairie collectivite,1
https://lannuaire.service-public.gouv.fr/auvergne-rhone-alpes/allier/7c1ae671-e9af-4b4b-b4fb-cc80ad8fa9df,allier,Communauté d'agglomération - Moulins communauté,collectivite_administration,administration collectivite service public,1
https://lannuaire.service-public.gouv.fr/auvergne-rhone-alpes/allier/7cf2ab5a-fde2-487c-aae0-cdb1a58d7d16,allier,Mairie - Broût-Vernet,collectivite_administration,mairie collectivite,1
https://lannuaire.service-public.gouv.fr/auvergne-rhone-alpes/allier/7d07a337-68a6-43e5-a177-66a5f400e9b9,allier,Centre communal d'action sociale (CCAS) - Lavault-Sainte-Anne,collectivite_administration,mairie collectivite,1
https://lannuaire.service-public.gouv.fr/auvergne-rhone-alpes/allier/7d1f1def-b211-4158-bc19-05fdc44706b8,allier,Centre d'information et d'orientation (CIO) - Montluçon,collectivite_administration,administration collectivite service public,1
https://lannuaire.service-public.gouv.fr/auvergne-rhone-alpes/allier/7d445cbe-a87b-402c-bbd8-3af666913d3c,allier,Mairie - Deux-Chaises,collectivite_administration,mairie collectivite,1
https://lannuaire.service-public.gouv.fr/auvergne-rhone-alpes/allier/7d9e65e6-b506-4da4-bd9d-634ab7a2c5ab,allier,Mairie - Montcombroux-les-Mines,collectivite_administration,mairie collectivite,1
https://lannuaire.service-public.gouv.fr/auvergne-rhone-alpes/allier/7de5e9c9-d083-414c-bfc0-8b0fdace17ad,allier,Centre communal d'action sociale (CCAS) - Moulins Allier,collectivite_administration,administration collectivite service public,1
https://lannuaire.service-public.gouv.fr/auvergne-rhone-alpes/allier/7e44c440-8e3a-4534-8983-5de475c94a40,allier,Mairie - Lalizolle,collectivite_administration,mairie collectivite,1
https://lannuaire.service-public.gouv.fr/auvergne-rhone-alpes/allier/80019da8-c9f4-466e-ab65-acdf7f75a217,allier,Centre communal d'action sociale (CCAS) - Domérat,collectivite_administration,mairie collectivite,1
https://lannuaire.service-public.gouv.fr/auvergne-rhone-alpes/allier/802c7e7f-62fe-474f-a9b8-5766f076b15f,allier,Mairie - Isle-et-Bardais,collectivite_administration,mairie collectivite,1
https://lannuaire.service-public.gouv.fr/auvergne-rhone-alpes/allier/80c632f1-2cf0-4b8c-85cc-8704917ca8c3,allier,Point d'information local dédié aux personnes âgées - Montluçon,collectivite_administration,administration collectivite service public,1
https://lannuaire.service-public.gouv.fr/auvergne-rhone-alpes/allier/80c99cf2-ac09-4ef4-93b0-810cd4d59343,allier,Agence régionale de santé (ARS) - Délégation départementale - Allier,collectivite_administration,administration collectivite service public,1
https://lannuaire.service-public.gouv.fr/auvergne-rhone-alpes/allier/80d1be3c-c0c0-4337-98c9-3c945b13a1c2,allier,Mairie - Vallon-en-Sully,collectivite_administration,mairie collectivite,1
https://lannuaire.service-public.gouv.fr/auvergne-rhone-alpes/allier/80e4afc3-278b-403a-b896-7b9a6695c28c,allier,Centre de protection maternelle et infantile (PMI) - Yzeure,collectivite_administration,administration collectivite service public,1
https://lannuaire.service-public.gouv.fr/auvergne-rhone-alpes/allier/82199f8a-8676-4a6e-b838-49751144cdce,allier,Centre d'information sur les droits des femmes et des familles (CIDFF) - Allier,collectivite_administration,administration collectivite service public,1
https://lannuaire.service-public.gouv.fr/auvergne-rhone-alpes/allier/83087047-1f28-4270-923a-6bcf038d0954,allier,Mairie - Saint-Bonnet-de-Rochefort,collectivite_administration,mairie collectivite,1
https://lannuaire.service-public.gouv.fr/auvergne-rhone-alpes/allier/8362b294-9a99-41d8-a4a6-c158bea81c4a,allier,Mairie - Isserpent,collectivite_administration,mairie collectivite,1
https://lannuaire.service-public.gouv.fr/auvergne-rhone-alpes/allier/83921bf5-5848-493d-8925-86c9ed2b6ec3,allier,Mairie - Lételon,collectivite_administration,mairie collectivite,1
https://lannuaire.service-public.gouv.fr/auvergne-rhone-alpes/allier/85039543-6ba3-464f-944e-7b24507e2e3c,allier,Communauté de communes - Saint-Pourçain Sioule Limagne,collectivite_administration,administration collectivite service public,1
https://lannuaire.service-public.gouv.fr/auvergne-rhone-alpes/allier/85b21880-6def-4f26-9ba0-ba7de0ade6e7,allier,Mairie - Lignerolles,collectivite_administration,mairie collectivite,1
https://lannuaire.service-public.gouv.fr/auvergne-rhone-alpes/allier/8708bc00-d501-43e4-853b-d854d58cf486,allier,Mairie - Châtillon,collectivite_administration,mairie collectivite,1
https://lannuaire.service-public.gouv.fr/auvergne-rhone-alpes/allier/870f700c-06c5-4b02-b9a4-7bad4d630711,allier,Mairie - Doyet,collectivite_administration,mairie collectivite,1
https://lannuaire.service-public.gouv.fr/auvergne-rhone-alpes/allier/87607c63-5c1b-4ae6-8d70-f2e54ea39b62,allier,Mairie - Lamaids,collectivite_administration,mairie collectivite,1
https://lannuaire.service-public.gouv.fr/auvergne-rhone-alpes/allier/894575ea-27d7-4f6e-a446-4bbc040797b2,allier,Centre communal d'action sociale (CCAS) - Bellerive-sur-Allier,collectivite_administration,administration collectivite service public,1
https://lannuaire.service-public.gouv.fr/auvergne-rhone-alpes/allier/8b02503b-7c2c-4ae0-b716-3479e31ba15b,allier,Mairie - Magnet,collectivite_administration,mairie collectivite,1
https://lannuaire.service-public.gouv.fr/auvergne-rhone-alpes/allier/8b17a63d-ff1b-468e-addf-fd31c2d7a3e1,allier,Mairie - Lusigny,collectivite_administration,mairie collectivite,1
https://lannuaire.service-public.gouv.fr/auvergne-rhone-alpes/allier/8bf87d10-85fa-40c2-b524-b2ad9fea3549,allier,Mairie - Valigny,collectivite_administration,mairie collectivite,1
https://lannuaire.service-public.gouv.fr/auvergne-rhone-alpes/allier/8c496aed-c067-4ef6-9eba-3b3546062cd6,allier,Mairie - Saint-Angel,collectivite_administration,mairie collectivite,1
https://lannuaire.service-public.gouv.fr/auvergne-rhone-alpes/allier/8d036b66-5e4a-4eb2-b2b6-1727e41ede95,allier,France services - Cérilly,collectivite_administration,administration collectivite service public,1
https://lannuaire.service-public.gouv.fr/auvergne-rhone-alpes/allier/8d068ead-d162-4dc1-a0f3-0438d5e0279a,allier,Communauté de communes - Commentry Montmarault Néris Communauté,collectivite_administration,administration collectivite service public,1
https://lannuaire.service-public.gouv.fr/auvergne-rhone-alpes/allier/8de9adf4-ac74-4f62-91aa-27b21308002d,allier,Centre de gestion de la fonction publique territoriale - Allier,collectivite_administration,administration collectivite service public,1
https://lannuaire.service-public.gouv.fr/auvergne-rhone-alpes/allier/8df5362a-3427-41f7-811d-26b933ad9f6f,allier,Mairie - Yzeure,collectivite_administration,mairie collectivite,1
https://lannuaire.service-public.gouv.fr/auvergne-rhone-alpes/allier/8f310b45-0d7a-49d2-9658-826c25dcfe00,allier,Centre de ressources et d'information des bénévoles (CRIB) - Profession sport et loisirs d'Auvergne,collectivite_administration,administration collectivite service public,1
https://lannuaire.service-public.gouv.fr/auvergne-rhone-alpes/allier/9072389e-cf4f-4970-b791-f02144cf5654,allier,Mairie - Coulanges,collectivite_administration,mairie collectivite,1
https://lannuaire.service-public.gouv.fr/auvergne-rhone-alpes/allier/911876e5-6069-4ea7-bdd4-6a55d81d6624,allier,Mairie - Saint-Didier-en-Donjon,collectivite_administration,mairie collectivite,1
https://lannuaire.service-public.gouv.fr/auvergne-rhone-alpes/allier/9178bdb4-9965-4dc6-9820-10fcdccef525,allier,Mairie - Rongères,collectivite_administration,mairie collectivite,1
https://lannuaire.service-public.gouv.fr/auvergne-rhone-alpes/allier/92335136-76a3-4a9f-81de-a7c837a987be,allier,Centre communal d'action sociale (CCAS) - Bessay-sur-Allier,collectivite_administration,mairie collectivite,1
https://lannuaire.service-public.gouv.fr/auvergne-rhone-alpes/allier/92425ec1-c408-44f5-b0d9-0435339126d6,allier,Point info famille - Moulins,collectivite_administration,administration collectivite service public,1
https://lannuaire.service-public.gouv.fr/auvergne-rhone-alpes/allier/92a12954-9dff-4a99-afbb-56932c4f1991,allier,Mairie - Verneuil-en-Bourbonnais,collectivite_administration,mairie collectivite,1
https://lannuaire.service-public.gouv.fr/auvergne-rhone-alpes/allier/92a6fb36-de39-4fc3-845c-9b10aa9b550f,allier,Mairie - Bagneux,collectivite_administration,mairie collectivite,1
https://lannuaire.service-public.gouv.fr/auvergne-rhone-alpes/allier/934ab496-c299-4d38-89d9-52c81f5d1206,allier,Mairie - Châtelperron,collectivite_administration,mairie collectivite,1
https://lannuaire.service-public.gouv.fr/auvergne-rhone-alpes/allier/935b165f-4761-448c-a599-bd8078ca0a69,allier,Mairie - Arpheuilles-Saint-Priest,collectivite_administration,mairie collectivite,1
https://lannuaire.service-public.gouv.fr/auvergne-rhone-alpes/allier/9393c2c6-3ea2-4cdd-a76e-c4eb975bc8ab,allier,Mairie - La Chabanne,collectivite_administration,mairie collectivite,1
https://lannuaire.service-public.gouv.fr/auvergne-rhone-alpes/allier/941b289b-9212-40d8-a1cc-795b208482fa,allier,Atelier Canopé 03 - Moulins,collectivite_administration,administration collectivite service public,1
https://lannuaire.service-public.gouv.fr/auvergne-rhone-alpes/allier/95582fb5-e078-4aab-a4f5-89c1c77e585b,allier,Centre communal d'action sociale (CCAS) - Fleuriel,collectivite_administration,mairie collectivite,1
https://lannuaire.service-public.gouv.fr/auvergne-rhone-alpes/allier/976c9b0b-19e5-4ed6-b23e-9d08a273c88d,allier,Mairie - Le Theil,collectivite_administration,mairie collectivite,1
https://lannuaire.service-public.gouv.fr/auvergne-rhone-alpes/allier/97a75a4c-d8ec-407a-886b-e0eeb00b8939,allier,Mairie - Billezois,collectivite_administration,mairie collectivite,1
https://lannuaire.service-public.gouv.fr/auvergne-rhone-alpes/allier/97d7c2bc-4f68-49b2-ba46-a33eb4ddf168,allier,France services - Cosne-d'Allier,collectivite_administration,administration collectivite service public,1
https://lannuaire.service-public.gouv.fr/auvergne-rhone-alpes/allier/98b7f2b7-2d88-439d-b979-ba6843f971bb,allier,Mairie - Vendat,collectivite_administration,mairie collectivite,1
https://lannuaire.service-public.gouv.fr/auvergne-rhone-alpes/allier/9aca8cb1-c2ab-497d-afd9-4eccd6cf7c38,allier,Mairie - Chappes,collectivite_administration,mairie collectivite,1
https://lannuaire.service-public.gouv.fr/auvergne-rhone-alpes/allier/9ad47fd9-5b9f-478b-b539-bec8c5382f81,allier,Mairie - Beaulon,collectivite_administration,mairie collectivite,1
https://lannuaire.service-public.gouv.fr/auvergne-rhone-alpes/allier/9b4ad94d-a697-403c-84f5-3ce567ee1b51,allier,Mairie - Vichy,collectivite_administration,mairie collectivite,1
https://lannuaire.service-public.gouv.fr/auvergne-rhone-alpes/allier/9b9752b3-c073-43c3-85e1-99ba690cb526,allier,Mairie - Monestier,collectivite_administration,mairie collectivite,1
https://lannuaire.service-public.gouv.fr/auvergne-rhone-alpes/allier/9c13db67-84bd-437c-a290-34f8a17fdd05,allier,Mairie - Nades,collectivite_administration,mairie collectivite,1
https://lannuaire.service-public.gouv.fr/auvergne-rhone-alpes/allier/9c3536d2-6b56-4631-8a46-96845a730a39,allier,Centre communal d'action sociale (CCAS) - Montmarault,collectivite_administration,mairie collectivite,1
https://lannuaire.service-public.gouv.fr/auvergne-rhone-alpes/allier/9c43c187-a404-4858-805a-120913032bd9,allier,Mairie - Le Donjon,collectivite_administration,mairie collectivite,1
https://lannuaire.service-public.gouv.fr/auvergne-rhone-alpes/allier/9c957e03-d054-4944-9cca-a6691d60c81e,allier,France services - Yzeure,collectivite_administration,administration collectivite service public,1
https://lannuaire.service-public.gouv.fr/auvergne-rhone-alpes/allier/9dc18618-27f6-482a-b2ed-95169aeacc2e,allier,Mairie - Montaigu-le-Blin,collectivite_administration,mairie collectivite,1
https://lannuaire.service-public.gouv.fr/auvergne-rhone-alpes/allier/9edb4681-2f6c-48b3-8534-40c4bd7a3c1e,allier,France services - Montluçon,collectivite_administration,administration collectivite service public,1
https://lannuaire.service-public.gouv.fr/auvergne-rhone-alpes/allier/9f22984e-b4e3-4e48-a5ac-d95d535b0947,allier,Mairie - Sainte-Thérence,collectivite_administration,mairie collectivite,1
https://lannuaire.service-public.gouv.fr/auvergne-rhone-alpes/allier/9f768aa3-4f1a-4fb4-9bc8-c856888af483,allier,Centre d'information et d'orientation (CIO) - Vichy,collectivite_administration,administration collectivite service public,1
https://lannuaire.service-public.gouv.fr/auvergne-rhone-alpes/allier/a04b2fcf-a223-4de0-b090-7c9bf6d7363b,allier,Mairie - Cindré,collectivite_administration,mairie collectivite,1
https://lannuaire.service-public.gouv.fr/auvergne-rhone-alpes/allier/a13d313c-b020-4fd1-8033-af7c6f882753,allier,Mairie - Laféline,collectivite_administration,mairie collectivite,1
https://lannuaire.service-public.gouv.fr/auvergne-rhone-alpes/allier/a1ab71ae-2c5e-4b88-bd2a-3ec70124d947,allier,"Conseil d'architecture, d'urbanisme et de l'environnement (CAUE) - Allier",collectivite_administration,administration collectivite service public,1
https://lannuaire.service-public.gouv.fr/auvergne-rhone-alpes/allier/a1f04e2e-9146-4355-81ad-616af8012e3d,allier,Mairie - Treignat,collectivite_administration,mairie collectivite,1
https://lannuaire.service-public.gouv.fr/auvergne-rhone-alpes/allier/a24d19b3-de40-42b1-ac5e-5a477237d6c9,allier,Mairie - Toulon-sur-Allier,collectivite_administration,mairie collectivite,1
https://lannuaire.service-public.gouv.fr/auvergne-rhone-alpes/allier/a2ce4e70-f743-412c-b5f6-9bc610ad754b,allier,Mairie - Villebret,collectivite_administration,mairie collectivite,1
https://lannuaire.service-public.gouv.fr/auvergne-rhone-alpes/allier/a2dbe560-e2dd-47fc-b9be-93018bc5ab9d,allier,Centre de protection maternelle et infantile (PMI) - Vichy,collectivite_administration,administration collectivite service public,1
https://lannuaire.service-public.gouv.fr/auvergne-rhone-alpes/allier/a333a558-0cfb-4fb7-8b16-f70394f3084f,allier,Commission des chefs de services financiers (CCSF) - Allier,collectivite_administration,administration collectivite service public,1
https://lannuaire.service-public.gouv.fr/auvergne-rhone-alpes/allier/a334979f-8e0b-4142-961c-2ad75e940d06,allier,Conseil de prud'hommes de Montluçon,collectivite_administration,administration collectivite service public,1
https://lannuaire.service-public.gouv.fr/auvergne-rhone-alpes/allier/a3b4abfa-142a-4d09-a751-bb32fcc40996,allier,Greta Nord Allier - Yzeure,collectivite_administration,administration collectivite service public,1
https://lannuaire.service-public.gouv.fr/auvergne-rhone-alpes/allier/a3ec3a4f-e56f-4fef-9c5f-33e9f06a2563,allier,Mairie - Le Bouchaud,collectivite_administration,mairie collectivite,1
https://lannuaire.service-public.gouv.fr/auvergne-rhone-alpes/allier/a461c305-a0a4-4d51-9213-1fa34275898b,allier,Mairie - Louroux-de-Beaune,collectivite_administration,mairie collectivite,1
https://lannuaire.service-public.gouv.fr/auvergne-rhone-alpes/allier/a50ba729-020f-418a-a8f5-2c08b3de23c7,allier,Centre communal d'action sociale (CCAS) - Meaulne-Vitray,collectivite_administration,mairie collectivite,1
https://lannuaire.service-public.gouv.fr/auvergne-rhone-alpes/allier/a53052cb-e220-4ae0-b1af-ca763ae32db4,allier,Point conseil budget - Union départementale des associations familiales (UDAF 03) - Moulins,collectivite_administration,administration collectivite service public,1
https://lannuaire.service-public.gouv.fr/auvergne-rhone-alpes/allier/a5598b94-8cc9-4c78-9ece-639e1a077923,allier,Mairie - Chemilly,collectivite_administration,mairie collectivite,1
https://lannuaire.service-public.gouv.fr/auvergne-rhone-alpes/allier/a57f387b-19ee-4097-8648-20847f86ec8f,allier,Police municipale - Bellerive-sur-Allier,collectivite_administration,administration collectivite service public,1
https://lannuaire.service-public.gouv.fr/auvergne-rhone-alpes/allier/a5bf41cd-04c8-4402-b670-ad713fa2383b,allier,Mairie - Teillet-Argenty,collectivite_administration,mairie collectivite,1
https://lannuaire.service-public.gouv.fr/auvergne-rhone-alpes/allier/a626b1b9-9d23-4faa-b1ba-bb99599958e2,allier,Mairie - Moulins,collectivite_administration,mairie collectivite,1
https://lannuaire.service-public.gouv.fr/auvergne-rhone-alpes/allier/a638ffe4-f383-4a17-8523-40235e1707c4,allier,Centre communal d'action sociale (CCAS) - Estivareilles,collectivite_administration,mairie collectivite,1
https://lannuaire.service-public.gouv.fr/auvergne-rhone-alpes/allier/a6cfc22d-23f5-4ba1-aa4a-4c0b2ef51863,allier,Mairie - Chapeau,collectivite_administration,mairie collectivite,1
https://lannuaire.service-public.gouv.fr/auvergne-rhone-alpes/allier/a874c225-365a-42c6-ab05-3ebe8f163dcb,allier,Mairie - Lapalisse,collectivite_administration,mairie collectivite,1
https://lannuaire.service-public.gouv.fr/auvergne-rhone-alpes/allier/a8e811fa-52c9-410d-aad1-c999cd9678ca,allier,Mairie - Souvigny,collectivite_administration,mairie collectivite,1
https://lannuaire.service-public.gouv.fr/auvergne-rhone-alpes/allier/a8f302c5-bf48-4da8-b8c0-82dd155a6930,allier,Mairie - Château-sur-Allier,collectivite_administration,mairie collectivite,1
https://lannuaire.service-public.gouv.fr/auvergne-rhone-alpes/allier/a9f260d0-608a-41eb-8a10-6c6e4f3a2391,allier,Centre d'information et d'orientation (CIO) - Yzeure,collectivite_administration,administration collectivite service public,1
https://lannuaire.service-public.gouv.fr/auvergne-rhone-alpes/allier/ab03e910-36ff-40f8-b806-7606f2419952,allier,Mairie - Saint-Loup,collectivite_administration,mairie collectivite,1
https://lannuaire.service-public.gouv.fr/auvergne-rhone-alpes/allier/ab104cd4-70e4-4892-bc88-e05a6a1e4a47,allier,Mairie - Monétay-sur-Allier,collectivite_administration,mairie collectivite,1
https://lannuaire.service-public.gouv.fr/auvergne-rhone-alpes/allier/ab51b274-f739-42c9-b758-2d93c6a5e23c,allier,Mairie - Le Veurdre,collectivite_administration,mairie collectivite,1
https://lannuaire.service-public.gouv.fr/auvergne-rhone-alpes/allier/abdc0309-2666-42a2-b40f-a101cbd5aec9,allier,Mairie - Naves,collectivite_administration,mairie collectivite,1
https://lannuaire.service-public.gouv.fr/auvergne-rhone-alpes/allier/ac787cfe-1370-4193-a3e6-b5bbb2758926,allier,Mairie - Montluçon,collectivite_administration,mairie collectivite,1
https://lannuaire.service-public.gouv.fr/auvergne-rhone-alpes/allier/ad029a16-d9aa-4c32-8e9e-8696484c8307,allier,Mairie - Mariol,collectivite_administration,mairie collectivite,1
https://lannuaire.service-public.gouv.fr/auvergne-rhone-alpes/allier/ae8bbbda-9d81-42ef-a3b4-2604700a505c,allier,Mairie - Bézenet,collectivite_administration,mairie collectivite,1
https://lannuaire.service-public.gouv.fr/auvergne-rhone-alpes/allier/aefff075-1f11-4de0-9309-5d5d13955fe9,allier,Mission locale pour l'insertion professionnelle et sociale des jeunes (16-25 ans) - Moulins,jeunesse_loisirs,mission locale jeunesse insertion,1
https://lannuaire.service-public.gouv.fr/auvergne-rhone-alpes/allier/af719c05-ff7e-4ccc-801f-8f213d9dd96a,allier,Mairie - La Petite-Marche,collectivite_administration,mairie collectivite,1
https://lannuaire.service-public.gouv.fr/auvergne-rhone-alpes/allier/afc0fe9e-ffbd-48b0-84da-b7c94aa83d9a,allier,Police municipale - Cusset,collectivite_administration,administration collectivite service public,1
https://lannuaire.service-public.gouv.fr/auvergne-rhone-alpes/allier/b0c15405-aa4b-4e3d-853f-16814d290b09,allier,Mairie - Saint-Ennemond,collectivite_administration,mairie collectivite,1
https://lannuaire.service-public.gouv.fr/auvergne-rhone-alpes/allier/b0d72769-3ea9-4fc4-9f9d-ecbc06805ca2,allier,Mairie - Aubigny,collectivite_administration,mairie collectivite,1
https://lannuaire.service-public.gouv.fr/auvergne-rhone-alpes/allier/b1a3c057-847d-4da0-af4f-5ca391062daf,allier,Mairie - Creuzier-le-Vieux,collectivite_administration,mairie collectivite,1
https://lannuaire.service-public.gouv.fr/auvergne-rhone-alpes/allier/b1b2e5d8-2cc6-4dd5-92ea-8d47d2c59270,allier,Mairie - Saint-Priest-en-Murat,collectivite_administration,mairie collectivite,1
https://lannuaire.service-public.gouv.fr/auvergne-rhone-alpes/allier/b1e157d0-adf3-4e2c-a06f-399ea7f9c631,allier,Mairie - Fourilles,collectivite_administration,mairie collectivite,1
https://lannuaire.service-public.gouv.fr/auvergne-rhone-alpes/allier/b2496bef-820c-40d8-bbf6-19b290b4e2a0,allier,Mairie - Langy,collectivite_administration,mairie collectivite,1
https://lannuaire.service-public.gouv.fr/auvergne-rhone-alpes/allier/b2772540-2c5d-40fb-9d5f-bd19669d3bd9,allier,Mairie - Montbeugny,collectivite_administration,mairie collectivite,1
https://lannuaire.service-public.gouv.fr/auvergne-rhone-alpes/allier/b2acb4c3-63b6-4c66-9b5b-d1d559f97e08,allier,Direction de la citoyenneté et de la légalité - Allier,collectivite_administration,prefecture administration,1
https://lannuaire.service-public.gouv.fr/auvergne-rhone-alpes/allier/b33de077-0ef7-441a-95cb-75ecf8c42abe,allier,Mairie - Saint-Pourçain-sur-Besbre,collectivite_administration,mairie collectivite,1
https://lannuaire.service-public.gouv.fr/auvergne-rhone-alpes/allier/b3f9540d-c06a-429f-bd2b-f66a609af5a1,allier,Centre de protection maternelle et infantile (PMI) - Montluçon,collectivite_administration,administration collectivite service public,1
https://lannuaire.service-public.gouv.fr/auvergne-rhone-alpes/allier/b44cfa48-f973-4ab9-bbb9-5152830f1669,allier,Mairie - Courçais,collectivite_administration,mairie collectivite,1
https://lannuaire.service-public.gouv.fr/auvergne-rhone-alpes/allier/b4976fcf-be28-4637-af57-a66def96c6c3,allier,Plateforme d'accompagnement et de répit pour les aidants de personnes âgées - Moulins,collectivite_administration,administration collectivite service public,1
https://lannuaire.service-public.gouv.fr/auvergne-rhone-alpes/allier/b51c9c9a-df27-4afe-825c-5105adc013da,allier,Centre communal d'action sociale (CCAS) - Cosne-d'Allier,collectivite_administration,administration collectivite service public,1
https://lannuaire.service-public.gouv.fr/auvergne-rhone-alpes/allier/b63807cc-7229-41e2-830b-f250bee93705,allier,Mairie - Montord,collectivite_administration,mairie collectivite,1
https://lannuaire.service-public.gouv.fr/auvergne-rhone-alpes/allier/b64e3dcb-9a29-45e3-b0d0-5dad34315775,allier,Mairie - Garnat-sur-Engièvre,collectivite_administration,mairie collectivite,1
https://lannuaire.service-public.gouv.fr/auvergne-rhone-alpes/allier/b66d78cd-075e-438c-b680-4a60b7305e6d,allier,Mairie - Agonges,collectivite_administration,mairie collectivite,1
https://lannuaire.service-public.gouv.fr/auvergne-rhone-alpes/allier/b69ea24e-31ba-40f5-8240-6ded548d3550,allier,Mairie - Saint-Rémy-en-Rollat,collectivite_administration,mairie collectivite,1
https://lannuaire.service-public.gouv.fr/auvergne-rhone-alpes/allier/b6f74329-b361-4c18-9c84-c4947f418df2,allier,Mairie - Chezelle,collectivite_administration,mairie collectivite,1
https://lannuaire.service-public.gouv.fr/auvergne-rhone-alpes/allier/b75f3c7c-2951-4743-81b4-08458ecad44f,allier,Commissariat de police de Moulins,collectivite_administration,administration collectivite service public,1
https://lannuaire.service-public.gouv.fr/auvergne-rhone-alpes/allier/b8651a21-d263-4c21-89cb-add7c406249a,allier,Mairie - Bost,collectivite_administration,mairie collectivite,1
https://lannuaire.service-public.gouv.fr/auvergne-rhone-alpes/allier/b8c0b134-d746-4f88-bb95-545c96df0a2b,allier,Mairie - Saint-Clément,collectivite_administration,mairie collectivite,1
https://lannuaire.service-public.gouv.fr/auvergne-rhone-alpes/allier/b8e12438-9a57-412e-879b-1cdeeb1bab21,allier,Mairie - Saint-Marcel-en-Marcillat,collectivite_administration,mairie collectivite,1
https://lannuaire.service-public.gouv.fr/auvergne-rhone-alpes/allier/b940d077-f513-4d2a-94ec-4ce0b4db70cd,allier,Mairie - Tortezais,collectivite_administration,mairie collectivite,1
https://lannuaire.service-public.gouv.fr/auvergne-rhone-alpes/allier/b9b43306-edce-498d-b85a-a81890683841,allier,Chambre de commerce et d'industrie (CCI) 03 - Allier - Délégation de Montluçon,collectivite_administration,administration collectivite service public,1
https://lannuaire.service-public.gouv.fr/auvergne-rhone-alpes/allier/ba48e16e-1379-4e68-afbc-7886f237b9a2,allier,Unité départementale de l'architecture et du patrimoine (UDAP) - Allier,collectivite_administration,administration collectivite service public,1
https://lannuaire.service-public.gouv.fr/auvergne-rhone-alpes/allier/ba519afa-d4bc-4fa1-9a42-6365aa593fcc,allier,Police municipale - Vichy,collectivite_administration,administration collectivite service public,1
https://lannuaire.service-public.gouv.fr/auvergne-rhone-alpes/allier/bb5e8528-0ff4-473b-899d-f08ef0349286,allier,Chambre d'agriculture - Allier,collectivite_administration,administration collectivite service public,1
https://lannuaire.service-public.gouv.fr/auvergne-rhone-alpes/allier/bbb9ddc1-317f-499d-addf-41b479ca4024,allier,Point information jeunesse - Commentry,jeunesse_loisirs,PIJ information jeunesse,1
https://lannuaire.service-public.gouv.fr/auvergne-rhone-alpes/allier/bbd9808f-1912-4882-b8c5-30655f9ae029,allier,Mairie - Mazirat,collectivite_administration,mairie collectivite,1
https://lannuaire.service-public.gouv.fr/auvergne-rhone-alpes/allier/bc2aef02-9030-4bf6-8786-c017d0609cc0,allier,Mairie - Biozat,collectivite_administration,mairie collectivite,1
https://lannuaire.service-public.gouv.fr/auvergne-rhone-alpes/allier/bc4ad742-d9f0-4042-b92a-8d701c20d30e,allier,Centre communal d'action sociale (CCAS) - Mariol,collectivite_administration,mairie collectivite,1
https://lannuaire.service-public.gouv.fr/auvergne-rhone-alpes/allier/bce3c3ae-6c27-40d8-87d9-d67a2abb7f81,allier,Mairie - Saint-Germain-des-Fossés,collectivite_administration,mairie collectivite,1
https://lannuaire.service-public.gouv.fr/auvergne-rhone-alpes/allier/bd0f190a-8582-44ca-9210-e1de5a9aeed6,allier,Communauté d'agglomération - Vichy Communauté,collectivite_administration,administration collectivite service public,1
https://lannuaire.service-public.gouv.fr/auvergne-rhone-alpes/allier/bd239092-3c52-421c-a4c0-b3d45545356f,allier,Mairie - Reugny,collectivite_administration,mairie collectivite,1
https://lannuaire.service-public.gouv.fr/auvergne-rhone-alpes/allier/bd27b547-22b0-4191-bf91-e596eda506bb,allier,France services - Le Donjon,collectivite_administration,administration collectivite service public,1
https://lannuaire.service-public.gouv.fr/auvergne-rhone-alpes/allier/bde24751-50b0-40af-9790-ac9aa144802f,allier,Paierie départementale - Allier - Moulins,collectivite_administration,administration collectivite service public,1
https://lannuaire.service-public.gouv.fr/auvergne-rhone-alpes/allier/be8313f4-d2d9-465e-a6d8-8b4ad2cefe93,allier,Mairie - Périgny,collectivite_administration,mairie collectivite,1
https://lannuaire.service-public.gouv.fr/auvergne-rhone-alpes/allier/beee6a0a-fc86-43f9-969b-9bd0e4895ba7,allier,Mairie - Montoldre,collectivite_administration,mairie collectivite,1
https://lannuaire.service-public.gouv.fr/auvergne-rhone-alpes/allier/bf2be535-22c1-4c9d-ab44-4429bd9e5bfe,allier,Point information jeunesse - Moulins,jeunesse_loisirs,PIJ information jeunesse,1
https://lannuaire.service-public.gouv.fr/auvergne-rhone-alpes/allier/bf44acf3-bc29-4b2c-9aea-daa4e4b1bcb8,allier,Mairie - Couzon,collectivite_administration,mairie collectivite,1
https://lannuaire.service-public.gouv.fr/auvergne-rhone-alpes/allier/bf64f4bb-9489-4cb3-be96-869ed0951239,allier,Mairie - Neuvy,collectivite_administration,mairie collectivite,1
https://lannuaire.service-public.gouv.fr/auvergne-rhone-alpes/allier/c00188b9-d817-4cf0-92a0-481c5e6ba3a2,allier,Mairie - Ronnet,collectivite_administration,mairie collectivite,1
https://lannuaire.service-public.gouv.fr/auvergne-rhone-alpes/allier/c1d679b6-b41b-4de0-b51a-638f2cd8d395,allier,Mairie - Poëzat,collectivite_administration,mairie collectivite,1
https://lannuaire.service-public.gouv.fr/auvergne-rhone-alpes/allier/c1d8e691-4806-46c3-85ad-860e0ba0cc08,allier,Centre communal d'action sociale (CCAS) - Neuilly-le-Réal,collectivite_administration,mairie collectivite,1
https://lannuaire.service-public.gouv.fr/auvergne-rhone-alpes/allier/c1ec9a58-952f-48da-9442-8e43dd6bc8c0,allier,Mairie - Target,collectivite_administration,mairie collectivite,1
https://lannuaire.service-public.gouv.fr/auvergne-rhone-alpes/allier/c1ecd274-a7d0-4070-965c-8cc3b2103fe2,allier,Mairie - Saint-Martin-des-Lais,collectivite_administration,mairie collectivite,1
https://lannuaire.service-public.gouv.fr/auvergne-rhone-alpes/allier/c2031ffa-ca6b-4c08-a8ac-9aa809a51450,allier,Mairie - Montvicq,collectivite_administration,mairie collectivite,1
https://lannuaire.service-public.gouv.fr/auvergne-rhone-alpes/allier/c390c235-d4e3-4859-a880-8357d174b9ee,allier,Service départemental d'incendie et de secours (SDIS) - Allier,collectivite_administration,administration collectivite service public,1
https://lannuaire.service-public.gouv.fr/auvergne-rhone-alpes/allier/c4063282-dff5-43ed-9622-2fdfba6b4bc0,allier,Mairie - Saint-Hilaire,collectivite_administration,mairie collectivite,1
https://lannuaire.service-public.gouv.fr/auvergne-rhone-alpes/allier/c41f45a6-7e13-4ea4-9d8b-11dd0963ac04,allier,Mairie - Pouzy-Mésangy,collectivite_administration,mairie collectivite,1
https://lannuaire.service-public.gouv.fr/auvergne-rhone-alpes/allier/c429b1b2-cd92-4f2d-88be-9fcef185e819,allier,Service de gestion comptable (SGC) - Gannat,collectivite_administration,administration collectivite service public,1
https://lannuaire.service-public.gouv.fr/auvergne-rhone-alpes/allier/c6227a62-72bc-4338-8194-05d0140ff8c9,allier,Mairie - Marigny,collectivite_administration,mairie collectivite,1
https://lannuaire.service-public.gouv.fr/auvergne-rhone-alpes/allier/c747128e-6f15-4823-930b-1a0a2f08c95c,allier,Mairie - Abrest,collectivite_administration,mairie collectivite,1
https://lannuaire.service-public.gouv.fr/auvergne-rhone-alpes/allier/c77500da-e06d-4558-9b0b-411063bf4dad,allier,Mairie - La Chapelaude,collectivite_administration,mairie collectivite,1
https://lannuaire.service-public.gouv.fr/auvergne-rhone-alpes/allier/c78694d9-e784-4fdc-915d-c4ed19f5afd9,allier,Mairie - Vernusse,collectivite_administration,mairie collectivite,1
https://lannuaire.service-public.gouv.fr/auvergne-rhone-alpes/allier/c7f9596c-7cca-45f2-bf2f-fc17119cc708,allier,Mairie - Viplaix,collectivite_administration,mairie collectivite,1
https://lannuaire.service-public.gouv.fr/auvergne-rhone-alpes/allier/c87343b5-8cc4-42fd-a0f4-220898bf8e59,allier,Service de la publicité foncière et de l'enregistrement (SPFE) - Yzeure,collectivite_administration,administration collectivite service public,1
https://lannuaire.service-public.gouv.fr/auvergne-rhone-alpes/allier/c8d488bd-e550-4963-9f09-1f701dfcaad4,allier,Centre communal d'action sociale (CCAS) - Monétay-sur-Loire,collectivite_administration,mairie collectivite,1
https://lannuaire.service-public.gouv.fr/auvergne-rhone-alpes/allier/c914b333-f035-401d-8f1a-49229fa88ce5,allier,Mairie - Durdat-Larequille,collectivite_administration,mairie collectivite,1
https://lannuaire.service-public.gouv.fr/auvergne-rhone-alpes/allier/c9d328db-da2a-4816-815e-cd7f4777a467,allier,Mairie - Cressanges,collectivite_administration,mairie collectivite,1
https://lannuaire.service-public.gouv.fr/auvergne-rhone-alpes/allier/c9ee1b0a-b2a2-42f9-8cb6-f6c979a8722e,allier,Mission locale pour l'insertion professionnelle et sociale des jeunes (16-25 ans) - Dompierre-sur-Besbre,jeunesse_loisirs,mission locale jeunesse insertion,1
https://lannuaire.service-public.gouv.fr/auvergne-rhone-alpes/allier/caaf6f72-714d-400e-9b38-0d1634ec3685,allier,Maison départementale des personnes handicapées (MDPH) - Allier,structure,maison france services,1
https://lannuaire.service-public.gouv.fr/auvergne-rhone-alpes/allier/cb70ae9a-ccfb-4294-a842-75e0054b87dc,allier,Mairie - Le Vilhain,collectivite_administration,mairie collectivite,1
https://lannuaire.service-public.gouv.fr/auvergne-rhone-alpes/allier/cbb51dce-84bf-4b0f-96ba-a7a861b18258,allier,Maison de justice et du droit  de Montluçon,structure,maison france services,1
https://lannuaire.service-public.gouv.fr/auvergne-rhone-alpes/allier/cc44d6c9-4c3f-4829-9f86-04b3ca577c7f,allier,Mairie - Saint-Éloy-d'Allier,collectivite_administration,mairie collectivite,1
https://lannuaire.service-public.gouv.fr/auvergne-rhone-alpes/allier/cd02e32e-6667-47ba-b9b0-17ad3aead28a,allier,Mairie - Droiturier,collectivite_administration,mairie collectivite,1
https://lannuaire.service-public.gouv.fr/auvergne-rhone-alpes/allier/ce6346b3-e657-47bc-ae2a-95e884b55106,allier,Mairie - Châtel-de-Neuvre,collectivite_administration,mairie collectivite,1
https://lannuaire.service-public.gouv.fr/auvergne-rhone-alpes/allier/cf22e1ff-1cfa-4146-8c6f-f465f06c7225,allier,Mairie - Le Pin,collectivite_administration,mairie collectivite,1
https://lannuaire.service-public.gouv.fr/auvergne-rhone-alpes/allier/cf6a2410-bebd-4678-b3a5-6b1124cb466c,allier,Mairie - Saint-Étienne-de-Vicq,collectivite_administration,mairie collectivite,1
https://lannuaire.service-public.gouv.fr/auvergne-rhone-alpes/allier/cf7f331d-13e8-4aae-84bc-fd3a631f7f5d,allier,Mairie - Sorbier,collectivite_administration,mairie collectivite,1
https://lannuaire.service-public.gouv.fr/auvergne-rhone-alpes/allier/cf889410-d069-4d96-a8a9-6ef04932cc6e,allier,Mairie - Valignat,collectivite_administration,mairie collectivite,1
https://lannuaire.service-public.gouv.fr/auvergne-rhone-alpes/allier/cfa65a21-ec14-40ba-bcd2-6995895665e1,allier,Mairie - Saint-Menoux,collectivite_administration,mairie collectivite,1
https://lannuaire.service-public.gouv.fr/auvergne-rhone-alpes/allier/cfccb692-ad2b-49ce-8910-45928d96b700,allier,Mairie - Brugheas,collectivite_administration,mairie collectivite,1
https://lannuaire.service-public.gouv.fr/auvergne-rhone-alpes/allier/d0a3df9b-93a7-41b1-91af-e0375747327a,allier,Mairie - Avermes,collectivite_administration,mairie collectivite,1
https://lannuaire.service-public.gouv.fr/auvergne-rhone-alpes/allier/d168fd22-fdd4-4524-86ed-0ed33a897d10,allier,Mairie - Créchy,collectivite_administration,mairie collectivite,1
https://lannuaire.service-public.gouv.fr/auvergne-rhone-alpes/allier/d18a0902-0600-4652-b5a4-6ef24e03e961,allier,Mairie - Châtelus,collectivite_administration,mairie collectivite,1
https://lannuaire.service-public.gouv.fr/auvergne-rhone-alpes/allier/d1b4ace9-462a-4af7-b4f2-fcdb5968d43f,allier,Mairie - Serbannes,collectivite_administration,mairie collectivite,1
https://lannuaire.service-public.gouv.fr/auvergne-rhone-alpes/allier/d1dcaa23-c987-4155-a7b1-6c319d580ccb,allier,Mairie - Louchy-Montfand,collectivite_administration,mairie collectivite,1
https://lannuaire.service-public.gouv.fr/auvergne-rhone-alpes/allier/d2b09630-2f7f-41d3-87dc-2ea4eedfceaa,allier,France services - multi-sites Moulins Communauté,structure,maison france services,1
https://lannuaire.service-public.gouv.fr/auvergne-rhone-alpes/allier/d2d7e7b4-938a-4012-b109-63c514860822,allier,Mairie - Nassigny,collectivite_administration,mairie collectivite,1
https://lannuaire.service-public.gouv.fr/auvergne-rhone-alpes/allier/d3091466-5905-470d-83c0-f3c6f7c1acea,allier,Mairie - Charmes,collectivite_administration,mairie collectivite,1
https://lannuaire.service-public.gouv.fr/auvergne-rhone-alpes/allier/d3631f8b-0ca7-44cc-a02d-1add5c8a3b2a,allier,Police municipale - Neris-les-Bains,collectivite_administration,administration collectivite service public,1
https://lannuaire.service-public.gouv.fr/auvergne-rhone-alpes/allier/d3741d0a-437e-4950-aaaf-1dff92a1eaa9,allier,Mairie - Prémilhat,collectivite_administration,mairie collectivite,1
https://lannuaire.service-public.gouv.fr/auvergne-rhone-alpes/allier/d3f75165-ec09-4027-917b-58849c41840f,allier,Mairie - Boucé,collectivite_administration,mairie collectivite,1
https://lannuaire.service-public.gouv.fr/auvergne-rhone-alpes/allier/d4193a24-fba7-450d-bdc4-d91e89a743da,allier,Mairie - Avrilly,collectivite_administration,mairie collectivite,1
https://lannuaire.service-public.gouv.fr/auvergne-rhone-alpes/allier/d50da74d-095c-468c-9f97-40c1a4460d9b,allier,Mairie - Lenax,collectivite_administration,mairie collectivite,1
https://lannuaire.service-public.gouv.fr/auvergne-rhone-alpes/allier/d52fdcd3-f0b4-4750-9d13-1e1c90a63a3a,allier,Mairie - Servilly,collectivite_administration,mairie collectivite,1
https://lannuaire.service-public.gouv.fr/auvergne-rhone-alpes/allier/d56453fd-7e4a-47ae-9623-988827ef2952,allier,Mairie - Saint-Aubin-le-Monial,collectivite_administration,mairie collectivite,1
https://lannuaire.service-public.gouv.fr/auvergne-rhone-alpes/allier/d56a7a89-5871-42b5-a9c7-4b25b8c210eb,allier,Mairie - Saint-Pourçain-sur-Sioule,collectivite_administration,mairie collectivite,1
https://lannuaire.service-public.gouv.fr/auvergne-rhone-alpes/allier/d5fa6b59-d5dd-4479-a213-100f5cebb05a,allier,Mairie - Arfeuilles,collectivite_administration,mairie collectivite,1
https://lannuaire.service-public.gouv.fr/auvergne-rhone-alpes/allier/d612e6cf-8db9-449c-8fd8-730e4480c98f,allier,Mairie - Dompierre-sur-Besbre,collectivite_administration,mairie collectivite,1
https://lannuaire.service-public.gouv.fr/auvergne-rhone-alpes/allier/d6277052-7f3f-45ed-97f0-6ca826de7fad,allier,Mairie - Chavroches,collectivite_administration,mairie collectivite,1
https://lannuaire.service-public.gouv.fr/auvergne-rhone-alpes/allier/d6505b54-1221-476c-8938-34192d160f8b,allier,Mairie - Montaiguët-en-Forez,collectivite_administration,mairie collectivite,1
https://lannuaire.service-public.gouv.fr/auvergne-rhone-alpes/allier/d6bb621e-b477-4de8-a929-70e8a0d4e281,allier,Espace conseil France Rénov' - Vichy,collectivite_administration,administration collectivite service public,1
https://lannuaire.service-public.gouv.fr/auvergne-rhone-alpes/allier/d7183762-1d69-4da3-a28d-ef45f49f44eb,allier,Centre communal d'action sociale (CCAS) - Montbeugny,collectivite_administration,administration collectivite service public,1
https://lannuaire.service-public.gouv.fr/auvergne-rhone-alpes/allier/d74b0ea6-61f2-431f-a4b0-30c9a1a864dc,allier,Mairie - Braize,collectivite_administration,mairie collectivite,1
https://lannuaire.service-public.gouv.fr/auvergne-rhone-alpes/allier/d779e641-9860-40e1-8b63-bf5ab337b934,allier,Délégation départementale aux droits des femmes et à l'égalité (DDDFE) - Allier,collectivite_administration,administration collectivite service public,1
https://lannuaire.service-public.gouv.fr/auvergne-rhone-alpes/allier/d7f0a6e4-2313-4189-906a-0049c2f2dbcd,allier,Mairie - Saint-Caprais,collectivite_administration,mairie collectivite,1
https://lannuaire.service-public.gouv.fr/auvergne-rhone-alpes/allier/d9e9b641-dd49-40d6-9788-4751772e168b,allier,Direction départementale des finances publiques (DDFIP) - Allier,collectivite_administration,administration collectivite service public,1
https://lannuaire.service-public.gouv.fr/auvergne-rhone-alpes/allier/d9f2703f-efdb-4d89-b818-d0f4fe18819b,allier,Mairie - Bransat,collectivite_administration,mairie collectivite,1
https://lannuaire.service-public.gouv.fr/auvergne-rhone-alpes/allier/dadea985-3546-4a66-abb4-748b77a0afc8,allier,Mairie - Deneuille-lès-Chantelle,collectivite_administration,mairie collectivite,1
https://lannuaire.service-public.gouv.fr/auvergne-rhone-alpes/allier/dce33f09-9129-4705-9862-b9f2f2207025,allier,Police municipale - Saint-Germain-des-Fossés,collectivite_administration,administration collectivite service public,1
https://lannuaire.service-public.gouv.fr/auvergne-rhone-alpes/allier/dd3e1e3e-d752-4089-8458-b0db79265243,allier,Mairie - Chassenard,collectivite_administration,mairie collectivite,1
https://lannuaire.service-public.gouv.fr/auvergne-rhone-alpes/allier/dd542b93-5c7c-454d-b526-508c901956d1,allier,Mairie - Gennetines,collectivite_administration,mairie collectivite,1
https://lannuaire.service-public.gouv.fr/auvergne-rhone-alpes/allier/dd5911dc-e1ce-4d51-ba1e-d9ab44439ad3,allier,Mairie - Chézy,collectivite_administration,mairie collectivite,1
https://lannuaire.service-public.gouv.fr/auvergne-rhone-alpes/allier/dd5ee2d0-21ca-4bd7-bd91-d60d8ca3c35e,allier,Mairie - Le Vernet,collectivite_administration,mairie collectivite,1
https://lannuaire.service-public.gouv.fr/auvergne-rhone-alpes/allier/de5d0d89-cdfd-4c64-b378-57046fa80661,allier,Mairie - Blomard,collectivite_administration,mairie collectivite,1
https://lannuaire.service-public.gouv.fr/auvergne-rhone-alpes/allier/de765cf2-4f1c-4427-8b83-c07ee212e192,allier,Mairie - Ussel-d'Allier,collectivite_administration,mairie collectivite,1
https://lannuaire.service-public.gouv.fr/auvergne-rhone-alpes/allier/de77abe6-221d-4a0e-9295-9de678363434,allier,Mairie - Désertines,collectivite_administration,mairie collectivite,1
https://lannuaire.service-public.gouv.fr/auvergne-rhone-alpes/allier/df2675f4-ca7b-4bd5-8701-1478126353ce,allier,Conseil de prud'hommes de Vichy,collectivite_administration,administration collectivite service public,1
https://lannuaire.service-public.gouv.fr/auvergne-rhone-alpes/allier/e1195402-870c-4eee-a34e-0b487fbe3184,allier,Mairie - La Celle,collectivite_administration,mairie collectivite,1
https://lannuaire.service-public.gouv.fr/auvergne-rhone-alpes/allier/e29585bf-ad77-4d7e-96bf-8508d0d24ada,allier,Service de gestion comptable (SGC) - Montluçon,collectivite_administration,administration collectivite service public,1
https://lannuaire.service-public.gouv.fr/auvergne-rhone-alpes/allier/e2cb697b-b96e-4964-8316-75721ed7c154,allier,Mairie - Espinasse-Vozelle,collectivite_administration,mairie collectivite,1
https://lannuaire.service-public.gouv.fr/auvergne-rhone-alpes/allier/e3c3efbf-1020-49c6-ad0e-aa546a843b3b,allier,Mairie - Domérat,collectivite_administration,mairie collectivite,1
https://lannuaire.service-public.gouv.fr/auvergne-rhone-alpes/allier/e4fb930f-29a0-4493-b45e-c1f49bf0f57b,allier,Greta Bourbonnais-Combraille - Montluçon,collectivite_administration,administration collectivite service public,1
https://lannuaire.service-public.gouv.fr/auvergne-rhone-alpes/allier/e5375a9a-950d-4528-bb21-a6221291cfc6,allier,Centre de protection maternelle et infantile (PMI) - Cusset,collectivite_administration,administration collectivite service public,1
https://lannuaire.service-public.gouv.fr/auvergne-rhone-alpes/allier/e550360f-9bc3-4725-ad76-df63db5e68f2,allier,Mairie - Escurolles,collectivite_administration,mairie collectivite,1
https://lannuaire.service-public.gouv.fr/auvergne-rhone-alpes/allier/e59cda24-d352-4e68-98d7-e8f599e63c44,allier,Mairie - Couleuvre,collectivite_administration,mairie collectivite,1
https://lannuaire.service-public.gouv.fr/auvergne-rhone-alpes/allier/e5f286c0-e52f-4bfa-97cb-298e85b6f659,allier,Mairie - Colombier,collectivite_administration,mairie collectivite,1
https://lannuaire.service-public.gouv.fr/auvergne-rhone-alpes/allier/e652b6c0-ba53-43b6-9b46-6ca1d4fe054e,allier,Mairie - Montmarault,collectivite_administration,mairie collectivite,1
https://lannuaire.service-public.gouv.fr/auvergne-rhone-alpes/allier/e6abb7ea-c555-463e-a112-7c0ce3627061,allier,Mairie - Jenzat,collectivite_administration,mairie collectivite,1
https://lannuaire.service-public.gouv.fr/auvergne-rhone-alpes/allier/e73d4f09-ef25-49dc-bd77-f86f57ec3c7b,allier,France services - Dompierre-sur-Besbre,collectivite_administration,administration collectivite service public,1
https://lannuaire.service-public.gouv.fr/auvergne-rhone-alpes/allier/e85c12ed-f997-4a77-8efb-a474a0f8f0d6,allier,Mairie - Chambérat,collectivite_administration,mairie collectivite,1
https://lannuaire.service-public.gouv.fr/auvergne-rhone-alpes/allier/ea8a5233-6b20-4926-b76d-efbffe1c2453,allier,Mairie - Saint-Christophe-en-Bourbonnais,collectivite_administration,mairie collectivite,1
https://lannuaire.service-public.gouv.fr/auvergne-rhone-alpes/allier/eae987c2-fdd9-4a07-9aa1-1e94bdd7d9df,allier,Commission départementale de conciliation - Allier,collectivite_administration,administration collectivite service public,1
https://lannuaire.service-public.gouv.fr/auvergne-rhone-alpes/allier/eb59f2e4-508a-46f7-a8a4-b1373031177a,allier,Mairie - Saint-Pont,collectivite_administration,mairie collectivite,1
https://lannuaire.service-public.gouv.fr/auvergne-rhone-alpes/allier/ebaec818-6513-49a1-abc3-546b9f705156,allier,Mairie - Cesset,collectivite_administration,mairie collectivite,1
https://lannuaire.service-public.gouv.fr/auvergne-rhone-alpes/allier/ebb52c15-0855-4660-b14d-90c246daed07,allier,Société d'aménagement foncier et d'établissement rural (Safer) - Allier,collectivite_administration,administration collectivite service public,1
https://lannuaire.service-public.gouv.fr/auvergne-rhone-alpes/allier/ebe012eb-00e8-4de9-b820-3c76ba352c4d,allier,Mairie - Andelaroche,collectivite_administration,mairie collectivite,1
https://lannuaire.service-public.gouv.fr/auvergne-rhone-alpes/allier/ec1b4ad5-aaa2-4bfd-9a8c-1797a67c80c3,allier,Mairie - Charroux,collectivite_administration,mairie collectivite,1
https://lannuaire.service-public.gouv.fr/auvergne-rhone-alpes/allier/ecf1f1e3-e7da-417e-bd7c-bcc2d87def1e,allier,Mairie - Trévol,collectivite_administration,mairie collectivite,1
https://lannuaire.service-public.gouv.fr/auvergne-rhone-alpes/allier/ed3c3e85-04fc-4b04-b40b-119ae2ebe150,allier,Médiathèque départementale - Allier,collectivite_administration,administration collectivite service public,1
https://lannuaire.service-public.gouv.fr/auvergne-rhone-alpes/allier/eec04a5b-8c1f-4fbb-848e-a6cb1527e2c3,allier,Mairie - Molinet,collectivite_administration,mairie collectivite,1
https://lannuaire.service-public.gouv.fr/auvergne-rhone-alpes/allier/eedeff4a-4921-4baf-a639-0703ffa70c3e,allier,Mairie - Chazemais,collectivite_administration,mairie collectivite,1
https://lannuaire.service-public.gouv.fr/auvergne-rhone-alpes/allier/f0f0c40e-79a3-4290-b5f5-9e2d3ff34e28,allier,Mairie - Gipcy,collectivite_administration,mairie collectivite,1
https://lannuaire.service-public.gouv.fr/auvergne-rhone-alpes/allier/f21daa64-b904-40ad-8781-5aa092d12662,allier,Point information jeunesse - Gannat,jeunesse_loisirs,PIJ information jeunesse,1
https://lannuaire.service-public.gouv.fr/auvergne-rhone-alpes/allier/f2631d6e-fd8c-4fa5-a2f8-88930fb4a98e,allier,Mairie - Gouise,collectivite_administration,mairie collectivite,1
https://lannuaire.service-public.gouv.fr/auvergne-rhone-alpes/allier/f30a9a46-0a04-41c2-8f74-f7f9d515c122,allier,Mairie - Barrais-Bussolles,collectivite_administration,mairie collectivite,1
https://lannuaire.service-public.gouv.fr/auvergne-rhone-alpes/allier/f326b60c-4c2c-4847-a476-54ebf4d94678,allier,Mairie - Hyds,collectivite_administration,mairie collectivite,1
https://lannuaire.service-public.gouv.fr/auvergne-rhone-alpes/allier/f3c8ea38-99d2-4731-a8ba-1e52419727b7,allier,Mairie - Chirat-l'Église,collectivite_administration,mairie collectivite,1
https://lannuaire.service-public.gouv.fr/auvergne-rhone-alpes/allier/f4363f77-7406-43ae-85bd-6982e11f4496,allier,Mairie - Diou,collectivite_administration,mairie collectivite,1
https://lannuaire.service-public.gouv.fr/auvergne-rhone-alpes/allier/f489c190-0c32-42ce-ad08-fa31ccd070b7,allier,Mairie - Audes,collectivite_administration,mairie collectivite,1
https://lannuaire.service-public.gouv.fr/auvergne-rhone-alpes/allier/f4c94e3b-35cf-42ee-87ed-434582cba70b,allier,Mairie - Louroux-Bourbonnais,collectivite_administration,mairie collectivite,1
https://lannuaire.service-public.gouv.fr/auvergne-rhone-alpes/allier/f55d027d-2ad4-499a-bed9-7f6bdebeddfd,allier,Mairie - Lavoine,collectivite_administration,mairie collectivite,1
https://lannuaire.service-public.gouv.fr/auvergne-rhone-alpes/allier/f5efddd2-fc81-4c4b-b97d-47a8c66e12af,allier,Point d'accueil numérique - Montluçon (Sous-préfecture),collectivite_administration,administration collectivite service public,1
https://lannuaire.service-public.gouv.fr/auvergne-rhone-alpes/allier/f714658c-b161-4b60-9b1b-e2ad06cc0837,allier,Mairie - Mesples,collectivite_administration,mairie collectivite,1
https://lannuaire.service-public.gouv.fr/auvergne-rhone-alpes/allier/f7ccdb6a-9978-44a9-9b7a-a04a2b691bfb,allier,Chambre de métiers et de l'artisanat (CMA) - Allier,collectivite_administration,administration collectivite service public,1
https://lannuaire.service-public.gouv.fr/auvergne-rhone-alpes/allier/f911f7cb-4d67-4eb6-936f-962aad9c6028,allier,Mairie - Loddes,collectivite_administration,mairie collectivite,1
https://lannuaire.service-public.gouv.fr/auvergne-rhone-alpes/allier/f954c567-d3b5-4ea2-9bd5-ecc0b1d91351,allier,Police municipale - Lapalisse,collectivite_administration,administration collectivite service public,1
https://lannuaire.service-public.gouv.fr/auvergne-rhone-alpes/allier/f958edf2-87e6-4e0e-9edd-78f627c6612f,allier,Mairie - Bègues,collectivite_administration,mairie collectivite,1
https://lannuaire.service-public.gouv.fr/auvergne-rhone-alpes/allier/f966e1fd-7813-4e78-93c3-5cbf688a2f95,allier,"Service départemental à la jeunesse, à l'engagement et aux sports (SDJES) - Allier",jeunesse_loisirs,service jeunesse,1
https://lannuaire.service-public.gouv.fr/auvergne-rhone-alpes/allier/f98bd6ee-0e11-4a6d-93d7-d8fe8a514d66,allier,Mairie - Saint-Germain-de-Salles,collectivite_administration,mairie collectivite,1
https://lannuaire.service-public.gouv.fr/auvergne-rhone-alpes/allier/fa8d7da2-3d0e-4a58-aeb1-9a53ec013dcf,allier,Mairie - Saint-Bonnet-de-Four,collectivite_administration,mairie collectivite,1
https://lannuaire.service-public.gouv.fr/auvergne-rhone-alpes/allier/faa9ac50-1d4d-4ff5-9ea2-4b375af3d5dc,allier,France services - Commentry,collectivite_administration,administration collectivite service public,1
https://lannuaire.service-public.gouv.fr/auvergne-rhone-alpes/allier/fabf418d-94d2-43e4-9934-a2df2c9c6313,allier,Mairie - Villefranche-d'Allier,collectivite_administration,mairie collectivite,1
https://lannuaire.service-public.gouv.fr/auvergne-rhone-alpes/allier/fb99b3ba-fe88-4f5f-97f1-e5341ec44e9e,allier,Mairie - Saint-Priest-d'Andelot,collectivite_administration,mairie collectivite,1
https://lannuaire.service-public.gouv.fr/auvergne-rhone-alpes/allier/fbab5414-17e6-4567-a971-bae260fe542f,allier,Centre communal d'action sociale (CCAS) - Néris-les-Bains,collectivite_administration,administration collectivite service public,1
https://lannuaire.service-public.gouv.fr/auvergne-rhone-alpes/allier/fbb2b2bd-8e3e-4900-814b-cf8877f7f666,allier,Mairie - Le Breuil,collectivite_administration,mairie collectivite,1
https://lannuaire.service-public.gouv.fr/auvergne-rhone-alpes/allier/ff875b1f-e453-4846-be3e-c2543d885baf,allier,France services - Vallon-en-Sully,collectivite_administration,administration collectivite service public,1
https://lannuaire.service-public.gouv.fr/auvergne-rhone-alpes/allier/ffa7757f-0130-42d6-ad1b-eab764b50c8a,allier,Mairie - Saint-Léon,collectivite_administration,mairie collectivite,1
https://www.allier.fr/741-enfance-en-danger.htm,allier,Enfance en danger - Conseil Departemental de l'Allier,protection_enfance,CRIP protection enfance ASE | departement solidarite enfance famille,2
https://aveyron.fr/qui-contacter,aveyron,Departement de l'Aveyron - contacts,protection_enfance | structure,departement solidarite enfance famille | maison solidarite departementale,2
https://auvergne-rhone-alpes.dreets.gouv.fr/sites/auvergne-rhone-alpes.dreets.gouv.fr/IMG/pdf/annuaire_des_siae_cantal.pdf,cantal,Annuaire des SIAE Cantal,social_insertion,structure insertion SIAE,1
https://auvergne.sgen-cfdt.fr/nous-contacter/,cantal,Sgen-CFDT Auvergne,syndicat,syndicat education,1
https://cdos-cantal.fr/les-comites/,cantal,Les comites - CDOS Cantal,sport,club sportif | club sportif loisirs,4
https://fsu15.fsu.fr/syndicats-fsu/,cantal,Les syndicats de la FSU dans le Cantal,syndicat,syndicat education second degre,1
https://georges-brassens-ydes.ent.auvergnerhonealpes.fr/lectureFichiergw.do?ID_FICHIER=12044,cantal,FCPE Cantal,association_parents,association parents eleves,1
https://itinova.org/etablissements/mecs-chanteclair/,cantal,MECS Chanteclair - Itinova,protection_enfance,MECS protection enfance ASE,1
https://lannuaire.service-public.fr/auvergne-rhone-alpes/cantal/ccbbe095-108c-4012-aed1-d45c512aa3f9/avertissement-demande-de-mise-a-jour,cantal,Greffe des associations Cantal Mauriac,association,greffe associations,1
https://lannuaire.service-public.gouv.fr/auvergne-rhone-alpes/cantal/00fac0d6-f1c3-42b1-a8be-4aab3dd133ec,cantal,Centre d'information et d'orientation (CIO) - Saint-Flour,collectivite_administration,administration collectivite service public,1
https://lannuaire.service-public.gouv.fr/auvergne-rhone-alpes/cantal/018bc9ff-2272-4ae2-b9e6-77bf961713e5,cantal,Mairie - Saint-Simon,collectivite_administration,mairie collectivite,1
https://lannuaire.service-public.gouv.fr/auvergne-rhone-alpes/cantal/0289334a-a9c4-4d57-b28b-581175e37148,cantal,Mairie - Polminhac,collectivite_administration,mairie collectivite,1
https://lannuaire.service-public.gouv.fr/auvergne-rhone-alpes/cantal/043b68a6-8f6a-42fc-910d-d574d4d61f68,cantal,Mairie - Riom-ès-Montagnes,collectivite_administration,mairie collectivite,1
https://lannuaire.service-public.gouv.fr/auvergne-rhone-alpes/cantal/043db1ce-a865-4d71-b1ac-c188793066d5,cantal,Communauté d'agglomération - Bassin d'Aurillac,collectivite_administration,administration collectivite service public,1
https://lannuaire.service-public.gouv.fr/auvergne-rhone-alpes/cantal/05822487-221b-457a-8753-77a06257e065,cantal,Mairie - Beaulieu,collectivite_administration,mairie collectivite,1
https://lannuaire.service-public.gouv.fr/auvergne-rhone-alpes/cantal/079d8097-b1a1-42c0-8b6d-d52da3da487d,cantal,Centre d'information et d'orientation (CIO) - Aurillac,collectivite_administration,administration collectivite service public,1
https://lannuaire.service-public.gouv.fr/auvergne-rhone-alpes/cantal/09179611-ea1f-4cd1-8bf6-14a127a51125,cantal,Conciliateur fiscal départemental - Cantal,collectivite_administration,administration collectivite service public,1
https://lannuaire.service-public.gouv.fr/auvergne-rhone-alpes/cantal/09c094cc-96cf-468a-a25a-7a14172b1aae,cantal,Mairie - Lorcières,collectivite_administration,mairie collectivite,1
https://lannuaire.service-public.gouv.fr/auvergne-rhone-alpes/cantal/0a358cd9-4b11-420b-927b-2f9bbb344035,cantal,Délégation militaire départementale (DMD) - Cantal,collectivite_administration,administration collectivite service public,1
https://lannuaire.service-public.gouv.fr/auvergne-rhone-alpes/cantal/0b6f3067-0f26-4d51-b76d-58322f1f5897,cantal,Mairie - La Trinitat,collectivite_administration,mairie collectivite,1
https://lannuaire.service-public.gouv.fr/auvergne-rhone-alpes/cantal/0b71000c-669e-4bc0-826d-86d309a917c8,cantal,Mairie - Veyrières,collectivite_administration,mairie collectivite,1
https://lannuaire.service-public.gouv.fr/auvergne-rhone-alpes/cantal/0d2f3ff1-9e77-4bd6-b50b-cb2c3601a7d5,cantal,Mairie - Ally,collectivite_administration,mairie collectivite,1
https://lannuaire.service-public.gouv.fr/auvergne-rhone-alpes/cantal/0dc659fb-8f64-47e7-9699-48753132b112,cantal,France services - Allanche,collectivite_administration,administration collectivite service public,1
https://lannuaire.service-public.gouv.fr/auvergne-rhone-alpes/cantal/0deb7092-926a-4104-a51b-25588b3a323d,cantal,Mairie - Saint-Victor,collectivite_administration,mairie collectivite,1
https://lannuaire.service-public.gouv.fr/auvergne-rhone-alpes/cantal/0e694a12-cb5e-493f-815d-7d9beffc128e,cantal,France services  - Saint-Mamet-la-Salvetat,collectivite_administration,administration collectivite service public,1
https://lannuaire.service-public.gouv.fr/auvergne-rhone-alpes/cantal/0e742d0b-e63e-4be0-a08b-deb448b8e2b1,cantal,Mairie - Marcenat,collectivite_administration,mairie collectivite,1
https://lannuaire.service-public.gouv.fr/auvergne-rhone-alpes/cantal/10075bf6-5e8a-407d-869c-c7eb935472ff,cantal,Mairie - Sainte-Eulalie,collectivite_administration,mairie collectivite,1
https://lannuaire.service-public.gouv.fr/auvergne-rhone-alpes/cantal/10bef15d-af7c-45c4-98bf-a2ab7e27bb33,cantal,Service de gestion comptable (SGC) - Mauriac,collectivite_administration,administration collectivite service public,1
https://lannuaire.service-public.gouv.fr/auvergne-rhone-alpes/cantal/1134818c-e55d-4aae-8349-89ba44d99a00,cantal,Mairie - Freix-Anglards,collectivite_administration,mairie collectivite,1
https://lannuaire.service-public.gouv.fr/auvergne-rhone-alpes/cantal/1236d86a-0c7c-483d-858e-3d21b77a73d7,cantal,Mairie - Saint-Julien-de-Toursac,collectivite_administration,mairie collectivite,1
https://lannuaire.service-public.gouv.fr/auvergne-rhone-alpes/cantal/123bf5f7-8fd5-4adb-87d7-0c7eaaf29bf5,cantal,Mairie - Barriac-les-Bosquets,collectivite_administration,mairie collectivite,1
https://lannuaire.service-public.gouv.fr/auvergne-rhone-alpes/cantal/12fa9f76-a0d1-49f4-84f3-6076bb1bd2a1,cantal,Mairie - Saint-Amandin,collectivite_administration,mairie collectivite,1
https://lannuaire.service-public.gouv.fr/auvergne-rhone-alpes/cantal/13bb3803-022e-4d86-85b7-016b0c2e98a0,cantal,Communauté de communes - Hautes Terres Communauté,collectivite_administration,administration collectivite service public,1
https://lannuaire.service-public.gouv.fr/auvergne-rhone-alpes/cantal/1417b847-ae65-422f-8153-00773094bd5e,cantal,Mairie - Chavagnac,collectivite_administration,mairie collectivite,1
https://lannuaire.service-public.gouv.fr/auvergne-rhone-alpes/cantal/14748c7a-db5d-4978-b9c3-c34985bfea96,cantal,Mairie - Saint-Bonnet-de-Salers,collectivite_administration,mairie collectivite,1
https://lannuaire.service-public.gouv.fr/auvergne-rhone-alpes/cantal/150dd383-29e0-45dc-87aa-ecb1b13e43b4,cantal,Mairie - Tiviers,collectivite_administration,mairie collectivite,1
https://lannuaire.service-public.gouv.fr/auvergne-rhone-alpes/cantal/15b28163-503d-4df4-8549-1d5808030a7b,cantal,Mairie - Sourniac,collectivite_administration,mairie collectivite,1
https://lannuaire.service-public.gouv.fr/auvergne-rhone-alpes/cantal/16285ad3-e1e3-48e2-984d-3a3e588fbd04,cantal,Confédération départementale de l'artisanat et des petites entreprises du bâtiment  (Capeb) - Cantal,collectivite_administration,administration collectivite service public,1
https://lannuaire.service-public.gouv.fr/auvergne-rhone-alpes/cantal/1667a594-c349-4ee8-8d46-11b353b04efe,cantal,Mairie - Teissières-lès-Bouliès,collectivite_administration,mairie collectivite,1
https://lannuaire.service-public.gouv.fr/auvergne-rhone-alpes/cantal/167b385d-ece7-431b-adc0-88f02e073d7a,cantal,Service de gestion comptable (SGC) - Saint-Flour,collectivite_administration,administration collectivite service public,1
https://lannuaire.service-public.gouv.fr/auvergne-rhone-alpes/cantal/18c8f5c7-3eaa-4eeb-a1a8-77cccb0aa029,cantal,Mairie - Vebret,collectivite_administration,mairie collectivite,1
https://lannuaire.service-public.gouv.fr/auvergne-rhone-alpes/cantal/18ce15f5-de66-4555-96a5-2bdbf591a806,cantal,Direction du cabinet - Cantal,collectivite_administration,administration collectivite service public,1
https://lannuaire.service-public.gouv.fr/auvergne-rhone-alpes/cantal/19d33324-7e43-49ec-9969-a6ed151b21bf,cantal,Mairie - Molèdes,collectivite_administration,mairie collectivite,1
https://lannuaire.service-public.gouv.fr/auvergne-rhone-alpes/cantal/1a01775b-62f6-49c0-841f-5322bdc5cf3b,cantal,Mairie - Montvert,collectivite_administration,mairie collectivite,1
https://lannuaire.service-public.gouv.fr/auvergne-rhone-alpes/cantal/1b31a8ac-bd84-437c-bb7b-3402fb997bdf,cantal,CCI 15 Cantal - Service Public,acteur_economique,chambre commerce industrie,1
https://lannuaire.service-public.gouv.fr/auvergne-rhone-alpes/cantal/1ba97a82-0fa7-463d-8d9c-17477efc8c7b,cantal,Mairie - Vezels-Roussy,collectivite_administration,mairie collectivite,1
https://lannuaire.service-public.gouv.fr/auvergne-rhone-alpes/cantal/1c3be573-c40a-45c0-9d6b-8e791dd72724,cantal,Mairie - Saint-Étienne-Cantalès,collectivite_administration,mairie collectivite,1
https://lannuaire.service-public.gouv.fr/auvergne-rhone-alpes/cantal/1d76f1ed-d7f1-4b98-9403-9e752d961c68,cantal,Mairie - Ytrac,collectivite_administration,mairie collectivite,1
https://lannuaire.service-public.gouv.fr/auvergne-rhone-alpes/cantal/1d793d91-0f6b-4180-b364-843435031479,cantal,Centre communal d'action sociale (CCAS) - Maurs,collectivite_administration,mairie collectivite,1
https://lannuaire.service-public.gouv.fr/auvergne-rhone-alpes/cantal/1d80a27a-5465-4ecf-a65f-d5f13eb01efc,cantal,Mairie - Quézac,collectivite_administration,mairie collectivite,1
https://lannuaire.service-public.gouv.fr/auvergne-rhone-alpes/cantal/1e2fafe0-1666-49a8-80d3-120a8f853834,cantal,"Direction départementale de l'emploi, du travail, des solidarités et de la protection des populations (DDETSPP) - Cantal",collectivite_administration,administration collectivite service public,1
https://lannuaire.service-public.gouv.fr/auvergne-rhone-alpes/cantal/1eacba01-61de-4022-90b5-17ed5d61f275,cantal,Mairie - Mandailles-Saint-Julien,collectivite_administration,mairie collectivite,1
https://lannuaire.service-public.gouv.fr/auvergne-rhone-alpes/cantal/1eb6573d-c00f-41aa-94b9-e1698b5ee94c,cantal,Mairie - Yolet,collectivite_administration,mairie collectivite,1
https://lannuaire.service-public.gouv.fr/auvergne-rhone-alpes/cantal/1eb75e29-443e-436f-be37-c749dad51442,cantal,Espace conseil France Rénov' - Aurillac,collectivite_administration,administration collectivite service public,1
https://lannuaire.service-public.gouv.fr/auvergne-rhone-alpes/cantal/1ef8b48e-b0dd-472a-80be-6c4a98199a60,cantal,Mairie - Le Claux,collectivite_administration,mairie collectivite,1
https://lannuaire.service-public.gouv.fr/auvergne-rhone-alpes/cantal/1f98b26a-8655-4998-93e9-562955944137,cantal,Mairie - Cayrols,collectivite_administration,mairie collectivite,1
https://lannuaire.service-public.gouv.fr/auvergne-rhone-alpes/cantal/1fa79eb6-992c-4387-9d1f-b8d7bf4fba4e,cantal,Mairie - Saint-Cernin,collectivite_administration,mairie collectivite,1
https://lannuaire.service-public.gouv.fr/auvergne-rhone-alpes/cantal/20c6189c-9fe8-48df-b2f6-5ae30e98ef8f,cantal,Mairie - Saint-Saturnin,collectivite_administration,mairie collectivite,1
https://lannuaire.service-public.gouv.fr/auvergne-rhone-alpes/cantal/2250647f-f1c3-4dba-a511-3fd6313d288d,cantal,Mairie - Villedieu,collectivite_administration,mairie collectivite,1
https://lannuaire.service-public.gouv.fr/auvergne-rhone-alpes/cantal/22658548-349b-4f18-a8a2-d78f8358cdd1,cantal,Mairie - Lastic,collectivite_administration,mairie collectivite,1
https://lannuaire.service-public.gouv.fr/auvergne-rhone-alpes/cantal/244d84d7-71ac-4272-a168-20c649a0f506,cantal,Mairie - Labesserette,collectivite_administration,mairie collectivite,1
https://lannuaire.service-public.gouv.fr/auvergne-rhone-alpes/cantal/26333578-9383-4abd-bec2-789396a2b970,cantal,Mairie - Lacapelle-del-Fraisse,collectivite_administration,mairie collectivite,1
https://lannuaire.service-public.gouv.fr/auvergne-rhone-alpes/cantal/263ce233-57f8-451d-9bdb-5d568e8e5143,cantal,Mairie - Cassaniouze,collectivite_administration,mairie collectivite,1
https://lannuaire.service-public.gouv.fr/auvergne-rhone-alpes/cantal/26de4e5d-a273-4638-a10a-a536d53c224b,cantal,France services - Laroquebrou,collectivite_administration,administration collectivite service public,1
https://lannuaire.service-public.gouv.fr/auvergne-rhone-alpes/cantal/285c396b-8369-41e3-a3e8-9ad16e797ce5,cantal,Mairie - Nieudan,collectivite_administration,mairie collectivite,1
https://lannuaire.service-public.gouv.fr/auvergne-rhone-alpes/cantal/28908c1e-1b96-4646-89fe-586b7284725d,cantal,Mairie - Saint-Santin-Cantalès,collectivite_administration,mairie collectivite,1
https://lannuaire.service-public.gouv.fr/auvergne-rhone-alpes/cantal/28c5bf82-0830-4bac-ad18-e65a22011c02,cantal,Cap emploi - Cantal,collectivite_administration,administration collectivite service public,1
https://lannuaire.service-public.gouv.fr/auvergne-rhone-alpes/cantal/2ad559ed-c98d-4092-998e-7e5154e01286,cantal,Mairie - Cros-de-Montvert,collectivite_administration,mairie collectivite,1
https://lannuaire.service-public.gouv.fr/auvergne-rhone-alpes/cantal/2add48d9-9ae7-47fe-bf52-28a2f874edb4,cantal,Mairie - Marcolès,collectivite_administration,mairie collectivite,1
https://lannuaire.service-public.gouv.fr/auvergne-rhone-alpes/cantal/2aec2d3e-ee3d-4b74-9342-edd285297789,cantal,Mairie - Albepierre-Bredons,collectivite_administration,mairie collectivite,1
https://lannuaire.service-public.gouv.fr/auvergne-rhone-alpes/cantal/2bd0c3b4-d780-4f62-8921-ec01f6bba443,cantal,Mairie - Arpajon-sur-Cère,collectivite_administration,mairie collectivite,1
https://lannuaire.service-public.gouv.fr/auvergne-rhone-alpes/cantal/2bea1423-f475-4787-8a27-19de117700e8,cantal,Mairie - Lanobre,collectivite_administration,mairie collectivite,1
https://lannuaire.service-public.gouv.fr/auvergne-rhone-alpes/cantal/2bef2411-e83e-4c8f-a23a-eb5cf55171b0,cantal,Mairie - Chanterelle,collectivite_administration,mairie collectivite,1
https://lannuaire.service-public.gouv.fr/auvergne-rhone-alpes/cantal/2c5c562b-6c15-4447-af15-186aec5d208e,cantal,Mairie - Valette,collectivite_administration,mairie collectivite,1
https://lannuaire.service-public.gouv.fr/auvergne-rhone-alpes/cantal/2cf8adce-cc90-4f1c-bcbd-9b41c3faa4ae,cantal,Unité départementale de l'architecture et du patrimoine (UDAP) - Cantal,collectivite_administration,administration collectivite service public,1
https://lannuaire.service-public.gouv.fr/auvergne-rhone-alpes/cantal/30b35a48-1611-4279-8b72-19ecf8026603,cantal,Mairie - Peyrusse,collectivite_administration,mairie collectivite,1
https://lannuaire.service-public.gouv.fr/auvergne-rhone-alpes/cantal/310475d1-20b6-45a4-8eae-00ceab8fd4c2,cantal,Mairie - Brezons,collectivite_administration,mairie collectivite,1
https://lannuaire.service-public.gouv.fr/auvergne-rhone-alpes/cantal/31897056-28d9-4e5a-8611-efd3c74b0859,cantal,Mairie - Menet,collectivite_administration,mairie collectivite,1
https://lannuaire.service-public.gouv.fr/auvergne-rhone-alpes/cantal/3216c7f3-8443-401a-9dba-62cf4b72f931,cantal,"Conseil d'architecture, d'urbanisme et de l'environnement (CAUE) - Cantal",collectivite_administration,administration collectivite service public,1
https://lannuaire.service-public.gouv.fr/auvergne-rhone-alpes/cantal/32c95952-fffd-4cd8-8388-6b4b7ecc94e2,cantal,Mairie - Rouziers,collectivite_administration,mairie collectivite,1
https://lannuaire.service-public.gouv.fr/auvergne-rhone-alpes/cantal/32d47f42-9d12-4054-a07a-2e3e29ece8e1,cantal,Mairie - Giou-de-Mamou,collectivite_administration,mairie collectivite,1
https://lannuaire.service-public.gouv.fr/auvergne-rhone-alpes/cantal/33b82261-d887-4bbc-84ea-419c7727f25c,cantal,Mairie - Saint-Saury,collectivite_administration,mairie collectivite,1
https://lannuaire.service-public.gouv.fr/auvergne-rhone-alpes/cantal/33fc3efc-6fe7-4b67-ab72-612fd92c8f35,cantal,Mairie - Brageac,collectivite_administration,mairie collectivite,1
https://lannuaire.service-public.gouv.fr/auvergne-rhone-alpes/cantal/36cb4285-18ee-45f8-b781-2bfe3b352986,cantal,Mairie - Aurillac,collectivite_administration,mairie collectivite,1
https://lannuaire.service-public.gouv.fr/auvergne-rhone-alpes/cantal/377ebd4e-5800-4e66-b402-a3b83c447d56,cantal,Mairie - Chazelles,collectivite_administration,mairie collectivite,1
https://lannuaire.service-public.gouv.fr/auvergne-rhone-alpes/cantal/38435c6c-071e-4658-b090-117efb3e066c,cantal,Mairie - La Chapelle-d'Alagnon,collectivite_administration,mairie collectivite,1
https://lannuaire.service-public.gouv.fr/auvergne-rhone-alpes/cantal/39985fe8-2034-4d67-8ae3-d410309815ef,cantal,Mairie - Talizat,collectivite_administration,mairie collectivite,1
https://lannuaire.service-public.gouv.fr/auvergne-rhone-alpes/cantal/3adcb7d9-e623-41c8-9056-cc4da7a89f6d,cantal,France services - Neussargues-Moissac - Gare,collectivite_administration,administration collectivite service public,1
https://lannuaire.service-public.gouv.fr/auvergne-rhone-alpes/cantal/3b661b78-e3fc-4c68-9d1b-6a45dcf13c45,cantal,Délégation départementale aux droits des femmes et à l'égalité (DDDFE) - Cantal,collectivite_administration,administration collectivite service public,1
https://lannuaire.service-public.gouv.fr/auvergne-rhone-alpes/cantal/3b723422-53a9-4868-8af8-a920d731b9f3,cantal,Mairie - Arnac,collectivite_administration,mairie collectivite,1
https://lannuaire.service-public.gouv.fr/auvergne-rhone-alpes/cantal/3b941474-5efc-4cac-ade9-c837d5b66afb,cantal,Mairie - Chalinargues,collectivite_administration,mairie collectivite,1
https://lannuaire.service-public.gouv.fr/auvergne-rhone-alpes/cantal/3bcc4d82-8d3c-44be-abf1-a7ac48b5c022,cantal,Ordre des avocats - Barreau d'Aurillac,collectivite_administration,administration collectivite service public,1
https://lannuaire.service-public.gouv.fr/auvergne-rhone-alpes/cantal/3c8a4a9f-74a4-499d-ae4e-2c98f2705777,cantal,Mairie - Jussac,collectivite_administration,mairie collectivite,1
https://lannuaire.service-public.gouv.fr/auvergne-rhone-alpes/cantal/3d0b7984-e7c1-463a-a01a-09d9b92b6f42,cantal,Mairie - Junhac,collectivite_administration,mairie collectivite,1
https://lannuaire.service-public.gouv.fr/auvergne-rhone-alpes/cantal/3dc68236-5601-46d2-ba1e-f4e04cc728a2,cantal,France services - Condat,collectivite_administration,administration collectivite service public,1
https://lannuaire.service-public.gouv.fr/auvergne-rhone-alpes/cantal/3f6f1911-f493-4559-9376-8679889a60c9,cantal,Mairie - Girgols,collectivite_administration,mairie collectivite,1
https://lannuaire.service-public.gouv.fr/auvergne-rhone-alpes/cantal/3f7e1a94-cf18-4ad2-a65d-e2ac2f262223,cantal,Mairie - Labrousse,collectivite_administration,mairie collectivite,1
https://lannuaire.service-public.gouv.fr/auvergne-rhone-alpes/cantal/3f8e409e-7d40-44d9-9236-b7e05369e865,cantal,Mairie - Méallet,collectivite_administration,mairie collectivite,1
https://lannuaire.service-public.gouv.fr/auvergne-rhone-alpes/cantal/3fbdbe1b-b0b1-4888-ab5d-2baae4a9ffff,cantal,Point information jeunesse - Murat,jeunesse_loisirs,PIJ information jeunesse,1
https://lannuaire.service-public.gouv.fr/auvergne-rhone-alpes/cantal/400283ac-9000-4bb4-94ba-1d97f96e8b3f,cantal,Point d'accueil numérique - Aurillac (Préfecture),collectivite_administration,administration collectivite service public,1
https://lannuaire.service-public.gouv.fr/auvergne-rhone-alpes/cantal/40c78fd3-be6b-44d6-9d1c-87e13347c6b7,cantal,Mairie - Sainte-Marie,collectivite_administration,mairie collectivite,1
https://lannuaire.service-public.gouv.fr/auvergne-rhone-alpes/cantal/4251e9a7-a831-4bfb-8a60-e08ab14dfbc0,cantal,Secrétariat général commun départemental - Cantal,collectivite_administration,administration collectivite service public,1
https://lannuaire.service-public.gouv.fr/auvergne-rhone-alpes/cantal/425c0a86-b34b-4fab-aa16-0b21a94b73ec,cantal,France services - Massiac,collectivite_administration,administration collectivite service public,1
https://lannuaire.service-public.gouv.fr/auvergne-rhone-alpes/cantal/42c4e8fb-9313-40dd-ae58-1e97a72cf45b,cantal,Mairie - Le Monteil,collectivite_administration,mairie collectivite,1
https://lannuaire.service-public.gouv.fr/auvergne-rhone-alpes/cantal/42e8e29e-cb13-4ed7-b5a8-021483f3721b,cantal,Point d'accueil numérique - Saint-Flour (Sous-préfecture),collectivite_administration,administration collectivite service public,1
https://lannuaire.service-public.gouv.fr/auvergne-rhone-alpes/cantal/43878479-3dae-4f07-9b84-48149355e97c,cantal,Centre national de la fonction publique territoriale (CNFPT) - Antenne départementale - Cantal,collectivite_administration,administration collectivite service public,1
https://lannuaire.service-public.gouv.fr/auvergne-rhone-alpes/cantal/43b300c1-e3b6-46bf-b850-65adb7cf63ee,cantal,Mairie - Saint-Cirgues-de-Jordanne,collectivite_administration,mairie collectivite,1
https://lannuaire.service-public.gouv.fr/auvergne-rhone-alpes/cantal/44eb5af9-7bd3-4223-a07b-c096f401ab20,cantal,Mairie - Bonnac,collectivite_administration,mairie collectivite,1
https://lannuaire.service-public.gouv.fr/auvergne-rhone-alpes/cantal/459dac00-fa84-4544-afcd-90757fce8204,cantal,Mairie - Auriac-l'Église,collectivite_administration,mairie collectivite,1
https://lannuaire.service-public.gouv.fr/auvergne-rhone-alpes/cantal/4636bb0e-bd22-47a1-985f-9cff94481088,cantal,Mairie - Val-d'Arcomie,collectivite_administration,mairie collectivite,1
https://lannuaire.service-public.gouv.fr/auvergne-rhone-alpes/cantal/4670a165-c0c1-4b8b-8d0e-70af17dc0070,cantal,Mairie - Neussargues-Moissac,collectivite_administration,mairie collectivite,1
https://lannuaire.service-public.gouv.fr/auvergne-rhone-alpes/cantal/46b7ea3a-9a00-4a39-8c7c-e3f0c1d1cb66,cantal,Commissariat de police d'Aurillac,collectivite_administration,administration collectivite service public,1
https://lannuaire.service-public.gouv.fr/auvergne-rhone-alpes/cantal/471c08c5-fa6e-4e8c-bca3-f1d0f5297603,cantal,Mairie - Vic-sur-Cère,collectivite_administration,mairie collectivite,1
https://lannuaire.service-public.gouv.fr/auvergne-rhone-alpes/cantal/473788f3-5fb1-4ffe-a12f-f9853d5af6ec,cantal,Mission locale pour l'insertion professionnelle et sociale des jeunes (16-25 ans) - Aurillac,jeunesse_loisirs,mission locale jeunesse insertion,1
https://lannuaire.service-public.gouv.fr/auvergne-rhone-alpes/cantal/473c4e80-785e-40c0-aebd-625e23283c64,cantal,Mairie - Saint-Antoine,collectivite_administration,mairie collectivite,1
https://lannuaire.service-public.gouv.fr/auvergne-rhone-alpes/cantal/48f51be5-7bc6-43dc-8d93-ad95ec9aee59,cantal,Mairie - Pailherols,collectivite_administration,mairie collectivite,1
https://lannuaire.service-public.gouv.fr/auvergne-rhone-alpes/cantal/497f3d37-015d-4fd7-a4b3-04d0881c77b0,cantal,Mairie - Saint-Constant-Fournoulès,collectivite_administration,mairie collectivite,1
https://lannuaire.service-public.gouv.fr/auvergne-rhone-alpes/cantal/49c1c965-d391-4cd8-b409-a110fbf1482a,cantal,Mairie - Vieillespesse,collectivite_administration,mairie collectivite,1
https://lannuaire.service-public.gouv.fr/auvergne-rhone-alpes/cantal/49fe998a-c868-4e66-8ff0-082bb5eaadef,cantal,Mairie - Lavigerie,collectivite_administration,mairie collectivite,1
https://lannuaire.service-public.gouv.fr/auvergne-rhone-alpes/cantal/4a30fa54-9bf5-46ac-86d0-b2f377e73990,cantal,Point d'information local dédié aux personnes âgées - Riom-ès-Montagnes,collectivite_administration,administration collectivite service public,1
https://lannuaire.service-public.gouv.fr/auvergne-rhone-alpes/cantal/4adc74cd-d9d4-4766-abd3-1278c705aed3,cantal,Mairie - Saint-Projet-de-Salers,collectivite_administration,mairie collectivite,1
https://lannuaire.service-public.gouv.fr/auvergne-rhone-alpes/cantal/4b15dd65-2ec4-4f19-9780-5a318eabaf9d,cantal,Communauté de communes - Cère et Goul en Carladès,collectivite_administration,administration collectivite service public,1
https://lannuaire.service-public.gouv.fr/auvergne-rhone-alpes/cantal/4b3c3c57-5c4d-4884-a0bb-de26ade47aa8,cantal,Mairie - Saint-Bonnet-de-Condat,collectivite_administration,mairie collectivite,1
https://lannuaire.service-public.gouv.fr/auvergne-rhone-alpes/cantal/4b7ac004-660c-4293-a4da-dbf2c088dcc1,cantal,Mairie - Condat,collectivite_administration,mairie collectivite,1
https://lannuaire.service-public.gouv.fr/auvergne-rhone-alpes/cantal/4bad4a56-1bfd-4edb-b7dc-93b8fc148f28,cantal,Mairie - Saint-Paul-de-Salers,collectivite_administration,mairie collectivite,1
https://lannuaire.service-public.gouv.fr/auvergne-rhone-alpes/cantal/4be3085b-6744-4dfb-adc1-e9f7279c07b2,cantal,Mairie - Sénezergues,collectivite_administration,mairie collectivite,1
https://lannuaire.service-public.gouv.fr/auvergne-rhone-alpes/cantal/4c8106f0-7ac8-4863-b868-e3e1066c7006,cantal,Mairie - Allanche,collectivite_administration,mairie collectivite,1
https://lannuaire.service-public.gouv.fr/auvergne-rhone-alpes/cantal/4d1fd1bb-51a4-458a-a1df-377f94acc3d2,cantal,Mairie - La Monselie,collectivite_administration,mairie collectivite,1
https://lannuaire.service-public.gouv.fr/auvergne-rhone-alpes/cantal/4dd6ccc8-08f2-4f09-acd2-22b64263d260,cantal,Mairie - Ségur-les-Villas,collectivite_administration,mairie collectivite,1
https://lannuaire.service-public.gouv.fr/auvergne-rhone-alpes/cantal/4dd8c80f-42c0-4651-9f61-43a887e21426,cantal,France services - Ydes,collectivite_administration,administration collectivite service public,1
https://lannuaire.service-public.gouv.fr/auvergne-rhone-alpes/cantal/4e453510-5cf3-4480-af64-ac01788eeb1e,cantal,Mairie - Collandres,collectivite_administration,mairie collectivite,1
https://lannuaire.service-public.gouv.fr/auvergne-rhone-alpes/cantal/4e4b7150-3cf3-426c-8e37-d6014c1d5a8d,cantal,Mission d'accueil et d'information des associations (MAIA) - Cantal,collectivite_administration,administration collectivite service public,1
https://lannuaire.service-public.gouv.fr/auvergne-rhone-alpes/cantal/4ebab5b7-9a84-4d46-bc5c-89a6f0348ec5,cantal,Mairie - Raulhac,collectivite_administration,mairie collectivite,1
https://lannuaire.service-public.gouv.fr/auvergne-rhone-alpes/cantal/4f0701b7-0b20-4bf7-9280-86924d61f345,cantal,France services - Riom-ès-Montagne,collectivite_administration,administration collectivite service public,1
https://lannuaire.service-public.gouv.fr/auvergne-rhone-alpes/cantal/52154d13-79d3-435f-a3f4-32d3c8b39ead,cantal,Mairie - Saint-Flour,collectivite_administration,mairie collectivite,1
https://lannuaire.service-public.gouv.fr/auvergne-rhone-alpes/cantal/52246323-1cd5-4c10-92ab-98db00888577,cantal,Mairie - Saint-Étienne-de-Chomeil,collectivite_administration,mairie collectivite,1
https://lannuaire.service-public.gouv.fr/auvergne-rhone-alpes/cantal/528259f1-47a9-43fc-a462-ca2d6b0b48c6,cantal,Mairie - Pierrefort,collectivite_administration,mairie collectivite,1
https://lannuaire.service-public.gouv.fr/auvergne-rhone-alpes/cantal/5337176f-932f-415f-848a-9430a8fbafb7,cantal,Mairie - Siran,collectivite_administration,mairie collectivite,1
https://lannuaire.service-public.gouv.fr/auvergne-rhone-alpes/cantal/546b5c5e-c57c-40d8-ac8d-b4be16bbebfd,cantal,Mairie - Saint-Étienne-de-Maurs,collectivite_administration,mairie collectivite,1
https://lannuaire.service-public.gouv.fr/auvergne-rhone-alpes/cantal/54bce81f-4bd9-4bfd-9190-dcc0e7d973cb,cantal,Mairie - Leyvaux,collectivite_administration,mairie collectivite,1
https://lannuaire.service-public.gouv.fr/auvergne-rhone-alpes/cantal/54e352a3-71d2-40f8-8001-ed3bd723b35d,cantal,Communauté de communes - Châtaigneraie Cantalienne,collectivite_administration,administration collectivite service public,1
https://lannuaire.service-public.gouv.fr/auvergne-rhone-alpes/cantal/55c57d7d-7d6b-4cea-b9c8-c16d1313b376,cantal,Mairie - Tournemire,collectivite_administration,mairie collectivite,1
https://lannuaire.service-public.gouv.fr/auvergne-rhone-alpes/cantal/565bc40d-7cee-4398-a941-02e089b7ad27,cantal,Mairie - Roffiac,collectivite_administration,mairie collectivite,1
https://lannuaire.service-public.gouv.fr/auvergne-rhone-alpes/cantal/570cea09-2e4f-4209-8467-893886d53155,cantal,Fédération départementale pour la pêche et la protection du milieu aquatique - Cantal,collectivite_administration,administration collectivite service public,1
https://lannuaire.service-public.gouv.fr/auvergne-rhone-alpes/cantal/571b4f9a-52c0-4c33-9ced-fef8163772f1,cantal,France services - Murat,collectivite_administration,administration collectivite service public,1
https://lannuaire.service-public.gouv.fr/auvergne-rhone-alpes/cantal/575ac364-d87c-4a8e-a8f1-ad41589eab70,cantal,France services - Ruynes-en-Margeride,collectivite_administration,administration collectivite service public,1
https://lannuaire.service-public.gouv.fr/auvergne-rhone-alpes/cantal/576ac12f-bb16-4970-a45a-437c7c2f181d,cantal,Mairie - Joursac,collectivite_administration,mairie collectivite,1
https://lannuaire.service-public.gouv.fr/auvergne-rhone-alpes/cantal/5aa23fad-a955-4d41-aa66-16183de97994,cantal,Mairie - Andelat,collectivite_administration,mairie collectivite,1
https://lannuaire.service-public.gouv.fr/auvergne-rhone-alpes/cantal/5b452f18-b065-497a-9c50-aa1923d7ff66,cantal,Mairie - Auzers,collectivite_administration,mairie collectivite,1
https://lannuaire.service-public.gouv.fr/auvergne-rhone-alpes/cantal/5d777674-1531-4098-bc43-6b3287ec9cd6,cantal,Mairie - Sansac-Veinazès,collectivite_administration,mairie collectivite,1
https://lannuaire.service-public.gouv.fr/auvergne-rhone-alpes/cantal/5de486ba-9cf2-46da-ba46-51b876e33756,cantal,France services - Vic-sur-Cère,collectivite_administration,administration collectivite service public,1
https://lannuaire.service-public.gouv.fr/auvergne-rhone-alpes/cantal/5de4de45-679a-4e02-9915-2e586afea7d0,cantal,Mairie - Carlat,collectivite_administration,mairie collectivite,1
https://lannuaire.service-public.gouv.fr/auvergne-rhone-alpes/cantal/638f4d7d-ed9b-4204-beb8-cbd611423e92,cantal,Mairie - Clavières,collectivite_administration,mairie collectivite,1
https://lannuaire.service-public.gouv.fr/auvergne-rhone-alpes/cantal/639c1502-8ef8-47ff-a1b9-1a0fb5cb5b51,cantal,Mairie - Védrines-Saint-Loup,collectivite_administration,mairie collectivite,1
https://lannuaire.service-public.gouv.fr/auvergne-rhone-alpes/cantal/642168ad-3a20-4ecb-9b6f-ce2bba7d00dd,cantal,Mairie - Jaleyrac,collectivite_administration,mairie collectivite,1
https://lannuaire.service-public.gouv.fr/auvergne-rhone-alpes/cantal/643dec2a-e86c-4dc9-8ed1-33717149613d,cantal,Mairie - Reilhac,collectivite_administration,mairie collectivite,1
https://lannuaire.service-public.gouv.fr/auvergne-rhone-alpes/cantal/644a9521-080b-4e8f-959e-480c0a9d6508,cantal,Mairie - Salers,collectivite_administration,mairie collectivite,1
https://lannuaire.service-public.gouv.fr/auvergne-rhone-alpes/cantal/6528e1d0-c543-4241-8241-c36044ae79ce,cantal,Mairie - Le Fau,collectivite_administration,mairie collectivite,1
https://lannuaire.service-public.gouv.fr/auvergne-rhone-alpes/cantal/653932d4-1e67-46e9-b938-7b6ba69eba4a,cantal,Centre communal d'action sociale (CCAS) - Saint-Flour,collectivite_administration,administration collectivite service public,1
https://lannuaire.service-public.gouv.fr/auvergne-rhone-alpes/cantal/6548a0fe-29d4-4092-b24c-ceaa0c6738fa,cantal,Mairie - Champagnac,collectivite_administration,mairie collectivite,1
https://lannuaire.service-public.gouv.fr/auvergne-rhone-alpes/cantal/66f3d036-9c7a-48d3-ab3d-6299198331a8,cantal,Mairie - Saint-Martial,collectivite_administration,mairie collectivite,1
https://lannuaire.service-public.gouv.fr/auvergne-rhone-alpes/cantal/66f6683f-28f4-4356-8b6b-5f3d72214ae9,cantal,Mairie - Ydes,collectivite_administration,mairie collectivite,1
https://lannuaire.service-public.gouv.fr/auvergne-rhone-alpes/cantal/694d9a4c-f041-42f1-9614-cc2008464a31,cantal,Mairie - Saint-Martin-sous-Vigouroux,collectivite_administration,mairie collectivite,1
https://lannuaire.service-public.gouv.fr/auvergne-rhone-alpes/cantal/6a316066-5a36-45dc-a1d3-04e92ce1776c,cantal,Mairie - Lacapelle-Viescamp,collectivite_administration,mairie collectivite,1
https://lannuaire.service-public.gouv.fr/auvergne-rhone-alpes/cantal/6b449dd1-a12a-4082-af68-6a88bc15682c,cantal,Mairie - Sainte-Anastasie,collectivite_administration,mairie collectivite,1
https://lannuaire.service-public.gouv.fr/auvergne-rhone-alpes/cantal/6b716120-cc40-47ee-8ec6-afd81a5f7b66,cantal,Mairie - Montmurat,collectivite_administration,mairie collectivite,1
https://lannuaire.service-public.gouv.fr/auvergne-rhone-alpes/cantal/6beaafb4-4189-42e1-a615-5ad5ba4f310c,cantal,Mairie - Valuéjols,collectivite_administration,mairie collectivite,1
https://lannuaire.service-public.gouv.fr/auvergne-rhone-alpes/cantal/6c2164e1-255a-45ba-922e-32087afe0673,cantal,Centre communal d'action sociale (CCAS) - Neussargues en Pinatelle,collectivite_administration,administration collectivite service public,1
https://lannuaire.service-public.gouv.fr/auvergne-rhone-alpes/cantal/6ce10727-db22-434b-b845-75b96cacce0d,cantal,Société d'aménagement foncier et d'établissement rural (Safer) - Cantal,collectivite_administration,administration collectivite service public,1
https://lannuaire.service-public.gouv.fr/auvergne-rhone-alpes/cantal/6d731114-0ef2-444d-aa29-3f9ec8a888ad,cantal,Chambre de métiers et de l'artisanat (CMA) - Cantal,collectivite_administration,administration collectivite service public,1
https://lannuaire.service-public.gouv.fr/auvergne-rhone-alpes/cantal/6f32f0a2-3791-4914-914a-69109c8a3c22,cantal,Mairie - Paulhac,collectivite_administration,mairie collectivite,1
https://lannuaire.service-public.gouv.fr/auvergne-rhone-alpes/cantal/6fa0b22f-a857-467c-ac83-a429fd0fd579,cantal,Mairie - Saint-Jacques-des-Blats,collectivite_administration,mairie collectivite,1
https://lannuaire.service-public.gouv.fr/auvergne-rhone-alpes/cantal/6fa0f312-7df9-427c-8fa7-7bdd22c319a8,cantal,Mairie - Murat,collectivite_administration,mairie collectivite,1
https://lannuaire.service-public.gouv.fr/auvergne-rhone-alpes/cantal/6fd9bb4e-4ad5-4ec1-ab99-f8dfa54407e9,cantal,Mairie - Escorailles,collectivite_administration,mairie collectivite,1
https://lannuaire.service-public.gouv.fr/auvergne-rhone-alpes/cantal/70377729-3c3a-4150-a8b2-3742e468e734,cantal,France services - Montsalvy,collectivite_administration,administration collectivite service public,1
https://lannuaire.service-public.gouv.fr/auvergne-rhone-alpes/cantal/7128ab5b-3e1d-4da0-afa5-debf2dbd28ca,cantal,Mairie - Deux-Verges,collectivite_administration,mairie collectivite,1
https://lannuaire.service-public.gouv.fr/auvergne-rhone-alpes/cantal/727668de-4ca1-4b94-acfd-6b3a2a44f8a6,cantal,France services - Champs-sur-Tarentaine,collectivite_administration,administration collectivite service public,1
https://lannuaire.service-public.gouv.fr/auvergne-rhone-alpes/cantal/73415221-6c2e-4abe-a24e-1bd8d24e1aba,cantal,Mairie - Antignac,collectivite_administration,mairie collectivite,1
https://lannuaire.service-public.gouv.fr/auvergne-rhone-alpes/cantal/73bbc6b6-a13c-4ce9-b019-fc77cbf21c93,cantal,Mairie - Chaudes-Aigues,collectivite_administration,mairie collectivite,1
https://lannuaire.service-public.gouv.fr/auvergne-rhone-alpes/cantal/74da15e9-c42d-4145-9f67-02f7623b0b80,cantal,Mairie - Montboudif,collectivite_administration,mairie collectivite,1
https://lannuaire.service-public.gouv.fr/auvergne-rhone-alpes/cantal/76df6647-10fa-4ae2-ab98-77865f5b9064,cantal,Mairie - Lascelle,collectivite_administration,mairie collectivite,1
https://lannuaire.service-public.gouv.fr/auvergne-rhone-alpes/cantal/76dfbfb0-d955-498a-a9f6-abc9ca44e087,cantal,Mairie - Saint-Chamant,collectivite_administration,mairie collectivite,1
https://lannuaire.service-public.gouv.fr/auvergne-rhone-alpes/cantal/76ecd6c5-375d-4639-a41a-3dd2885a214e,cantal,Mairie - Valjouze,collectivite_administration,mairie collectivite,1
https://lannuaire.service-public.gouv.fr/auvergne-rhone-alpes/cantal/78a9969b-d5c7-49cf-82ad-9cc6573fb498,cantal,Point d'accueil numérique - Mauriac (sous-préfecture),collectivite_administration,administration collectivite service public,1
https://lannuaire.service-public.gouv.fr/auvergne-rhone-alpes/cantal/792c23c5-b822-4683-85a9-81f5991dbd5d,cantal,Mairie déléguée - Mourjou,collectivite_administration,mairie collectivite,1
https://lannuaire.service-public.gouv.fr/auvergne-rhone-alpes/cantal/7a962ea4-788d-48fe-a316-058c684b5c34,cantal,Mairie - Lafeuillade-en-Vézie,collectivite_administration,mairie collectivite,1
https://lannuaire.service-public.gouv.fr/auvergne-rhone-alpes/cantal/7c1f734d-d6da-4502-b0df-53a9ca4a6fd4,cantal,Communauté de communes - Pays Gentiane,collectivite_administration,administration collectivite service public,1
https://lannuaire.service-public.gouv.fr/auvergne-rhone-alpes/cantal/7c91b58b-4ff6-487c-99ee-a91e6895a003,cantal,Mairie - Laveissenet,collectivite_administration,mairie collectivite,1
https://lannuaire.service-public.gouv.fr/auvergne-rhone-alpes/cantal/7c9da82d-4d7f-4d70-9409-3a763c203aac,cantal,Mairie - Roannes-Saint-Mary,collectivite_administration,mairie collectivite,1
https://lannuaire.service-public.gouv.fr/auvergne-rhone-alpes/cantal/7dac9172-539d-46cc-bce7-a0b01ecabe25,cantal,Mairie - Chaliers,collectivite_administration,mairie collectivite,1
https://lannuaire.service-public.gouv.fr/auvergne-rhone-alpes/cantal/7dcbe42f-dc23-47bc-a3fd-e50f2d0385e5,cantal,Mairie - Trémouille,collectivite_administration,mairie collectivite,1
https://lannuaire.service-public.gouv.fr/auvergne-rhone-alpes/cantal/7df622ff-67a7-4c18-aacf-26adfe3cd294,cantal,Mairie - Le Vaulmier,collectivite_administration,mairie collectivite,1
https://lannuaire.service-public.gouv.fr/auvergne-rhone-alpes/cantal/7e2e8a80-98e5-493e-a081-a96f3a0fdf80,cantal,Mairie - Maurines,collectivite_administration,mairie collectivite,1
https://lannuaire.service-public.gouv.fr/auvergne-rhone-alpes/cantal/7e580f40-781c-4129-8ac1-1c8be1b7c531,cantal,Mairie - Chalvignac,collectivite_administration,mairie collectivite,1
https://lannuaire.service-public.gouv.fr/auvergne-rhone-alpes/cantal/7e5ba244-5a41-4225-a32b-63f658fedf3b,cantal,Atelier Canopé 15 - Aurillac,collectivite_administration,administration collectivite service public,1
https://lannuaire.service-public.gouv.fr/auvergne-rhone-alpes/cantal/7f10d183-a0e3-42cc-b56c-601b966e989c,cantal,Mairie - Roumégoux,collectivite_administration,mairie collectivite,1
https://lannuaire.service-public.gouv.fr/auvergne-rhone-alpes/cantal/7f45fbc9-57e2-4821-89e3-8853050bb558,cantal,Mairie - Saint-Étienne-de-Carlat,collectivite_administration,mairie collectivite,1
https://lannuaire.service-public.gouv.fr/auvergne-rhone-alpes/cantal/7fbf91f6-f5e0-4484-b1e6-c9d3cd763fe2,cantal,Mairie - Bassignac,collectivite_administration,mairie collectivite,1
https://lannuaire.service-public.gouv.fr/auvergne-rhone-alpes/cantal/82fe74f7-882f-4425-9149-644207d4f9d1,cantal,Mairie - Arches,collectivite_administration,mairie collectivite,1
https://lannuaire.service-public.gouv.fr/auvergne-rhone-alpes/cantal/833913bc-8a46-470b-91e7-a8113662aef3,cantal,Mairie - Saint-Cirgues-de-Malbert,collectivite_administration,mairie collectivite,1
https://lannuaire.service-public.gouv.fr/auvergne-rhone-alpes/cantal/835a3699-2d7c-4cc0-b817-9f51a79ea69b,cantal,Mairie - Pleaux,collectivite_administration,mairie collectivite,1
https://lannuaire.service-public.gouv.fr/auvergne-rhone-alpes/cantal/8476696d-ec5f-484c-a200-ed82bf688b58,cantal,Archives départementales - Cantal,collectivite_administration,administration collectivite service public,1
https://lannuaire.service-public.gouv.fr/auvergne-rhone-alpes/cantal/84b8dcfa-47ee-4471-86fe-7995a8d9bc7f,cantal,Tribunal judiciaire d'Aurillac,collectivite_administration,administration collectivite service public,1
https://lannuaire.service-public.gouv.fr/auvergne-rhone-alpes/cantal/8536539c-09ac-465f-9185-2a7e7d057c99,cantal,Mairie - Ladinhac,collectivite_administration,mairie collectivite,1
https://lannuaire.service-public.gouv.fr/auvergne-rhone-alpes/cantal/85d40d76-e3bf-4825-a5e4-9263015e532e,cantal,Mairie - Fontanges,collectivite_administration,mairie collectivite,1
https://lannuaire.service-public.gouv.fr/auvergne-rhone-alpes/cantal/8619fbc7-1ea7-4a70-8c9b-a99fffb361ed,cantal,Commission départementale de conciliation - Cantal,collectivite_administration,administration collectivite service public,1
https://lannuaire.service-public.gouv.fr/auvergne-rhone-alpes/cantal/86c19fcf-a10a-4a9e-8032-abb662d6f9ad,cantal,Centre communal d'action sociale (CCAS) - Polminhac,collectivite_administration,administration collectivite service public,1
https://lannuaire.service-public.gouv.fr/auvergne-rhone-alpes/cantal/89281954-e4fc-47e6-8cbc-468f0ecf15ed,cantal,France services - Maurs,collectivite_administration,administration collectivite service public,1
https://lannuaire.service-public.gouv.fr/auvergne-rhone-alpes/cantal/894116b6-9744-4188-bdca-0599f5e29f4a,cantal,Mairie - Soulages,collectivite_administration,mairie collectivite,1
https://lannuaire.service-public.gouv.fr/auvergne-rhone-alpes/cantal/89824a44-313a-4d86-aa45-fe01135599a6,cantal,Délégué départemental à la vie associative (DDVA) - Cantal,collectivite_administration,administration collectivite service public,1
https://lannuaire.service-public.gouv.fr/auvergne-rhone-alpes/cantal/8c30fff9-dfc0-45b5-9caa-e61b3bfd3f05,cantal,Mairie - Les Ternes,collectivite_administration,mairie collectivite,1
https://lannuaire.service-public.gouv.fr/auvergne-rhone-alpes/cantal/8ce769c2-1458-449b-b652-21e231dab72e,cantal,Mairie - Rézentières,collectivite_administration,mairie collectivite,1
https://lannuaire.service-public.gouv.fr/auvergne-rhone-alpes/cantal/8d3becab-1d3e-4b31-b6c8-ea03b6ad1488,cantal,Mairie - Saint-Vincent-de-Salers,collectivite_administration,mairie collectivite,1
https://lannuaire.service-public.gouv.fr/auvergne-rhone-alpes/cantal/8dbcea9e-9f24-48aa-bb0e-0b0ef49940ee,cantal,Mairie - Crandelles,collectivite_administration,mairie collectivite,1
https://lannuaire.service-public.gouv.fr/auvergne-rhone-alpes/cantal/8f1fc1f0-9792-4657-b756-03d5aab534a1,cantal,Mairie - Apchon,collectivite_administration,mairie collectivite,1
https://lannuaire.service-public.gouv.fr/auvergne-rhone-alpes/cantal/90c79f3e-adcc-45e9-bc28-61a4884f1b6f,cantal,Mairie - Paulhenc,collectivite_administration,mairie collectivite,1
https://lannuaire.service-public.gouv.fr/auvergne-rhone-alpes/cantal/914d3bd3-2867-4199-a960-f324d0c291fb,cantal,Mairie - Malbo,collectivite_administration,mairie collectivite,1
https://lannuaire.service-public.gouv.fr/auvergne-rhone-alpes/cantal/9556e7fb-c58c-4020-a0dd-11c15820c583,cantal,Mairie - Massiac,collectivite_administration,mairie collectivite,1
https://lannuaire.service-public.gouv.fr/auvergne-rhone-alpes/cantal/955910fe-34be-4a52-a55e-f1e6c4318deb,cantal,Mairie - Le Rouget-Pers,collectivite_administration,mairie collectivite,1
https://lannuaire.service-public.gouv.fr/auvergne-rhone-alpes/cantal/957dbf88-f7d0-439b-b90f-9eddc807b819,cantal,Service de la publicité foncière et de l'enregistrement (SPFE) - Aurillac,collectivite_administration,administration collectivite service public,1
https://lannuaire.service-public.gouv.fr/auvergne-rhone-alpes/cantal/958767ad-6a4a-4cb3-9c83-df08035bb9be,cantal,Communauté de communes - Pays de Mauriac,collectivite_administration,administration collectivite service public,1
https://lannuaire.service-public.gouv.fr/auvergne-rhone-alpes/cantal/96986ead-067a-4437-8044-ea41ca43042e,cantal,Point info famille - Aurillac,collectivite_administration,administration collectivite service public,1
https://lannuaire.service-public.gouv.fr/auvergne-rhone-alpes/cantal/9a15a401-69fb-4bb2-b1da-22cda5059e43,cantal,Mairie - Saint-Hippolyte,collectivite_administration,mairie collectivite,1
https://lannuaire.service-public.gouv.fr/auvergne-rhone-alpes/cantal/9a4b44c1-adfb-49b9-90c5-8fac018cb696,cantal,Conseil départemental de l'ordre des médecins - Cantal,collectivite_administration,administration collectivite service public,1
https://lannuaire.service-public.gouv.fr/auvergne-rhone-alpes/cantal/9a637460-662d-4c5e-ac1b-c55ec489797e,cantal,Mairie annexe de Montchamp,collectivite_administration,mairie collectivite,1
https://lannuaire.service-public.gouv.fr/auvergne-rhone-alpes/cantal/9b14779f-8225-4c05-9e58-18fec254aa1a,cantal,Mairie - Cheylade,collectivite_administration,mairie collectivite,1
https://lannuaire.service-public.gouv.fr/auvergne-rhone-alpes/cantal/9c5ebc10-04b4-449e-b3a5-66ad3ebcdc5f,cantal,Mairie - Coren,collectivite_administration,mairie collectivite,1
https://lannuaire.service-public.gouv.fr/auvergne-rhone-alpes/cantal/9cadafa0-da72-4d07-8779-9e2741c9d2fd,cantal,Mairie - Anglards-de-Saint-Flour,collectivite_administration,mairie collectivite,1
https://lannuaire.service-public.gouv.fr/auvergne-rhone-alpes/cantal/9d4677df-6a70-40af-a5fb-bb197803d600,cantal,Mairie - Saint-Illide,collectivite_administration,mairie collectivite,1
https://lannuaire.service-public.gouv.fr/auvergne-rhone-alpes/cantal/9dc1a8c1-eceb-4153-8a67-b482daf90d8e,cantal,Mairie - Marmanhac,collectivite_administration,mairie collectivite,1
https://lannuaire.service-public.gouv.fr/auvergne-rhone-alpes/cantal/9dc7c25b-b782-4c1a-b6c2-70b75ac5b301,cantal,Service de gestion comptable (SGC) - Aurillac,collectivite_administration,administration collectivite service public,1
https://lannuaire.service-public.gouv.fr/auvergne-rhone-alpes/cantal/9e1a1703-b806-433d-abeb-1e9e4942c653,cantal,Mairie - Vernols,collectivite_administration,mairie collectivite,1
https://lannuaire.service-public.gouv.fr/auvergne-rhone-alpes/cantal/9e837600-9d75-41d3-9f52-4fb51ef3a300,cantal,Mairie - Naucelles,collectivite_administration,mairie collectivite,1
https://lannuaire.service-public.gouv.fr/auvergne-rhone-alpes/cantal/a0ce3f8b-3205-44a9-9878-e31288e389aa,cantal,Mairie - Saint-Mamet-la-Salvetat,collectivite_administration,mairie collectivite,1
https://lannuaire.service-public.gouv.fr/auvergne-rhone-alpes/cantal/a26ef4c2-2381-4d3d-b03e-37d6fd7f6b4e,cantal,Mairie - Lugarde,collectivite_administration,mairie collectivite,1
https://lannuaire.service-public.gouv.fr/auvergne-rhone-alpes/cantal/a3939a90-590d-468b-9bcb-72c6f9793c06,cantal,Fédération départementale des chasseurs - Cantal,collectivite_administration,administration collectivite service public,1
https://lannuaire.service-public.gouv.fr/auvergne-rhone-alpes/cantal/a48bcf69-7f65-4e11-8df6-cae3463eaaf0,cantal,Mairie - Sauvat,collectivite_administration,mairie collectivite,1
https://lannuaire.service-public.gouv.fr/auvergne-rhone-alpes/cantal/a5080817-ad94-44f4-8f48-02d1821094c5,cantal,Mairie - Ussel,collectivite_administration,mairie collectivite,1
https://lannuaire.service-public.gouv.fr/auvergne-rhone-alpes/cantal/a825ca7d-96d4-48af-8eb4-ca6beda29906,cantal,Point information jeunesse - Aurillac,jeunesse_loisirs,PIJ information jeunesse,1
https://lannuaire.service-public.gouv.fr/auvergne-rhone-alpes/cantal/a8791072-6662-4537-9820-68a655cd6f2b,cantal,Mairie - Trizac,collectivite_administration,mairie collectivite,1
https://lannuaire.service-public.gouv.fr/auvergne-rhone-alpes/cantal/a920e62a-140e-4b35-aafc-c9856cb136bb,cantal,Mairie - Badailhac,collectivite_administration,mairie collectivite,1
https://lannuaire.service-public.gouv.fr/auvergne-rhone-alpes/cantal/a955a805-ea39-4764-bcc5-2e85ff40c9bc,cantal,Bureau de l'éducation routière (BER) - Cantal,collectivite_administration,administration collectivite service public,1
https://lannuaire.service-public.gouv.fr/auvergne-rhone-alpes/cantal/a9bdf133-7d48-4fb0-aae2-b3670f34d586,cantal,Mairie - Montgreleix,collectivite_administration,mairie collectivite,1
https://lannuaire.service-public.gouv.fr/auvergne-rhone-alpes/cantal/aa0df93d-d1a2-4f21-be4c-b6528d7382c0,cantal,Mairie - Jabrun,collectivite_administration,mairie collectivite,1
https://lannuaire.service-public.gouv.fr/auvergne-rhone-alpes/cantal/aa45109a-3ad8-41ab-8bf7-65d3be123fb3,cantal,Mairie - Mauriac,collectivite_administration,mairie collectivite,1
https://lannuaire.service-public.gouv.fr/auvergne-rhone-alpes/cantal/ab1cde43-6074-4199-9f7a-9c311981dfaa,cantal,Mairie - Saint-Georges,collectivite_administration,mairie collectivite,1
https://lannuaire.service-public.gouv.fr/auvergne-rhone-alpes/cantal/ab991e53-847a-4a17-a90a-61b0faeabd59,cantal,Mairie - Glénat,collectivite_administration,mairie collectivite,1
https://lannuaire.service-public.gouv.fr/auvergne-rhone-alpes/cantal/ac7f8f1f-2790-4e4b-97bb-d83b1c098704,cantal,Mairie - Laroquebrou,collectivite_administration,mairie collectivite,1
https://lannuaire.service-public.gouv.fr/auvergne-rhone-alpes/cantal/ace28cff-6c47-4298-a7e0-21e57ce9a423,cantal,Mairie - Cussac,collectivite_administration,mairie collectivite,1
https://lannuaire.service-public.gouv.fr/auvergne-rhone-alpes/cantal/ad26ff7b-5f5e-4a18-a204-8942b5992db9,cantal,Mairie - Vitrac,collectivite_administration,mairie collectivite,1
https://lannuaire.service-public.gouv.fr/auvergne-rhone-alpes/cantal/adf97786-346e-4da8-8bab-4e7b002a618e,cantal,Direction des services départementaux de l'Éducation nationale (DSDEN) - Cantal,collectivite_administration,administration collectivite service public,1
https://lannuaire.service-public.gouv.fr/auvergne-rhone-alpes/cantal/ae68616f-2605-4922-b875-ee24acbf4241,cantal,Mairie - Leucamp,collectivite_administration,mairie collectivite,1
https://lannuaire.service-public.gouv.fr/auvergne-rhone-alpes/cantal/afda0fdf-18c3-4c12-83a4-d6075b6dbb70,cantal,Mairie - Espinasse,collectivite_administration,mairie collectivite,1
https://lannuaire.service-public.gouv.fr/auvergne-rhone-alpes/cantal/b078ffa1-c50e-40f1-ab7e-52883c8b2975,cantal,Mairie - Laveissière,collectivite_administration,mairie collectivite,1
https://lannuaire.service-public.gouv.fr/auvergne-rhone-alpes/cantal/b15554e7-cc67-4a18-a3a7-d000a392e3a1,cantal,Mairie - Saint-Martin-Valmeroux,collectivite_administration,mairie collectivite,1
https://lannuaire.service-public.gouv.fr/auvergne-rhone-alpes/cantal/b21a6c0f-a2c3-481a-b2f8-a285e3b338c2,cantal,Médiathèque départementale - Cantal,collectivite_administration,administration collectivite service public,1
https://lannuaire.service-public.gouv.fr/auvergne-rhone-alpes/cantal/b4adaa00-9b93-42a5-819d-ab9d1b4ed13b,cantal,Mairie - Thiézac,collectivite_administration,mairie collectivite,1
https://lannuaire.service-public.gouv.fr/auvergne-rhone-alpes/cantal/b4d3b7b4-e2d1-4d32-8938-cf2a726366d6,cantal,Chambre d'agriculture - Cantal,collectivite_administration,administration collectivite service public,1
https://lannuaire.service-public.gouv.fr/auvergne-rhone-alpes/cantal/b4de1f1b-7106-4182-b11d-b8cc4b7ce4e0,cantal,Mairie - Saint-Pierre,collectivite_administration,mairie collectivite,1
https://lannuaire.service-public.gouv.fr/auvergne-rhone-alpes/cantal/b617b709-4e88-4d73-9a90-e6bc0cb79f90,cantal,Mairie - Anglards-de-Salers,collectivite_administration,mairie collectivite,1
https://lannuaire.service-public.gouv.fr/auvergne-rhone-alpes/cantal/b61d9e0f-5950-4e5e-a5cc-31012913ce5a,cantal,Mairie - Rouffiac,collectivite_administration,mairie collectivite,1
https://lannuaire.service-public.gouv.fr/auvergne-rhone-alpes/cantal/b736ac8f-3e72-4647-ac2f-0834b5837a91,cantal,Mairie - Saint-Santin-de-Maurs,collectivite_administration,mairie collectivite,1
https://lannuaire.service-public.gouv.fr/auvergne-rhone-alpes/cantal/b7beb6a8-0169-4fbb-8689-0a5cd660eff6,cantal,Mairie - Saint-Gérons,collectivite_administration,mairie collectivite,1
https://lannuaire.service-public.gouv.fr/auvergne-rhone-alpes/cantal/b8633b8a-d943-4fa0-a4db-83df85d48f5e,cantal,France services - Neuvéglise-sur-Truyère,collectivite_administration,administration collectivite service public,1
https://lannuaire.service-public.gouv.fr/auvergne-rhone-alpes/cantal/b8ec91c8-2cf4-40ff-a188-924013e38a6f,cantal,Mairie - Le Trioulou,collectivite_administration,mairie collectivite,1
https://lannuaire.service-public.gouv.fr/auvergne-rhone-alpes/cantal/bbf25fb5-5ca0-447b-a6c9-9072bc4ad843,cantal,Mairie - Cézens,collectivite_administration,mairie collectivite,1
https://lannuaire.service-public.gouv.fr/auvergne-rhone-alpes/cantal/bce070be-f029-4f91-ab90-b037e15d6a89,cantal,"Direction régionale de l'environnement, de l'aménagement et du logement (Dréal) Auvergne-Rhône-Alpes - Unité interdépartementale Cantal, Allier et Puy-de-Dôme (Aurillac)",collectivite_administration,administration collectivite service public,1
https://lannuaire.service-public.gouv.fr/auvergne-rhone-alpes/cantal/bd857b0c-7164-4047-8a18-7084971c207a,cantal,Mairie - Moussages,collectivite_administration,mairie collectivite,1
https://lannuaire.service-public.gouv.fr/auvergne-rhone-alpes/cantal/bf86a8ec-c9d9-42cc-b11d-7f556d304536,cantal,Centre de protection maternelle et infantile (PMI) - Saint-Flour,collectivite_administration,administration collectivite service public,1
https://lannuaire.service-public.gouv.fr/auvergne-rhone-alpes/cantal/c040dd07-07f5-4bfe-bac7-bb0b885a4cd8,cantal,Mairie - Saint-Rémy-de-Chaudes-Aigues,collectivite_administration,mairie collectivite,1
https://lannuaire.service-public.gouv.fr/auvergne-rhone-alpes/cantal/c175748c-2fdb-4e0a-b7cb-a910bf5d2f30,cantal,Mairie - Teissières-de-Cornet,collectivite_administration,mairie collectivite,1
https://lannuaire.service-public.gouv.fr/auvergne-rhone-alpes/cantal/c1dae4c8-81ff-4c54-bbb0-38db5a13c6c0,cantal,Mairie - Landeyrat,collectivite_administration,mairie collectivite,1
https://lannuaire.service-public.gouv.fr/auvergne-rhone-alpes/cantal/c2538fcc-267d-4eec-9663-a46ec9629301,cantal,Mairie - Fridefont,collectivite_administration,mairie collectivite,1
https://lannuaire.service-public.gouv.fr/auvergne-rhone-alpes/cantal/c2f23d9a-ae0a-437d-9efb-cbcead2dded6,cantal,Mairie - Le Vigean,collectivite_administration,mairie collectivite,1
https://lannuaire.service-public.gouv.fr/auvergne-rhone-alpes/cantal/c3b1e8cc-d49a-4b97-a025-6dae7b58f71e,cantal,Mairie - Chaussenac,collectivite_administration,mairie collectivite,1
https://lannuaire.service-public.gouv.fr/auvergne-rhone-alpes/cantal/c54b194a-98d1-41c1-9554-356bf8b71b29,cantal,Point conseil budget - Union départementale des associations familiales (UDAF 15) - Aurillac,collectivite_administration,administration collectivite service public,1
https://lannuaire.service-public.gouv.fr/auvergne-rhone-alpes/cantal/c55e2979-36ae-4a63-b467-6662b7c55a14,cantal,Mairie - Mentières,collectivite_administration,mairie collectivite,1
https://lannuaire.service-public.gouv.fr/auvergne-rhone-alpes/cantal/c5f8b96a-b2e8-4d0d-a376-7e850b23cd7f,cantal,Mairie - Madic,collectivite_administration,mairie collectivite,1
https://lannuaire.service-public.gouv.fr/auvergne-rhone-alpes/cantal/c749915e-d635-4395-9486-5d9703ed454f,cantal,Centre de gestion de la fonction publique territoriale - Cantal,collectivite_administration,administration collectivite service public,1
https://lannuaire.service-public.gouv.fr/auvergne-rhone-alpes/cantal/c8359aa3-8e23-4ba5-b3a5-b124f7ba6458,cantal,Mairie - Ruynes-en-Margeride,collectivite_administration,mairie collectivite,1
https://lannuaire.service-public.gouv.fr/auvergne-rhone-alpes/cantal/c97def38-b05f-4399-866f-ed5c10bbd551,cantal,Mairie - La Chapelle-Laurent,collectivite_administration,mairie collectivite,1
https://lannuaire.service-public.gouv.fr/auvergne-rhone-alpes/cantal/c9ff38b9-3950-4eb7-92ca-3bb1434cd62b,cantal,Mairie - Lacapelle-Barrès,collectivite_administration,mairie collectivite,1
https://lannuaire.service-public.gouv.fr/auvergne-rhone-alpes/cantal/ca0b7963-a747-4a53-88e8-8e646b181aba,cantal,Mairie - Lieutadès,collectivite_administration,mairie collectivite,1
https://lannuaire.service-public.gouv.fr/auvergne-rhone-alpes/cantal/cbbeac8f-ef1d-43c4-adba-7afd49dcf3e4,cantal,Conseil départemental d'accès au droit du Cantal,collectivite_administration,administration collectivite service public,1
https://lannuaire.service-public.gouv.fr/auvergne-rhone-alpes/cantal/cdc45379-dba3-4a88-b43c-9875c6d581f3,cantal,Mairie - Saint-Poncy,collectivite_administration,mairie collectivite,1
https://lannuaire.service-public.gouv.fr/auvergne-rhone-alpes/cantal/cdf40cd4-e92a-4594-aec5-9588c15012c4,cantal,Mairie - Saint-Paul-des-Landes,collectivite_administration,mairie collectivite,1
https://lannuaire.service-public.gouv.fr/auvergne-rhone-alpes/cantal/cec1aff4-72cb-4ae1-ac9e-1630b1b3bff7,cantal,France services - Chaudes-Aigues,collectivite_administration,administration collectivite service public,1
https://lannuaire.service-public.gouv.fr/auvergne-rhone-alpes/cantal/cidf-15014-01,cantal,CIDFF Cantal,social_insertion,association droits familles insertion,1
https://lannuaire.service-public.gouv.fr/auvergne-rhone-alpes/cantal/d18d111e-509c-40a4-af33-9daa6da06d2c,cantal,Mairie - Lapeyrugue,collectivite_administration,mairie collectivite,1
https://lannuaire.service-public.gouv.fr/auvergne-rhone-alpes/cantal/d2359c51-7996-4941-bb86-6195f24730eb,cantal,Mairie - Sansac-de-Marmiesse,collectivite_administration,mairie collectivite,1
https://lannuaire.service-public.gouv.fr/auvergne-rhone-alpes/cantal/d2c6efd3-5c1b-4bc1-b82c-117d04be7e0c,cantal,Communauté de communes - Saint-Flour Communauté,collectivite_administration,administration collectivite service public,1
https://lannuaire.service-public.gouv.fr/auvergne-rhone-alpes/cantal/d3af547d-f289-4af0-b253-da7558cbe21f,cantal,Mairie - Ferrières-Saint-Mary,collectivite_administration,mairie collectivite,1
https://lannuaire.service-public.gouv.fr/auvergne-rhone-alpes/cantal/d3fff799-32bd-4422-a7a5-418a3ef1584f,cantal,Communauté de communes - Pays de Salers,collectivite_administration,administration collectivite service public,1
https://lannuaire.service-public.gouv.fr/auvergne-rhone-alpes/cantal/d737413d-a6d0-4329-b6da-1c4aaff0ef06,cantal,Mairie - Coltines,collectivite_administration,mairie collectivite,1
https://lannuaire.service-public.gouv.fr/auvergne-rhone-alpes/cantal/d814d1ff-8cf0-42f8-9b1b-911043e459e3,cantal,Direction départementale des finances publiques (DDFIP) - Cantal,collectivite_administration,administration collectivite service public,1
https://lannuaire.service-public.gouv.fr/auvergne-rhone-alpes/cantal/d844e962-4e79-4a47-927b-a2313b40efde,cantal,Mairie - Dienne,collectivite_administration,mairie collectivite,1
https://lannuaire.service-public.gouv.fr/auvergne-rhone-alpes/cantal/d8a19e49-88fd-471f-a7d9-6bc49cfd2480,cantal,Service de santé au travail du Cantal - Aurillac,collectivite_administration,administration collectivite service public,1
https://lannuaire.service-public.gouv.fr/auvergne-rhone-alpes/cantal/d8e1aea3-eb9a-4590-82bc-617c492f0358,cantal,Mairie - Omps,collectivite_administration,mairie collectivite,1
https://lannuaire.service-public.gouv.fr/auvergne-rhone-alpes/cantal/d8fcef57-aee0-485c-bd42-d49fee79f5c1,cantal,Communauté de communes - Sumène Artense,collectivite_administration,administration collectivite service public,1
https://lannuaire.service-public.gouv.fr/auvergne-rhone-alpes/cantal/da994a4f-35d6-415d-bc68-fac126fa3e8c,cantal,France services - Aurillac (itinérant),collectivite_administration,administration collectivite service public,1
https://lannuaire.service-public.gouv.fr/auvergne-rhone-alpes/cantal/daf42db1-0477-4ca0-98d9-672c11672306,cantal,Mairie - Jou-sous-Monjou,collectivite_administration,mairie collectivite,1
https://lannuaire.service-public.gouv.fr/auvergne-rhone-alpes/cantal/db14152d-6c89-4307-8e89-963662b04a77,cantal,Centre communal d'action sociale (CCAS) - Aurillac,collectivite_administration,administration collectivite service public,1
https://lannuaire.service-public.gouv.fr/auvergne-rhone-alpes/cantal/db753b5e-5a95-4eca-ab5e-f8b102d4c03b,cantal,Mairie - Celles,collectivite_administration,mairie collectivite,1
https://lannuaire.service-public.gouv.fr/auvergne-rhone-alpes/cantal/dbae1de0-4e18-4474-b5df-897efa8316ae,cantal,Mairie - Drugeac,collectivite_administration,mairie collectivite,1
https://lannuaire.service-public.gouv.fr/auvergne-rhone-alpes/cantal/dbde99e2-f2bc-4dd4-9c8d-56c7e5a396b8,cantal,Mairie - Salins,collectivite_administration,mairie collectivite,1
https://lannuaire.service-public.gouv.fr/auvergne-rhone-alpes/cantal/dc33065c-644d-4b0e-bd21-b705d3da022b,cantal,France services - Pierrefort,collectivite_administration,administration collectivite service public,1
https://lannuaire.service-public.gouv.fr/auvergne-rhone-alpes/cantal/dc60b4ea-6e57-4170-9a04-a06575d5f2f8,cantal,Mairie - Saint-Mary-le-Plain,collectivite_administration,mairie collectivite,1
https://lannuaire.service-public.gouv.fr/auvergne-rhone-alpes/cantal/de305615-36e6-420b-8789-fee24fb1f67e,cantal,Mairie - Cros-de-Ronesque,collectivite_administration,mairie collectivite,1
https://lannuaire.service-public.gouv.fr/auvergne-rhone-alpes/cantal/de64ee5e-4d33-4325-b18c-10615f49311f,cantal,Mairie - Narnhac,collectivite_administration,mairie collectivite,1
https://lannuaire.service-public.gouv.fr/auvergne-rhone-alpes/cantal/de790e86-551b-4b4b-9e68-89940a02b021,cantal,Service départemental des impôts foncier (SDIF) Cantal - Aurillac,collectivite_administration,administration collectivite service public,1
https://lannuaire.service-public.gouv.fr/auvergne-rhone-alpes/cantal/dee4261e-66d0-4738-8ad3-1f9e0e7c02df,cantal,Mairie - Tanavelle,collectivite_administration,mairie collectivite,1
https://lannuaire.service-public.gouv.fr/auvergne-rhone-alpes/cantal/dfe9797f-6fc7-4c63-a475-b2291ac7e577,cantal,Mairie - Boisset,collectivite_administration,mairie collectivite,1
https://lannuaire.service-public.gouv.fr/auvergne-rhone-alpes/cantal/e0cbda2e-5578-4e31-9333-a087265a8988,cantal,Point d'information local dédié aux personnes âgées - Aurillac,collectivite_administration,administration collectivite service public,1
https://lannuaire.service-public.gouv.fr/auvergne-rhone-alpes/cantal/e13afcf3-b9b1-4966-b5f1-78e40901491e,cantal,Conseil de prud'hommes d'Aurillac,collectivite_administration,administration collectivite service public,1
https://lannuaire.service-public.gouv.fr/auvergne-rhone-alpes/cantal/e2191b51-caa2-436d-884c-cd6650ea7803,cantal,Agence nationale de l'habitat (Anah) - Délégation locale - Cantal,collectivite_administration,administration collectivite service public,1
https://lannuaire.service-public.gouv.fr/auvergne-rhone-alpes/cantal/e222784d-e5f0-449a-ac73-443f617687e6,cantal,Mairie - Charmensac,collectivite_administration,mairie collectivite,1
https://lannuaire.service-public.gouv.fr/auvergne-rhone-alpes/cantal/e29b71ce-6e2b-4abc-a887-5e39b1a47368,cantal,Mairie - Rageade,collectivite_administration,mairie collectivite,1
https://lannuaire.service-public.gouv.fr/auvergne-rhone-alpes/cantal/e343a3fb-4516-4e7b-b735-5d42a412cf57,cantal,Mairie - Leynhac,collectivite_administration,mairie collectivite,1
https://lannuaire.service-public.gouv.fr/auvergne-rhone-alpes/cantal/e381b421-72c8-4aea-b2a4-0b4ec7e02089,cantal,Mission locale pour l'insertion professionnelle et sociale des jeunes (16-25 ans) - Mauriac,jeunesse_loisirs,mission locale jeunesse insertion,1
https://lannuaire.service-public.gouv.fr/auvergne-rhone-alpes/cantal/e43f7de9-d1ed-414f-8314-ea74d62db2bb,cantal,Centre de protection maternelle et infantile (PMI) - Mauriac,collectivite_administration,administration collectivite service public,1
https://lannuaire.service-public.gouv.fr/auvergne-rhone-alpes/cantal/e508198a-fe51-43d2-bb36-a9f953f7dfc0,cantal,Mairie - Vézac,collectivite_administration,mairie collectivite,1
https://lannuaire.service-public.gouv.fr/auvergne-rhone-alpes/cantal/e62f922b-78a5-407a-bab2-6d3162448064,cantal,Mairie - Parlan,collectivite_administration,mairie collectivite,1
https://lannuaire.service-public.gouv.fr/auvergne-rhone-alpes/cantal/e6a78461-ba98-4bdf-a19d-d920d0bbce2e,cantal,Mairie - Celoux,collectivite_administration,mairie collectivite,1
https://lannuaire.service-public.gouv.fr/auvergne-rhone-alpes/cantal/e700e51f-6842-4db1-a2ca-808841146a99,cantal,Mairie - Molompize,collectivite_administration,mairie collectivite,1
https://lannuaire.service-public.gouv.fr/auvergne-rhone-alpes/cantal/e7bf1fb8-c6d9-4cd8-9ac5-0a21011ebb5e,cantal,Mairie - Besse,collectivite_administration,mairie collectivite,1
https://lannuaire.service-public.gouv.fr/auvergne-rhone-alpes/cantal/e7ccd655-82ed-40ec-80e0-367b7602e2bf,cantal,Mission locale pour l'insertion professionnelle et sociale des jeunes (16-25 ans) - Saint-Flour,jeunesse_loisirs,mission locale jeunesse insertion,1
https://lannuaire.service-public.gouv.fr/auvergne-rhone-alpes/cantal/e7df5699-7538-465f-86d2-c1d0ab2421e8,cantal,Point information jeunesse - Saint-Flour,jeunesse_loisirs,PIJ information jeunesse,1
https://lannuaire.service-public.gouv.fr/auvergne-rhone-alpes/cantal/e85e86db-669c-4c6f-b0da-6911473c3a01,cantal,Mairie - La Ségalassière,collectivite_administration,mairie collectivite,1
https://lannuaire.service-public.gouv.fr/auvergne-rhone-alpes/cantal/e861df4d-090f-45eb-b174-5cef8ec39221,cantal,France services - Aurillac,collectivite_administration,administration collectivite service public,1
https://lannuaire.service-public.gouv.fr/auvergne-rhone-alpes/cantal/e99f5731-3b75-4641-b987-a5229707b57d,cantal,Mairie - Laroquevieille,collectivite_administration,mairie collectivite,1
https://lannuaire.service-public.gouv.fr/auvergne-rhone-alpes/cantal/ec36aaca-70fc-464f-8b3a-84ad782cc43b,cantal,Mairie - Le Falgoux,collectivite_administration,mairie collectivite,1
https://lannuaire.service-public.gouv.fr/auvergne-rhone-alpes/cantal/ec4808c4-db98-43ea-b054-1106979cbfc3,cantal,Mairie - Gourdièges,collectivite_administration,mairie collectivite,1
https://lannuaire.service-public.gouv.fr/auvergne-rhone-alpes/cantal/ece4f3e3-f0a3-4245-8309-29f13714b7b7,cantal,Laboratoire départemental d'analyses - Cantal,collectivite_administration,administration collectivite service public,1
https://lannuaire.service-public.gouv.fr/auvergne-rhone-alpes/cantal/ecf8fa0e-70d6-4863-90f9-9bd4facb36fc,cantal,Centre de protection maternelle et infantile (PMI) - Aurillac,collectivite_administration,administration collectivite service public,1
https://lannuaire.service-public.gouv.fr/auvergne-rhone-alpes/cantal/ed191d6f-e1c8-4984-b2df-105e70d4a14e,cantal,Mairie - Alleuze,collectivite_administration,mairie collectivite,1
https://lannuaire.service-public.gouv.fr/auvergne-rhone-alpes/cantal/ee3bfb7a-0347-4a20-a5dd-37a4f6241a29,cantal,Greta Monts du Cantal - Aurillac,collectivite_administration,administration collectivite service public,1
https://lannuaire.service-public.gouv.fr/auvergne-rhone-alpes/cantal/eecf119d-122f-48d3-a071-126592df4af1,cantal,Mairie - Saint-Clément,collectivite_administration,mairie collectivite,1
https://lannuaire.service-public.gouv.fr/auvergne-rhone-alpes/cantal/eefb53a9-de95-45ce-bdf0-51cbcdca20c3,cantal,Mairie - Marchastel,collectivite_administration,mairie collectivite,1
https://lannuaire.service-public.gouv.fr/auvergne-rhone-alpes/cantal/efe67494-c599-4866-9691-21b0004074a3,cantal,"Service départemental à la jeunesse, à l'engagement et aux sports (SDJES) - Cantal",jeunesse_loisirs,service jeunesse,1
https://lannuaire.service-public.gouv.fr/auvergne-rhone-alpes/cantal/f01870e5-2fc0-474b-929c-a62728ace6c4,cantal,Mairie déléguée - Neussargues,collectivite_administration,mairie collectivite,1
https://lannuaire.service-public.gouv.fr/auvergne-rhone-alpes/cantal/f058ce8b-8990-4d27-ae4d-73386a4a4305,cantal,Mairie - Saignes,collectivite_administration,mairie collectivite,1
https://lannuaire.service-public.gouv.fr/auvergne-rhone-alpes/cantal/f05e0ee4-dc1b-44e3-863f-7a222ce0e10a,cantal,Mairie - Velzic,collectivite_administration,mairie collectivite,1
https://lannuaire.service-public.gouv.fr/auvergne-rhone-alpes/cantal/f081f25d-7609-4ba0-9f96-d25165c20870,cantal,Comité départemental d’examen des difficultés des entreprises (Codefi)  - Cantal,collectivite_administration,administration collectivite service public,1
https://lannuaire.service-public.gouv.fr/auvergne-rhone-alpes/cantal/f10f9cb8-2808-41ee-9618-9d39d3423e27,cantal,Mairie - Saint-Martin-Cantalès,collectivite_administration,mairie collectivite,1
https://lannuaire.service-public.gouv.fr/auvergne-rhone-alpes/cantal/f15fdaf3-b69c-4f63-91b8-a7933c193f69,cantal,Mairie - Pradiers,collectivite_administration,mairie collectivite,1
https://lannuaire.service-public.gouv.fr/auvergne-rhone-alpes/cantal/f2208568-0365-4194-90c6-76139eb87300,cantal,Mairie - Laurie,collectivite_administration,mairie collectivite,1
https://lannuaire.service-public.gouv.fr/auvergne-rhone-alpes/cantal/f37c8cf4-e41a-429b-870e-3b1decf62206,cantal,Agence régionale de santé (ARS) - Délégation départementale - Cantal,collectivite_administration,administration collectivite service public,1
https://lannuaire.service-public.gouv.fr/auvergne-rhone-alpes/cantal/f5d84a5f-6444-4a7e-b088-7621673ad2f0,cantal,Mairie - Saint-Urcize,collectivite_administration,mairie collectivite,1
https://lannuaire.service-public.gouv.fr/auvergne-rhone-alpes/cantal/f6833785-7c24-43dd-96eb-489372271ea3,cantal,Mairie - Vabres,collectivite_administration,mairie collectivite,1
https://lannuaire.service-public.gouv.fr/auvergne-rhone-alpes/cantal/f7f1de22-89e2-491e-ac26-c86c0f465f2c,cantal,Mairie - Ayrens,collectivite_administration,mairie collectivite,1
https://lannuaire.service-public.gouv.fr/auvergne-rhone-alpes/cantal/f89ee9c0-e2e1-427d-b3e9-924c81b6daeb,cantal,Mairie - Virargues,collectivite_administration,mairie collectivite,1
https://lannuaire.service-public.gouv.fr/auvergne-rhone-alpes/cantal/f90d5886-f201-4b98-8f16-84c02f21a3fe,cantal,Mairie - Vieillevie,collectivite_administration,mairie collectivite,1
https://lannuaire.service-public.gouv.fr/auvergne-rhone-alpes/cantal/facc003c-0353-442d-bd05-53d72f86c083,cantal,Mairie - Prunet,collectivite_administration,mairie collectivite,1
https://lannuaire.service-public.gouv.fr/auvergne-rhone-alpes/cantal/fb544046-234b-41e3-8e2a-5433070f0f90,cantal,Mairie - Montsalvy,collectivite_administration,mairie collectivite,1
https://lannuaire.service-public.gouv.fr/auvergne-rhone-alpes/cantal/fba8eed7-74a8-40dc-9774-b3e5de233bb1,cantal,France services - Saint-Martin Valmeroux,collectivite_administration,administration collectivite service public,1
https://lannuaire.service-public.gouv.fr/auvergne-rhone-alpes/cantal/fc0f2b49-a987-48e9-b936-a1be704a1ee4,cantal,Mairie - Neuvéglise-sur-Truyère,collectivite_administration,mairie collectivite,1
https://lannuaire.service-public.gouv.fr/auvergne-rhone-alpes/cantal/fc721815-794c-4858-94c1-f434bc063566,cantal,Mairie - Anterrieux,collectivite_administration,mairie collectivite,1
https://lannuaire.service-public.gouv.fr/auvergne-rhone-alpes/cantal/fecc1d19-b3c8-408e-ad93-cc6e9bf752de,cantal,Tribunal de proximité de Saint-Flour,collectivite_administration,administration collectivite service public,1
https://lannuaire.service-public.gouv.fr/auvergne-rhone-alpes/cantal/ffd912d5-8cb0-482a-92c1-fa89f29c77ff,cantal,Mairie - Vèze,collectivite_administration,mairie collectivite,1
https://snalc-clermont.fr/contact/,cantal,SNALC Clermont-Ferrand,syndicat,syndicat lycees colleges,1
https://snfolc63.fr/nos-coordonnees/,cantal,SNFOLC Clermont-Ferrand,syndicat,syndicat lycees colleges,1
https://www.allbiz.fr/chambre-de-commerce-daurillac-et-du_1c-04-71-45-40-40,cantal,Chambre de Commerce d'Aurillac et du Cantal,acteur_economique,chambre commerce industrie,1
https://www.anjap.org/IMG/pdf/repertoire_pe_-_federation_citoyens_et_justice_-_2022.pdf,cantal,ANEF Cantal,social_insertion,association sociale justice insertion,1
https://www.anmecs.fr/,cantal,ANMECS,protection_enfance,MECS reseau national protection enfance,1
https://www.associations.gouv.fr/comite-departemental-olympique-et-sportif-du-cantal.html,cantal,CDOS Cantal,sport,CDOS sport,1
https://www.associations.gouv.fr/federation-des-associations-laique-du-cantal.html,cantal,Federation des associations laiques du Cantal,association,vie associative education populaire,1
https://www.aurillac.fr/associations/annuaire/association-baara/,cantal,Association Baara,jeunesse_loisirs,association culturelle jeunesse,1
https://www.aurillac.fr/associations/annuaire/aurillac-bridge-club/,cantal,Aurillac Bridge Club,association,association loisirs,1
https://www.aurillac.fr/associations/annuaire/auto-club-du-cantal/,cantal,Auto Club du Cantal,sport,club sportif,1
https://www.aurillac.fr/associations/annuaire/chorale-multiphonie-2/,cantal,Chorale Multiphonie,association,association culturelle,1
https://www.aurillac.fr/associations/annuaire/clcv-aurillac-cantal/,cantal,CLCV Aurillac-Cantal,association,association consommateurs usagers,1
https://www.aurillac.fr/associations/annuaire/enfance-et-chansons/,cantal,Enfance et Chansons - Aurillac,jeunesse_loisirs,association jeunesse culture,1
https://www.aurillac.fr/associations/annuaire/uiha-aurillac/,cantal,Universite Inter Age de Haute Auvergne,association,association culturelle,1
https://www.aurillac.fr/wp-content/uploads/2020/12/IEO-du-Cantal-ques-aquo.pdf,cantal,IEO du Cantal,association,association culturelle education populaire,1
https://www.cantal.fr/coordonnees-des-services/,cantal,Coordonnees des services - Cantal,protection_enfance,maison departementale autonomie solidarite,1
https://www.cantal.fr/vivre-dans-le-cantal/grandir-et-apprendre/jeunesse/,cantal,Jeunesse - Cantal,jeunesse_loisirs,structure jeunesse,1
https://www.cantal.gouv.fr/index.php/Action-de-l-Etat/Jeunesse.-Sports-Vie-associative/Vie-associative/Le-FDVA/Contacts-Guid-Asso-SDEJS-15,cantal,Contacts Guid'Asso et SDEJS 15,association | jeunesse_loisirs | social_insertion,SDJES vie associative | centre social | centre social jeunesse loisirs | office municipal jeunesse sports | vie associative education populaire | vie associative familles rurales,7
https://www.cpmecantal.fr/contact/,cantal,CPME Cantal,cse,organisation professionnelle CSE entreprises,1
https://www.culture.cantal.fr/images/portail/Reseau_culturel/V3web_Accessibilite_de_la_culture.pdf,cantal,Reseau culturel Cantal,association,association accessibilite culture,1
https://www.fcpe.asso.fr/pres-chez-vous,cantal,FCPE nationale,association_parents,federation parents eleves,1
https://www.ffme.fr/club/3102/,cantal,Mur-Mur Nature Cantal,sport,club sportif,1
https://www.la-cantalienne.fr/,cantal,La Cantalienne,sport,club sportif,1
https://www.leguidepratique.com/guide/aurillac/cadre-de-vie/environnement-associations/adear-cantal,cantal,ADEAR Cantal,association,association agriculture paysanne,1
https://www.leguidepratique.com/guide/aurillac/enfance-et-jeunesse/accueil-des-jeunes/maison-des-ados-du-cantal,cantal,Maison des Ados du Cantal,protection_enfance,maison des adolescents protection enfance,1
https://www.sgen-cfdt.fr/nous-contacter-sgen-cfdt/,cantal,CFDT Education Formation Recherche Publiques Auvergne,syndicat,syndicat education,1
https://www.snes.edu/article/contact-lycees-snes-edu/,cantal,SNES-FSU lycees,syndicat,syndicat lycees national,1
https://www.tourisme-france.info/annuaire-des-offices-du-tourisme-et-syndicats-dinitiative-du-cantal.html,cantal,Office de tourisme Champs-sur-Tarentaine-Marchal,syndicat,office tourisme syndicat initiative,4
https://ancien.cgteduc.fr/images/mouvements/mvt_2018/coordonnes_academiques.pdf,correze,CGT Educ'action Limoges,syndicat,syndicat education,1
https://cerjep.fr/les-maisons-des-adolescents-mda/,correze,MDA de la Correze,protection_enfance,maison des adolescents protection enfance,1
https://correze.franceolympique.com/mentions-legales/,correze,Mentions legales - CDOS 19,sport,CDOS sport,1
https://lannuaire.service-public.gouv.fr/nouvelle-aquitaine/correze/00b905c5-5c01-4afa-a74d-375c89697675,correze,Mairie - Gros-Chastang,collectivite_administration,mairie collectivite,1
https://lannuaire.service-public.gouv.fr/nouvelle-aquitaine/correze/00df164c-39ec-48c5-afb3-7881878b7126,correze,Point d'information local dédié aux personnes âgées - Reygade,collectivite_administration,administration collectivite service public,1
https://lannuaire.service-public.gouv.fr/nouvelle-aquitaine/correze/02a61dd2-e278-417a-9e2d-0215d754a968,correze,Conciliateur fiscal départemental - Corrèze,collectivite_administration,administration collectivite service public,1
https://lannuaire.service-public.gouv.fr/nouvelle-aquitaine/correze/03701759-26fc-4aeb-9e1a-19c8d0de404a,correze,Mairie - Saint-Cirgues-la-Loutre,collectivite_administration,mairie collectivite,1
https://lannuaire.service-public.gouv.fr/nouvelle-aquitaine/correze/05aacaeb-87c7-4247-8f55-02e8123def95,correze,Mairie - Liourdres,collectivite_administration,mairie collectivite,1
https://lannuaire.service-public.gouv.fr/nouvelle-aquitaine/correze/062270d9-ae3b-4711-8373-f36c8f4fc844,correze,Secrétariat général commun départemental - Corrèze,collectivite_administration,administration collectivite service public,1
https://lannuaire.service-public.gouv.fr/nouvelle-aquitaine/correze/0677163b-0b1c-490f-940b-1c0c0fe67de4,correze,Mairie - Segonzac,collectivite_administration,mairie collectivite,1
https://lannuaire.service-public.gouv.fr/nouvelle-aquitaine/correze/06e82ad2-0cf1-45fa-8043-6c0059b68cbc,correze,Mairie - Chaumeil,collectivite_administration,mairie collectivite,1
https://lannuaire.service-public.gouv.fr/nouvelle-aquitaine/correze/0a893a57-2cca-45aa-a835-6cc3db020203,correze,Mairie - Larche,collectivite_administration,mairie collectivite,1
https://lannuaire.service-public.gouv.fr/nouvelle-aquitaine/correze/0a8bdaf1-03b3-4f0c-8ddd-0f14cdf4db92,correze,Mairie - Aix,collectivite_administration,mairie collectivite,1
https://lannuaire.service-public.gouv.fr/nouvelle-aquitaine/correze/0a9276ed-e8e1-48bb-b56a-259f7f00569e,correze,Mairie - Espartignac,collectivite_administration,mairie collectivite,1
https://lannuaire.service-public.gouv.fr/nouvelle-aquitaine/correze/0ab5b464-b5f5-42c5-9559-9f07754a5e88,correze,Mairie - Saint-Hilaire-Peyroux,collectivite_administration,mairie collectivite,1
https://lannuaire.service-public.gouv.fr/nouvelle-aquitaine/correze/0b5fc24e-9c14-43f7-8b03-2d758c3ae836,correze,Mairie - Collonges-la-Rouge,collectivite_administration,mairie collectivite,1
https://lannuaire.service-public.gouv.fr/nouvelle-aquitaine/correze/0c4002f4-b17a-481c-ab27-b7ac9ba50023,correze,Mairie - Espagnac,collectivite_administration,mairie collectivite,1
https://lannuaire.service-public.gouv.fr/nouvelle-aquitaine/correze/0d0a4b02-a891-4fe0-8c1f-d22bb0072458,correze,Mairie - Naves,collectivite_administration,mairie collectivite,1
https://lannuaire.service-public.gouv.fr/nouvelle-aquitaine/correze/0d624334-6dea-4fee-a4b6-1bbb8e289f6e,correze,Mairie - Le Pescher,collectivite_administration,mairie collectivite,1
https://lannuaire.service-public.gouv.fr/nouvelle-aquitaine/correze/0f68b693-5fc8-44b4-bf17-1e0ac67e5be6,correze,Point d'information local dédié aux personnes âgées - Saint-Mexant,collectivite_administration,administration collectivite service public,1
https://lannuaire.service-public.gouv.fr/nouvelle-aquitaine/correze/107651c2-6e92-4479-8444-a7ed78d77834,correze,France services - Sainte-Fortunade,collectivite_administration,administration collectivite service public,1
https://lannuaire.service-public.gouv.fr/nouvelle-aquitaine/correze/117669f4-baf0-47b4-8ea0-32ca912b3fcf,correze,Communauté de communes - Xaintrie Val'Dordogne,collectivite_administration,administration collectivite service public,1
https://lannuaire.service-public.gouv.fr/nouvelle-aquitaine/correze/11c38a29-b629-4a55-b7de-8e19e369c246,correze,Mairie - Monceaux-sur-Dordogne,collectivite_administration,mairie collectivite,1
https://lannuaire.service-public.gouv.fr/nouvelle-aquitaine/correze/1264ac25-bbd1-4554-9e9e-78655824d153,correze,Point-justice en France services de Bort-les-Orgues,collectivite_administration,administration collectivite service public,1
https://lannuaire.service-public.gouv.fr/nouvelle-aquitaine/correze/12eb4a80-bd86-4f8c-a964-5e161a33c10b,correze,Mairie - Yssandon,collectivite_administration,mairie collectivite,1
https://lannuaire.service-public.gouv.fr/nouvelle-aquitaine/correze/130a77a6-b959-4572-862c-2fbbd7d31da9,correze,Service de gestion comptable (SGC) - Tulle,collectivite_administration,administration collectivite service public,1
https://lannuaire.service-public.gouv.fr/nouvelle-aquitaine/correze/1343425a-e5bc-4a73-a1f7-9381fd72f933,correze,Point d'information local dédié aux personnes âgées - Argentat,collectivite_administration,administration collectivite service public,1
https://lannuaire.service-public.gouv.fr/nouvelle-aquitaine/correze/140629c1-96fe-45a3-b0ae-7d23a607bed4,correze,Mairie - Reygade,collectivite_administration,mairie collectivite,1
https://lannuaire.service-public.gouv.fr/nouvelle-aquitaine/correze/14d8fde9-8714-4f51-8465-6b2920ca9bf1,correze,Paierie départementale - Corrèze - Tulle,collectivite_administration,administration collectivite service public,1
https://lannuaire.service-public.gouv.fr/nouvelle-aquitaine/correze/15afa693-64fb-4a11-b2c6-7913ffb3b66d,correze,Mairie - Veyrières,collectivite_administration,mairie collectivite,1
https://lannuaire.service-public.gouv.fr/nouvelle-aquitaine/correze/16bb8103-0a66-4682-bd14-b41002da0a50,correze,Mairie - Albussac,collectivite_administration,mairie collectivite,1
https://lannuaire.service-public.gouv.fr/nouvelle-aquitaine/correze/1704fdb9-3188-4d8a-8c77-0af9c9c39589,correze,Mairie déléguée - Saint-Bonnet-Avalouze,collectivite_administration,mairie collectivite,1
https://lannuaire.service-public.gouv.fr/nouvelle-aquitaine/correze/17976c45-80f6-4f26-a189-136ef7fc78a0,correze,Mairie - Saint-Germain-les-Vergnes,collectivite_administration,mairie collectivite,1
https://lannuaire.service-public.gouv.fr/nouvelle-aquitaine/correze/1808c6a5-76a8-49d3-8cf7-fed8095ca9ef,correze,Mairie - Saint-Privat,collectivite_administration,mairie collectivite,1
https://lannuaire.service-public.gouv.fr/nouvelle-aquitaine/correze/189f84e5-2e60-4f69-9a55-abc892f48379,correze,France services - Vignols,collectivite_administration,administration collectivite service public,1
https://lannuaire.service-public.gouv.fr/nouvelle-aquitaine/correze/193ba594-ce52-498a-b1bb-60e0ee5af296,correze,France services - Monceaux-sur-Dordogne,collectivite_administration,administration collectivite service public,1
https://lannuaire.service-public.gouv.fr/nouvelle-aquitaine/correze/1a965906-8435-4051-ac12-c4f3ea0038bc,correze,Chambre d'agriculture - Corrèze,collectivite_administration,administration collectivite service public,1
https://lannuaire.service-public.gouv.fr/nouvelle-aquitaine/correze/1b798890-a634-4cc3-ad43-46236d585305,correze,Mairie - Thalamy,collectivite_administration,mairie collectivite,1
https://lannuaire.service-public.gouv.fr/nouvelle-aquitaine/correze/1bc17752-5b45-4cbf-8bc9-2edc5f774089,correze,Mairie - Saint-Jal,collectivite_administration,mairie collectivite,1
https://lannuaire.service-public.gouv.fr/nouvelle-aquitaine/correze/1bc7ffcf-c40a-4da3-af8c-0b2e386ea761,correze,Confédération départementale de l'artisanat et des petites entreprises du bâtiment  (Capeb) - Correze,collectivite_administration,administration collectivite service public,1
https://lannuaire.service-public.gouv.fr/nouvelle-aquitaine/correze/1bf025c9-667e-4108-b558-96b8fc61f636,correze,Mairie - Bugeat,collectivite_administration,mairie collectivite,1
https://lannuaire.service-public.gouv.fr/nouvelle-aquitaine/correze/1d05bb6a-f2cb-44bc-9815-ca8dd2c9b953,correze,Mairie - Saint-Clément,collectivite_administration,mairie collectivite,1
https://lannuaire.service-public.gouv.fr/nouvelle-aquitaine/correze/1d70a335-77a9-4528-8363-94094673ca16,correze,Mairie - Beyssenac,collectivite_administration,mairie collectivite,1
https://lannuaire.service-public.gouv.fr/nouvelle-aquitaine/correze/1de88910-32e9-4c1b-8995-cb8bef124c75,correze,Mairie - Lacelle,collectivite_administration,mairie collectivite,1
https://lannuaire.service-public.gouv.fr/nouvelle-aquitaine/correze/1df4a09d-96c2-4f75-add6-8153c1d0c520,correze,Mairie - Saint-Bonnet-près-Bort,collectivite_administration,mairie collectivite,1
https://lannuaire.service-public.gouv.fr/nouvelle-aquitaine/correze/200e3894-8cef-4595-917a-fcff3933e5b1,correze,Mairie - Soursac,collectivite_administration,mairie collectivite,1
https://lannuaire.service-public.gouv.fr/nouvelle-aquitaine/correze/204318d7-37a9-4df8-b90d-d490f4beba1c,correze,Mairie - Lissac-sur-Couze,collectivite_administration,mairie collectivite,1
https://lannuaire.service-public.gouv.fr/nouvelle-aquitaine/correze/20a18745-8647-40c8-80f0-e2daa3bb464a,correze,Mairie - Beyssac,collectivite_administration,mairie collectivite,1
https://lannuaire.service-public.gouv.fr/nouvelle-aquitaine/correze/20b74d57-176c-4af0-b34c-c03d3c9c5f32,correze,Mairie - Sioniac,collectivite_administration,mairie collectivite,1
https://lannuaire.service-public.gouv.fr/nouvelle-aquitaine/correze/20d12b4d-e8be-4594-a004-b9fe3abdf190,correze,Mairie - Cosnac,collectivite_administration,mairie collectivite,1
https://lannuaire.service-public.gouv.fr/nouvelle-aquitaine/correze/20eec0f8-e735-4f5b-8500-709fada544df,correze,Mairie - Ussac,collectivite_administration,mairie collectivite,1
https://lannuaire.service-public.gouv.fr/nouvelle-aquitaine/correze/210066e8-c8ae-4e57-a0db-8e3c58c785dc,correze,Mairie - Sadroc,collectivite_administration,mairie collectivite,1
https://lannuaire.service-public.gouv.fr/nouvelle-aquitaine/correze/210a020e-b8d9-4ed9-9613-fd484c4c7aa8,correze,France services - Peyrelevade,collectivite_administration,administration collectivite service public,1
https://lannuaire.service-public.gouv.fr/nouvelle-aquitaine/correze/2208cd30-46b7-4644-93b6-9482365dea71,correze,France services - Brive-la-Gaillarde,collectivite_administration,administration collectivite service public,1
https://lannuaire.service-public.gouv.fr/nouvelle-aquitaine/correze/223cbb36-6c97-4d0e-9f9a-93a2181bf041,correze,Mairie - Marcillac-la-Croze,collectivite_administration,mairie collectivite,1
https://lannuaire.service-public.gouv.fr/nouvelle-aquitaine/correze/238b306f-662e-469f-bef3-040b533e0fe2,correze,Point-justice en France services d'Espagnac,collectivite_administration,administration collectivite service public,1
https://lannuaire.service-public.gouv.fr/nouvelle-aquitaine/correze/24bfe6c7-28b2-407d-984e-de5692688a2d,correze,Service de gestion comptable (SGC) - Argentat-sur-Dordogne,collectivite_administration,administration collectivite service public,1
https://lannuaire.service-public.gouv.fr/nouvelle-aquitaine/correze/24ffc9c1-6cae-4035-a3e2-d109d007621b,correze,Mairie - Estivaux,collectivite_administration,mairie collectivite,1
https://lannuaire.service-public.gouv.fr/nouvelle-aquitaine/correze/25912fa7-3a91-4c70-94a4-c498d49fb48e,correze,Mairie - Saint-Augustin,collectivite_administration,mairie collectivite,1
https://lannuaire.service-public.gouv.fr/nouvelle-aquitaine/correze/26c5f886-17c5-4d5d-aa46-7858fb940477,correze,Cap emploi - Corrèze,collectivite_administration,administration collectivite service public,1
https://lannuaire.service-public.gouv.fr/nouvelle-aquitaine/correze/26da3c9e-e2e4-43d8-9d1b-f480715b8c8b,correze,Point d'information local dédié aux personnes âgées - Objat,collectivite_administration,administration collectivite service public,1
https://lannuaire.service-public.gouv.fr/nouvelle-aquitaine/correze/2702c412-7f36-47bd-933e-eaf9b2339291,correze,Mairie - Saint-Martial-Entraygues,collectivite_administration,mairie collectivite,1
https://lannuaire.service-public.gouv.fr/nouvelle-aquitaine/correze/2743c94e-7b64-40ed-991c-e2a4a11df5b1,correze,Mairie - Saint-Pardoux-le-Neuf,collectivite_administration,mairie collectivite,1
https://lannuaire.service-public.gouv.fr/nouvelle-aquitaine/correze/279e50f0-cfc2-41be-9e4a-8124d4cb02c8,correze,Mairie - Végennes,collectivite_administration,mairie collectivite,1
https://lannuaire.service-public.gouv.fr/nouvelle-aquitaine/correze/27d0f716-f619-4688-ac5c-4dafd5e2c4da,correze,Mairie - Corrèze,collectivite_administration,mairie collectivite,1
https://lannuaire.service-public.gouv.fr/nouvelle-aquitaine/correze/28fb6c27-06be-4382-84ed-d31def1ba05d,correze,Mairie - Saint-Yrieix-le-Déjalat,collectivite_administration,mairie collectivite,1
https://lannuaire.service-public.gouv.fr/nouvelle-aquitaine/correze/2928dff5-327e-49bc-99ed-ea2fed6c452e,correze,Maison de justice et du droit  de Brive-la-Gaillarde,structure,maison france services,1
https://lannuaire.service-public.gouv.fr/nouvelle-aquitaine/correze/2967bc03-21fd-4017-b954-b01915e199ef,correze,Police municipale - Malemort,collectivite_administration,administration collectivite service public,1
https://lannuaire.service-public.gouv.fr/nouvelle-aquitaine/correze/29a570d0-2c2a-42f4-af22-c0e785302da9,correze,Mairie - Valiergues,collectivite_administration,mairie collectivite,1
https://lannuaire.service-public.gouv.fr/nouvelle-aquitaine/correze/29cc6e22-0e11-45a2-a730-689c33e7d0e6,correze,Centre d'information et d'orientation (CIO) - Tulle,collectivite_administration,administration collectivite service public,1
https://lannuaire.service-public.gouv.fr/nouvelle-aquitaine/correze/2a1276c7-8e97-4f39-b2b2-27bd76387565,correze,Direction des sécurités - Corrèze,collectivite_administration,prefecture administration,1
https://lannuaire.service-public.gouv.fr/nouvelle-aquitaine/correze/2b402f70-f203-42fc-abd1-34296f5f8354,correze,Mission locale pour l'insertion professionnelle et sociale des jeunes (16-25 ans) - Ussel,jeunesse_loisirs,mission locale jeunesse insertion,1
https://lannuaire.service-public.gouv.fr/nouvelle-aquitaine/correze/2bafd5cb-af91-40de-a25f-fc43a737c227,correze,Mairie - Montaignac-sur-Doustre,collectivite_administration,mairie collectivite,1
https://lannuaire.service-public.gouv.fr/nouvelle-aquitaine/correze/2c5eda92-4dce-4b04-97ef-b1433cd3fb67,correze,Mairie - Saint-Martial-de-Gimel,collectivite_administration,mairie collectivite,1
https://lannuaire.service-public.gouv.fr/nouvelle-aquitaine/correze/2d17913c-1370-4665-8ccc-cf57c07799cf,correze,"Conseil d'architecture, d'urbanisme et de l'environnement (CAUE) - Corrèze",collectivite_administration,administration collectivite service public,1
https://lannuaire.service-public.gouv.fr/nouvelle-aquitaine/correze/2e768bd1-7f3c-410f-ba53-557b5c6b8bbf,correze,France services - Bugeat,collectivite_administration,administration collectivite service public,1
https://lannuaire.service-public.gouv.fr/nouvelle-aquitaine/correze/2eea7ad9-9037-403b-a986-b3550aaa16bb,correze,Mairie - Aubazine,collectivite_administration,mairie collectivite,1
https://lannuaire.service-public.gouv.fr/nouvelle-aquitaine/correze/2fb0358a-9df1-4d0f-98c5-be49c0eca40e,correze,Direction des services départementaux de l'Éducation nationale (DSDEN) - Corrèze,collectivite_administration,administration collectivite service public,1
https://lannuaire.service-public.gouv.fr/nouvelle-aquitaine/correze/2fefaa7c-c242-4ce8-ad8a-0d69d2a36dcc,correze,Mairie - Vitrac-sur-Montane,collectivite_administration,mairie collectivite,1
https://lannuaire.service-public.gouv.fr/nouvelle-aquitaine/correze/30f3277d-bc5c-42f2-8b71-92113d1a74ba,correze,Mairie - Camps-Saint-Mathurin-Léobazel,collectivite_administration,mairie collectivite,1
https://lannuaire.service-public.gouv.fr/nouvelle-aquitaine/correze/32b1a96b-5993-4fd4-9bfb-b5208526537f,correze,Mairie - Monestier-Port-Dieu,collectivite_administration,mairie collectivite,1
https://lannuaire.service-public.gouv.fr/nouvelle-aquitaine/correze/33eca5ec-fcff-487a-a787-d1a05f7a5563,correze,Agence nationale pour la formation professionnelle des adultes (Afpa) - Centre d'Égletons,collectivite_administration,administration collectivite service public,1
https://lannuaire.service-public.gouv.fr/nouvelle-aquitaine/correze/34015225-63e0-487f-835e-1dfb1d5b5f36,correze,Mairie déléguée - Saint-Bazile-de-la-Roche,collectivite_administration,mairie collectivite,1
https://lannuaire.service-public.gouv.fr/nouvelle-aquitaine/correze/35c8572c-3ce6-47b1-ab6b-b05f771325d6,correze,Direction départementale de la police nationale (DDPN) - Corrèze,collectivite_administration,administration collectivite service public,1
https://lannuaire.service-public.gouv.fr/nouvelle-aquitaine/correze/368873dd-ad07-4e1f-b380-37c198e72347,correze,Mairie - Sainte-Féréole,collectivite_administration,mairie collectivite,1
https://lannuaire.service-public.gouv.fr/nouvelle-aquitaine/correze/373f7d45-6c81-48e7-aed4-6525cce48c29,correze,Mairie - Sornac,collectivite_administration,mairie collectivite,1
https://lannuaire.service-public.gouv.fr/nouvelle-aquitaine/correze/37505358-3f4b-4fdf-9f5a-e28777b06e3c,correze,Mairie - Louignac,collectivite_administration,mairie collectivite,1
https://lannuaire.service-public.gouv.fr/nouvelle-aquitaine/correze/3773d25f-adab-40c6-8b0d-9199a4204d86,correze,Mairie - Arnac-Pompadour,collectivite_administration,mairie collectivite,1
https://lannuaire.service-public.gouv.fr/nouvelle-aquitaine/correze/3dc43109-63cc-4a26-8692-6d04c748e8a0,correze,Commission départementale de conciliation - Corrèze,collectivite_administration,administration collectivite service public,1
https://lannuaire.service-public.gouv.fr/nouvelle-aquitaine/correze/3dde55ce-502d-40d0-8d74-915b8b5132d7,correze,Point d'information local dédié aux personnes âgées - Lapleau,collectivite_administration,administration collectivite service public,1
https://lannuaire.service-public.gouv.fr/nouvelle-aquitaine/correze/40e562a1-5815-4c6b-8512-42260ea4fda0,correze,Mairie - Donzenac,collectivite_administration,mairie collectivite,1
https://lannuaire.service-public.gouv.fr/nouvelle-aquitaine/correze/41a9122b-da7b-4f63-afee-d76c2323f9cb,correze,Mairie - Grandsaigne,collectivite_administration,mairie collectivite,1
https://lannuaire.service-public.gouv.fr/nouvelle-aquitaine/correze/41aeaad3-3326-4aee-88a9-98a8a82ab793,correze,Service de gestion comptable (SGC) - Uzerche,collectivite_administration,administration collectivite service public,1
https://lannuaire.service-public.gouv.fr/nouvelle-aquitaine/correze/42254de3-c58f-4158-ac2d-f84ba77f8253,correze,Mairie - Peyrelevade,collectivite_administration,mairie collectivite,1
https://lannuaire.service-public.gouv.fr/nouvelle-aquitaine/correze/422aad8a-b353-4a8c-8ed2-140ab08eca3e,correze,Mairie - Curemonte,collectivite_administration,mairie collectivite,1
https://lannuaire.service-public.gouv.fr/nouvelle-aquitaine/correze/423ca826-8ba9-4105-be17-a20e64ef1a52,correze,Commission des chefs de services financiers (CCSF) - Corrèze,collectivite_administration,administration collectivite service public,1
https://lannuaire.service-public.gouv.fr/nouvelle-aquitaine/correze/4284afd6-2306-4983-b8b5-e2278cef821e,correze,Point d'information local dédié aux personnes âgées - Beynat,collectivite_administration,administration collectivite service public,1
https://lannuaire.service-public.gouv.fr/nouvelle-aquitaine/correze/428f646a-59ac-4ab7-b0b7-78cf2bcd10c8,correze,Mairie - Chameyrat,collectivite_administration,mairie collectivite,1
https://lannuaire.service-public.gouv.fr/nouvelle-aquitaine/correze/434b2fb1-7873-42c7-8280-99cd0e1792be,correze,France services - Neuvic,collectivite_administration,administration collectivite service public,1
https://lannuaire.service-public.gouv.fr/nouvelle-aquitaine/correze/45c2cb83-2c6a-4de6-ba99-792d317f9a8e,correze,Agence régionale de santé (ARS) - Délégation départementale - Corrèze,collectivite_administration,administration collectivite service public,1
https://lannuaire.service-public.gouv.fr/nouvelle-aquitaine/correze/4637b2df-5e14-4a69-a0a0-d8bb7cd67309,correze,Mairie - Chanteix,collectivite_administration,mairie collectivite,1
https://lannuaire.service-public.gouv.fr/nouvelle-aquitaine/correze/469c83e3-fa70-4d6a-81f4-8f87cb73110c,correze,Mairie - Beaulieu-sur-Dordogne,collectivite_administration,mairie collectivite,1
https://lannuaire.service-public.gouv.fr/nouvelle-aquitaine/correze/46fe521f-6d69-4597-9589-c36873c6e2fa,correze,Centre communal d'action sociale (CCAS) - Sexcles,collectivite_administration,mairie collectivite,1
https://lannuaire.service-public.gouv.fr/nouvelle-aquitaine/correze/48597dd8-bd3d-4aae-a467-e56f9f8aef0e,correze,Point d'information local dédié aux personnes âgées - Saint-Privat,collectivite_administration,administration collectivite service public,1
https://lannuaire.service-public.gouv.fr/nouvelle-aquitaine/correze/4895c5fc-489a-4862-a2a7-b8d973b506eb,correze,Mairie - Saint-Pardoux-l Ortigier,collectivite_administration,mairie collectivite,1
https://lannuaire.service-public.gouv.fr/nouvelle-aquitaine/correze/48ecc09e-037f-4ace-9bc2-4208d01fe548,correze,Greta Limousin - Site de Brive,collectivite_administration,administration collectivite service public,1
https://lannuaire.service-public.gouv.fr/nouvelle-aquitaine/correze/49d2b938-a19a-4dd6-abb1-185b33d1e7e8,correze,Maison du département - Corrèze - Lubersac,structure,maison france services,1
https://lannuaire.service-public.gouv.fr/nouvelle-aquitaine/correze/4a13bec3-989d-4a74-935b-07be3d3f54ff,correze,Chambre de métiers et de l'artisanat (CMA) - Corrèze,collectivite_administration,administration collectivite service public,1
https://lannuaire.service-public.gouv.fr/nouvelle-aquitaine/correze/4ab574a5-ed47-4df1-82af-d2abe1a4ddc3,correze,Mairie - Vigeois,collectivite_administration,mairie collectivite,1
https://lannuaire.service-public.gouv.fr/nouvelle-aquitaine/correze/4ad958b4-8b47-4b65-be19-5778e22dec83,correze,Mairie - Saint-Aulaire,collectivite_administration,mairie collectivite,1
https://lannuaire.service-public.gouv.fr/nouvelle-aquitaine/correze/4b06c67c-393d-4dfb-bea5-faf1c307e597,correze,Mairie - Saint-Cyr-la-Roche,collectivite_administration,mairie collectivite,1
https://lannuaire.service-public.gouv.fr/nouvelle-aquitaine/correze/4bff9a74-5651-46d1-8a5c-7cf17549f5df,correze,Atelier Canopé 19 - Tulle,collectivite_administration,administration collectivite service public,1
https://lannuaire.service-public.gouv.fr/nouvelle-aquitaine/correze/4dad7d32-9753-4bb5-9692-222cfaa789bf,correze,Mairie - Madranges,collectivite_administration,mairie collectivite,1
https://lannuaire.service-public.gouv.fr/nouvelle-aquitaine/correze/4e04c901-82fa-4453-9109-435c9734232f,correze,Mairie - Chavanac,collectivite_administration,mairie collectivite,1
https://lannuaire.service-public.gouv.fr/nouvelle-aquitaine/correze/4e1c6054-359b-44c3-bb64-5e2533678633,correze,Mairie - Beaumont,collectivite_administration,mairie collectivite,1
https://lannuaire.service-public.gouv.fr/nouvelle-aquitaine/correze/4ef5a4ba-98e5-4fa4-ab34-3621f02f1749,correze,Fédération départementale pour la pêche et la protection du milieu aquatique - Corrèze,collectivite_administration,administration collectivite service public,1
https://lannuaire.service-public.gouv.fr/nouvelle-aquitaine/correze/50081d42-e937-4afb-9d4c-513f49133563,correze,Maison Départementale de l'Autonomie (MDA) de Corrèze,structure,maison france services,1
https://lannuaire.service-public.gouv.fr/nouvelle-aquitaine/correze/5280177e-bcbb-4034-92e1-9b84deed0f97,correze,Mairie - Malemort,collectivite_administration,mairie collectivite,1
https://lannuaire.service-public.gouv.fr/nouvelle-aquitaine/correze/5332a2e5-26e4-440c-9a41-70a6a31df2c3,correze,Point information jeunesse - Brive-la-Gaillarde,jeunesse_loisirs,PIJ information jeunesse,1
https://lannuaire.service-public.gouv.fr/nouvelle-aquitaine/correze/53f50fe5-1d70-4baf-afb2-2950e22406b2,correze,Mairie - Servières-le-Château,collectivite_administration,mairie collectivite,1
https://lannuaire.service-public.gouv.fr/nouvelle-aquitaine/correze/54933cce-9f8d-406e-9763-a2f9c8f282ef,correze,Point-justice en France services de Chamberet,collectivite_administration,administration collectivite service public,1
https://lannuaire.service-public.gouv.fr/nouvelle-aquitaine/correze/54ab1792-61e9-4d4b-acaa-e252aee04f36,correze,Direction départementale des finances publiques (DDFIP) - Corrèze,collectivite_administration,administration collectivite service public,1
https://lannuaire.service-public.gouv.fr/nouvelle-aquitaine/correze/5625982c-87b3-4cc4-b1ff-88eced86454a,correze,Archives départementales - Corrèze,collectivite_administration,administration collectivite service public,1
https://lannuaire.service-public.gouv.fr/nouvelle-aquitaine/correze/564ad385-8de1-46b4-8bf4-b1e0cc32dd7d,correze,Mairie - Lagarde-Marc-la-Tour,collectivite_administration,mairie collectivite,1
https://lannuaire.service-public.gouv.fr/nouvelle-aquitaine/correze/57cbac0d-13bb-422b-b18a-50de6d5bd898,correze,Mairie - Saint-Éloy-les-Tuileries,collectivite_administration,mairie collectivite,1
https://lannuaire.service-public.gouv.fr/nouvelle-aquitaine/correze/57ec6514-3393-4632-bae7-4341f29f9fe5,correze,Bureau de l'éducation routière (BER) - Corrèze,collectivite_administration,administration collectivite service public,1
https://lannuaire.service-public.gouv.fr/nouvelle-aquitaine/correze/58ac8f59-12f3-461a-98a3-fdfbbb52d6e1,correze,Mairie - Liginiac,collectivite_administration,mairie collectivite,1
https://lannuaire.service-public.gouv.fr/nouvelle-aquitaine/correze/58e78040-18d0-4384-a2ec-482634091e08,correze,Communauté d'agglomération - Bassin de Brive,collectivite_administration,administration collectivite service public,1
https://lannuaire.service-public.gouv.fr/nouvelle-aquitaine/correze/58fdd63a-843f-4098-97d3-68b61a838e4c,correze,Mairie - Ambrugeat,collectivite_administration,mairie collectivite,1
https://lannuaire.service-public.gouv.fr/nouvelle-aquitaine/correze/59310039-cd11-4bb5-a237-5317a75af4a2,correze,Centre communal d'action sociale (CCAS) - Malemort,collectivite_administration,mairie collectivite,1
https://lannuaire.service-public.gouv.fr/nouvelle-aquitaine/correze/59db3e85-4b74-4389-bbcd-ca48bb3f2566,correze,Mairie déléguée - Marc-la-Tour,collectivite_administration,mairie collectivite,1
https://lannuaire.service-public.gouv.fr/nouvelle-aquitaine/correze/5a684c2c-bc57-49a5-9c80-1147571151ba,correze,Mairie - Chasteaux,collectivite_administration,mairie collectivite,1
https://lannuaire.service-public.gouv.fr/nouvelle-aquitaine/correze/5b314520-c94b-4360-af71-b21232d836b0,correze,Mairie - Allassac,collectivite_administration,mairie collectivite,1
https://lannuaire.service-public.gouv.fr/nouvelle-aquitaine/correze/5b4bf84c-ca47-4b0d-abc6-21fde7d94c0a,correze,Mairie - Saint-Fréjoux,collectivite_administration,mairie collectivite,1
https://lannuaire.service-public.gouv.fr/nouvelle-aquitaine/correze/5b606c65-e856-4d32-af03-c0c17394e5f2,correze,Mairie - Saint-Cyprien,collectivite_administration,mairie collectivite,1
https://lannuaire.service-public.gouv.fr/nouvelle-aquitaine/correze/5c06963c-bdea-466b-83cf-4ad013936610,correze,Société d'aménagement foncier et d'établissement rural (Safer) - Corrèze,collectivite_administration,administration collectivite service public,1
https://lannuaire.service-public.gouv.fr/nouvelle-aquitaine/correze/5c5b5608-6caf-40da-a39f-6099a75dffb4,correze,Mairie - Saint-Hilaire-les-Courbes,collectivite_administration,mairie collectivite,1
https://lannuaire.service-public.gouv.fr/nouvelle-aquitaine/correze/5c5c2bde-3ce3-4800-b146-29ebc43088c8,correze,Conseil de prud'hommes de Tulle,collectivite_administration,administration collectivite service public,1
https://lannuaire.service-public.gouv.fr/nouvelle-aquitaine/correze/5c747e2d-aef3-4b21-86a2-716aa3c98a0f,correze,Mairie - Tarnac,collectivite_administration,mairie collectivite,1
https://lannuaire.service-public.gouv.fr/nouvelle-aquitaine/correze/5c77ccc3-c660-4ce0-a014-ca4f736cc32b,correze,Ordre des avocats - Barreau de Brive-la-Gaillarde,collectivite_administration,administration collectivite service public,1
https://lannuaire.service-public.gouv.fr/nouvelle-aquitaine/correze/5fd923ef-a08e-4c38-a027-544e273ae4c0,correze,Mairie - Saint-Bonnet-Elvert,collectivite_administration,mairie collectivite,1
https://lannuaire.service-public.gouv.fr/nouvelle-aquitaine/correze/601722c2-33c7-40dc-8e45-7eaa811d6b1d,correze,Mairie - Montgibaud,collectivite_administration,mairie collectivite,1
https://lannuaire.service-public.gouv.fr/nouvelle-aquitaine/correze/604f5809-2f80-4f8c-8575-159919b89e6c,correze,Mairie - Neuville,collectivite_administration,mairie collectivite,1
https://lannuaire.service-public.gouv.fr/nouvelle-aquitaine/correze/6083217d-391b-4f4b-af50-bb5d39fdedbb,correze,Mairie - Saint-Pantaléon-de-Larche,collectivite_administration,mairie collectivite,1
https://lannuaire.service-public.gouv.fr/nouvelle-aquitaine/correze/609c830f-fdd5-45e0-aa53-f4512168901c,correze,Mairie - Les Angles-sur-Corrèze,collectivite_administration,mairie collectivite,1
https://lannuaire.service-public.gouv.fr/nouvelle-aquitaine/correze/60af7a11-192f-410d-9f6d-e879a2c2b742,correze,Mairie - Saint-Exupéry-les-Roches,collectivite_administration,mairie collectivite,1
https://lannuaire.service-public.gouv.fr/nouvelle-aquitaine/correze/61fa9786-cf73-49ba-b475-1cf7386ee745,correze,Mairie - Juillac,collectivite_administration,mairie collectivite,1
https://lannuaire.service-public.gouv.fr/nouvelle-aquitaine/correze/61fab857-2b51-4044-a043-855eba554e56,correze,Mairie - Bar,collectivite_administration,mairie collectivite,1
https://lannuaire.service-public.gouv.fr/nouvelle-aquitaine/correze/621a1d2c-3bc5-4af5-afbd-402d2e6273ae,correze,Tribunal judiciaire de Tulle,collectivite_administration,administration collectivite service public,1
https://lannuaire.service-public.gouv.fr/nouvelle-aquitaine/correze/62db93f4-0475-428b-86f2-b346c44e3b51,correze,Mairie - Goulles,collectivite_administration,mairie collectivite,1
https://lannuaire.service-public.gouv.fr/nouvelle-aquitaine/correze/6372edc6-c698-4d1a-acff-1a700d38e0f4,correze,Centre communal d'action sociale (CCAS) - Laguenne-sur-Avalouze,collectivite_administration,mairie collectivite,1
https://lannuaire.service-public.gouv.fr/nouvelle-aquitaine/correze/640255fc-4971-4d0a-a6f3-d64edd493c10,correze,Mairie - Saint-Sulpice-les-Bois,collectivite_administration,mairie collectivite,1
https://lannuaire.service-public.gouv.fr/nouvelle-aquitaine/correze/6415bf41-aeed-41b0-949c-7bb9e0829b78,correze,Mairie - Jugeals-Nazareth,collectivite_administration,mairie collectivite,1
https://lannuaire.service-public.gouv.fr/nouvelle-aquitaine/correze/6426680a-e982-48fb-afa3-712563bc6bc6,correze,Mairie - Tudeils,collectivite_administration,mairie collectivite,1
https://lannuaire.service-public.gouv.fr/nouvelle-aquitaine/correze/657ffe2b-9c86-44e5-ae33-ac673223e07a,correze,Mairie - Les Trois-Saints,collectivite_administration,mairie collectivite,1
https://lannuaire.service-public.gouv.fr/nouvelle-aquitaine/correze/66fbe686-c14b-44b7-9d06-7aef3647db88,correze,Point d'information local dédié aux personnes âgées - Tulle,collectivite_administration,administration collectivite service public,1
https://lannuaire.service-public.gouv.fr/nouvelle-aquitaine/correze/6708e41b-2e6b-463e-adcf-20619d2a587c,correze,Mairie - Laval-sur-Luzège,collectivite_administration,mairie collectivite,1
https://lannuaire.service-public.gouv.fr/nouvelle-aquitaine/correze/672fa7df-c23d-41c7-8552-f30be823f513,correze,Communauté de communes - Haute Corrèze,collectivite_administration,administration collectivite service public,1
https://lannuaire.service-public.gouv.fr/nouvelle-aquitaine/correze/67582c79-04e4-4929-88b1-581cac44dfb4,correze,Mairie - Champagnac-la-Prune,collectivite_administration,mairie collectivite,1
https://lannuaire.service-public.gouv.fr/nouvelle-aquitaine/correze/67ad3d99-88d0-4d49-9640-c2fdb7da1fd0,correze,Point d'information local dédié aux personnes âgées - Neuvic,collectivite_administration,administration collectivite service public,1
https://lannuaire.service-public.gouv.fr/nouvelle-aquitaine/correze/67c0f496-0580-40df-b907-a6a6a37baceb,correze,Mairie - Ladignac-sur-Rondelles,collectivite_administration,mairie collectivite,1
https://lannuaire.service-public.gouv.fr/nouvelle-aquitaine/correze/6803e768-f76f-4cea-a7d2-c7259a430c70,correze,France services - Bort-les-Orgues,collectivite_administration,administration collectivite service public,1
https://lannuaire.service-public.gouv.fr/nouvelle-aquitaine/correze/6804efb3-6855-42d0-8e3d-35181fa04023,correze,Greffe des associations - Corrèze (Ussel),collectivite_administration,prefecture administration,1
https://lannuaire.service-public.gouv.fr/nouvelle-aquitaine/correze/68180fa5-620c-436a-ad62-ed5c0f07ad70,correze,Mairie - Rilhac-Treignac,collectivite_administration,mairie collectivite,1
https://lannuaire.service-public.gouv.fr/nouvelle-aquitaine/correze/68e0a6f2-91b3-406d-b407-3a08fe6e7f27,correze,Mairie - Mercoeur,collectivite_administration,mairie collectivite,1
https://lannuaire.service-public.gouv.fr/nouvelle-aquitaine/correze/69c59a4b-b8a7-4271-ad79-24821cdb993d,correze,"Direction départementale de l'emploi, du travail, des solidarités et de la protection des populations (DDETSPP) - Corrèze",collectivite_administration,administration collectivite service public,1
https://lannuaire.service-public.gouv.fr/nouvelle-aquitaine/correze/6aee5a5a-6a15-4334-b365-4d33284bf8b6,correze,Point d'information local dédié aux personnes âgées - Uzerche,collectivite_administration,administration collectivite service public,1
https://lannuaire.service-public.gouv.fr/nouvelle-aquitaine/correze/6afac16d-018e-4dec-bf91-5888963bc3dc,correze,Mairie - Champagnac-la-Noaille,collectivite_administration,mairie collectivite,1
https://lannuaire.service-public.gouv.fr/nouvelle-aquitaine/correze/6b33c3be-3b7f-46c9-aa85-d44a8e4ec8ec,correze,Mairie - Saint-Salvadour,collectivite_administration,mairie collectivite,1
https://lannuaire.service-public.gouv.fr/nouvelle-aquitaine/correze/6be6d1ec-358e-4918-8ac7-e648147b8609,correze,Mairie - Meyssac,collectivite_administration,mairie collectivite,1
https://lannuaire.service-public.gouv.fr/nouvelle-aquitaine/correze/6c70e29f-89c5-4192-abc8-2f16f5feaccf,correze,Mairie - Monestier-Merlines,collectivite_administration,mairie collectivite,1
https://lannuaire.service-public.gouv.fr/nouvelle-aquitaine/correze/6d2afc17-d888-4d92-aab5-0e7124005c50,correze,Mairie - Concèze,collectivite_administration,mairie collectivite,1
https://lannuaire.service-public.gouv.fr/nouvelle-aquitaine/correze/6d2b20bd-97c3-488d-a879-a86ebc9af437,correze,Greffe des associations - Corrèze (Brive-la-Gaillarde),collectivite_administration,prefecture administration,1
https://lannuaire.service-public.gouv.fr/nouvelle-aquitaine/correze/6ec55ec9-a6bb-42e2-8501-b501bbff4aca,correze,Mairie - Lagleygeolle,collectivite_administration,mairie collectivite,1
https://lannuaire.service-public.gouv.fr/nouvelle-aquitaine/correze/6f033302-aded-4a9f-9d7f-d0ac605ca16c,correze,Mairie - Bassignac-le-Haut,collectivite_administration,mairie collectivite,1
https://lannuaire.service-public.gouv.fr/nouvelle-aquitaine/correze/6f9bc01a-452f-4f63-bf91-7aa4f7445d47,correze,Communauté de communes - Vézère-Monédières-Millesources,collectivite_administration,administration collectivite service public,1
https://lannuaire.service-public.gouv.fr/nouvelle-aquitaine/correze/6fa5072a-3e2c-4dbd-aa8a-51bab65f0125,correze,Mairie - Puy-d Arnac,collectivite_administration,mairie collectivite,1
https://lannuaire.service-public.gouv.fr/nouvelle-aquitaine/correze/707aa487-3bb8-4fcf-bb4b-4003ba027cc4,correze,Mairie - Ligneyrac,collectivite_administration,mairie collectivite,1
https://lannuaire.service-public.gouv.fr/nouvelle-aquitaine/correze/71348f16-3bdc-4caa-b5cf-3dae0c35995b,correze,Point information jeunesse - Ussel,jeunesse_loisirs,PIJ information jeunesse,1
https://lannuaire.service-public.gouv.fr/nouvelle-aquitaine/correze/7166c9f9-2916-4925-a38a-c3257823f0cb,correze,Mairie - Saint-Cernin-de-Larche,collectivite_administration,mairie collectivite,1
https://lannuaire.service-public.gouv.fr/nouvelle-aquitaine/correze/71b79d93-db8a-4011-876f-99b1b76b1712,correze,Mairie - Lagraulière,collectivite_administration,mairie collectivite,1
https://lannuaire.service-public.gouv.fr/nouvelle-aquitaine/correze/721fe7bf-d758-4d96-b9d1-44992414bcc4,correze,Mairie - Chartrier-Ferrière,collectivite_administration,mairie collectivite,1
https://lannuaire.service-public.gouv.fr/nouvelle-aquitaine/correze/73e4af43-00a1-433f-bb08-ac99b19c38cf,correze,Service de gestion comptable (SGC) - Ussel,collectivite_administration,administration collectivite service public,1
https://lannuaire.service-public.gouv.fr/nouvelle-aquitaine/correze/74196d9a-8751-4a88-87c3-dcf8f005409d,correze,Mairie - Saillac,collectivite_administration,mairie collectivite,1
https://lannuaire.service-public.gouv.fr/nouvelle-aquitaine/correze/75164ac2-fd27-49f0-8dd3-8b72bee5ef70,correze,Ordre des avocats - Barreau de Tulle,collectivite_administration,administration collectivite service public,1
https://lannuaire.service-public.gouv.fr/nouvelle-aquitaine/correze/75d66937-329a-46b7-ab65-471ec54356dd,correze,Point-justice en France services d'Ayen,collectivite_administration,administration collectivite service public,1
https://lannuaire.service-public.gouv.fr/nouvelle-aquitaine/correze/75df9078-89c4-4525-86fa-e28285fbcf56,correze,Mairie - Saint-Geniez-ô-Merle,collectivite_administration,mairie collectivite,1
https://lannuaire.service-public.gouv.fr/nouvelle-aquitaine/correze/776d2e00-e273-4d2f-a90e-0ad5c1426edf,correze,Mairie - Ségur-le-Château,collectivite_administration,mairie collectivite,1
https://lannuaire.service-public.gouv.fr/nouvelle-aquitaine/correze/779c2620-0367-4bd5-b5e2-d52102ba95d8,correze,Mairie - Millevaches,collectivite_administration,mairie collectivite,1
https://lannuaire.service-public.gouv.fr/nouvelle-aquitaine/correze/77a22487-9be0-41e3-9c7c-dfc33af20dd6,correze,Service de la publicité foncière et de l'enregistrement (SPFE) - Tulle,collectivite_administration,administration collectivite service public,1
https://lannuaire.service-public.gouv.fr/nouvelle-aquitaine/correze/77ec0f9d-af9f-46cf-bcf5-6abe2c4320f7,correze,Mairie - Saint-Victour,collectivite_administration,mairie collectivite,1
https://lannuaire.service-public.gouv.fr/nouvelle-aquitaine/correze/77fffac3-8c8b-4411-8f33-b233e27b3faf,correze,France services - Saint-Privat,collectivite_administration,administration collectivite service public,1
https://lannuaire.service-public.gouv.fr/nouvelle-aquitaine/correze/78372e94-e60b-4733-b33f-669cbf8e3b32,correze,Mairie - Astaillac,collectivite_administration,mairie collectivite,1
https://lannuaire.service-public.gouv.fr/nouvelle-aquitaine/correze/7b77e71d-7833-4626-98dd-1a6c9017473c,correze,Mairie - Salon-la-Tour,collectivite_administration,mairie collectivite,1
https://lannuaire.service-public.gouv.fr/nouvelle-aquitaine/correze/7bfe174c-6f2f-48a5-bf89-c1d527bede26,correze,Mairie - Sérilhac,collectivite_administration,mairie collectivite,1
https://lannuaire.service-public.gouv.fr/nouvelle-aquitaine/correze/7c17bb56-73bb-475f-b7c6-7cb9b8c4e328,correze,Mairie - Bonnefond,collectivite_administration,mairie collectivite,1
https://lannuaire.service-public.gouv.fr/nouvelle-aquitaine/correze/7cb023e7-3a9f-4913-9a52-1b906fb1f72b,correze,Mairie - Darazac,collectivite_administration,mairie collectivite,1
https://lannuaire.service-public.gouv.fr/nouvelle-aquitaine/correze/7cc1a969-1e3b-483e-8945-840f6d221cfa,correze,Mairie - Saint-Julien-le-Pèlerin,collectivite_administration,mairie collectivite,1
https://lannuaire.service-public.gouv.fr/nouvelle-aquitaine/correze/7cd38157-67be-4712-84b1-0c1496a8a629,correze,Mairie - Saint-Pardoux-le-Vieux,collectivite_administration,mairie collectivite,1
https://lannuaire.service-public.gouv.fr/nouvelle-aquitaine/correze/7de74f47-2c2a-4339-98c1-3630294db71c,correze,Mairie - Chamberet,collectivite_administration,mairie collectivite,1
https://lannuaire.service-public.gouv.fr/nouvelle-aquitaine/correze/7e50b0fb-1711-492b-85ac-dddf65ce3a2d,correze,Mairie - Meilhards,collectivite_administration,mairie collectivite,1
https://lannuaire.service-public.gouv.fr/nouvelle-aquitaine/correze/7ebd3fe4-fde4-472e-85d2-0478f2aaa09d,correze,Communauté d'agglomération - Tulle Agglo,collectivite_administration,administration collectivite service public,1
https://lannuaire.service-public.gouv.fr/nouvelle-aquitaine/correze/7f39f8cf-fa56-4ff9-98fa-ccdc883ff7c6,correze,France services - Seilhac,collectivite_administration,administration collectivite service public,1
https://lannuaire.service-public.gouv.fr/nouvelle-aquitaine/correze/80bf9351-7151-4d3f-9e0a-61ab97a21a07,correze,France services - Corrèze,collectivite_administration,administration collectivite service public,1
https://lannuaire.service-public.gouv.fr/nouvelle-aquitaine/correze/80c8b05a-8494-414d-bd3a-a017900d7cd7,correze,Mairie - Orgnac-sur-Vézère,collectivite_administration,mairie collectivite,1
https://lannuaire.service-public.gouv.fr/nouvelle-aquitaine/correze/835cbfc5-acea-4e57-9441-e9b0081ec400,correze,Mairie - Seilhac,collectivite_administration,mairie collectivite,1
https://lannuaire.service-public.gouv.fr/nouvelle-aquitaine/correze/842d8206-9ee2-4a9c-a02a-ae8fd4392a58,correze,Mairie - Saint-Sornin-Lavolps,collectivite_administration,mairie collectivite,1
https://lannuaire.service-public.gouv.fr/nouvelle-aquitaine/correze/857f5c1a-3e4b-43d6-ba4a-2e07ebbd8d3c,correze,Mairie - Saint-Julien-aux-Bois,collectivite_administration,mairie collectivite,1
https://lannuaire.service-public.gouv.fr/nouvelle-aquitaine/correze/85d84f3a-a117-4da2-9723-87ea5d4809dd,correze,Mairie - Varetz,collectivite_administration,mairie collectivite,1
https://lannuaire.service-public.gouv.fr/nouvelle-aquitaine/correze/85dfefca-e36a-4214-9eba-02cb8329524a,correze,Mairie - Cublac,collectivite_administration,mairie collectivite,1
https://lannuaire.service-public.gouv.fr/nouvelle-aquitaine/correze/85ff2481-0a50-4dea-9c42-fc12ddaa89d1,correze,France services - Noailles,collectivite_administration,administration collectivite service public,1
https://lannuaire.service-public.gouv.fr/nouvelle-aquitaine/correze/860a7422-c4d6-498b-b160-26cb95e5856f,correze,Mairie - Saint-Bonnet-la-Rivière,collectivite_administration,mairie collectivite,1
https://lannuaire.service-public.gouv.fr/nouvelle-aquitaine/correze/8629c132-ebf8-4cda-957b-4211eb53f6a7,correze,Mairie - Albignac,collectivite_administration,mairie collectivite,1
https://lannuaire.service-public.gouv.fr/nouvelle-aquitaine/correze/8705dbdb-1d84-4373-b34f-1398cb2d9434,correze,Mairie - Voutezac,collectivite_administration,mairie collectivite,1
https://lannuaire.service-public.gouv.fr/nouvelle-aquitaine/correze/87b5069e-88f5-46f3-92da-c9e958e27ee9,correze,Mairie - Peyrissac,collectivite_administration,mairie collectivite,1
https://lannuaire.service-public.gouv.fr/nouvelle-aquitaine/correze/888664e8-d25a-4524-800b-dfb09aa00a50,correze,Mairie - Margerides,collectivite_administration,mairie collectivite,1
https://lannuaire.service-public.gouv.fr/nouvelle-aquitaine/correze/888f7695-d60f-4d3c-9740-c6d0d7885ab9,correze,Mairie - Veix,collectivite_administration,mairie collectivite,1
https://lannuaire.service-public.gouv.fr/nouvelle-aquitaine/correze/89152151-6112-40a4-83d1-ec987a1f515f,correze,Mairie - La Chapelle-aux-Brocs,collectivite_administration,mairie collectivite,1
https://lannuaire.service-public.gouv.fr/nouvelle-aquitaine/correze/89a848f8-52cb-479f-b8d2-7d6bb957d1f9,correze,Mairie - Saint-Solve,collectivite_administration,mairie collectivite,1
https://lannuaire.service-public.gouv.fr/nouvelle-aquitaine/correze/8a0fa031-acd4-400c-8102-110ccfab1d93,correze,Mairie - Objat,collectivite_administration,mairie collectivite,1
https://lannuaire.service-public.gouv.fr/nouvelle-aquitaine/correze/8b5f4872-147f-47ff-ae7c-5d5a93b7dd54,correze,Point d'information local dédié aux personnes âgées - Brive-la-Gaillarde,collectivite_administration,administration collectivite service public,1
https://lannuaire.service-public.gouv.fr/nouvelle-aquitaine/correze/8c22f622-d043-4b0d-b692-792e9203d323,correze,France services - Arnac-Pompadour,collectivite_administration,administration collectivite service public,1
https://lannuaire.service-public.gouv.fr/nouvelle-aquitaine/correze/8c756308-5dc1-48eb-9c51-31ffadc1fdd3,correze,France services - Allassac,collectivite_administration,administration collectivite service public,1
https://lannuaire.service-public.gouv.fr/nouvelle-aquitaine/correze/8e08bd50-f3b7-40da-b91a-3abe3a9b0d9d,correze,Mairie - Saint-Germain-Lavolps,collectivite_administration,mairie collectivite,1
https://lannuaire.service-public.gouv.fr/nouvelle-aquitaine/correze/8e5bd276-fa65-4c8c-9460-99907abc6671,correze,Mairie - Lamazière-Haute,collectivite_administration,mairie collectivite,1
https://lannuaire.service-public.gouv.fr/nouvelle-aquitaine/correze/8e6d28b1-6516-44c0-a7dc-ae378b13e3b1,correze,Mairie - Saint-Angel,collectivite_administration,mairie collectivite,1
https://lannuaire.service-public.gouv.fr/nouvelle-aquitaine/correze/8ed42b46-edd0-419b-8283-d9b4bd370526,correze,Communauté de communes - Pays de Lubersac Pompadour,collectivite_administration,administration collectivite service public,1
https://lannuaire.service-public.gouv.fr/nouvelle-aquitaine/correze/8f33be8d-1d54-432b-9107-22556d1e27c5,correze,Mission locale pour l'insertion professionnelle et sociale des jeunes (16-25 ans) - Brive-la-Gaillarde,jeunesse_loisirs,mission locale jeunesse insertion,1
https://lannuaire.service-public.gouv.fr/nouvelle-aquitaine/correze/8f4025bc-a2e5-4d44-827b-5a83630b13a2,correze,Mairie - La Roche-Canillac,collectivite_administration,mairie collectivite,1
https://lannuaire.service-public.gouv.fr/nouvelle-aquitaine/correze/906a270a-68b8-452b-9254-3e590a2bc28e,correze,Mairie - Ménoire,collectivite_administration,mairie collectivite,1
https://lannuaire.service-public.gouv.fr/nouvelle-aquitaine/correze/90ac9edc-6ae2-4d4d-b706-542e4893f553,correze,Mairie - Saint-Sylvain,collectivite_administration,mairie collectivite,1
https://lannuaire.service-public.gouv.fr/nouvelle-aquitaine/correze/90b66120-fdf2-4a92-968b-6141bfa2d42c,correze,Mairie - Bassignac-le-Bas,collectivite_administration,mairie collectivite,1
https://lannuaire.service-public.gouv.fr/nouvelle-aquitaine/correze/91092ea0-6da0-47ee-ba71-d49c103f71d3,correze,Mairie - Saint-Hilaire-Foissac,collectivite_administration,mairie collectivite,1
https://lannuaire.service-public.gouv.fr/nouvelle-aquitaine/correze/91c2ba6e-02ca-4bd4-9c6e-95736ec9a98d,correze,Mairie - Estivals,collectivite_administration,mairie collectivite,1
https://lannuaire.service-public.gouv.fr/nouvelle-aquitaine/correze/91ffef77-71d3-4c69-a124-9a7fc397d78b,correze,Agence nationale de l'habitat (Anah) - Délégation locale - Corrèze,collectivite_administration,administration collectivite service public,1
https://lannuaire.service-public.gouv.fr/nouvelle-aquitaine/correze/93d1a8b5-b309-47ae-89e5-bf58a9aa5644,correze,Mairie - Palazinges,collectivite_administration,mairie collectivite,1
https://lannuaire.service-public.gouv.fr/nouvelle-aquitaine/correze/94bb363b-cefc-4ef9-b679-a456e30f5216,correze,Mairie - Merlines,collectivite_administration,mairie collectivite,1
https://lannuaire.service-public.gouv.fr/nouvelle-aquitaine/correze/957fa468-a094-47ba-b731-17a1684923cf,correze,Mairie - Tulle,collectivite_administration,mairie collectivite,1
https://lannuaire.service-public.gouv.fr/nouvelle-aquitaine/correze/95bdbd80-4d56-4f53-af7b-0479ef76c001,correze,Mairie - Noailhac,collectivite_administration,mairie collectivite,1
https://lannuaire.service-public.gouv.fr/nouvelle-aquitaine/correze/95f5a862-5598-4528-997a-23fff7aa2a6b,correze,Mairie - Meymac,collectivite_administration,mairie collectivite,1
https://lannuaire.service-public.gouv.fr/nouvelle-aquitaine/correze/963f43a0-bc84-4a24-b033-8f8eacf85b07,correze,Mairie - Chaveroche,collectivite_administration,mairie collectivite,1
https://lannuaire.service-public.gouv.fr/nouvelle-aquitaine/correze/964804fd-fb13-45a4-bb39-74cdab8a221e,correze,Mairie - Courteix,collectivite_administration,mairie collectivite,1
https://lannuaire.service-public.gouv.fr/nouvelle-aquitaine/correze/9707e836-ae0b-431e-8411-20f67d784b66,correze,Direction départementale des territoires (DDT) - Corrèze,collectivite_administration,administration collectivite service public,1
https://lannuaire.service-public.gouv.fr/nouvelle-aquitaine/correze/97301567-94fe-4dbd-a769-c456a0d2da7b,correze,Mairie - Dampniat,collectivite_administration,mairie collectivite,1
https://lannuaire.service-public.gouv.fr/nouvelle-aquitaine/correze/973fb6d2-0a4d-4151-b7db-75bf1b9aec90,correze,Chambre de commerce et d'industrie (CCI) 19 - Corrèze - Site d'Ussel,collectivite_administration,administration collectivite service public,1
https://lannuaire.service-public.gouv.fr/nouvelle-aquitaine/correze/97485d46-fbfc-4bd0-bfe5-e75df6588389,correze,Mairie - Saint-Bonnet-les-Tours-de-Merle,collectivite_administration,mairie collectivite,1
https://lannuaire.service-public.gouv.fr/nouvelle-aquitaine/correze/97798b4f-22f7-4efa-a8c5-bf05d6715b20,correze,Mairie - Ussel,collectivite_administration,mairie collectivite,1
https://lannuaire.service-public.gouv.fr/nouvelle-aquitaine/correze/988f7a47-9a14-4e76-8555-5e7bcc477e17,correze,Sous-préfecture - Brive-la-Gaillarde,collectivite_administration,prefecture administration,1
https://lannuaire.service-public.gouv.fr/nouvelle-aquitaine/correze/99d87e4f-b62b-43c6-ba9a-0eea20e5ce33,correze,Mairie - Neuvic,collectivite_administration,mairie collectivite,1
https://lannuaire.service-public.gouv.fr/nouvelle-aquitaine/correze/99f82c7a-56ee-4fb6-9e48-87b9a49255e3,correze,Point d'information local dédié aux personnes âgées - Meymac,collectivite_administration,administration collectivite service public,1
https://lannuaire.service-public.gouv.fr/nouvelle-aquitaine/correze/9a71497a-469c-405b-b741-3727a20a62ee,correze,"Direction régionale de l'environnement, de l'aménagement et du logement (Dréal) Nouvelle-Aquitaine - Unité interdépartementale Creuse, Corrèze et Haute-Vienne (Brive-la-Gaillarde)",collectivite_administration,administration collectivite service public,1
https://lannuaire.service-public.gouv.fr/nouvelle-aquitaine/correze/9afa3f21-8390-4508-a230-13ab4f56af1c,correze,Mairie - Pierrefitte,collectivite_administration,mairie collectivite,1
https://lannuaire.service-public.gouv.fr/nouvelle-aquitaine/correze/9c159ea2-3895-47ee-a657-a021760cf865,correze,Mairie - Rosiers-de-Juillac,collectivite_administration,mairie collectivite,1
https://lannuaire.service-public.gouv.fr/nouvelle-aquitaine/correze/9c7a8781-8365-4742-bb9b-3b1618e7ad46,correze,Mairie - Chamboulive,collectivite_administration,mairie collectivite,1
https://lannuaire.service-public.gouv.fr/nouvelle-aquitaine/correze/9cdc64ad-9010-43f8-a11e-6e7dfd29dae6,correze,Mairie - Rilhac-Xaintrie,collectivite_administration,mairie collectivite,1
https://lannuaire.service-public.gouv.fr/nouvelle-aquitaine/correze/9d7a79b1-b805-4bca-8235-f9afc95c723c,correze,Mairie - Benayes,collectivite_administration,mairie collectivite,1
https://lannuaire.service-public.gouv.fr/nouvelle-aquitaine/correze/9dd71b47-1f6d-494e-aa35-85307849fd18,correze,Mairie - Saint-Chamant,collectivite_administration,mairie collectivite,1
https://lannuaire.service-public.gouv.fr/nouvelle-aquitaine/correze/9ee26b21-9d40-4c3f-a1ed-407c48ec034a,correze,Point d'information local dédié aux personnes âgées - Allassac,collectivite_administration,administration collectivite service public,1
https://lannuaire.service-public.gouv.fr/nouvelle-aquitaine/correze/9f0bf2fa-6b2e-4172-a9c3-afee2b00cef9,correze,Mairie - Laroche-près-Feyt,collectivite_administration,mairie collectivite,1
https://lannuaire.service-public.gouv.fr/nouvelle-aquitaine/correze/9f7c6de2-ec63-4299-8ea4-0349a24c039c,correze,France services - Sainte-Féréole,collectivite_administration,administration collectivite service public,1
https://lannuaire.service-public.gouv.fr/nouvelle-aquitaine/correze/9f7ecb99-7c4a-4046-9ef7-fc9fad56f2bb,correze,Centre local des œuvres universitaires et scolaires (Clous) - Brive-la-Gaillarde,collectivite_administration,administration collectivite service public,1
https://lannuaire.service-public.gouv.fr/nouvelle-aquitaine/correze/9fa75f74-0ba2-49e4-bc51-f8d6ebbedeee,correze,Mairie - Noailles,collectivite_administration,mairie collectivite,1
https://lannuaire.service-public.gouv.fr/nouvelle-aquitaine/correze/9fe26cbe-1eac-46c3-994f-70bdb5d8df87,correze,Centre d'information et d'orientation (CIO) - Ussel,collectivite_administration,administration collectivite service public,1
https://lannuaire.service-public.gouv.fr/nouvelle-aquitaine/correze/a1ec2cc1-bb1d-40f4-a6b7-3ebbdae98b68,correze,Mairie - Sarran,collectivite_administration,mairie collectivite,1
https://lannuaire.service-public.gouv.fr/nouvelle-aquitaine/correze/a2019923-c180-4ec7-9f0d-ea6bcb78c6db,correze,Mairie - Soudaine-Lavinadière,collectivite_administration,mairie collectivite,1
https://lannuaire.service-public.gouv.fr/nouvelle-aquitaine/correze/a2a30080-d237-4c90-89c5-a736bb4f7b96,correze,Point d'information local dédié aux personnes âgées - Le Lonzac,collectivite_administration,administration collectivite service public,1
https://lannuaire.service-public.gouv.fr/nouvelle-aquitaine/correze/a3aa8a2e-7867-49ab-9fc6-74a062bd4c1f,correze,Mairie - Perpezac-le-Blanc,collectivite_administration,mairie collectivite,1
https://lannuaire.service-public.gouv.fr/nouvelle-aquitaine/correze/a3fc70f5-2fed-4b33-9537-0bcdd0f9a2a5,correze,Mairie - Nonards,collectivite_administration,mairie collectivite,1
https://lannuaire.service-public.gouv.fr/nouvelle-aquitaine/correze/a403ee99-18ca-4beb-8d56-80b15e73a315,correze,Service de gestion comptable (SGC) - Brive-la-Gaillarde,collectivite_administration,administration collectivite service public,1
https://lannuaire.service-public.gouv.fr/nouvelle-aquitaine/correze/a4090648-b7ff-43f3-af7c-944dbd8d7fd6,correze,Mairie - Ayen,collectivite_administration,mairie collectivite,1
https://lannuaire.service-public.gouv.fr/nouvelle-aquitaine/correze/a4251229-f9be-4363-8c66-6203c4ca17f3,correze,Mairie - Feyt,collectivite_administration,mairie collectivite,1
https://lannuaire.service-public.gouv.fr/nouvelle-aquitaine/correze/a4457d46-f5fa-42db-bd46-697e53a0521e,correze,Mairie - Lascaux,collectivite_administration,mairie collectivite,1
https://lannuaire.service-public.gouv.fr/nouvelle-aquitaine/correze/a7101917-1376-476c-a73a-622a34ba1f38,correze,Mairie - Sérandon,collectivite_administration,mairie collectivite,1
https://lannuaire.service-public.gouv.fr/nouvelle-aquitaine/correze/a71cdbac-a5de-46d9-90b0-9a6ddd84a54f,correze,Mairie - Chirac-Bellevue,collectivite_administration,mairie collectivite,1
https://lannuaire.service-public.gouv.fr/nouvelle-aquitaine/correze/a81c87de-3ba4-45b3-974c-8c5505b084cf,correze,Point d'information local dédié aux personnes âgées - Brive-la-Gaillarde,collectivite_administration,administration collectivite service public,1
https://lannuaire.service-public.gouv.fr/nouvelle-aquitaine/correze/a85e62d4-6a84-416e-bccf-5141d451ebc2,correze,Point info famille - Brive-la-Gaillarde,collectivite_administration,administration collectivite service public,1
https://lannuaire.service-public.gouv.fr/nouvelle-aquitaine/correze/a8de3157-2a11-4b45-a0a6-254218ff57cb,correze,Mairie - Confolent-Port-Dieu,collectivite_administration,mairie collectivite,1
https://lannuaire.service-public.gouv.fr/nouvelle-aquitaine/correze/ab12f0d2-37e2-4d06-a619-387b0659e67b,correze,Mairie - Hautefage,collectivite_administration,mairie collectivite,1
https://lannuaire.service-public.gouv.fr/nouvelle-aquitaine/correze/ab715c46-b860-4527-b6f1-40ef6dbaccd0,correze,Mairie - Favars,collectivite_administration,mairie collectivite,1
https://lannuaire.service-public.gouv.fr/nouvelle-aquitaine/correze/ac3dbb7a-5f1a-412f-9aaf-f6985f508ec6,correze,Mairie - Branceilles,collectivite_administration,mairie collectivite,1
https://lannuaire.service-public.gouv.fr/nouvelle-aquitaine/correze/accedf60-dd06-47d1-a6f8-2e22394af350,correze,Mairie - Saint-Robert,collectivite_administration,mairie collectivite,1
https://lannuaire.service-public.gouv.fr/nouvelle-aquitaine/correze/acd98967-db9b-4fbb-989b-689dd71263cf,correze,Mairie - Auriac,collectivite_administration,mairie collectivite,1
https://lannuaire.service-public.gouv.fr/nouvelle-aquitaine/correze/ad3e15e4-6873-4138-ab5b-8f06486ba734,correze,Mairie - Saint-Rémy,collectivite_administration,mairie collectivite,1
https://lannuaire.service-public.gouv.fr/nouvelle-aquitaine/correze/ae3273c9-4375-4108-a186-5faa88c26c96,correze,Point d'information local dédié aux personnes âgées - Beaulieu-sur-Dordogne,collectivite_administration,administration collectivite service public,1
https://lannuaire.service-public.gouv.fr/nouvelle-aquitaine/correze/ae3544bf-47ea-4b88-9cfa-09866952d419,correze,Mairie - Péret-Bel-Air,collectivite_administration,mairie collectivite,1
https://lannuaire.service-public.gouv.fr/nouvelle-aquitaine/correze/ae9d13d8-c400-4c94-83bf-8662e06715ef,correze,Mairie - Lapleau,collectivite_administration,mairie collectivite,1
https://lannuaire.service-public.gouv.fr/nouvelle-aquitaine/correze/aee4fefb-b732-4028-b4be-9647d5a1d105,correze,France services - Perpezac-le-Noir,collectivite_administration,administration collectivite service public,1
https://lannuaire.service-public.gouv.fr/nouvelle-aquitaine/correze/af8a9121-df67-47b7-864e-261fad04b8b1,correze,Mairie - Bilhac,collectivite_administration,mairie collectivite,1
https://lannuaire.service-public.gouv.fr/nouvelle-aquitaine/correze/afc031e8-2a77-4830-b35b-1a39e68b195a,correze,Mairie - Saint-Étienne-la-Geneste,collectivite_administration,mairie collectivite,1
https://lannuaire.service-public.gouv.fr/nouvelle-aquitaine/correze/b00228e2-188b-4955-90da-5adcc4209cb4,correze,Unité départementale de l'architecture et du patrimoine (UDAP) - Corrèze,collectivite_administration,administration collectivite service public,1
https://lannuaire.service-public.gouv.fr/nouvelle-aquitaine/correze/b007df43-e23b-4149-ba98-bb67b52a0eda,correze,Mairie - Le Chastang,collectivite_administration,mairie collectivite,1
https://lannuaire.service-public.gouv.fr/nouvelle-aquitaine/correze/b01e436a-dfb1-481f-819e-b3d3d1f091c0,correze,France services - Ayen,collectivite_administration,administration collectivite service public,1
https://lannuaire.service-public.gouv.fr/nouvelle-aquitaine/correze/b0665ca1-d76c-44ba-825c-e4742a879221,correze,Mairie déléguée - Brivezac,collectivite_administration,mairie collectivite,1
https://lannuaire.service-public.gouv.fr/nouvelle-aquitaine/correze/b20f5ea5-08fc-4596-9d65-74b9ae22baee,correze,Trésorerie hospitalière de la Corrèze,collectivite_administration,administration collectivite service public,1
https://lannuaire.service-public.gouv.fr/nouvelle-aquitaine/correze/b2223a7c-4b22-4292-88dd-cb299c404111,correze,Mairie - Palisse,collectivite_administration,mairie collectivite,1
https://lannuaire.service-public.gouv.fr/nouvelle-aquitaine/correze/b2537ab8-5a70-4839-af4e-b758fb292294,correze,Mairie - Roche-le-Peyroux,collectivite_administration,mairie collectivite,1
https://lannuaire.service-public.gouv.fr/nouvelle-aquitaine/correze/b3384667-dba7-4f76-ae22-d06867236f84,correze,Centre de protection maternelle et infantile (PMI) - Tulle,collectivite_administration,administration collectivite service public,1
https://lannuaire.service-public.gouv.fr/nouvelle-aquitaine/correze/b3571398-ffaa-48c2-9672-3ef0e635add1,correze,Mairie - Lamazière-Basse,collectivite_administration,mairie collectivite,1
https://lannuaire.service-public.gouv.fr/nouvelle-aquitaine/correze/b365dd59-b2ca-4dc0-9a05-25f5d475ee1f,correze,Mission locale pour l'insertion professionnelle et sociale des jeunes (16-25 ans) - Égletons,jeunesse_loisirs,mission locale jeunesse insertion,1
https://lannuaire.service-public.gouv.fr/nouvelle-aquitaine/correze/b3994d5f-5057-46bc-9dc4-e46bb8e943a5,correze,Mairie - Mansac,collectivite_administration,mairie collectivite,1
https://lannuaire.service-public.gouv.fr/nouvelle-aquitaine/correze/b4a36c1c-9439-41ee-8a39-d5fc8ec949e1,correze,Point d'information local dédié aux personnes âgées - Bugeat,collectivite_administration,administration collectivite service public,1
https://lannuaire.service-public.gouv.fr/nouvelle-aquitaine/correze/b553490a-2bab-4778-b6d0-32a6aa293811,correze,France services - Meymac,structure,maison france services,1
https://lannuaire.service-public.gouv.fr/nouvelle-aquitaine/correze/b5611782-3a56-46c2-bf4b-1b1813b3ba30,correze,Fédération française du bâtiment (FFB) - Corrèze,collectivite_administration,administration collectivite service public,1
https://lannuaire.service-public.gouv.fr/nouvelle-aquitaine/correze/b56769bd-8f83-46b6-a1ef-2c3c73d3e679,correze,Mairie - Moustier-Ventadour,collectivite_administration,mairie collectivite,1
https://lannuaire.service-public.gouv.fr/nouvelle-aquitaine/correze/b57a313b-a525-4ef2-9f69-3520c38b7015,correze,Mairie - Lanteuil,collectivite_administration,mairie collectivite,1
https://lannuaire.service-public.gouv.fr/nouvelle-aquitaine/correze/b58b6947-38eb-4ef2-96cf-7facac0fe362,correze,Point d'information local dédié aux personnes âgées - Saint-Pantaléon-de-Larche,collectivite_administration,administration collectivite service public,1
https://lannuaire.service-public.gouv.fr/nouvelle-aquitaine/correze/b5ac913c-5f5e-44d4-b1ed-0678fd825106,correze,Maison du département - Corrèze - Bugeat,structure,maison france services,1
https://lannuaire.service-public.gouv.fr/nouvelle-aquitaine/correze/b827eff1-278a-4133-8ca4-2c01256692f5,correze,Service départemental d'incendie et de secours (SDIS) - Corrèze,collectivite_administration,administration collectivite service public,1
https://lannuaire.service-public.gouv.fr/nouvelle-aquitaine/correze/b8fe9204-cf5b-437a-9588-3db1c2078351,correze,Mairie - Gumond,collectivite_administration,mairie collectivite,1
https://lannuaire.service-public.gouv.fr/nouvelle-aquitaine/correze/b97bac67-ab43-48fb-b95c-c78d346b8703,correze,Mairie - Clergoux,collectivite_administration,mairie collectivite,1
https://lannuaire.service-public.gouv.fr/nouvelle-aquitaine/correze/b9e908a6-b0ed-44e1-8c11-fe38675219e6,correze,Mairie - Saint-Merd-les-Oussines,collectivite_administration,mairie collectivite,1
https://lannuaire.service-public.gouv.fr/nouvelle-aquitaine/correze/bb31cdd6-8e36-4bb4-98ea-d85c67d4eeba,correze,Mairie - Viam,collectivite_administration,mairie collectivite,1
https://lannuaire.service-public.gouv.fr/nouvelle-aquitaine/correze/bc8270ba-3b0e-46c6-b9eb-ece49b8eb03c,correze,Mairie - Gimel-les-Cascades,collectivite_administration,mairie collectivite,1
https://lannuaire.service-public.gouv.fr/nouvelle-aquitaine/correze/be4a305a-5864-4385-97af-8d25a3c8269c,correze,Centre communal d'action sociale (CCAS) - Argentat-sur-Dordogne,collectivite_administration,mairie collectivite,1
https://lannuaire.service-public.gouv.fr/nouvelle-aquitaine/correze/bea6b15d-4445-4411-979c-16b73d2bfb56,correze,Mairie - Vignols,collectivite_administration,mairie collectivite,1
https://lannuaire.service-public.gouv.fr/nouvelle-aquitaine/correze/bf9433a1-a464-4bc2-92ff-e22b76cb6b52,correze,Mairie - La Chapelle-Spinasse,collectivite_administration,mairie collectivite,1
https://lannuaire.service-public.gouv.fr/nouvelle-aquitaine/correze/c0118150-f598-4a42-a341-7935c481de17,correze,Mairie - Saint-Mexant,collectivite_administration,mairie collectivite,1
https://lannuaire.service-public.gouv.fr/nouvelle-aquitaine/correze/c10b6f9b-1fc9-4fd3-b6f4-137d736b854e,correze,Mairie - Uzerche,collectivite_administration,mairie collectivite,1
https://lannuaire.service-public.gouv.fr/nouvelle-aquitaine/correze/c14f3563-6c9e-47fe-a228-0783f1aacfe3,correze,Mairie - Gourdon-Murat,collectivite_administration,mairie collectivite,1
https://lannuaire.service-public.gouv.fr/nouvelle-aquitaine/correze/c1a83db7-6853-4a60-a5cb-68dfb30d6dec,correze,Mairie - Queyssac-les-Vignes,collectivite_administration,mairie collectivite,1
https://lannuaire.service-public.gouv.fr/nouvelle-aquitaine/correze/c2161db0-3d46-4758-9e3c-652140a16c1c,correze,Point d'information local dédié aux personnes âgées - Meyssac,collectivite_administration,administration collectivite service public,1
https://lannuaire.service-public.gouv.fr/nouvelle-aquitaine/correze/c2cac9cf-a7c3-483b-9d23-6eb68c251fef,correze,Mairie - Bort-les-Orgues,collectivite_administration,mairie collectivite,1
https://lannuaire.service-public.gouv.fr/nouvelle-aquitaine/correze/c2dc9aab-fb2a-4c22-8546-3b92c6d600f0,correze,Mairie - Eyburie,collectivite_administration,mairie collectivite,1
https://lannuaire.service-public.gouv.fr/nouvelle-aquitaine/correze/c335fcba-6196-43a2-9494-fe409e0383a6,correze,France services - Mansac,collectivite_administration,administration collectivite service public,1
https://lannuaire.service-public.gouv.fr/nouvelle-aquitaine/correze/c3f93d53-fdc6-4a51-a4b0-49dbd553c97e,correze,Point d'information local dédié aux personnes âgées - Marcillac-la-Croisille,collectivite_administration,administration collectivite service public,1
https://lannuaire.service-public.gouv.fr/nouvelle-aquitaine/correze/c4908098-246d-4bb3-a17e-8a669f66f3bd,correze,Mairie - Chanac-les-Mines,collectivite_administration,mairie collectivite,1
https://lannuaire.service-public.gouv.fr/nouvelle-aquitaine/correze/c4cb1f89-7dc0-4b18-83ad-a991f0b5c1fc,correze,Mairie - Turenne,collectivite_administration,mairie collectivite,1
https://lannuaire.service-public.gouv.fr/nouvelle-aquitaine/correze/c6473f9d-0ad4-416f-9ecd-326fb345fa21,correze,Mairie - Lubersac,collectivite_administration,mairie collectivite,1
https://lannuaire.service-public.gouv.fr/nouvelle-aquitaine/correze/c64f5c14-a153-4ce3-9834-c39105bc5922,correze,Point d'information local dédié aux personnes âgées - Brive-la-Gaillarde,collectivite_administration,administration collectivite service public,1
https://lannuaire.service-public.gouv.fr/nouvelle-aquitaine/correze/c6b8d075-ef48-4b3e-908d-441ba66c93bc,correze,Mairie - Saint-Priest-de-Gimel,collectivite_administration,mairie collectivite,1
https://lannuaire.service-public.gouv.fr/nouvelle-aquitaine/correze/c7014cdf-8afd-4e38-a980-cdb21bc55a46,correze,France services - Marcillac-la-Croisille,collectivite_administration,administration collectivite service public,1
https://lannuaire.service-public.gouv.fr/nouvelle-aquitaine/correze/c8c990b1-f1bf-4e9d-adfa-de3cc618f4d1,correze,Mairie - Davignac,collectivite_administration,mairie collectivite,1
https://lannuaire.service-public.gouv.fr/nouvelle-aquitaine/correze/c90496d1-4cae-4ad8-8ed8-f4395d1c1d14,correze,Mairie - Chabrignac,collectivite_administration,mairie collectivite,1
https://lannuaire.service-public.gouv.fr/nouvelle-aquitaine/correze/c9778657-a283-463d-9b9e-42b47cad0234,correze,Mairie - Lignareix,collectivite_administration,mairie collectivite,1
https://lannuaire.service-public.gouv.fr/nouvelle-aquitaine/correze/ca535586-245a-4a45-872f-2824fcc12811,correze,Tribunal judiciaire de Brive-la-Gaillarde,collectivite_administration,administration collectivite service public,1
https://lannuaire.service-public.gouv.fr/nouvelle-aquitaine/correze/ca6ef2e1-e150-40f9-9d29-2975b27c1fca,correze,Mairie - Lostanges,collectivite_administration,mairie collectivite,1
https://lannuaire.service-public.gouv.fr/nouvelle-aquitaine/correze/cacdf204-6a1c-4540-b1d6-2cc9c1af6dbb,correze,Mairie - Masseret,collectivite_administration,mairie collectivite,1
https://lannuaire.service-public.gouv.fr/nouvelle-aquitaine/correze/cadf0a9c-0b7c-4d80-9702-3738a2515ddc,correze,Mairie - Alleyrat,collectivite_administration,mairie collectivite,1
https://lannuaire.service-public.gouv.fr/nouvelle-aquitaine/correze/cb153b56-f916-4db2-8476-fd95f154d88e,correze,Espace conseil France Rénov' - Ussel,collectivite_administration,administration collectivite service public,1
https://lannuaire.service-public.gouv.fr/nouvelle-aquitaine/correze/cc89d4aa-9b4d-4301-9d5b-645d9bdadc68,correze,Centre d'information et d'orientation (CIO) - Brive-la-Gaillarde,collectivite_administration,administration collectivite service public,1
https://lannuaire.service-public.gouv.fr/nouvelle-aquitaine/correze/ccae7323-7410-4d72-a986-b19e05b66b3d,correze,Mairie - Maussac,collectivite_administration,mairie collectivite,1
https://lannuaire.service-public.gouv.fr/nouvelle-aquitaine/correze/ccfdeaee-6a3d-4dd7-825e-f281ff59f7bb,correze,Mairie - Pradines,collectivite_administration,mairie collectivite,1
https://lannuaire.service-public.gouv.fr/nouvelle-aquitaine/correze/cd3309eb-93f8-4707-9307-24fd3237e236,correze,Mairie - Saint-Pantaléon-de-Lapleau,collectivite_administration,mairie collectivite,1
https://lannuaire.service-public.gouv.fr/nouvelle-aquitaine/correze/cd74d44a-15a5-474d-b2c6-f9b15cb3407a,correze,Mairie - Saint-Viance,collectivite_administration,mairie collectivite,1
https://lannuaire.service-public.gouv.fr/nouvelle-aquitaine/correze/cdc94b9f-193b-400d-866d-0d17d5e933a3,correze,Service de gestion comptable (SGC) - Beaulieu-sur-Dordogne,collectivite_administration,administration collectivite service public,1
https://lannuaire.service-public.gouv.fr/nouvelle-aquitaine/correze/ce7082eb-2b8b-42d6-909d-bdde218d5d0d,correze,Mairie - Saint-Julien-le-Vendômois,collectivite_administration,mairie collectivite,1
https://lannuaire.service-public.gouv.fr/nouvelle-aquitaine/correze/ce8ebe18-8604-426e-ae91-af601d7ff6f0,correze,Bibliothèque départementale - Corrèze,collectivite_administration,administration collectivite service public,1
https://lannuaire.service-public.gouv.fr/nouvelle-aquitaine/correze/cfbd656a-62ae-475b-ac4a-8763f003273c,correze,Mairie - Affieux,collectivite_administration,mairie collectivite,1
https://lannuaire.service-public.gouv.fr/nouvelle-aquitaine/correze/cffd222b-8bd3-45d4-bfd2-1a6eaeb1801b,correze,Mairie - Sarroux-Saint-Julien,collectivite_administration,mairie collectivite,1
https://lannuaire.service-public.gouv.fr/nouvelle-aquitaine/correze/d0909834-8312-4153-af7a-e31049f81e04,correze,Mairie - Treignac,collectivite_administration,mairie collectivite,1
https://lannuaire.service-public.gouv.fr/nouvelle-aquitaine/correze/d1310d7d-6cae-455d-b9de-5630d9fa0bad,correze,Mairie - Chauffour-sur-Vell,collectivite_administration,mairie collectivite,1
https://lannuaire.service-public.gouv.fr/nouvelle-aquitaine/correze/d175e5a7-12e8-43a5-9187-106e7e20d220,correze,Greffe des associations - Corrèze (Tulle),collectivite_administration,prefecture administration,1
https://lannuaire.service-public.gouv.fr/nouvelle-aquitaine/correze/d23511f5-46e6-4f59-bf7b-d0bf9855d253,correze,Mairie - Brignac-la-Plaine,collectivite_administration,mairie collectivite,1
https://lannuaire.service-public.gouv.fr/nouvelle-aquitaine/correze/d31888b2-388e-4862-9df5-0b107543a3cb,correze,Mairie - Saint-Pardoux-la-Croisille,collectivite_administration,mairie collectivite,1
https://lannuaire.service-public.gouv.fr/nouvelle-aquitaine/correze/d361a933-b7c4-4245-aafa-c0baab6bac8d,correze,Bureau de douane - Brive-la-Gaillarde,collectivite_administration,administration collectivite service public,1
https://lannuaire.service-public.gouv.fr/nouvelle-aquitaine/correze/d3e5ea4b-d1d5-43f6-93c4-624e9b60e7ac,correze,Mairie - Sainte-Marie-Lapanouze,collectivite_administration,mairie collectivite,1
https://lannuaire.service-public.gouv.fr/nouvelle-aquitaine/correze/d3f1eb3b-3291-481e-bd2e-c4ff2cb92468,correze,Centre de gestion de la fonction publique territoriale - Corrèze,collectivite_administration,administration collectivite service public,1
https://lannuaire.service-public.gouv.fr/nouvelle-aquitaine/correze/d40e6c9d-93f7-4366-8c4e-e5f1d188b2c3,correze,Mairie - Le Lonzac,collectivite_administration,mairie collectivite,1
https://lannuaire.service-public.gouv.fr/nouvelle-aquitaine/correze/d54db843-f92e-4fda-8f51-738bf789b452,correze,Centre de ressources et d'information des bénévoles (CRIB) - Profession sport Limousin,collectivite_administration,administration collectivite service public,1
https://lannuaire.service-public.gouv.fr/nouvelle-aquitaine/correze/d655baf5-4798-459c-9599-55400c08f283,correze,Mairie - Troche,collectivite_administration,mairie collectivite,1
https://lannuaire.service-public.gouv.fr/nouvelle-aquitaine/correze/d8a288cc-f38a-4b22-868e-8ab16041c5a1,correze,Mairie - Darnets,collectivite_administration,mairie collectivite,1
https://lannuaire.service-public.gouv.fr/nouvelle-aquitaine/correze/d916d41a-be51-4b40-84d0-c684d3152471,correze,Point information jeunesse - Tulle,jeunesse_loisirs,PIJ information jeunesse,1
https://lannuaire.service-public.gouv.fr/nouvelle-aquitaine/correze/d9a08b45-e751-492b-a60c-0d6973d3b0d9,correze,Communauté de communes - Ventadour Egletons Monédières,collectivite_administration,administration collectivite service public,1
https://lannuaire.service-public.gouv.fr/nouvelle-aquitaine/correze/dbda8a0f-56b8-4761-9338-f9ecf2ea26ad,correze,Point conseil budget - Union départementale des associations familiales (UDAF 19) - Ussel,collectivite_administration,administration collectivite service public,1
https://lannuaire.service-public.gouv.fr/nouvelle-aquitaine/correze/dc41cadb-6944-4c0a-bad4-98010117c904,correze,Mairie - Toy-Viam,collectivite_administration,mairie collectivite,1
https://lannuaire.service-public.gouv.fr/nouvelle-aquitaine/correze/de29b3ab-fdc5-429e-bf61-03d1717222cb,correze,Mairie - Combressol,collectivite_administration,mairie collectivite,1
https://lannuaire.service-public.gouv.fr/nouvelle-aquitaine/correze/de7cf06e-df62-4237-9072-deee4101569b,correze,Mairie - Altillac,collectivite_administration,mairie collectivite,1
https://lannuaire.service-public.gouv.fr/nouvelle-aquitaine/correze/df74120f-6ba5-44af-b9a5-ee894dff2e09,correze,Mairie - Eygurande,collectivite_administration,mairie collectivite,1
https://lannuaire.service-public.gouv.fr/nouvelle-aquitaine/correze/df859f79-9160-496c-94c3-8bcc473fb987,correze,Parc naturel régional - Millevaches en Limousin,collectivite_administration,administration collectivite service public,1
https://lannuaire.service-public.gouv.fr/nouvelle-aquitaine/correze/e011789b-2fec-4b72-801d-c233b292c0a1,correze,Mairie - Lestards,collectivite_administration,mairie collectivite,1
https://lannuaire.service-public.gouv.fr/nouvelle-aquitaine/correze/e032bf78-0349-4a5d-9e94-bdf0df401531,correze,Mairie - Condat-sur-Ganaveix,collectivite_administration,mairie collectivite,1
https://lannuaire.service-public.gouv.fr/nouvelle-aquitaine/correze/e04cd3d5-cdff-4b5e-9116-716b78bf1f8d,correze,Mairie - Brive-la-Gaillarde,collectivite_administration,mairie collectivite,1
https://lannuaire.service-public.gouv.fr/nouvelle-aquitaine/correze/e12867e7-b107-4587-bdff-e861f9747cc4,correze,Mairie - Eyrein,collectivite_administration,mairie collectivite,1
https://lannuaire.service-public.gouv.fr/nouvelle-aquitaine/correze/e1d7e53b-d2c6-4bd0-aef7-92d3047b38e1,correze,Mairie - Saint-Paul,collectivite_administration,mairie collectivite,1
https://lannuaire.service-public.gouv.fr/nouvelle-aquitaine/correze/e3e1fbb9-842b-4721-9823-9a587ee96ef4,correze,Mairie - La Chapelle-Saint-Géraud,collectivite_administration,mairie collectivite,1
https://lannuaire.service-public.gouv.fr/nouvelle-aquitaine/correze/e4cbb96b-dc6c-44d4-af75-4cc796e539fd,correze,Mairie - Saint-Bazile-de-Meyssac,collectivite_administration,mairie collectivite,1
https://lannuaire.service-public.gouv.fr/nouvelle-aquitaine/correze/e5014573-391b-493e-a468-eb926cc8f1ce,correze,Point d'information local dédié aux personnes âgées - Brive-la-Gaillarde,collectivite_administration,administration collectivite service public,1
https://lannuaire.service-public.gouv.fr/nouvelle-aquitaine/correze/e53b4028-f464-46b2-bd1a-d0b4bfc4b66b,correze,Mairie - Saint-Hilaire-Taurieux,collectivite_administration,mairie collectivite,1
https://lannuaire.service-public.gouv.fr/nouvelle-aquitaine/correze/e644c333-a50b-4d87-aef9-fe8ee0623c4a,correze,Mairie - Orliac-de-Bar,collectivite_administration,mairie collectivite,1
https://lannuaire.service-public.gouv.fr/nouvelle-aquitaine/correze/e6618186-0738-48e0-9ee2-184519ec5a6d,correze,Communauté de communes - Midi Corrézien,collectivite_administration,administration collectivite service public,1
https://lannuaire.service-public.gouv.fr/nouvelle-aquitaine/correze/e6aef9c6-1a52-405d-8334-715f94305a12,correze,Police municipale - Tulle,collectivite_administration,administration collectivite service public,1
https://lannuaire.service-public.gouv.fr/nouvelle-aquitaine/correze/e6c3747f-5c11-4a7a-af49-ff68ead5f95a,correze,Mairie - Chenailler-Mascheix,collectivite_administration,mairie collectivite,1
https://lannuaire.service-public.gouv.fr/nouvelle-aquitaine/correze/e883308b-647f-4e3e-b630-41700b3fcf0c,correze,Mairie - Égletons,collectivite_administration,mairie collectivite,1
https://lannuaire.service-public.gouv.fr/nouvelle-aquitaine/correze/e8fb39c0-972f-4b41-9b98-0f0b7a096e12,correze,Mairie - Lafage-sur-Sombre,collectivite_administration,mairie collectivite,1
https://lannuaire.service-public.gouv.fr/nouvelle-aquitaine/correze/e9f0bdaf-2b21-45b0-9ae7-06a132a71d3d,correze,Mairie - Saint-Merd-de-Lapleau,collectivite_administration,mairie collectivite,1
https://lannuaire.service-public.gouv.fr/nouvelle-aquitaine/correze/ea0f0686-f7bc-4e15-94a5-f8a6f62dbeeb,correze,Greta Limousin - Site d'Egleton,collectivite_administration,administration collectivite service public,1
https://lannuaire.service-public.gouv.fr/nouvelle-aquitaine/correze/eb06039b-05a4-4481-a3da-6e1cb3ff78f3,correze,Mairie - La Chapelle-aux-Saints,collectivite_administration,mairie collectivite,1
https://lannuaire.service-public.gouv.fr/nouvelle-aquitaine/correze/ebba7df2-6fec-417a-8ca6-3da1adaf58c7,correze,Bureau d'aide aux victimes du tribunal judiciaire de Tulle,collectivite_administration,administration collectivite service public,1
https://lannuaire.service-public.gouv.fr/nouvelle-aquitaine/correze/ec76fa8e-79cd-484c-9a25-3a4077c65de2,correze,Mairie - Pandrignes,collectivite_administration,mairie collectivite,1
https://lannuaire.service-public.gouv.fr/nouvelle-aquitaine/correze/ec9b5843-1257-4b9d-8d2c-559f06cd9d85,correze,Mairie - Pérols-sur-Vézère,collectivite_administration,mairie collectivite,1
https://lannuaire.service-public.gouv.fr/nouvelle-aquitaine/correze/ecac6857-f668-4602-8b53-6fddbb04b6c8,correze,Agence départementale d'information sur le logement (ADIL) - Corrèze,collectivite_administration,administration collectivite service public,1
https://lannuaire.service-public.gouv.fr/nouvelle-aquitaine/correze/ecbbd14a-5918-4027-8438-1227d6463a8f,correze,Mairie - Beynat,collectivite_administration,mairie collectivite,1
https://lannuaire.service-public.gouv.fr/nouvelle-aquitaine/correze/ecde0778-e582-4788-94eb-3ccf4fb4729e,correze,Point d'information local dédié aux personnes âgées - Laguenne,collectivite_administration,administration collectivite service public,1
https://lannuaire.service-public.gouv.fr/nouvelle-aquitaine/correze/ed2b6917-bbc3-46c7-bda4-2556a173b7a6,correze,Point conseil budget - Familles rurales 19 - Chanteix,collectivite_administration,administration collectivite service public,1
https://lannuaire.service-public.gouv.fr/nouvelle-aquitaine/correze/ede2a364-3c7d-4ccf-94e1-fb6e2706789d,correze,Conseil départemental de l'ordre des médecins - Corrèze,collectivite_administration,administration collectivite service public,1
https://lannuaire.service-public.gouv.fr/nouvelle-aquitaine/correze/edede7ca-a643-4f95-8df8-bfeccef4003b,correze,Mairie - Saint-Martin-la-Méanne,collectivite_administration,mairie collectivite,1
https://lannuaire.service-public.gouv.fr/nouvelle-aquitaine/correze/ee5a75e7-b7dc-46cd-a116-1f727fe917d5,correze,Centre d'information sur les droits des femmes et des familles (CIDFF) - Corrèze,collectivite_administration,administration collectivite service public,1
https://lannuaire.service-public.gouv.fr/nouvelle-aquitaine/correze/ef00143c-a9d9-495a-8217-06e49f67a9b2,correze,Point d'information local dédié aux personnes âgées - Lubersac,collectivite_administration,administration collectivite service public,1
https://lannuaire.service-public.gouv.fr/nouvelle-aquitaine/correze/ef02d495-bf01-4251-8cd7-1bc2b6fa86dc,correze,Sous-préfecture - Ussel,collectivite_administration,administration collectivite service public,1
https://lannuaire.service-public.gouv.fr/nouvelle-aquitaine/correze/ef93ee62-7d85-42e8-95a4-d3e5de257dfa,correze,Instance de Coordination de l'Autonomie d'Ussel,collectivite_administration,administration collectivite service public,1
https://lannuaire.service-public.gouv.fr/nouvelle-aquitaine/correze/efe12c93-adc8-44e6-876d-b27b725479f7,correze,Conseil de prud'hommes de Brive-la-Gaillarde,collectivite_administration,administration collectivite service public,1
https://lannuaire.service-public.gouv.fr/nouvelle-aquitaine/correze/f19ef754-a5d5-421f-8fa1-7c5ffa07d6e5,correze,Point d'information local dédié aux personnes âgées - Sornac,collectivite_administration,administration collectivite service public,1
https://lannuaire.service-public.gouv.fr/nouvelle-aquitaine/correze/f3f9cb72-d597-44e1-903c-0d7d48dcfc2d,correze,Point d'information local dédié aux personnes âgées - Corrèze,collectivite_administration,administration collectivite service public,1
https://lannuaire.service-public.gouv.fr/nouvelle-aquitaine/correze/f45ea8bb-7b67-4e95-a527-cf53718681fa,correze,Mairie - Forgès,collectivite_administration,mairie collectivite,1
https://lannuaire.service-public.gouv.fr/nouvelle-aquitaine/correze/f4d37d6d-9aac-4b81-9af9-cf81f3ec20e2,correze,Mairie - Perpezac-le-Noir,collectivite_administration,mairie collectivite,1
https://lannuaire.service-public.gouv.fr/nouvelle-aquitaine/correze/f59a339d-5952-4716-9041-8f348b1e2572,correze,Mairie - Saint-Julien-Maumont,collectivite_administration,mairie collectivite,1
https://lannuaire.service-public.gouv.fr/nouvelle-aquitaine/correze/f5b41a10-2993-405c-8a6a-a5f44a8c172f,correze,Mairie - Bellechassagne,collectivite_administration,mairie collectivite,1
https://lannuaire.service-public.gouv.fr/nouvelle-aquitaine/correze/f6017fbc-4e4e-48a1-a361-68fb668886ba,correze,Mairie - Soudeilles,collectivite_administration,mairie collectivite,1
https://lannuaire.service-public.gouv.fr/nouvelle-aquitaine/correze/f650cd4b-915f-4b68-8fbd-2b662fb71a16,correze,Mairie - Lamongerie,collectivite_administration,mairie collectivite,1
https://lannuaire.service-public.gouv.fr/nouvelle-aquitaine/correze/f65c299e-8e38-4b74-a71b-29ffe9e805dc,correze,Plateforme d'accompagnement et de répit pour les aidants de personnes âgées - Brive-la-Gaillarde,collectivite_administration,administration collectivite service public,1
https://lannuaire.service-public.gouv.fr/nouvelle-aquitaine/correze/f7a996b6-a039-405f-b302-04c34b263c97,correze,Mairie - Mestes,collectivite_administration,mairie collectivite,1
https://lannuaire.service-public.gouv.fr/nouvelle-aquitaine/correze/f82c3fec-2871-449c-a620-4671cb8571cd,correze,Mairie - Saint-Hilaire-Luc,collectivite_administration,mairie collectivite,1
https://lannuaire.service-public.gouv.fr/nouvelle-aquitaine/correze/f88caa3d-3568-42f5-b518-a731d698f686,correze,France services - Les Trois-Saints - Saint-Ybard,collectivite_administration,administration collectivite service public,1
https://lannuaire.service-public.gouv.fr/nouvelle-aquitaine/correze/f8b46ecf-b160-49c1-b08e-782eb82cb600,correze,Mairie - Saint-Setiers,collectivite_administration,mairie collectivite,1
https://lannuaire.service-public.gouv.fr/nouvelle-aquitaine/correze/f8bbb3a6-cb08-40f9-bd03-db3819571ad4,correze,Mairie - Cornil,collectivite_administration,mairie collectivite,1
https://lannuaire.service-public.gouv.fr/nouvelle-aquitaine/correze/f9fe7c5e-8210-4d4b-a39e-776a17b1cf69,correze,Service Prévention Santé Travail Corrèze - Dordogne (SPST 19-24),collectivite_administration,administration collectivite service public,1
https://lannuaire.service-public.gouv.fr/nouvelle-aquitaine/correze/fae7353d-d789-47fc-bebb-73f6302427fb,correze,Mairie - Marcillac-la-Croisille,collectivite_administration,mairie collectivite,1
https://lannuaire.service-public.gouv.fr/nouvelle-aquitaine/correze/fb412f33-d31c-4086-bf11-7a71a209dd51,correze,Mairie - Rosiers-d Égletons,collectivite_administration,mairie collectivite,1
https://lannuaire.service-public.gouv.fr/nouvelle-aquitaine/correze/fb8946ce-2470-4763-bb92-69a64b363263,correze,Mairie - Couffy-sur-Sarsonne,collectivite_administration,mairie collectivite,1
https://lannuaire.service-public.gouv.fr/nouvelle-aquitaine/correze/fb9f56e8-f209-44aa-b51b-ed8c4f1b0e1e,correze,Mairie - L Église-aux-Bois,collectivite_administration,mairie collectivite,1
https://lannuaire.service-public.gouv.fr/nouvelle-aquitaine/correze/fca0eb6b-62fb-4fab-aac3-866e2a6a6d6d,correze,Mairie - Nespouls,collectivite_administration,mairie collectivite,1
https://lannuaire.service-public.gouv.fr/nouvelle-aquitaine/correze/fde0d532-16b9-48f6-9671-b2c76fb6fb52,correze,Mairie - Saint-Bonnet-l Enfantier,collectivite_administration,mairie collectivite,1
https://lannuaire.service-public.gouv.fr/nouvelle-aquitaine/correze/fe44f939-364f-4c85-920b-45daa1ac2912,correze,Point info famille - Tulle,collectivite_administration,administration collectivite service public,1
https://lannuaire.service-public.gouv.fr/nouvelle-aquitaine/correze/fedbbf65-1121-440c-a6ce-94424fdb3337,correze,Point d'information local dédié aux personnes âgées - Eygurande,collectivite_administration,administration collectivite service public,1
https://lannuaire.service-public.gouv.fr/nouvelle-aquitaine/correze/ff205059-9cf1-4f5c-8688-5a6e7d77241b,correze,Espace conseil France Rénov' - Brive-la-Gaillarde,structure,maison france services,1
https://snalc-lyon.fr/wp-content/uploads/sites/3/2022/02/QU1462BIS.pdf,correze,SNALC Limousin,syndicat,syndicat lycees colleges,1
https://www.cgt-na.fr/nous-contacter/,correze,CGT Nouvelle-Aquitaine - Correze,syndicat,syndicat interprofessionnel,1
https://www.leguidepratique.com/guide/haute-correze/education-enseignement/parents-d-eleves/fcpe,correze,FCPE Correze,association_parents,association parents eleves,1
https://www.limoges.snes.edu/SNES-FSU-Correze.html,correze,SNES-FSU Correze,syndicat,syndicat education second degre,1
https://www.sport-handicap-n-aquitaine.org/pages/correze,correze,Sport & Handicap Nouvelle-Aquitaine - Correze,jeunesse_loisirs | sport,SDJES jeunesse sports | club sportif handicap,3
https://www.tourismecorreze.com/fr/tourisme_detail/base_de_loisirs_les_aubaredes.html,correze,Base de loisirs Les Aubaredes,sport,sports loisirs,1
https://cerjep.fr/les-maisons-des-adolescents-mda/,creuse,MDA de la Creuse,protection_enfance,maison des adolescents protection enfance,1
https://lannuaire.service-public.gouv.fr/nouvelle-aquitaine/creuse/014964c3-0743-42ec-a909-321609644786,creuse,Greta Limousin - Site de Guéret,collectivite_administration,administration collectivite service public,1
https://lannuaire.service-public.gouv.fr/nouvelle-aquitaine/creuse/015c9442-fcfd-4961-a550-e1ee7b01bc3d,creuse,Mairie - La Saunière,collectivite_administration,mairie collectivite,1
https://lannuaire.service-public.gouv.fr/nouvelle-aquitaine/creuse/05aed8f5-39ed-4a90-aa73-54c39194d4d4,creuse,"Conseil d'architecture, d'urbanisme et de l'environnement (CAUE) - Creuse",collectivite_administration,administration collectivite service public,1
https://lannuaire.service-public.gouv.fr/nouvelle-aquitaine/creuse/07c66bb4-90ad-4801-a6c7-0cff5c91a384,creuse,Mairie - Saint-Quentin-la-Chabanne,collectivite_administration,mairie collectivite,1
https://lannuaire.service-public.gouv.fr/nouvelle-aquitaine/creuse/095b0560-fa50-4927-bd75-a5f4371c3b18,creuse,Centre communal d'action sociale (CCAS) - Saint-Sulpice-le-Guérétois,collectivite_administration,mairie collectivite,1
https://lannuaire.service-public.gouv.fr/nouvelle-aquitaine/creuse/09cc00cc-7d57-45bd-81af-59b015026301,creuse,Mairie - Jarnages,collectivite_administration,mairie collectivite,1
https://lannuaire.service-public.gouv.fr/nouvelle-aquitaine/creuse/09dedcc0-7097-4abf-ac18-c4e6638ed62f,creuse,Mairie - Villard,collectivite_administration,mairie collectivite,1
https://lannuaire.service-public.gouv.fr/nouvelle-aquitaine/creuse/0a774803-e054-40ee-ac31-ff46cb6e83d8,creuse,Mairie - Saint-Dizier-la-Tour,collectivite_administration,mairie collectivite,1
https://lannuaire.service-public.gouv.fr/nouvelle-aquitaine/creuse/0ccdec0e-e021-45a9-981f-229c197a9098,creuse,Mairie - Saint-Pardoux-d Arnet,collectivite_administration,mairie collectivite,1
https://lannuaire.service-public.gouv.fr/nouvelle-aquitaine/creuse/0e9035a4-062d-429b-9af4-f86d6057e84d,creuse,Mairie - Saint-Léger-Bridereix,collectivite_administration,mairie collectivite,1
https://lannuaire.service-public.gouv.fr/nouvelle-aquitaine/creuse/0ebb51b2-6a20-4781-b238-e66ffc0a5661,creuse,Mairie - Puy-Malsignat,collectivite_administration,mairie collectivite,1
https://lannuaire.service-public.gouv.fr/nouvelle-aquitaine/creuse/0f7f5b58-1c7f-44cd-97fc-2d6a88b2f7cd,creuse,Mairie - Chambon-sur-Voueize,collectivite_administration,mairie collectivite,1
https://lannuaire.service-public.gouv.fr/nouvelle-aquitaine/creuse/0ff6fa4e-481b-4f59-809c-910b0ea08143,creuse,Mairie - Nouziers,collectivite_administration,mairie collectivite,1
https://lannuaire.service-public.gouv.fr/nouvelle-aquitaine/creuse/1070d3a5-2930-4519-86f6-1511c7b79f90,creuse,Mairie - Néoux,collectivite_administration,mairie collectivite,1
https://lannuaire.service-public.gouv.fr/nouvelle-aquitaine/creuse/112be179-7cca-4f48-8053-811cb733f50f,creuse,Centre communal d'action sociale (CCAS) - Clugnat,collectivite_administration,mairie collectivite,1
https://lannuaire.service-public.gouv.fr/nouvelle-aquitaine/creuse/1141f74f-0a09-406b-a982-ca24ceb0e687,creuse,Communauté de communes - Pays Sostranien,collectivite_administration,administration collectivite service public,1
https://lannuaire.service-public.gouv.fr/nouvelle-aquitaine/creuse/11b3f616-22c6-4e0d-b593-c83c9da31b31,creuse,Communauté d'agglomération - Grand Guéret,collectivite_administration,administration collectivite service public,1
https://lannuaire.service-public.gouv.fr/nouvelle-aquitaine/creuse/11ebb065-5f44-4ee9-8f48-0d33b45b7c03,creuse,Mairie - Nouzerines,collectivite_administration,mairie collectivite,1
https://lannuaire.service-public.gouv.fr/nouvelle-aquitaine/creuse/1262a493-de82-4f7a-8ae0-3992097bfab4,creuse,Mairie - Lépaud,collectivite_administration,mairie collectivite,1
https://lannuaire.service-public.gouv.fr/nouvelle-aquitaine/creuse/12a9cf52-237d-4f27-81ff-57ecb55b2eea,creuse,Bureau information jeunesse - Guéret,jeunesse_loisirs,PIJ information jeunesse,1
https://lannuaire.service-public.gouv.fr/nouvelle-aquitaine/creuse/12ca4e28-10e4-43a3-8a02-567229b84766,creuse,Agence nationale de l'habitat (Anah) - Délégation locale - Creuse,collectivite_administration,administration collectivite service public,1
https://lannuaire.service-public.gouv.fr/nouvelle-aquitaine/creuse/132e9a06-5a12-4881-8185-7be5fd594106,creuse,Mairie - Saint-Médard-la-Rochette,collectivite_administration,mairie collectivite,1
https://lannuaire.service-public.gouv.fr/nouvelle-aquitaine/creuse/143b82e5-e5cd-4dab-8f3b-6fca47d6e6b7,creuse,Centre communal d'action sociale (CCAS) - Bourganeuf,collectivite_administration,administration collectivite service public,1
https://lannuaire.service-public.gouv.fr/nouvelle-aquitaine/creuse/158f0b1b-672d-403a-a209-2aabee68da12,creuse,Laboratoire départemental d'analyses - Creuse,collectivite_administration,administration collectivite service public,1
https://lannuaire.service-public.gouv.fr/nouvelle-aquitaine/creuse/16bea130-f946-452c-b5bd-3dec55e414dc,creuse,Mairie - Pierrefitte,collectivite_administration,mairie collectivite,1
https://lannuaire.service-public.gouv.fr/nouvelle-aquitaine/creuse/17a66b8d-26f0-41c3-bf53-1157e6571ff8,creuse,Centre communal d'action sociale (CCAS) - Boussac,collectivite_administration,mairie collectivite,1
https://lannuaire.service-public.gouv.fr/nouvelle-aquitaine/creuse/181289c1-2008-4c16-bad4-9dd9081d32b1,creuse,Service de la publicité foncière et de l'enregistrement (SPFE) - Guéret,collectivite_administration,administration collectivite service public,1
https://lannuaire.service-public.gouv.fr/nouvelle-aquitaine/creuse/18d84e15-5158-4bf1-b87a-e2b9a441d07f,creuse,Mairie - Saint-Merd-la-Breuille,collectivite_administration,mairie collectivite,1
https://lannuaire.service-public.gouv.fr/nouvelle-aquitaine/creuse/1a39f55c-efc0-49f8-9c98-c2768a1802ba,creuse,Mairie - Basville,collectivite_administration,mairie collectivite,1
https://lannuaire.service-public.gouv.fr/nouvelle-aquitaine/creuse/1a6603da-cf04-4e66-9f9c-8b06375580a8,creuse,Mairie - Bussière-Nouvelle,collectivite_administration,mairie collectivite,1
https://lannuaire.service-public.gouv.fr/nouvelle-aquitaine/creuse/1aa0c350-5269-41ef-a51e-b6a1f45da830,creuse,Mairie - Azat-Châtenet,collectivite_administration,mairie collectivite,1
https://lannuaire.service-public.gouv.fr/nouvelle-aquitaine/creuse/1c9b1845-ddf5-4f94-93af-0c8d9c4afca0,creuse,Mairie - Saint-Pardoux-les-Cards,collectivite_administration,mairie collectivite,1
https://lannuaire.service-public.gouv.fr/nouvelle-aquitaine/creuse/1cb821d2-f441-4c6d-8251-cddec09956fd,creuse,Mairie - Vareilles,collectivite_administration,mairie collectivite,1
https://lannuaire.service-public.gouv.fr/nouvelle-aquitaine/creuse/1d30b510-efb5-4c19-bc22-eb6e44cb1103,creuse,Mairie - Sannat,collectivite_administration,mairie collectivite,1
https://lannuaire.service-public.gouv.fr/nouvelle-aquitaine/creuse/1db4ed90-cef2-446e-9400-bb52568f4240,creuse,Mairie - La Chaussade,collectivite_administration,mairie collectivite,1
https://lannuaire.service-public.gouv.fr/nouvelle-aquitaine/creuse/1dd296e5-135b-40a1-8968-fc2e1b8e9078,creuse,Mairie - La Forêt-du-Temple,collectivite_administration,mairie collectivite,1
https://lannuaire.service-public.gouv.fr/nouvelle-aquitaine/creuse/1f06e7ea-d9dd-4383-8aac-f8013304cd27,creuse,Mairie - Saint-Marc-à-Loubaud,collectivite_administration,mairie collectivite,1
https://lannuaire.service-public.gouv.fr/nouvelle-aquitaine/creuse/1f28d7a9-047b-425a-92ba-0c6a6e135770,creuse,Mairie - Champsanglard,collectivite_administration,mairie collectivite,1
https://lannuaire.service-public.gouv.fr/nouvelle-aquitaine/creuse/1f532de1-7c9f-4509-adb3-bc789cd56097,creuse,Mairie - Gouzon,collectivite_administration,mairie collectivite,1
https://lannuaire.service-public.gouv.fr/nouvelle-aquitaine/creuse/21043427-0660-4ef5-b7db-dd25b9dea429,creuse,Mairie - La Villedieu,collectivite_administration,mairie collectivite,1
https://lannuaire.service-public.gouv.fr/nouvelle-aquitaine/creuse/212a467f-dd31-4652-bad2-b26d1976b0c2,creuse,Centre de gestion de la fonction publique territoriale - Creuse,collectivite_administration,administration collectivite service public,1
https://lannuaire.service-public.gouv.fr/nouvelle-aquitaine/creuse/22536994-e526-4405-9876-c712612a3bd0,creuse,Mairie - Lioux-les-Monges,collectivite_administration,mairie collectivite,1
https://lannuaire.service-public.gouv.fr/nouvelle-aquitaine/creuse/22e9aa88-0830-43c6-9532-89b382c1a11e,creuse,Office national des combattants et victimes de guerre (ONaCVG) - Service départemental - Creuse,collectivite_administration,administration collectivite service public,1
https://lannuaire.service-public.gouv.fr/nouvelle-aquitaine/creuse/23853e41-4403-427f-8bb3-572db5ecbf8a,creuse,Mairie - Poussanges,collectivite_administration,mairie collectivite,1
https://lannuaire.service-public.gouv.fr/nouvelle-aquitaine/creuse/23c8e72b-2e5a-48ff-9ada-bc3546fbcae6,creuse,Communauté de communes - Creuse Sud Ouest,collectivite_administration,administration collectivite service public,1
https://lannuaire.service-public.gouv.fr/nouvelle-aquitaine/creuse/249dcc50-cc75-4073-96ac-7a3d96eae341,creuse,Mairie - Le Bourg-d Hem,collectivite_administration,mairie collectivite,1
https://lannuaire.service-public.gouv.fr/nouvelle-aquitaine/creuse/25b1fc99-f947-422a-a4c0-4421bcf51571,creuse,Direction départementale des territoires (DDT) - Creuse,collectivite_administration,administration collectivite service public,1
https://lannuaire.service-public.gouv.fr/nouvelle-aquitaine/creuse/25ce4673-1568-427d-b9ab-189b887a9aa2,creuse,Mairie - Le Monteil-au-Vicomte,collectivite_administration,mairie collectivite,1
https://lannuaire.service-public.gouv.fr/nouvelle-aquitaine/creuse/26affc67-a48e-46b6-96ee-37a5c10e4800,creuse,Mairie - Saint-Yrieix-les-Bois,collectivite_administration,mairie collectivite,1
https://lannuaire.service-public.gouv.fr/nouvelle-aquitaine/creuse/26d50df2-a8b5-41db-802d-381daa0caaba,creuse,Mairie - Méasnes,collectivite_administration,mairie collectivite,1
https://lannuaire.service-public.gouv.fr/nouvelle-aquitaine/creuse/27f8d01b-5eb1-4290-b5ef-8963de272e55,creuse,Mairie - Saint-Hilaire-le-Château,collectivite_administration,mairie collectivite,1
https://lannuaire.service-public.gouv.fr/nouvelle-aquitaine/creuse/282a8662-f6ed-444c-bfc5-7dc8729b1cdc,creuse,Agence régionale de santé (ARS) - Délégation départementale - Creuse,collectivite_administration,administration collectivite service public,1
https://lannuaire.service-public.gouv.fr/nouvelle-aquitaine/creuse/283a62dd-b519-445e-aa4d-07f176ba3f00,creuse,Mairie - Saint-Yrieix-la-Montagne,collectivite_administration,mairie collectivite,1
https://lannuaire.service-public.gouv.fr/nouvelle-aquitaine/creuse/2b8b7b47-c6dd-4f0b-a7e6-39dd79d1454a,creuse,Mairie - Magnat-l Étrange,collectivite_administration,mairie collectivite,1
https://lannuaire.service-public.gouv.fr/nouvelle-aquitaine/creuse/2ba460a0-182b-4a44-9886-98cf1c703cb5,creuse,Mairie - Bénévent-l Abbaye,collectivite_administration,mairie collectivite,1
https://lannuaire.service-public.gouv.fr/nouvelle-aquitaine/creuse/2bc66e5f-3e49-44aa-aac4-6f343c929ef1,creuse,Mairie - Dun-le-Palestel,collectivite_administration,mairie collectivite,1
https://lannuaire.service-public.gouv.fr/nouvelle-aquitaine/creuse/2bd93f82-98f8-4a85-a56c-1b23ec734055,creuse,Direction des services départementaux de l'Éducation nationale (DSDEN) - Creuse,collectivite_administration,administration collectivite service public,1
https://lannuaire.service-public.gouv.fr/nouvelle-aquitaine/creuse/2c805bdf-c2db-4196-86fa-73f485862406,creuse,Mairie - Saint-Éloi,collectivite_administration,mairie collectivite,1
https://lannuaire.service-public.gouv.fr/nouvelle-aquitaine/creuse/2cc64069-9e4e-4cf7-a9cd-935460eee031,creuse,Mairie - Saint-Domet,collectivite_administration,mairie collectivite,1
https://lannuaire.service-public.gouv.fr/nouvelle-aquitaine/creuse/2d8a37c4-34f4-47ee-a603-3157261c6e0b,creuse,Mairie - Saint-Pierre-Chérignat,collectivite_administration,mairie collectivite,1
https://lannuaire.service-public.gouv.fr/nouvelle-aquitaine/creuse/2e599bca-7c1c-4920-8b72-add3bfea6e0b,creuse,Mairie - Crocq,collectivite_administration,mairie collectivite,1
https://lannuaire.service-public.gouv.fr/nouvelle-aquitaine/creuse/2f7e2b55-4e5a-42fe-83b4-a488fd975eb4,creuse,Mairie - La Serre-Bussière-Vieille,collectivite_administration,mairie collectivite,1
https://lannuaire.service-public.gouv.fr/nouvelle-aquitaine/creuse/301ef1db-2cfb-41b8-b00a-0584ba198c71,creuse,Mairie - Lizières,collectivite_administration,mairie collectivite,1
https://lannuaire.service-public.gouv.fr/nouvelle-aquitaine/creuse/3022cb6e-42ec-4de6-8de2-f1150b365aac,creuse,Mairie - Saint-Fiel,collectivite_administration,mairie collectivite,1
https://lannuaire.service-public.gouv.fr/nouvelle-aquitaine/creuse/30669a0a-398b-410f-99bb-b535b7e46af1,creuse,Mairie - Gioux,collectivite_administration,mairie collectivite,1
https://lannuaire.service-public.gouv.fr/nouvelle-aquitaine/creuse/30aac2ee-6de8-49b3-8834-fc0b5fd01325,creuse,Délégué départemental à la vie associative (DDVA) - Creuse,collectivite_administration,administration collectivite service public,1
https://lannuaire.service-public.gouv.fr/nouvelle-aquitaine/creuse/319de3c8-8cec-4aa7-bc52-2c9c29311ba9,creuse,Mairie - Chéniers,collectivite_administration,mairie collectivite,1
https://lannuaire.service-public.gouv.fr/nouvelle-aquitaine/creuse/3329c055-ba5e-4999-8edf-e72c7b851119,creuse,Greffe des associations - Creuse (Aubusson),collectivite_administration,prefecture administration,1
https://lannuaire.service-public.gouv.fr/nouvelle-aquitaine/creuse/334c8f1a-ab6a-4334-9707-b827b1af62ba,creuse,Mairie - Tardes,collectivite_administration,mairie collectivite,1
https://lannuaire.service-public.gouv.fr/nouvelle-aquitaine/creuse/337f0452-abde-48d7-a454-f1b955b3c5fb,creuse,Mairie - Verneiges,collectivite_administration,mairie collectivite,1
https://lannuaire.service-public.gouv.fr/nouvelle-aquitaine/creuse/34599f33-1417-4548-b7cd-0c8993850465,creuse,Mairie - Malleret-Boussac,collectivite_administration,mairie collectivite,1
https://lannuaire.service-public.gouv.fr/nouvelle-aquitaine/creuse/35c12ca2-f114-4157-a997-43e7d8c153cd,creuse,Mairie - Le Compas,collectivite_administration,mairie collectivite,1
https://lannuaire.service-public.gouv.fr/nouvelle-aquitaine/creuse/3796a0b3-c85f-4f78-bad5-dcf3b13de830,creuse,Mairie - Bazelat,collectivite_administration,mairie collectivite,1
https://lannuaire.service-public.gouv.fr/nouvelle-aquitaine/creuse/37a364ec-bd9e-4386-8234-f867a358a222,creuse,Mairie - Chavanat,collectivite_administration,mairie collectivite,1
https://lannuaire.service-public.gouv.fr/nouvelle-aquitaine/creuse/38719962-6bf5-4c77-acf9-afc810d4cc62,creuse,Mairie - Lafat,collectivite_administration,mairie collectivite,1
https://lannuaire.service-public.gouv.fr/nouvelle-aquitaine/creuse/3b429b25-0903-4cc6-8f9d-1bc71aadbc5f,creuse,Mairie - Guéret,collectivite_administration,mairie collectivite,1
https://lannuaire.service-public.gouv.fr/nouvelle-aquitaine/creuse/3bda397d-23b4-4979-893c-f11f7b530a55,creuse,Mairie - Mourioux-Vieilleville,collectivite_administration,mairie collectivite,1
https://lannuaire.service-public.gouv.fr/nouvelle-aquitaine/creuse/3c26e0a9-e684-4f1c-a483-e68e89f76ba5,creuse,Mairie - Soubrebost,collectivite_administration,mairie collectivite,1
https://lannuaire.service-public.gouv.fr/nouvelle-aquitaine/creuse/3c36ff76-af9b-4294-90af-3c3ce1a002dd,creuse,Mairie - La Chapelle-Baloue,collectivite_administration,mairie collectivite,1
https://lannuaire.service-public.gouv.fr/nouvelle-aquitaine/creuse/3c66f0b2-1eff-4969-a719-59e57d670854,creuse,Direction départementale de la police nationale (DDPN) - Creuse,collectivite_administration,administration collectivite service public,1
https://lannuaire.service-public.gouv.fr/nouvelle-aquitaine/creuse/3c895c66-1667-4294-aebf-1b88ab2f2469,creuse,Archives départementales - Creuse,collectivite_administration,administration collectivite service public,1
https://lannuaire.service-public.gouv.fr/nouvelle-aquitaine/creuse/3dec24ac-b063-42d6-a78b-7e560c0e6cad,creuse,Mairie - Pontcharraud,collectivite_administration,mairie collectivite,1
https://lannuaire.service-public.gouv.fr/nouvelle-aquitaine/creuse/3e6ff583-7cbd-4dd5-b3ce-1da3077a0502,creuse,Banque de France - Bureau d’accueil et d’information - Guéret,collectivite_administration,administration collectivite service public,1
https://lannuaire.service-public.gouv.fr/nouvelle-aquitaine/creuse/3ef33971-8eee-4006-86eb-c8a35f93e256,creuse,Mairie - Savennes,collectivite_administration,mairie collectivite,1
https://lannuaire.service-public.gouv.fr/nouvelle-aquitaine/creuse/3ffdb94e-cafc-4f5a-bfe0-1ebcc82ac9cc,creuse,Centre information jeunesse - Auzances,jeunesse_loisirs,PIJ information jeunesse,1
https://lannuaire.service-public.gouv.fr/nouvelle-aquitaine/creuse/4076610f-33f0-401e-8b91-99e5fe9ea5b7,creuse,Mairie - Saint-Priest-Palus,collectivite_administration,mairie collectivite,1
https://lannuaire.service-public.gouv.fr/nouvelle-aquitaine/creuse/40ca28ff-6dc0-421f-a1bf-7883f62dfcb7,creuse,Point-justice maison d'arrêt de GUERET,structure,maison france services,1
https://lannuaire.service-public.gouv.fr/nouvelle-aquitaine/creuse/4174d089-ee26-4e94-ae66-177703c676c4,creuse,Centre communal d'action sociale (CCAS) - Ahun,collectivite_administration,mairie collectivite,1
https://lannuaire.service-public.gouv.fr/nouvelle-aquitaine/creuse/418bd7fa-9c35-4009-b702-6ba66e365e19,creuse,Mairie - Saint-Léger-le-Guérétois,collectivite_administration,mairie collectivite,1
https://lannuaire.service-public.gouv.fr/nouvelle-aquitaine/creuse/41ac11de-a5fe-481b-a103-cc77e615e603,creuse,France services - Chambon-sur-Voueize,collectivite_administration,administration collectivite service public,1
https://lannuaire.service-public.gouv.fr/nouvelle-aquitaine/creuse/429e91a1-9595-4493-b2b1-2703191d3e5c,creuse,Communauté de communes - Marche et Combrailles en Aquitaine,collectivite_administration,administration collectivite service public,1
https://lannuaire.service-public.gouv.fr/nouvelle-aquitaine/creuse/43c4901e-f05f-4201-8919-ecc6659f3b06,creuse,Mairie - Lourdoueix-Saint-Pierre,collectivite_administration,mairie collectivite,1
https://lannuaire.service-public.gouv.fr/nouvelle-aquitaine/creuse/43eaf724-eddd-4cb8-a663-01cafcf6c5ee,creuse,Mairie - Faux-la-Montagne,collectivite_administration,mairie collectivite,1
https://lannuaire.service-public.gouv.fr/nouvelle-aquitaine/creuse/45a8cd17-8435-4930-86aa-c932de12dcc9,creuse,Mairie - Saint-Sulpice-le-Guérétois,collectivite_administration,mairie collectivite,1
https://lannuaire.service-public.gouv.fr/nouvelle-aquitaine/creuse/4678aa69-7f02-4e50-95d9-a63ba76a9e5b,creuse,Mairie - Le Mas-d Artige,collectivite_administration,mairie collectivite,1
https://lannuaire.service-public.gouv.fr/nouvelle-aquitaine/creuse/47369f9b-df0c-43fe-84c3-b0cd73d5fa8e,creuse,Mairie - Saint-Priest,collectivite_administration,mairie collectivite,1
https://lannuaire.service-public.gouv.fr/nouvelle-aquitaine/creuse/47b55e4a-de6f-47ad-8d21-3809d874cd01,creuse,Service de gestion comptable (SGC) - Guéret,collectivite_administration,administration collectivite service public,1
https://lannuaire.service-public.gouv.fr/nouvelle-aquitaine/creuse/47bc6da8-4722-455c-9939-5ad37bc3c80a,creuse,Mairie - Mérinchal,collectivite_administration,mairie collectivite,1
https://lannuaire.service-public.gouv.fr/nouvelle-aquitaine/creuse/485773dd-6a34-41c8-92ea-b37a5253099f,creuse,Communauté de communes du Pays Dunois,collectivite_administration,administration collectivite service public,1
https://lannuaire.service-public.gouv.fr/nouvelle-aquitaine/creuse/49aaa57e-3ee8-4ae3-ab63-a88c7cae694b,creuse,Mairie - Blessac,collectivite_administration,mairie collectivite,1
https://lannuaire.service-public.gouv.fr/nouvelle-aquitaine/creuse/49bfe828-ec94-4625-a8ee-a64ebd8559e8,creuse,Mairie - Reterre,collectivite_administration,mairie collectivite,1
https://lannuaire.service-public.gouv.fr/nouvelle-aquitaine/creuse/4a67c26d-6802-4e49-b990-5d798976db1c,creuse,Centre communal d'action sociale (CCAS) - Genouillac,collectivite_administration,mairie collectivite,1
https://lannuaire.service-public.gouv.fr/nouvelle-aquitaine/creuse/4bdddb84-deb6-4bc7-9c78-bbc45ea72af4,creuse,Service de gestion comptable (SGC) - Aubusson,collectivite_administration,administration collectivite service public,1
https://lannuaire.service-public.gouv.fr/nouvelle-aquitaine/creuse/4c1c5b1b-5bee-4f1f-bf98-8f6bcc22aa7f,creuse,Mairie - Auriat,collectivite_administration,mairie collectivite,1
https://lannuaire.service-public.gouv.fr/nouvelle-aquitaine/creuse/4c2b1130-8e5d-4ca2-b240-d29b2aaef3e3,creuse,Mairie - Budelière,collectivite_administration,mairie collectivite,1
https://lannuaire.service-public.gouv.fr/nouvelle-aquitaine/creuse/4f1a7e2c-4e54-4673-a7ef-cd62cb0dde2c,creuse,Mairie - Royère-de-Vassivière,collectivite_administration,mairie collectivite,1
https://lannuaire.service-public.gouv.fr/nouvelle-aquitaine/creuse/4f806f45-a7b5-4bdb-894c-53f1df6d90dc,creuse,Mairie - Saint-Sébastien,collectivite_administration,mairie collectivite,1
https://lannuaire.service-public.gouv.fr/nouvelle-aquitaine/creuse/4fe55733-9481-4607-bf81-fa9b6ec56acd,creuse,Mairie - La Villeneuve,collectivite_administration,mairie collectivite,1
https://lannuaire.service-public.gouv.fr/nouvelle-aquitaine/creuse/5038f52b-b606-40be-86a3-165780d25aee,creuse,Conseil départemental d'accès au droit de la Creuse,collectivite_administration,administration collectivite service public,1
https://lannuaire.service-public.gouv.fr/nouvelle-aquitaine/creuse/52034e65-06cf-4317-9f45-8bc42c920551,creuse,Mairie - Saint-Martin-Château,collectivite_administration,mairie collectivite,1
https://lannuaire.service-public.gouv.fr/nouvelle-aquitaine/creuse/5256dd05-2f5f-4e7b-9f6e-5ad2c8981e1b,creuse,Centre communal d'action sociale (CCAS) - Saint-Vaury,collectivite_administration,mairie collectivite,1
https://lannuaire.service-public.gouv.fr/nouvelle-aquitaine/creuse/534f6f24-a78d-4394-ae2c-decc3ad00927,creuse,Mairie - Saint-Victor-en-Marche,collectivite_administration,mairie collectivite,1
https://lannuaire.service-public.gouv.fr/nouvelle-aquitaine/creuse/54347879-f1a7-4dd6-beef-705edb51c6ee,creuse,Mairie - Tercillat,collectivite_administration,mairie collectivite,1
https://lannuaire.service-public.gouv.fr/nouvelle-aquitaine/creuse/5469b6a8-6437-4a5a-8414-e231fd83a532,creuse,Service départemental d'incendie et de secours (SDIS) - Creuse,collectivite_administration,administration collectivite service public,1
https://lannuaire.service-public.gouv.fr/nouvelle-aquitaine/creuse/54dd8e30-619c-42ae-bde9-431e13854f08,creuse,Centre communal d'action sociale (CCAS) - Saint-Agnant-de-Versillat,collectivite_administration,mairie collectivite,1
https://lannuaire.service-public.gouv.fr/nouvelle-aquitaine/creuse/55882be8-3b78-46e3-92bf-9165ade5a0b4,creuse,France services - Dun-le-Palestel - LaPalette,collectivite_administration,administration collectivite service public,1
https://lannuaire.service-public.gouv.fr/nouvelle-aquitaine/creuse/55c6655b-ec5b-446a-a3a9-2e9ba1b3bc9b,creuse,France services - La Souterraine,collectivite_administration,administration collectivite service public,1
https://lannuaire.service-public.gouv.fr/nouvelle-aquitaine/creuse/55caaab9-f02e-49c0-8b6d-c5a64f308bce,creuse,Mairie - Alleyrat,collectivite_administration,mairie collectivite,1
https://lannuaire.service-public.gouv.fr/nouvelle-aquitaine/creuse/56ab41d4-b35a-4947-ad33-733e15295500,creuse,Mairie - La Chapelle-Taillefert,collectivite_administration,mairie collectivite,1
https://lannuaire.service-public.gouv.fr/nouvelle-aquitaine/creuse/5753be7f-8155-471b-8b9a-040a0496b8cb,creuse,Mairie - Saint-Silvain-Bas-le-Roc,collectivite_administration,mairie collectivite,1
https://lannuaire.service-public.gouv.fr/nouvelle-aquitaine/creuse/5838f4bd-d359-412e-aab3-e447fa749096,creuse,Mairie - La Brionne,collectivite_administration,mairie collectivite,1
https://lannuaire.service-public.gouv.fr/nouvelle-aquitaine/creuse/58683bf9-b63a-41ba-9af0-765355afabaf,creuse,Mairie - Châtelus-Malvaleix,collectivite_administration,mairie collectivite,1
https://lannuaire.service-public.gouv.fr/nouvelle-aquitaine/creuse/58a92a2c-c5f5-4fd0-9855-af12c856cf74,creuse,Mairie - La Celle-sous-Gouzon,collectivite_administration,mairie collectivite,1
https://lannuaire.service-public.gouv.fr/nouvelle-aquitaine/creuse/59668d52-0b93-4f68-a524-2c8d86b815df,creuse,Mairie - Saint-Amand,collectivite_administration,mairie collectivite,1
https://lannuaire.service-public.gouv.fr/nouvelle-aquitaine/creuse/5971b245-5c3d-420d-965c-e2c79f906e1f,creuse,Mairie - La Pouge,collectivite_administration,mairie collectivite,1
https://lannuaire.service-public.gouv.fr/nouvelle-aquitaine/creuse/5aa8e4ae-b570-474a-bf12-7c086a134f2d,creuse,Centre communal d'action sociale (CCAS) - La Souterraine,collectivite_administration,administration collectivite service public,1
https://lannuaire.service-public.gouv.fr/nouvelle-aquitaine/creuse/5b045361-d2f6-4bce-9eb7-022b91f7c221,creuse,Centre communal d'action sociale (CCAS) - Mérinchal,collectivite_administration,mairie collectivite,1
https://lannuaire.service-public.gouv.fr/nouvelle-aquitaine/creuse/5c464810-f304-4218-9d65-47f3b5d13388,creuse,Mairie - Maisonnisses,collectivite_administration,mairie collectivite,1
https://lannuaire.service-public.gouv.fr/nouvelle-aquitaine/creuse/5c629cbd-b5fd-4d5e-b65b-0db2feaed812,creuse,Mairie - La Courtine,collectivite_administration,mairie collectivite,1
https://lannuaire.service-public.gouv.fr/nouvelle-aquitaine/creuse/5d0337a9-ac1a-4ba6-88f3-972ac9f22106,creuse,Service de gestion comptable (SGC) - La Souterraine,collectivite_administration,administration collectivite service public,1
https://lannuaire.service-public.gouv.fr/nouvelle-aquitaine/creuse/5d461ac4-e9e9-4514-be51-793f031be8a0,creuse,Mairie - Augères,collectivite_administration,mairie collectivite,1
https://lannuaire.service-public.gouv.fr/nouvelle-aquitaine/creuse/5dcd8ba8-53ee-4e74-8f3f-208c124519a5,creuse,Mairie - Bord-Saint-Georges,collectivite_administration,mairie collectivite,1
https://lannuaire.service-public.gouv.fr/nouvelle-aquitaine/creuse/5e36cfb8-6846-4681-9e95-1bdb49fd4289,creuse,Mairie - Ceyroux,collectivite_administration,mairie collectivite,1
https://lannuaire.service-public.gouv.fr/nouvelle-aquitaine/creuse/5e4f628f-d2df-4201-a135-e3a69b3a65ea,creuse,Mairie - Sagnat,collectivite_administration,mairie collectivite,1
https://lannuaire.service-public.gouv.fr/nouvelle-aquitaine/creuse/5f4de5a9-9ae4-4792-a7f1-94b3282d61c4,creuse,Mairie - Saint-Martin-Sainte-Catherine,collectivite_administration,mairie collectivite,1
https://lannuaire.service-public.gouv.fr/nouvelle-aquitaine/creuse/5f827172-d18c-4fa3-934f-35e8f0bda0ab,creuse,France services - La Courtine,collectivite_administration,administration collectivite service public,1
https://lannuaire.service-public.gouv.fr/nouvelle-aquitaine/creuse/60655997-8aba-497a-baa0-ef71fd46a469,creuse,Mairie - Anzême,collectivite_administration,mairie collectivite,1
https://lannuaire.service-public.gouv.fr/nouvelle-aquitaine/creuse/6085afa7-94ea-4462-9713-b07ab7fd99e6,creuse,"Direction départementale de l'emploi, du travail, des solidarités et de la protection des populations (DDETSPP) - Creuse",collectivite_administration,administration collectivite service public,1
https://lannuaire.service-public.gouv.fr/nouvelle-aquitaine/creuse/610df374-7b5d-4822-9aa8-61de8e9e00a0,creuse,Centre communal d'action sociale (CCAS) - Saint-Dizier-Masbaraud,collectivite_administration,administration collectivite service public,1
https://lannuaire.service-public.gouv.fr/nouvelle-aquitaine/creuse/619b877b-4f8a-469b-bf2a-1f5352ad56c5,creuse,Mairie - Saint-Marien,collectivite_administration,mairie collectivite,1
https://lannuaire.service-public.gouv.fr/nouvelle-aquitaine/creuse/626de0d7-9d79-43e8-a824-b904474c5204,creuse,Mairie - Saint-Oradoux-de-Chirouze,collectivite_administration,mairie collectivite,1
https://lannuaire.service-public.gouv.fr/nouvelle-aquitaine/creuse/62d2a3d9-7201-40bd-83a2-3ec80fbf5108,creuse,Mairie - Crozant,collectivite_administration,mairie collectivite,1
https://lannuaire.service-public.gouv.fr/nouvelle-aquitaine/creuse/62de4d61-7d7e-49de-bb9f-913f18edb154,creuse,Tribunal judiciaire de Guéret,collectivite_administration,administration collectivite service public,1
https://lannuaire.service-public.gouv.fr/nouvelle-aquitaine/creuse/63a28728-234c-4e99-8789-a62ba9c757c6,creuse,Mairie - Thauron,collectivite_administration,mairie collectivite,1
https://lannuaire.service-public.gouv.fr/nouvelle-aquitaine/creuse/645acfcd-6734-46d3-8bec-b55971ee0c64,creuse,France services - Saint-Sébastien,collectivite_administration,administration collectivite service public,1
https://lannuaire.service-public.gouv.fr/nouvelle-aquitaine/creuse/64aaf9cc-006b-4904-9fe7-81bf2004cdee,creuse,Espace conseil France Rénov' - Guéret,collectivite_administration,administration collectivite service public,1
https://lannuaire.service-public.gouv.fr/nouvelle-aquitaine/creuse/64f814d0-3901-40b9-a1ec-1c2321d79aa6,creuse,Mairie - Colondannes,collectivite_administration,mairie collectivite,1
https://lannuaire.service-public.gouv.fr/nouvelle-aquitaine/creuse/65284445-be28-47c4-9dd9-245a17c90582,creuse,Mairie - Issoudun-Létrieix,collectivite_administration,mairie collectivite,1
https://lannuaire.service-public.gouv.fr/nouvelle-aquitaine/creuse/67b28a6d-7f41-4c12-b572-d6a884cd447a,creuse,Mairie - Sardent,collectivite_administration,mairie collectivite,1
https://lannuaire.service-public.gouv.fr/nouvelle-aquitaine/creuse/67b4f7f0-55f2-4b23-8f80-d27623f99439,creuse,Mairie - La Mazière-aux-Bons-Hommes,collectivite_administration,mairie collectivite,1
https://lannuaire.service-public.gouv.fr/nouvelle-aquitaine/creuse/67bfbce1-b079-4442-bda1-e9274dfa2c0f,creuse,Mairie - Féniers,collectivite_administration,mairie collectivite,1
https://lannuaire.service-public.gouv.fr/nouvelle-aquitaine/creuse/6a1c1f08-e68b-424e-a335-e6ac98f67d9f,creuse,Mairie - Auzances,collectivite_administration,mairie collectivite,1
https://lannuaire.service-public.gouv.fr/nouvelle-aquitaine/creuse/6a4008f5-cc71-44cc-9820-503a14c81042,creuse,Mairie - Saint-Hilaire-la-Plaine,collectivite_administration,mairie collectivite,1
https://lannuaire.service-public.gouv.fr/nouvelle-aquitaine/creuse/6a914b12-0011-4fcc-856a-4d10fcb3a94e,creuse,Mairie - Saint-Germain-Beaupré,collectivite_administration,mairie collectivite,1
https://lannuaire.service-public.gouv.fr/nouvelle-aquitaine/creuse/6ab5a96c-3674-4cda-aab4-8abd9bae387d,creuse,Mairie - Ars,collectivite_administration,mairie collectivite,1
https://lannuaire.service-public.gouv.fr/nouvelle-aquitaine/creuse/6f17c2f4-9c04-45f7-963b-94e3dd4c0575,creuse,Mairie déléguée - Blaudeix,collectivite_administration,mairie collectivite,1
https://lannuaire.service-public.gouv.fr/nouvelle-aquitaine/creuse/6f1ef176-8391-4256-89ac-39256cf1f626,creuse,Mairie - Ladapeyre,collectivite_administration,mairie collectivite,1
https://lannuaire.service-public.gouv.fr/nouvelle-aquitaine/creuse/6f7782c5-2b75-4cb5-86bd-db731f92f236,creuse,Conseil départemental de l'ordre des médecins - Creuse,collectivite_administration,administration collectivite service public,1
https://lannuaire.service-public.gouv.fr/nouvelle-aquitaine/creuse/706b68ff-3602-4eec-97d8-c35abee44bd7,creuse,Mairie - Lavaufranche,collectivite_administration,mairie collectivite,1
https://lannuaire.service-public.gouv.fr/nouvelle-aquitaine/creuse/70703760-c6b2-424c-bc35-0d7a0c555f02,creuse,Maison de l'emploi et de la formation pour l'arrondissement d'Aubusson - Aubusson,structure,maison france services,1
https://lannuaire.service-public.gouv.fr/nouvelle-aquitaine/creuse/709ad8d0-cb66-4192-b590-c25246c16f71,creuse,Mission locale pour l'insertion professionnelle et sociale des jeunes (16-25 ans) - Guéret,jeunesse_loisirs,mission locale jeunesse insertion,1
https://lannuaire.service-public.gouv.fr/nouvelle-aquitaine/creuse/70db3e8b-e0d2-4841-bb29-d2cfb6744a30,creuse,Mairie - Saint-Sulpice-les-Champs,collectivite_administration,mairie collectivite,1
https://lannuaire.service-public.gouv.fr/nouvelle-aquitaine/creuse/71465b19-8a40-45a1-897c-b52df2c7e892,creuse,Mairie - Mainsat,collectivite_administration,mairie collectivite,1
https://lannuaire.service-public.gouv.fr/nouvelle-aquitaine/creuse/71f45268-6730-4207-a241-8f85eef8d4e7,creuse,France services - Boussac,collectivite_administration,administration collectivite service public,1
https://lannuaire.service-public.gouv.fr/nouvelle-aquitaine/creuse/724ec301-0f6a-4310-997e-8bd8cb20a98f,creuse,Atelier Canopé 23 - Guéret,collectivite_administration,administration collectivite service public,1
https://lannuaire.service-public.gouv.fr/nouvelle-aquitaine/creuse/727ad427-e3e3-460b-9a7e-937199526c25,creuse,Mairie - Noth,collectivite_administration,mairie collectivite,1
https://lannuaire.service-public.gouv.fr/nouvelle-aquitaine/creuse/7295d1b4-6fe4-4c03-b335-0a859ebe4981,creuse,Mairie - Janaillat,collectivite_administration,mairie collectivite,1
https://lannuaire.service-public.gouv.fr/nouvelle-aquitaine/creuse/7383286a-f565-4499-bfa7-fbc9dc9b42b2,creuse,France services - Bénévent-l'Abbaye,collectivite_administration,administration collectivite service public,1
https://lannuaire.service-public.gouv.fr/nouvelle-aquitaine/creuse/7401e5cb-6787-41a2-a3e3-3ad75cf51657,creuse,Mission d'accueil et d'information des associations (MAIA) -  Creuse,collectivite_administration,administration collectivite service public,1
https://lannuaire.service-public.gouv.fr/nouvelle-aquitaine/creuse/74dccf68-6443-4774-bedd-a55d62ba5161,creuse,Mairie - Bonnat,collectivite_administration,mairie collectivite,1
https://lannuaire.service-public.gouv.fr/nouvelle-aquitaine/creuse/7657ee7e-a110-4b8b-8058-8f48353fd0da,creuse,Mairie - Saint-Silvain-Bellegarde,collectivite_administration,mairie collectivite,1
https://lannuaire.service-public.gouv.fr/nouvelle-aquitaine/creuse/7832bbde-6f04-4a25-8541-180fd57bf04f,creuse,Bureau de douane - Guéret,collectivite_administration,administration collectivite service public,1
https://lannuaire.service-public.gouv.fr/nouvelle-aquitaine/creuse/784c93b4-542c-44ad-8c81-663664b2f626,creuse,Mairie - Lépinas,collectivite_administration,mairie collectivite,1
https://lannuaire.service-public.gouv.fr/nouvelle-aquitaine/creuse/79a1f75d-13f5-40a5-8f5e-ee1f091ca8a6,creuse,Service départemental des impôts foncier (SDIF) Creuse - Guéret,collectivite_administration,administration collectivite service public,1
https://lannuaire.service-public.gouv.fr/nouvelle-aquitaine/creuse/7b8edeba-1246-48a5-b782-ee13803fea07,creuse,France services - Saint-Vaury,collectivite_administration,administration collectivite service public,1
https://lannuaire.service-public.gouv.fr/nouvelle-aquitaine/creuse/7c8d7326-a308-47d6-b12d-c8f6689f99dd,creuse,Mairie - Saint-Alpinien,collectivite_administration,mairie collectivite,1
https://lannuaire.service-public.gouv.fr/nouvelle-aquitaine/creuse/7d8a9e59-b73e-40cc-923d-52798c8d1067,creuse,France services - Genouillac,collectivite_administration,administration collectivite service public,1
https://lannuaire.service-public.gouv.fr/nouvelle-aquitaine/creuse/7dd23ebd-8fd0-4a54-a0d3-9ca96bd5c027,creuse,Mairie - Croze,collectivite_administration,mairie collectivite,1
https://lannuaire.service-public.gouv.fr/nouvelle-aquitaine/creuse/7e839f9d-2225-4784-82fb-ec0a19d7f2d9,creuse,Mairie - Saint-Priest-la-Plaine,collectivite_administration,mairie collectivite,1
https://lannuaire.service-public.gouv.fr/nouvelle-aquitaine/creuse/7f24dcd0-c123-4d84-a4dd-75565753a4a9,creuse,Mairie - Saint-Moreil,collectivite_administration,mairie collectivite,1
https://lannuaire.service-public.gouv.fr/nouvelle-aquitaine/creuse/7fc14d59-8409-479f-b562-36165f808938,creuse,Mairie - Chénérailles,collectivite_administration,mairie collectivite,1
https://lannuaire.service-public.gouv.fr/nouvelle-aquitaine/creuse/805364a9-de49-4eeb-acca-8aeec515a54a,creuse,Mairie - Arfeuille-Châtain,collectivite_administration,mairie collectivite,1
https://lannuaire.service-public.gouv.fr/nouvelle-aquitaine/creuse/80a45c51-c012-46bd-8a93-ec76910897db,creuse,Mairie - Banize,collectivite_administration,mairie collectivite,1
https://lannuaire.service-public.gouv.fr/nouvelle-aquitaine/creuse/80cf7bb7-0a31-4eb3-9e6d-741e225eb375,creuse,Point conseil budget - Union départementale des associations familiales (UDAF 23) - Guéret,collectivite_administration,administration collectivite service public,1
https://lannuaire.service-public.gouv.fr/nouvelle-aquitaine/creuse/80d16b51-876b-4c9a-9227-96254ef4101e,creuse,Mairie - Saint-Oradoux-près-Crocq,collectivite_administration,mairie collectivite,1
https://lannuaire.service-public.gouv.fr/nouvelle-aquitaine/creuse/81f6c0a3-2ba1-46c0-b7c6-f9a692295517,creuse,Mairie - Chamberaud,collectivite_administration,mairie collectivite,1
https://lannuaire.service-public.gouv.fr/nouvelle-aquitaine/creuse/8311d0d7-e5b1-4b7f-8c84-c1ec6f9232a8,creuse,Mairie - Pontarion,collectivite_administration,mairie collectivite,1
https://lannuaire.service-public.gouv.fr/nouvelle-aquitaine/creuse/83f6724d-17e6-484f-9e94-e3e72525bfcb,creuse,Unité départementale de l'architecture et du patrimoine (UDAP) - Creuse,collectivite_administration,administration collectivite service public,1
https://lannuaire.service-public.gouv.fr/nouvelle-aquitaine/creuse/85e86360-7d6b-4c92-9f57-e3ed974002c1,creuse,Mairie - Bellegarde-en-Marche,collectivite_administration,mairie collectivite,1
https://lannuaire.service-public.gouv.fr/nouvelle-aquitaine/creuse/86067c83-d202-433b-abd8-6b658de2d32a,creuse,Mairie - Saint-Amand-Jartoudeix,collectivite_administration,mairie collectivite,1
https://lannuaire.service-public.gouv.fr/nouvelle-aquitaine/creuse/867cef69-6882-4d57-b974-3309f0c01b3a,creuse,Groupement de gendarmerie départementale - Creuse,collectivite_administration,administration collectivite service public,1
https://lannuaire.service-public.gouv.fr/nouvelle-aquitaine/creuse/86aae171-c260-47a7-b378-caedc2127088,creuse,Mairie - Saint-Avit-le-Pauvre,collectivite_administration,mairie collectivite,1
https://lannuaire.service-public.gouv.fr/nouvelle-aquitaine/creuse/8772c31a-1120-438c-bf01-a60886848eb2,creuse,Mairie - Saint-Maurice-près-Crocq,collectivite_administration,mairie collectivite,1
https://lannuaire.service-public.gouv.fr/nouvelle-aquitaine/creuse/87d1127f-b69c-4055-97b4-b97046849d2a,creuse,Mairie - Saint-Junien-la-Bregère,collectivite_administration,mairie collectivite,1
https://lannuaire.service-public.gouv.fr/nouvelle-aquitaine/creuse/8835b204-5932-47b4-99cc-1fef5049a4ea,creuse,Comité départemental d’examen des difficultés des entreprises (Codefi)  - Creuse,collectivite_administration,administration collectivite service public,1
https://lannuaire.service-public.gouv.fr/nouvelle-aquitaine/creuse/891bb17a-0c2f-42ee-b3af-78d0595adfd2,creuse,Mairie - Saint-Priest-la-Feuille,collectivite_administration,mairie collectivite,1
https://lannuaire.service-public.gouv.fr/nouvelle-aquitaine/creuse/8a0af0de-39bb-4015-a75b-1de0b272721c,creuse,Mairie - Marsac,collectivite_administration,mairie collectivite,1
https://lannuaire.service-public.gouv.fr/nouvelle-aquitaine/creuse/8a7f1517-d5c1-485f-b2b0-0983318a47be,creuse,Mairie - Saint-Frion,collectivite_administration,mairie collectivite,1
https://lannuaire.service-public.gouv.fr/nouvelle-aquitaine/creuse/8ace3ce4-6837-4831-bdf6-08f3e9e3e803,creuse,Communauté de communes de Bénévent Grand Bourg,collectivite_administration,administration collectivite service public,1
https://lannuaire.service-public.gouv.fr/nouvelle-aquitaine/creuse/8b42ea18-798f-427d-8112-080d414e226c,creuse,Ordre des avocats - Barreau de Guéret,collectivite_administration,administration collectivite service public,1
https://lannuaire.service-public.gouv.fr/nouvelle-aquitaine/creuse/8b625aae-d40c-4b4a-9871-12ae86565ce7,creuse,Mairie - Rougnat,collectivite_administration,mairie collectivite,1
https://lannuaire.service-public.gouv.fr/nouvelle-aquitaine/creuse/8c33a75b-ab04-46f4-bc03-706f92b1f01b,creuse,Mairie - Charron,collectivite_administration,mairie collectivite,1
https://lannuaire.service-public.gouv.fr/nouvelle-aquitaine/creuse/8c6c1b1e-40ad-4535-a455-1dc9e0265b9f,creuse,France services - Aubusson,collectivite_administration,administration collectivite service public,1
https://lannuaire.service-public.gouv.fr/nouvelle-aquitaine/creuse/8da3da57-95b1-4130-b4a6-17eee0198bee,creuse,Mairie - La Cellette,collectivite_administration,mairie collectivite,1
https://lannuaire.service-public.gouv.fr/nouvelle-aquitaine/creuse/8e68461c-7788-49b3-9ce4-583c97bc9ca4,creuse,Centre d'information et d'orientation (CIO) - Guéret,collectivite_administration,administration collectivite service public,1
https://lannuaire.service-public.gouv.fr/nouvelle-aquitaine/creuse/8e9c230f-53b2-4114-9da0-d25060cb63b0,creuse,Mairie - Vallière,collectivite_administration,mairie collectivite,1
https://lannuaire.service-public.gouv.fr/nouvelle-aquitaine/creuse/8ed3d383-64c3-4326-9889-e19065a05bb3,creuse,Point information jeunesse - Bourganeuf,jeunesse_loisirs,PIJ information jeunesse,1
https://lannuaire.service-public.gouv.fr/nouvelle-aquitaine/creuse/8f9853dd-2f82-4579-a958-3dfd31a03787,creuse,Point d'information local dédié aux personnes âgées - La Souterraine,collectivite_administration,administration collectivite service public,1
https://lannuaire.service-public.gouv.fr/nouvelle-aquitaine/creuse/9036f742-15ea-4f6a-b51d-80fa6c6e9203,creuse,Mairie - La Nouaille,collectivite_administration,mairie collectivite,1
https://lannuaire.service-public.gouv.fr/nouvelle-aquitaine/creuse/91701d60-0313-4d29-8bc3-455850edfb42,creuse,Bibliothèque départementale - Creuse,collectivite_administration,administration collectivite service public,1
https://lannuaire.service-public.gouv.fr/nouvelle-aquitaine/creuse/91e68dd5-1abe-4efa-bf7e-69278ae10bef,creuse,Mairie - Saint-Pierre-Bellevue,collectivite_administration,mairie collectivite,1
https://lannuaire.service-public.gouv.fr/nouvelle-aquitaine/creuse/93b3f6f0-c2c8-4a70-90ae-116e33ba34f4,creuse,Maison départementale des personnes handicapées (MDPH) - Creuse,structure,maison france services,1
https://lannuaire.service-public.gouv.fr/nouvelle-aquitaine/creuse/95760ed0-ec83-401e-93ec-17b2dba3fb01,creuse,Mairie - Clairavaux,collectivite_administration,mairie collectivite,1
https://lannuaire.service-public.gouv.fr/nouvelle-aquitaine/creuse/95bda508-2936-471b-8a49-35931003d92b,creuse,Mairie - Bétête,collectivite_administration,mairie collectivite,1
https://lannuaire.service-public.gouv.fr/nouvelle-aquitaine/creuse/967858c0-6ab7-4480-9a35-ccb8de767ccd,creuse,Mairie - Bussière-Saint-Georges,collectivite_administration,mairie collectivite,1
https://lannuaire.service-public.gouv.fr/nouvelle-aquitaine/creuse/97508734-788c-4a70-afa2-3f43dd009d66,creuse,Mairie - Saint-Dizier-les-Domaines,collectivite_administration,mairie collectivite,1
https://lannuaire.service-public.gouv.fr/nouvelle-aquitaine/creuse/978aa662-3737-4c16-ab92-e72dfd70185d,creuse,Mairie - Saint-Pardoux-le-Neuf,collectivite_administration,mairie collectivite,1
https://lannuaire.service-public.gouv.fr/nouvelle-aquitaine/creuse/9a58889f-a7fd-471e-97e8-05b8e5d5a83d,creuse,Mairie - Le Grand-Bourg,collectivite_administration,mairie collectivite,1
https://lannuaire.service-public.gouv.fr/nouvelle-aquitaine/creuse/9c2fcff1-c3b3-49d1-929a-c9d58df9e239,creuse,Mairie - Vidaillat,collectivite_administration,mairie collectivite,1
https://lannuaire.service-public.gouv.fr/nouvelle-aquitaine/creuse/9d82e4ad-eaf0-42ce-9758-787d91601ebe,creuse,Mairie - Felletin,collectivite_administration,mairie collectivite,1
https://lannuaire.service-public.gouv.fr/nouvelle-aquitaine/creuse/9d8490e7-0034-45eb-85fa-9fde07b88526,creuse,Point d'accueil numérique - Aubusson (Sous-préfecture),collectivite_administration,prefecture administration,1
https://lannuaire.service-public.gouv.fr/nouvelle-aquitaine/creuse/9d90e435-1aea-4478-9846-4bfde13703ac,creuse,Mairie - Le Chauchet,collectivite_administration,mairie collectivite,1
https://lannuaire.service-public.gouv.fr/nouvelle-aquitaine/creuse/9daf04a6-9e3e-49f3-95d4-c13658b26428,creuse,Mairie - Lussat,collectivite_administration,mairie collectivite,1
https://lannuaire.service-public.gouv.fr/nouvelle-aquitaine/creuse/9db34883-d472-4bf3-b645-a3d77be14476,creuse,Mairie - Fontanières,collectivite_administration,mairie collectivite,1
https://lannuaire.service-public.gouv.fr/nouvelle-aquitaine/creuse/9dc398e5-0733-4304-b858-c525cac80b5b,creuse,Mairie - Saint-Chabrais,collectivite_administration,mairie collectivite,1
https://lannuaire.service-public.gouv.fr/nouvelle-aquitaine/creuse/a0d83a41-0833-4317-bf86-b1a766155ea2,creuse,Mairie - Mazeirat,collectivite_administration,mairie collectivite,1
https://lannuaire.service-public.gouv.fr/nouvelle-aquitaine/creuse/a10f70bf-8af6-48f0-a09d-a2a3c3c322ec,creuse,Conseil de prud'hommes de Guéret,collectivite_administration,administration collectivite service public,1
https://lannuaire.service-public.gouv.fr/nouvelle-aquitaine/creuse/a137c217-42f5-4696-91b4-85d4387a8e07,creuse,Mairie - Auge,collectivite_administration,mairie collectivite,1
https://lannuaire.service-public.gouv.fr/nouvelle-aquitaine/creuse/a1f4c797-faa6-49d5-8f42-44de719517f6,creuse,Mairie - Nouzerolles,collectivite_administration,mairie collectivite,1
https://lannuaire.service-public.gouv.fr/nouvelle-aquitaine/creuse/a20c524e-03e6-4fe1-92b5-3c8176c251db,creuse,Mairie - Pionnat,collectivite_administration,mairie collectivite,1
https://lannuaire.service-public.gouv.fr/nouvelle-aquitaine/creuse/a23c6ca3-5da4-4ef2-a717-67d804319d02,creuse,France services  - Mérinchal,collectivite_administration,administration collectivite service public,1
https://lannuaire.service-public.gouv.fr/nouvelle-aquitaine/creuse/a292569d-6765-4663-b44a-7795ab4bf883,creuse,Mairie - Châtelus-le-Marcheix,collectivite_administration,mairie collectivite,1
https://lannuaire.service-public.gouv.fr/nouvelle-aquitaine/creuse/a2ad89e4-115d-4784-b370-229909986874,creuse,Mairie - La Villetelle,collectivite_administration,mairie collectivite,1
https://lannuaire.service-public.gouv.fr/nouvelle-aquitaine/creuse/a2e8dd55-b94a-4899-9562-05ec8b0ec5e0,creuse,France services - Sardent,collectivite_administration,administration collectivite service public,1
https://lannuaire.service-public.gouv.fr/nouvelle-aquitaine/creuse/a3526cb4-2e60-4dc9-b9a6-05482e2cce5d,creuse,Mairie - La Souterraine,collectivite_administration,mairie collectivite,1
https://lannuaire.service-public.gouv.fr/nouvelle-aquitaine/creuse/a35c1c31-3b2d-4d89-918f-1ca7dbebae1f,creuse,Mairie - Soumans,collectivite_administration,mairie collectivite,1
https://lannuaire.service-public.gouv.fr/nouvelle-aquitaine/creuse/a399f394-4589-4369-8b5a-47f911a130b1,creuse,Mairie - Bosmoreau-les-Mines,collectivite_administration,mairie collectivite,1
https://lannuaire.service-public.gouv.fr/nouvelle-aquitaine/creuse/a6915b13-3482-44bb-97ef-a1f51ed5f5a9,creuse,Mairie - Vigeville,collectivite_administration,mairie collectivite,1
https://lannuaire.service-public.gouv.fr/nouvelle-aquitaine/creuse/a6d22f6a-4c3c-45e6-8827-4e5ecf6099cd,creuse,Mairie - Ajain,collectivite_administration,mairie collectivite,1
https://lannuaire.service-public.gouv.fr/nouvelle-aquitaine/creuse/a81187bf-e993-4497-898e-d3b962e67f04,creuse,France services - Bonnat,collectivite_administration,administration collectivite service public,1
https://lannuaire.service-public.gouv.fr/nouvelle-aquitaine/creuse/a9969c0a-ada5-43dd-aa9f-15b402dea7c1,creuse,Mairie - Roches,collectivite_administration,mairie collectivite,1
https://lannuaire.service-public.gouv.fr/nouvelle-aquitaine/creuse/abbef724-092a-4109-b019-e32b35ad1d2d,creuse,Mairie - Chamborand,collectivite_administration,mairie collectivite,1
https://lannuaire.service-public.gouv.fr/nouvelle-aquitaine/creuse/ac34811f-792a-4aaa-bb02-2adb83f3cb00,creuse,France services - Chénérailles,collectivite_administration,administration collectivite service public,1
https://lannuaire.service-public.gouv.fr/nouvelle-aquitaine/creuse/ae89238e-e6e1-4055-bb1e-01c1ca850cc7,creuse,Mairie - Saint-Avit-de-Tardes,collectivite_administration,mairie collectivite,1
https://lannuaire.service-public.gouv.fr/nouvelle-aquitaine/creuse/af522bc4-d982-499f-b9d8-8597ae42dc90,creuse,Maison de l'économie et de la formation du Bassin Ouest Creuse - La Souterraine,structure,maison france services,1
https://lannuaire.service-public.gouv.fr/nouvelle-aquitaine/creuse/afdb1943-b1d5-42e9-a2b0-2b55df301004,creuse,Mairie - Saint-Georges-Nigremont,collectivite_administration,mairie collectivite,1
https://lannuaire.service-public.gouv.fr/nouvelle-aquitaine/creuse/afe408b2-35b4-4f39-bce1-d90320707517,creuse,Mairie - Saint-Michel-de-Veisse,collectivite_administration,mairie collectivite,1
https://lannuaire.service-public.gouv.fr/nouvelle-aquitaine/creuse/b0b6c9a2-f5af-4138-9e47-4cb43a56c163,creuse,Mairie - La Celle-Dunoise,collectivite_administration,mairie collectivite,1
https://lannuaire.service-public.gouv.fr/nouvelle-aquitaine/creuse/b1a6f74b-4ae0-47b2-8e68-f5ed9f1e1cab,creuse,Point d'information local dédié aux personnes âgées - Chénérailles,collectivite_administration,administration collectivite service public,1
https://lannuaire.service-public.gouv.fr/nouvelle-aquitaine/creuse/b322b8df-0a7e-47e2-9eff-69a89b8023f3,creuse,France services - Ahun,collectivite_administration,administration collectivite service public,1
https://lannuaire.service-public.gouv.fr/nouvelle-aquitaine/creuse/b37fca1d-3706-447b-9377-de54013adb18,creuse,Mairie - Le Donzeil,collectivite_administration,mairie collectivite,1
https://lannuaire.service-public.gouv.fr/nouvelle-aquitaine/creuse/b4ba93cb-da52-4b67-ba02-64fcd2d3d9b1,creuse,Mairie - Montaigut-le-Blanc,collectivite_administration,mairie collectivite,1
https://lannuaire.service-public.gouv.fr/nouvelle-aquitaine/creuse/b516d0b3-db0e-4472-bb95-e81019002f9a,creuse,Mairie - Lupersat,collectivite_administration,mairie collectivite,1
https://lannuaire.service-public.gouv.fr/nouvelle-aquitaine/creuse/b56cbaac-be06-4a0a-9d37-6a4913e4bbbb,creuse,Mairie - Jouillat,collectivite_administration,mairie collectivite,1
https://lannuaire.service-public.gouv.fr/nouvelle-aquitaine/creuse/b636834e-4f14-4687-97c3-b9b37c8f151c,creuse,Mairie - Parsac,collectivite_administration,mairie collectivite,1
https://lannuaire.service-public.gouv.fr/nouvelle-aquitaine/creuse/b6b1598b-6a89-487b-b0fb-0fcd9f1a2120,creuse,Mairie - Saint-Laurent,collectivite_administration,mairie collectivite,1
https://lannuaire.service-public.gouv.fr/nouvelle-aquitaine/creuse/b6dc68b7-ef48-4703-8dfb-c98f80bdada0,creuse,Mairie - Saint-Agnant-près-Crocq,collectivite_administration,mairie collectivite,1
https://lannuaire.service-public.gouv.fr/nouvelle-aquitaine/creuse/b742b1ec-6d04-43ba-bc2f-aca2d774eae5,creuse,Mairie - Saint-Martial-le-Mont,collectivite_administration,mairie collectivite,1
https://lannuaire.service-public.gouv.fr/nouvelle-aquitaine/creuse/b7a05ff3-9bfc-4814-9cbc-a4dc00360bf0,creuse,Mairie - Jalesches,collectivite_administration,mairie collectivite,1
https://lannuaire.service-public.gouv.fr/nouvelle-aquitaine/creuse/b7a3cd7f-588d-4004-bd62-7c9fc46973e5,creuse,Mairie - Bussière-Dunoise,collectivite_administration,mairie collectivite,1
https://lannuaire.service-public.gouv.fr/nouvelle-aquitaine/creuse/b8e692d8-4d95-4d0f-b944-3f2640b5aebf,creuse,Mairie - Moutier-d Ahun,collectivite_administration,mairie collectivite,1
https://lannuaire.service-public.gouv.fr/nouvelle-aquitaine/creuse/ba34eac7-2b5a-4b4f-87e9-7a71a38f8701,creuse,Mairie déléguée - Masbaraud-Mérignat,collectivite_administration,mairie collectivite,1
https://lannuaire.service-public.gouv.fr/nouvelle-aquitaine/creuse/ba971eef-5c84-4844-a634-996b936beb25,creuse,Mairie - Saint-Christophe,collectivite_administration,mairie collectivite,1
https://lannuaire.service-public.gouv.fr/nouvelle-aquitaine/creuse/baaa66b8-2400-4baa-befe-b2981eb2c2c1,creuse,Mairie - Champagnat,collectivite_administration,mairie collectivite,1
https://lannuaire.service-public.gouv.fr/nouvelle-aquitaine/creuse/bb1d73cb-9423-4bb9-bb3d-4d59aadface9,creuse,Mairie - Mansat-la-Courrière,collectivite_administration,mairie collectivite,1
https://lannuaire.service-public.gouv.fr/nouvelle-aquitaine/creuse/bc8321bd-77e5-4b8d-92e5-5ed10e15b04e,creuse,Mairie - Viersat,collectivite_administration,mairie collectivite,1
https://lannuaire.service-public.gouv.fr/nouvelle-aquitaine/creuse/bd1ec0ff-d471-4aab-af74-43454e599dd1,creuse,Point information jeunesse - Genouillac,jeunesse_loisirs,PIJ information jeunesse,1
https://lannuaire.service-public.gouv.fr/nouvelle-aquitaine/creuse/bd2cea2f-25d4-4f8a-a97c-c3add2db719b,creuse,Mairie - Évaux-les-Bains,collectivite_administration,mairie collectivite,1
https://lannuaire.service-public.gouv.fr/nouvelle-aquitaine/creuse/bdf4be8a-aa7a-49a4-ad2c-1f51001014c6,creuse,Communauté de communes - Creuse Confluence,collectivite_administration,administration collectivite service public,1
https://lannuaire.service-public.gouv.fr/nouvelle-aquitaine/creuse/bff4bceb-4306-40de-b5e8-e9bef366b520,creuse,Mairie - Saint-Georges-la-Pouge,collectivite_administration,mairie collectivite,1
https://lannuaire.service-public.gouv.fr/nouvelle-aquitaine/creuse/c07c18ec-cc7a-4636-8ede-6d5bb9ec801c,creuse,Mairie - Saint-Maurice-la-Souterraine,collectivite_administration,mairie collectivite,1
https://lannuaire.service-public.gouv.fr/nouvelle-aquitaine/creuse/c0e10553-85f5-4c97-8180-e0dc3e856f33,creuse,Centre communal d'action sociale (CCAS) - Nouhant,collectivite_administration,mairie collectivite,1
https://lannuaire.service-public.gouv.fr/nouvelle-aquitaine/creuse/c2c7b7f4-be7b-4438-93d9-b9b2cec0044f,creuse,Mairie - Azerables,collectivite_administration,mairie collectivite,1
https://lannuaire.service-public.gouv.fr/nouvelle-aquitaine/creuse/c37b376f-2436-464c-b265-cdecb774d48b,creuse,Fédération française du bâtiment (FFB) - Creuse,collectivite_administration,administration collectivite service public,1
https://lannuaire.service-public.gouv.fr/nouvelle-aquitaine/creuse/c47d6fd2-6915-45a2-b81c-3beacc98a0ef,creuse,Mairie - Saint-Pardoux-Morterolles,collectivite_administration,mairie collectivite,1
https://lannuaire.service-public.gouv.fr/nouvelle-aquitaine/creuse/c4bcd56c-f4a0-4e6b-967c-e172ff0add73,creuse,Mairie - Toulx-Sainte-Croix,collectivite_administration,mairie collectivite,1
https://lannuaire.service-public.gouv.fr/nouvelle-aquitaine/creuse/c5ec5c41-cef5-41f8-b62e-1d910be71c06,creuse,Secrétariat général commun départemental - Creuse,collectivite_administration,administration collectivite service public,1
https://lannuaire.service-public.gouv.fr/nouvelle-aquitaine/creuse/c653b055-8a6b-401e-9b0e-3b13d3c54e9e,creuse,Centre communal d'action sociale (CCAS) - Aubusson,collectivite_administration,administration collectivite service public,1
https://lannuaire.service-public.gouv.fr/nouvelle-aquitaine/creuse/c6aa07db-c683-47d9-96ed-bacf8df0d079,creuse,Mairie - Sous-Parsat,collectivite_administration,mairie collectivite,1
https://lannuaire.service-public.gouv.fr/nouvelle-aquitaine/creuse/c6d66c0a-d6fd-4bba-ac33-c878b8c07277,creuse,Mairie - Fransèches,collectivite_administration,mairie collectivite,1
https://lannuaire.service-public.gouv.fr/nouvelle-aquitaine/creuse/c70a1b0b-12ce-4339-be37-ab6bb6d31235,creuse,Mairie - Chard,collectivite_administration,mairie collectivite,1
https://lannuaire.service-public.gouv.fr/nouvelle-aquitaine/creuse/c70c29b7-db0f-4a09-8626-77f9dd6304c1,creuse,Mairie - Saint-Sulpice-le-Dunois,collectivite_administration,mairie collectivite,1
https://lannuaire.service-public.gouv.fr/nouvelle-aquitaine/creuse/c74ee6aa-047e-4740-b7bf-0d91aeca13d4,creuse,Conciliateur fiscal départemental - Creuse,collectivite_administration,administration collectivite service public,1
https://lannuaire.service-public.gouv.fr/nouvelle-aquitaine/creuse/c85abac7-fc54-4d3e-8079-0a4711f8a979,creuse,France services - Crocq,collectivite_administration,administration collectivite service public,1
https://lannuaire.service-public.gouv.fr/nouvelle-aquitaine/creuse/c9094bd4-b6d7-454e-8cb4-d9971c179158,creuse,Mairie - Boussac-Bourg,collectivite_administration,mairie collectivite,1
https://lannuaire.service-public.gouv.fr/nouvelle-aquitaine/creuse/c9bde3a0-3973-4828-847f-dbbba3e0a350,creuse,Centre communal d'action sociale (CCAS) - Ladapeyre,collectivite_administration,mairie collectivite,1
https://lannuaire.service-public.gouv.fr/nouvelle-aquitaine/creuse/caa758fc-ec30-42ec-a42a-3ddaa369a492,creuse,Mairie - Saint-Maixant,collectivite_administration,mairie collectivite,1
https://lannuaire.service-public.gouv.fr/nouvelle-aquitaine/creuse/cac63f0e-ca92-426e-90c7-32f0b0c55352,creuse,Mairie - Peyrabout,collectivite_administration,mairie collectivite,1
https://lannuaire.service-public.gouv.fr/nouvelle-aquitaine/creuse/cb14ed9c-bf70-426c-a8c5-ce1aca0ff837,creuse,Mairie - Fursac,collectivite_administration,mairie collectivite,1
https://lannuaire.service-public.gouv.fr/nouvelle-aquitaine/creuse/cbd6ae5a-ea33-4cd0-b367-68c521b58cdc,creuse,Service de renseignement en droit du travail - Creuse,collectivite_administration,administration collectivite service public,1
https://lannuaire.service-public.gouv.fr/nouvelle-aquitaine/creuse/cd445c4e-dc10-41c9-8c1e-e4cc473c5a7d,creuse,Mairie - Sermur,collectivite_administration,mairie collectivite,1
https://lannuaire.service-public.gouv.fr/nouvelle-aquitaine/creuse/ce058f58-2655-4534-93ce-8fbf5db5cc17,creuse,Association Creusoise interprofessionnelle de santé au travail (ACIST 23) - Guéret,collectivite_administration,administration collectivite service public,1
https://lannuaire.service-public.gouv.fr/nouvelle-aquitaine/creuse/ce3bf0d3-e364-4938-8994-1d89baba78d4,creuse,Mairie - Saint-Martial-le-Vieux,collectivite_administration,mairie collectivite,1
https://lannuaire.service-public.gouv.fr/nouvelle-aquitaine/creuse/ce807999-6cfe-4320-899f-dfca7602613d,creuse,France services - Guéret,collectivite_administration,administration collectivite service public,1
https://lannuaire.service-public.gouv.fr/nouvelle-aquitaine/creuse/ced6318e-e148-453d-9a8c-5b55158e4927,creuse,Délégation militaire départementale (DMD) - Creuse,collectivite_administration,administration collectivite service public,1
https://lannuaire.service-public.gouv.fr/nouvelle-aquitaine/creuse/d03dc86d-faca-4fdd-98f5-6c5973b9b172,creuse,Mairie - Moutier-Rozeille,collectivite_administration,mairie collectivite,1
https://lannuaire.service-public.gouv.fr/nouvelle-aquitaine/creuse/d1cc646c-f82f-4a66-804b-14f16e700b2a,creuse,Centre de protection maternelle et infantile (PMI) - Guéret,collectivite_administration,administration collectivite service public,1
https://lannuaire.service-public.gouv.fr/nouvelle-aquitaine/creuse/d25dffe5-71b3-4f4e-956c-9cf50beeee12,creuse,Mairie - Ahun,collectivite_administration,mairie collectivite,1
https://lannuaire.service-public.gouv.fr/nouvelle-aquitaine/creuse/d60e73c0-04aa-44f5-ab3b-c5ccc5ea582f,creuse,France services - Royère-de-Vassivière,collectivite_administration,administration collectivite service public,1
https://lannuaire.service-public.gouv.fr/nouvelle-aquitaine/creuse/d7989638-7024-45b4-870f-99e10c4f9ff8,creuse,Chambre d'agriculture - Creuse,collectivite_administration,administration collectivite service public,1
https://lannuaire.service-public.gouv.fr/nouvelle-aquitaine/creuse/d844c90d-f6c7-4f2a-9a96-677c28f4b130,creuse,Mairie - Peyrat-la-Nonière,collectivite_administration,mairie collectivite,1
https://lannuaire.service-public.gouv.fr/nouvelle-aquitaine/creuse/d8a050c8-d4ce-4d5f-a3c2-2cd085909517,creuse,Mairie - Aulon,collectivite_administration,mairie collectivite,1
https://lannuaire.service-public.gouv.fr/nouvelle-aquitaine/creuse/d8e618f8-f4f8-42e2-806e-13ea43ee95b6,creuse,Mairie - Montboucher,collectivite_administration,mairie collectivite,1
https://lannuaire.service-public.gouv.fr/nouvelle-aquitaine/creuse/d96154fc-4011-4bee-b7e6-0a23977b55fe,creuse,Point information jeunesse - Boussac-Bourg,jeunesse_loisirs,PIJ information jeunesse,1
https://lannuaire.service-public.gouv.fr/nouvelle-aquitaine/creuse/d96df134-dcb4-4cdc-8787-5c5463c059d3,creuse,Mairie - Saint-Marc-à-Frongier,collectivite_administration,mairie collectivite,1
https://lannuaire.service-public.gouv.fr/nouvelle-aquitaine/creuse/d9c52379-4406-41d4-a17b-473fca6ffed5,creuse,Communauté de communes - Portes de la Creuse en Marche,collectivite_administration,administration collectivite service public,1
https://lannuaire.service-public.gouv.fr/nouvelle-aquitaine/creuse/da8e4ecb-4a21-4414-94d6-d375abbf9201,creuse,Mairie - La Chapelle-Saint-Martial,collectivite_administration,mairie collectivite,1
https://lannuaire.service-public.gouv.fr/nouvelle-aquitaine/creuse/daf48c2b-2983-4b5f-b55e-8dae4413e800,creuse,Chambre de commerce et d'industrie (CCI) 23 - Creuse - Siège de Guéret,collectivite_administration,administration collectivite service public,1
https://lannuaire.service-public.gouv.fr/nouvelle-aquitaine/creuse/db0bce1e-3e4b-4a98-8f10-790de4424112,creuse,Mairie - Chambon-Sainte-Croix,collectivite_administration,mairie collectivite,1
https://lannuaire.service-public.gouv.fr/nouvelle-aquitaine/creuse/db1643c6-b028-4ec5-8f75-b5893ff2ae0c,creuse,Mairie - Gartempe,collectivite_administration,mairie collectivite,1
https://lannuaire.service-public.gouv.fr/nouvelle-aquitaine/creuse/db3f8f20-b2cb-4bd6-ac78-5e71960624f3,creuse,Mairie - Flayat,collectivite_administration,mairie collectivite,1
https://lannuaire.service-public.gouv.fr/nouvelle-aquitaine/creuse/db7fce89-d9cb-451c-a692-d8af5c23fa22,creuse,Mairie - Saint-Silvain-Montaigut,collectivite_administration,mairie collectivite,1
https://lannuaire.service-public.gouv.fr/nouvelle-aquitaine/creuse/dcbb1020-0ec2-4571-9c59-36e223b3e028,creuse,Mairie - Châtelard,collectivite_administration,mairie collectivite,1
https://lannuaire.service-public.gouv.fr/nouvelle-aquitaine/creuse/dcc551e9-894f-4e7b-acb5-70e4de39b41d,creuse,Mairie - Saint-Julien-le-Châtel,collectivite_administration,mairie collectivite,1
https://lannuaire.service-public.gouv.fr/nouvelle-aquitaine/creuse/dccfae28-af71-4eaf-bfb9-7d2faf57ff59,creuse,Mairie - Naillat,collectivite_administration,mairie collectivite,1
https://lannuaire.service-public.gouv.fr/nouvelle-aquitaine/creuse/e010baa9-726e-40a3-b5b8-ae20488ade77,creuse,Mairie - Glénic,collectivite_administration,mairie collectivite,1
https://lannuaire.service-public.gouv.fr/nouvelle-aquitaine/creuse/e184f065-0f94-4a6c-bf2a-df0a3d80a8d2,creuse,Mairie - Chambonchard,collectivite_administration,mairie collectivite,1
https://lannuaire.service-public.gouv.fr/nouvelle-aquitaine/creuse/e3278d36-596a-43b7-8944-84a5082e06c9,creuse,Mairie - Trois-Fonds,collectivite_administration,mairie collectivite,1
https://lannuaire.service-public.gouv.fr/nouvelle-aquitaine/creuse/e337e055-4e17-4b8f-bd73-7fa79fd67bec,creuse,Mairie - Moutier-Malcard,collectivite_administration,mairie collectivite,1
https://lannuaire.service-public.gouv.fr/nouvelle-aquitaine/creuse/e358c87d-b6c9-412c-a9ef-931482690846,creuse,Fédération départementale pour la pêche et la protection du milieu aquatique - Creuse,collectivite_administration,administration collectivite service public,1
https://lannuaire.service-public.gouv.fr/nouvelle-aquitaine/creuse/e38057b4-ff25-40ea-b3db-7758a043d9b8,creuse,Mairie - Sainte-Feyre,collectivite_administration,mairie collectivite,1
https://lannuaire.service-public.gouv.fr/nouvelle-aquitaine/creuse/e4d5b96c-1c21-49a0-81f6-ccca2cb74020,creuse,France services - Gouzon,collectivite_administration,administration collectivite service public,1
https://lannuaire.service-public.gouv.fr/nouvelle-aquitaine/creuse/e6848a56-32b7-4b0a-807b-20c8b413536a,creuse,Centre communal d'action sociale (CCAS) - Felletin,collectivite_administration,administration collectivite service public,1
https://lannuaire.service-public.gouv.fr/nouvelle-aquitaine/creuse/e6ecff6e-8bdc-4a2c-a42a-726450c624ab,creuse,Point information jeunesse - La Souterraine,jeunesse_loisirs,PIJ information jeunesse,1
https://lannuaire.service-public.gouv.fr/nouvelle-aquitaine/creuse/e81f9ba6-a81f-42f2-83ff-b15973a8764b,creuse,Mairie - Faux-Mazuras,collectivite_administration,mairie collectivite,1
https://lannuaire.service-public.gouv.fr/nouvelle-aquitaine/creuse/e96a555f-bbfa-4de0-9a7b-73615266bfa5,creuse,Mairie - Cressat,collectivite_administration,mairie collectivite,1
https://lannuaire.service-public.gouv.fr/nouvelle-aquitaine/creuse/ea067205-c4bf-418d-9a0a-7099c928ce7e,creuse,Mairie - Domeyrot,collectivite_administration,mairie collectivite,1
https://lannuaire.service-public.gouv.fr/nouvelle-aquitaine/creuse/eb753128-9974-42b4-bd40-ca1805970c22,creuse,Mairie - Aubusson,collectivite_administration,mairie collectivite,1
https://lannuaire.service-public.gouv.fr/nouvelle-aquitaine/creuse/ec1eefe1-0131-4080-82ae-7984dadff6b6,creuse,Mairie - Sainte-Feyre-la-Montagne,collectivite_administration,mairie collectivite,1
https://lannuaire.service-public.gouv.fr/nouvelle-aquitaine/creuse/ec63084c-d9da-489b-911c-f0e4bfd01318,creuse,Mairie - Saint-Pierre-le-Bost,collectivite_administration,mairie collectivite,1
https://lannuaire.service-public.gouv.fr/nouvelle-aquitaine/creuse/ecba7e9b-a2ab-4aae-a560-fb47bf222be7,creuse,Mairie - Arrènes,collectivite_administration,mairie collectivite,1
https://lannuaire.service-public.gouv.fr/nouvelle-aquitaine/creuse/ee629a1a-7d37-40fa-b018-df7e58462fe5,creuse,Mairie - Bosroger,collectivite_administration,mairie collectivite,1
https://lannuaire.service-public.gouv.fr/nouvelle-aquitaine/creuse/ee9879af-cd41-45d7-8d05-dbd77a962de4,creuse,Direction départementale des finances publiques (DDFIP) - Creuse,collectivite_administration,administration collectivite service public,1
https://lannuaire.service-public.gouv.fr/nouvelle-aquitaine/creuse/f027556f-21b5-4cb3-9a84-f15ad68c5c05,creuse,Mairie - Boussac,collectivite_administration,mairie collectivite,1
https://lannuaire.service-public.gouv.fr/nouvelle-aquitaine/creuse/f158103d-9c0f-4849-b1a0-cbd444b41f06,creuse,Mairie - Malleret,collectivite_administration,mairie collectivite,1
https://lannuaire.service-public.gouv.fr/nouvelle-aquitaine/creuse/f1b72b97-694b-4a06-b857-9060ccae4052,creuse,Bureau de l'éducation routière (BER) - Creuse,collectivite_administration,administration collectivite service public,1
https://lannuaire.service-public.gouv.fr/nouvelle-aquitaine/creuse/f21c1138-b1f6-4bce-a078-7b415f915ee9,creuse,Mairie - Brousse,collectivite_administration,mairie collectivite,1
https://lannuaire.service-public.gouv.fr/nouvelle-aquitaine/creuse/f2ec1396-82c3-4430-a876-9e34d36bcaaf,creuse,Mairie - Lavaveix-les-Mines,collectivite_administration,mairie collectivite,1
https://lannuaire.service-public.gouv.fr/nouvelle-aquitaine/creuse/f321c9b5-271f-455f-825c-3100c82572b0,creuse,Mairie - Maison-Feyne,collectivite_administration,mairie collectivite,1
https://lannuaire.service-public.gouv.fr/nouvelle-aquitaine/creuse/f32e8310-de81-4431-af29-e2a8227526e1,creuse,Mairie - Saint-Bard,collectivite_administration,mairie collectivite,1
https://lannuaire.service-public.gouv.fr/nouvelle-aquitaine/creuse/f3ec54d3-fabb-459c-a55f-2a66bc07dbe7,creuse,Cap emploi - Creuse,collectivite_administration,administration collectivite service public,1
https://lannuaire.service-public.gouv.fr/nouvelle-aquitaine/creuse/f4c71025-7008-4e7a-85c4-54ec98665e81,creuse,Mairie - Mautes,collectivite_administration,mairie collectivite,1
https://lannuaire.service-public.gouv.fr/nouvelle-aquitaine/creuse/f500f73e-04bb-42c5-bd8e-7c9f665dcd85,creuse,Mairie - Saint-Silvain-sous-Toulx,collectivite_administration,mairie collectivite,1
https://lannuaire.service-public.gouv.fr/nouvelle-aquitaine/creuse/f63a370b-f50c-47e5-8211-6301d2669aaa,creuse,Mairie - Saint-Loup,collectivite_administration,mairie collectivite,1
https://lannuaire.service-public.gouv.fr/nouvelle-aquitaine/creuse/f7eb640a-74d6-486e-9496-32d507d69113,creuse,Mairie - Gentioux-Pigerolles,collectivite_administration,mairie collectivite,1
https://lannuaire.service-public.gouv.fr/nouvelle-aquitaine/creuse/f92a5ae5-5f13-4969-9712-5778671b670d,creuse,Mairie - Linard-Malval,collectivite_administration,mairie collectivite,1
https://lannuaire.service-public.gouv.fr/nouvelle-aquitaine/creuse/f9bf4d53-68b6-44bc-9489-90eb1482b8e3,creuse,Mairie - Leyrat,collectivite_administration,mairie collectivite,1
https://lannuaire.service-public.gouv.fr/nouvelle-aquitaine/creuse/fa32c57a-af12-4a0b-bacd-02ee4c6afb4c,creuse,Mairie - Fleurat,collectivite_administration,mairie collectivite,1
https://lannuaire.service-public.gouv.fr/nouvelle-aquitaine/creuse/facd703a-82db-4257-a988-1666d71cde6c,creuse,Mairie - Mortroux,collectivite_administration,mairie collectivite,1
https://lannuaire.service-public.gouv.fr/nouvelle-aquitaine/creuse/fb27f7f9-66b9-4253-bac6-5a62175752c1,creuse,Mairie - Dontreix,collectivite_administration,mairie collectivite,1
https://lannuaire.service-public.gouv.fr/nouvelle-aquitaine/creuse/fc7f6856-cf6d-458d-aca3-22381ccfd380,creuse,Mairie - Fresselines,collectivite_administration,mairie collectivite,1
https://lannuaire.service-public.gouv.fr/nouvelle-aquitaine/creuse/ff11bcce-662b-4cbb-b6e8-1061d49db712,creuse,Confédération départementale de l'artisanat et des petites entreprises du bâtiment  (Capeb) - Creuse,collectivite_administration,administration collectivite service public,1
https://lannuaire.service-public.gouv.fr/nouvelle-aquitaine/creuse/ff7cdcf2-1591-4fd6-be00-beaf05fa9ecc,creuse,Mairie - Saint-Julien-la-Genête,collectivite_administration,mairie collectivite,1
https://lannuaire.service-public.gouv.fr/nouvelle-aquitaine/creuse/ffa560f6-26e1-40c8-8204-01ed05d7c060,creuse,Communauté de communes - Creuse Grand Sud,collectivite_administration,administration collectivite service public,1
https://www.creuse.fr/L-accueil-familial-1167,creuse,Conseil departemental de la Creuse - accueil familial,structure,departement solidarite autonomie accueil familial,1
https://asea43.org/polesprotectionenfance.html,haute-loire,ASEA 43 Pole protection de l'enfance,protection_enfance,protection enfance ASE MECS,1
https://lannuaire.service-public.gouv.fr/auvergne-rhone-alpes/haute-loire/018a4f77-764d-49b5-a481-72887469b291,haute-loire,Mairie - Salettes,collectivite_administration,mairie collectivite,1
https://lannuaire.service-public.gouv.fr/auvergne-rhone-alpes/haute-loire/01c91802-fe88-4a64-aa64-163271b93f0e,haute-loire,Communauté d'agglomération - Puy-en-Velay,collectivite_administration,administration collectivite service public,1
https://lannuaire.service-public.gouv.fr/auvergne-rhone-alpes/haute-loire/03389ca8-de8c-4ccf-95be-ec44ec69115a,haute-loire,Mairie - Ceyssac,collectivite_administration,mairie collectivite,1
https://lannuaire.service-public.gouv.fr/auvergne-rhone-alpes/haute-loire/0359443e-b2d1-4c36-8377-36d61047fd67,haute-loire,Mairie - Monistrol-sur-Loire,collectivite_administration,mairie collectivite,1
https://lannuaire.service-public.gouv.fr/auvergne-rhone-alpes/haute-loire/04a6b3f0-7344-42f8-be68-d394730bb4c0,haute-loire,France services - Saugues,collectivite_administration,administration collectivite service public,1
https://lannuaire.service-public.gouv.fr/auvergne-rhone-alpes/haute-loire/051e1d4e-8c3c-4fd5-a645-13aa52135486,haute-loire,France services - Le Monastier-sur-Gazeille,collectivite_administration,administration collectivite service public,1
https://lannuaire.service-public.gouv.fr/auvergne-rhone-alpes/haute-loire/0525797c-7ea4-48ff-bab5-dba5f621f5f1,haute-loire,Mairie - Chaspuzac,collectivite_administration,mairie collectivite,1
https://lannuaire.service-public.gouv.fr/auvergne-rhone-alpes/haute-loire/05679631-b460-4985-84c3-046e7a7878e7,haute-loire,France services - Vorey-sur-Arzon,collectivite_administration,administration collectivite service public,1
https://lannuaire.service-public.gouv.fr/auvergne-rhone-alpes/haute-loire/06dcacdf-53e2-424c-99d3-2b52545bfadc,haute-loire,Mairie - Saint-Martin-de-Fugères,collectivite_administration,mairie collectivite,1
https://lannuaire.service-public.gouv.fr/auvergne-rhone-alpes/haute-loire/06f64036-ed29-420e-ae6f-75829bb7722d,haute-loire,Mairie - Saint-Julien-du-Pinet,collectivite_administration,mairie collectivite,1
https://lannuaire.service-public.gouv.fr/auvergne-rhone-alpes/haute-loire/075eec3b-5e93-40d5-9116-2c0576bd983c,haute-loire,Mairie - Costaros,collectivite_administration,mairie collectivite,1
https://lannuaire.service-public.gouv.fr/auvergne-rhone-alpes/haute-loire/07d95e47-5f57-4fb4-9b32-cfa286619e1a,haute-loire,Mairie - La Chapelle-Geneste,collectivite_administration,mairie collectivite,1
https://lannuaire.service-public.gouv.fr/auvergne-rhone-alpes/haute-loire/08ce6aa1-ca4a-4726-b64b-8baa49d6b0a0,haute-loire,Mairie - Félines,collectivite_administration,mairie collectivite,1
https://lannuaire.service-public.gouv.fr/auvergne-rhone-alpes/haute-loire/08db7f36-a5bd-46bf-90f2-b2a5438b4068,haute-loire,Mairie - Saint-André-de-Chalencon,collectivite_administration,mairie collectivite,1
https://lannuaire.service-public.gouv.fr/auvergne-rhone-alpes/haute-loire/09be230c-afc5-466f-97ce-22b6b26a682a,haute-loire,Mairie - Landos,collectivite_administration,mairie collectivite,1
https://lannuaire.service-public.gouv.fr/auvergne-rhone-alpes/haute-loire/09bf365e-efe4-4c39-802b-1cfd2ee55797,haute-loire,Mairie - Agnat,collectivite_administration,mairie collectivite,1
https://lannuaire.service-public.gouv.fr/auvergne-rhone-alpes/haute-loire/09f0de62-3125-4f82-a9f6-f988fad10867,haute-loire,Police municipale - Monistrol-sur-Loire,collectivite_administration,administration collectivite service public,1
https://lannuaire.service-public.gouv.fr/auvergne-rhone-alpes/haute-loire/0a2c2e79-1358-4404-8e06-5ef2d3f03577,haute-loire,Mairie - Saint-Austremoine,collectivite_administration,mairie collectivite,1
https://lannuaire.service-public.gouv.fr/auvergne-rhone-alpes/haute-loire/0a5c49e7-8c2a-426e-a8d0-e8ac938c48bf,haute-loire,Mairie - Roche-en-Régnier,collectivite_administration,mairie collectivite,1
https://lannuaire.service-public.gouv.fr/auvergne-rhone-alpes/haute-loire/0a8cf773-6c9c-45bb-ac3b-02fbfd28e4b6,haute-loire,Mairie - Beaulieu,collectivite_administration,mairie collectivite,1
https://lannuaire.service-public.gouv.fr/auvergne-rhone-alpes/haute-loire/0a9c5f42-6ef0-4f73-a648-96d5bd0a30e2,haute-loire,Fédération départementale des chasseurs - Haute-Loire,collectivite_administration,administration collectivite service public,1
https://lannuaire.service-public.gouv.fr/auvergne-rhone-alpes/haute-loire/0ab47b22-6adf-4adb-8fd3-27976ca56e97,haute-loire,Centre communal d'action sociale (CCAS) - Vergongheon,collectivite_administration,mairie collectivite,1
https://lannuaire.service-public.gouv.fr/auvergne-rhone-alpes/haute-loire/0b305abe-de9d-41d8-8a82-cd08be4c6a84,haute-loire,Mairie - Saint-Préjet-Armandon,collectivite_administration,mairie collectivite,1
https://lannuaire.service-public.gouv.fr/auvergne-rhone-alpes/haute-loire/0c0c2d4b-b6c6-49cf-a4f6-451337a52153,haute-loire,Mairie - Saint-Étienne-sur-Blesle,collectivite_administration,mairie collectivite,1
https://lannuaire.service-public.gouv.fr/auvergne-rhone-alpes/haute-loire/0c3007ba-1c04-42ee-af00-c6bed2dc881e,haute-loire,Mairie - Saint-Victor-Malescours,collectivite_administration,mairie collectivite,1
https://lannuaire.service-public.gouv.fr/auvergne-rhone-alpes/haute-loire/0c53ae50-fbbe-40b1-a1ff-04a92be67125,haute-loire,Service de santé au travail de la Haute-Loire - Le Puy-en-Velay,collectivite_administration,administration collectivite service public,1
https://lannuaire.service-public.gouv.fr/auvergne-rhone-alpes/haute-loire/0d85f6b7-4fe2-4cbd-bb7f-81fa4e4287e4,haute-loire,Mairie - Saint-Étienne-du-Vigan,collectivite_administration,mairie collectivite,1
https://lannuaire.service-public.gouv.fr/auvergne-rhone-alpes/haute-loire/0f5a648b-f48b-4ee7-927c-66cfc6c9f7f3,haute-loire,Mairie - Saint-Vincent,collectivite_administration,mairie collectivite,1
https://lannuaire.service-public.gouv.fr/auvergne-rhone-alpes/haute-loire/101c2a11-d4f2-4170-99af-4f7809704be8,haute-loire,Mairie - Les Vastres,collectivite_administration,mairie collectivite,1
https://lannuaire.service-public.gouv.fr/auvergne-rhone-alpes/haute-loire/107538f3-487f-405b-8385-7694a9657f28,haute-loire,Centre d'information et d'orientation (CIO) - Brioude,collectivite_administration,administration collectivite service public,1
https://lannuaire.service-public.gouv.fr/auvergne-rhone-alpes/haute-loire/10e00ae7-c5a1-4499-8f6b-48fd1051b2f8,haute-loire,Service de la publicité foncière et de l'enregistrement (SPFE) - Le Puy-en-Velay,collectivite_administration,administration collectivite service public,1
https://lannuaire.service-public.gouv.fr/auvergne-rhone-alpes/haute-loire/10e27528-f45d-4f91-9b69-d59afb928fda,haute-loire,Mairie - Chazelles,collectivite_administration,mairie collectivite,1
https://lannuaire.service-public.gouv.fr/auvergne-rhone-alpes/haute-loire/1272d898-2084-4372-beab-d139604c2826,haute-loire,Mairie - Saint-Just-près-Brioude,collectivite_administration,mairie collectivite,1
https://lannuaire.service-public.gouv.fr/auvergne-rhone-alpes/haute-loire/12bab9e6-e722-4335-977a-30a83d20ee71,haute-loire,Mairie - Moudeyres,collectivite_administration,mairie collectivite,1
https://lannuaire.service-public.gouv.fr/auvergne-rhone-alpes/haute-loire/12be7dba-87e6-4e51-a78b-574014c8724c,haute-loire,Mairie - Saint-Julien-Molhesabate,collectivite_administration,mairie collectivite,1
https://lannuaire.service-public.gouv.fr/auvergne-rhone-alpes/haute-loire/1386eb5a-ee08-4fae-9f4e-6034eb873b3e,haute-loire,Conciliateur fiscal départemental - Haute-Loire,collectivite_administration,administration collectivite service public,1
https://lannuaire.service-public.gouv.fr/auvergne-rhone-alpes/haute-loire/1471cac3-6adf-4c8e-8076-9ded5ceef111,haute-loire,Centre communal d'action sociale (CCAS) - Le Monastier-sur-Gazeille,collectivite_administration,mairie collectivite,1
https://lannuaire.service-public.gouv.fr/auvergne-rhone-alpes/haute-loire/148092e8-6235-4aca-a5cc-cf33a3175bba,haute-loire,Centre de protection maternelle et infantile (PMI) - Puy-en-Velay,collectivite_administration,administration collectivite service public,1
https://lannuaire.service-public.gouv.fr/auvergne-rhone-alpes/haute-loire/15189b6e-74b0-4f8d-98a4-9910306e1ac4,haute-loire,Mairie - Araules,collectivite_administration,mairie collectivite,1
https://lannuaire.service-public.gouv.fr/auvergne-rhone-alpes/haute-loire/175573ab-0a9e-4010-8247-d4f48a29c714,haute-loire,Mairie - Léotoing,collectivite_administration,mairie collectivite,1
https://lannuaire.service-public.gouv.fr/auvergne-rhone-alpes/haute-loire/1846d414-04fe-4f66-baae-d94bfaadb9d0,haute-loire,Mairie - Grazac,collectivite_administration,mairie collectivite,1
https://lannuaire.service-public.gouv.fr/auvergne-rhone-alpes/haute-loire/19f57a75-b3e0-4c4e-adce-a075fc971944,haute-loire,Centre communal d'action sociale (CCAS) - Malvières,collectivite_administration,mairie collectivite,1
https://lannuaire.service-public.gouv.fr/auvergne-rhone-alpes/haute-loire/1a652c58-259d-4c4f-9d19-539e197e23ef,haute-loire,Secrétariat général commun départemental - Haute-Loire,collectivite_administration,administration collectivite service public,1
https://lannuaire.service-public.gouv.fr/auvergne-rhone-alpes/haute-loire/1ab1a310-92f4-47ab-afac-9523ee4316df,haute-loire,Commission départementale de conciliation -  Haute-Loire,collectivite_administration,administration collectivite service public,1
https://lannuaire.service-public.gouv.fr/auvergne-rhone-alpes/haute-loire/1b4f2ad6-1bfb-418e-8ef7-368ab8f02767,haute-loire,France services - Saint-Just-Malmont,collectivite_administration,administration collectivite service public,1
https://lannuaire.service-public.gouv.fr/auvergne-rhone-alpes/haute-loire/1bc5c939-a681-4f2a-8067-b84862e34480,haute-loire,Service départemental des impôts foncier (SDIF) Haute-Loire - Le Puy-en-Velay,collectivite_administration,administration collectivite service public,1
https://lannuaire.service-public.gouv.fr/auvergne-rhone-alpes/haute-loire/1c333b0a-6753-46de-a739-5d2ec29d5f1c,haute-loire,Mairie - Tiranges,collectivite_administration,mairie collectivite,1
https://lannuaire.service-public.gouv.fr/auvergne-rhone-alpes/haute-loire/1d6940eb-c6ef-434c-89e2-4cc1a3d5d898,haute-loire,Mairie - Pébrac,collectivite_administration,mairie collectivite,1
https://lannuaire.service-public.gouv.fr/auvergne-rhone-alpes/haute-loire/1fdb11db-28a9-4c11-a25a-42656060f0cb,haute-loire,Société d'aménagement foncier et d'établissement rural (Safer) - Haute-Loire,collectivite_administration,administration collectivite service public,1
https://lannuaire.service-public.gouv.fr/auvergne-rhone-alpes/haute-loire/213c2fcc-3834-455f-b0a8-a948cb843e28,haute-loire,Mairie - Mazerat-Aurouze,collectivite_administration,mairie collectivite,1
https://lannuaire.service-public.gouv.fr/auvergne-rhone-alpes/haute-loire/21cc1080-d6f6-432f-a771-c32b7e41deec,haute-loire,Mairie - Saint-Paul-de-Tartas,collectivite_administration,mairie collectivite,1
https://lannuaire.service-public.gouv.fr/auvergne-rhone-alpes/haute-loire/22010813-8812-4b6a-8ab6-4cc5a1e4c9ea,haute-loire,Mairie - Valprivas,collectivite_administration,mairie collectivite,1
https://lannuaire.service-public.gouv.fr/auvergne-rhone-alpes/haute-loire/229cca04-83c6-4060-ae01-0a202d8e5718,haute-loire,Mairie - Saint-Jean-de Nay,collectivite_administration,mairie collectivite,1
https://lannuaire.service-public.gouv.fr/auvergne-rhone-alpes/haute-loire/229ea65e-1df8-4a05-b016-ef5b299c6007,haute-loire,Mairie - Séneujols,collectivite_administration,mairie collectivite,1
https://lannuaire.service-public.gouv.fr/auvergne-rhone-alpes/haute-loire/22b94494-d455-4e0e-b76d-f33afd06cb7c,haute-loire,Mairie - Solignac-sur-Loire,collectivite_administration,mairie collectivite,1
https://lannuaire.service-public.gouv.fr/auvergne-rhone-alpes/haute-loire/24d3f65f-f590-446f-87a0-b651ad5b402e,haute-loire,Mairie - Azérat,collectivite_administration,mairie collectivite,1
https://lannuaire.service-public.gouv.fr/auvergne-rhone-alpes/haute-loire/24e55c0e-8bb5-4408-8f65-dbe08618291b,haute-loire,Mairie - Bessamorel,collectivite_administration,mairie collectivite,1
https://lannuaire.service-public.gouv.fr/auvergne-rhone-alpes/haute-loire/2514313d-c030-467e-a2fe-9e5e031c340a,haute-loire,Mairie - Le Puy-en-Velay,collectivite_administration,mairie collectivite,1
https://lannuaire.service-public.gouv.fr/auvergne-rhone-alpes/haute-loire/254442d3-afa9-42a2-b1ec-b9ae63070c14,haute-loire,Mairie - Vielprat,collectivite_administration,mairie collectivite,1
https://lannuaire.service-public.gouv.fr/auvergne-rhone-alpes/haute-loire/2595ecbd-91e5-4568-a50a-6d89f45d6a53,haute-loire,Mairie - Frugières-le-Pin,collectivite_administration,mairie collectivite,1
https://lannuaire.service-public.gouv.fr/auvergne-rhone-alpes/haute-loire/2648dfea-36ec-48c0-84a8-08648b599d5e,haute-loire,Chambre de métiers et de l'artisanat (CMA) - Haute-Loire,collectivite_administration,administration collectivite service public,1
https://lannuaire.service-public.gouv.fr/auvergne-rhone-alpes/haute-loire/26ef28e5-9cc9-440d-9900-73a800981807,haute-loire,Mairie - Chadrac,collectivite_administration,mairie collectivite,1
https://lannuaire.service-public.gouv.fr/auvergne-rhone-alpes/haute-loire/2800244a-d3b6-4aca-bf72-c78d3b95b775,haute-loire,Mairie - Freycenet-la-Tour,collectivite_administration,mairie collectivite,1
https://lannuaire.service-public.gouv.fr/auvergne-rhone-alpes/haute-loire/2815b3be-0edd-4e60-8a4f-6c5edcbc85c1,haute-loire,Mairie - Couteuges,collectivite_administration,mairie collectivite,1
https://lannuaire.service-public.gouv.fr/auvergne-rhone-alpes/haute-loire/2846edb4-62ac-40a6-8a98-4dab210322dc,haute-loire,Mairie - Boisset,collectivite_administration,mairie collectivite,1
https://lannuaire.service-public.gouv.fr/auvergne-rhone-alpes/haute-loire/29e3b0d7-373b-4007-a42d-3cffff32a256,haute-loire,Communauté de communes - Marches du Velay Rochebaron,collectivite_administration,administration collectivite service public,1
https://lannuaire.service-public.gouv.fr/auvergne-rhone-alpes/haute-loire/2b1c9d07-d3a8-444b-b49f-e46a1240c432,haute-loire,Conseil départemental d'accès au droit de HauteLoire,collectivite_administration,administration collectivite service public,1
https://lannuaire.service-public.gouv.fr/auvergne-rhone-alpes/haute-loire/2b4dd47f-cd8e-4ed8-89dd-af7c76cef38a,haute-loire,Communauté de communes - Rives du Haut Allier,collectivite_administration,administration collectivite service public,1
https://lannuaire.service-public.gouv.fr/auvergne-rhone-alpes/haute-loire/2c0501fc-58d3-4431-bbb5-2b3646499b28,haute-loire,Mairie - Saint-Didier-sur-Doulon,collectivite_administration,mairie collectivite,1
https://lannuaire.service-public.gouv.fr/auvergne-rhone-alpes/haute-loire/2dc09941-afc7-4f14-9deb-1ef81e58b583,haute-loire,Direction départementale des finances publiques (DDFIP) - Haute-Loire,collectivite_administration,administration collectivite service public,1
https://lannuaire.service-public.gouv.fr/auvergne-rhone-alpes/haute-loire/2ea8d282-7e2c-451a-9399-6788a7b42a60,haute-loire,Mairie - Le Brignon,collectivite_administration,mairie collectivite,1
https://lannuaire.service-public.gouv.fr/auvergne-rhone-alpes/haute-loire/2efa5cc7-f0d5-4ad0-ba9d-de02d29a52eb,haute-loire,Communauté de communes - Loire et Semène,collectivite_administration,administration collectivite service public,1
https://lannuaire.service-public.gouv.fr/auvergne-rhone-alpes/haute-loire/2f0f5f67-2966-4f1b-90e9-d544b2200993,haute-loire,Mairie - Saint-Privat-d'Allier,collectivite_administration,mairie collectivite,1
https://lannuaire.service-public.gouv.fr/auvergne-rhone-alpes/haute-loire/2f36436c-d2c9-4916-8dea-36d16a2c4bd6,haute-loire,Mairie - Saint-Laurent-Chabreuges,collectivite_administration,mairie collectivite,1
https://lannuaire.service-public.gouv.fr/auvergne-rhone-alpes/haute-loire/2f5c0f05-1bfd-46d5-b2fd-f1343cb83a4b,haute-loire,Communauté de communes - Pays de Cayres Pradelles,collectivite_administration,administration collectivite service public,1
https://lannuaire.service-public.gouv.fr/auvergne-rhone-alpes/haute-loire/2f6fca14-4c0f-4479-b3f8-01360ed7f772,haute-loire,Mairie - Esplantas-Vazeilles,collectivite_administration,mairie collectivite,1
https://lannuaire.service-public.gouv.fr/auvergne-rhone-alpes/haute-loire/2ff0e1f4-39c5-4c72-96c0-5866d814a2d2,haute-loire,Point information jeunesse - Monistrol-sur-Loire,jeunesse_loisirs,PIJ information jeunesse,1
https://lannuaire.service-public.gouv.fr/auvergne-rhone-alpes/haute-loire/30d45e78-e028-4f06-abd0-c82a42179b8d,haute-loire,Mairie - Lubilhac,collectivite_administration,mairie collectivite,1
https://lannuaire.service-public.gouv.fr/auvergne-rhone-alpes/haute-loire/30eab7c5-54c6-451a-834b-43c80c55096a,haute-loire,Centre communal d'action sociale (CCAS) - Saint-Arcons-de-Barges,collectivite_administration,mairie collectivite,1
https://lannuaire.service-public.gouv.fr/auvergne-rhone-alpes/haute-loire/31889f89-b1d3-40fb-9d48-308f00126e09,haute-loire,Mairie - Saint-Arcons-d'Allier,collectivite_administration,mairie collectivite,1
https://lannuaire.service-public.gouv.fr/auvergne-rhone-alpes/haute-loire/33076f6d-c0aa-4e87-b64e-fe9593878d1b,haute-loire,Mairie - Dunières,collectivite_administration,mairie collectivite,1
https://lannuaire.service-public.gouv.fr/auvergne-rhone-alpes/haute-loire/339804ce-a604-4664-954a-39655d6f24fd,haute-loire,Mairie - Chomelix,collectivite_administration,mairie collectivite,1
https://lannuaire.service-public.gouv.fr/auvergne-rhone-alpes/haute-loire/34a7d4ee-2524-4b42-9c2b-ee71d333558e,haute-loire,France services - Auzon (itinérant),collectivite_administration,administration collectivite service public,1
https://lannuaire.service-public.gouv.fr/auvergne-rhone-alpes/haute-loire/34b5b11d-aa8a-4d16-91dd-4434e1d820f5,haute-loire,Info Jeunes - Puy-en-Velay,jeunesse_loisirs,PIJ information jeunesse,1
https://lannuaire.service-public.gouv.fr/auvergne-rhone-alpes/haute-loire/36425a48-921b-483e-a708-30e51faa90d9,haute-loire,Commission des chefs de services financiers (CCSF) - Haute-Loire,collectivite_administration,administration collectivite service public,1
https://lannuaire.service-public.gouv.fr/auvergne-rhone-alpes/haute-loire/3721fc86-8057-4122-ae48-4cdeb3a5fab0,haute-loire,Mairie - Montclard,collectivite_administration,mairie collectivite,1
https://lannuaire.service-public.gouv.fr/auvergne-rhone-alpes/haute-loire/376016d2-7c62-43ba-87a5-330e529e9241,haute-loire,Mairie - Sembadel,collectivite_administration,mairie collectivite,1
https://lannuaire.service-public.gouv.fr/auvergne-rhone-alpes/haute-loire/38c301ee-63c4-4c05-9d30-f98a77447e32,haute-loire,Mairie - Berbezit,collectivite_administration,mairie collectivite,1
https://lannuaire.service-public.gouv.fr/auvergne-rhone-alpes/haute-loire/39e48d4e-0847-4f2c-80e7-35b4753c18db,haute-loire,Centre communal d'action sociale (CCAS) - Langeac,collectivite_administration,administration collectivite service public,1
https://lannuaire.service-public.gouv.fr/auvergne-rhone-alpes/haute-loire/39f8a8f4-cd09-41a2-bd21-9a3e84f2700a,haute-loire,Mairie - Saint-Victor-sur-Arlanc,collectivite_administration,mairie collectivite,1
https://lannuaire.service-public.gouv.fr/auvergne-rhone-alpes/haute-loire/3a639284-8591-4885-9fb1-d72c93ee4009,haute-loire,Mairie - Espaly-Saint-Marcel,collectivite_administration,mairie collectivite,1
https://lannuaire.service-public.gouv.fr/auvergne-rhone-alpes/haute-loire/3b782a48-1fee-45c6-b923-9d1d5fff0f02,haute-loire,Centre communal d'action sociale (CCAS) - Saugues,collectivite_administration,administration collectivite service public,1
https://lannuaire.service-public.gouv.fr/auvergne-rhone-alpes/haute-loire/3badd9b5-fc1a-4fa8-9fcf-5fc1ddacfa18,haute-loire,Mairie - La Séauve-sur-Semène,collectivite_administration,mairie collectivite,1
https://lannuaire.service-public.gouv.fr/auvergne-rhone-alpes/haute-loire/3bdf7973-dbe9-4c0c-8eaf-589425b6b87c,haute-loire,Mairie - Collat,collectivite_administration,mairie collectivite,1
https://lannuaire.service-public.gouv.fr/auvergne-rhone-alpes/haute-loire/3cdfd30e-f8ea-4026-8726-ff569c6b0a80,haute-loire,Centre national de la fonction publique territoriale (CNFPT) - Antenne départementale - Haute-Loire,collectivite_administration,administration collectivite service public,1
https://lannuaire.service-public.gouv.fr/auvergne-rhone-alpes/haute-loire/3fed7f1a-2ed7-47cb-ae14-4d322bc88acc,haute-loire,Service de gestion comptable (SGC) - Brioude,collectivite_administration,administration collectivite service public,1
https://lannuaire.service-public.gouv.fr/auvergne-rhone-alpes/haute-loire/420a3086-a87d-4e05-932b-c5a6f48fb786,haute-loire,Mairie - Saint-Front,collectivite_administration,mairie collectivite,1
https://lannuaire.service-public.gouv.fr/auvergne-rhone-alpes/haute-loire/43120db7-b7e0-4317-9974-59e37cf9732e,haute-loire,Mairie - Chambezon,collectivite_administration,mairie collectivite,1
https://lannuaire.service-public.gouv.fr/auvergne-rhone-alpes/haute-loire/43862795-bb7a-4d0f-a837-5d3d3a30cf18,haute-loire,Mairie - Ouides,collectivite_administration,mairie collectivite,1
https://lannuaire.service-public.gouv.fr/auvergne-rhone-alpes/haute-loire/44125309-bc12-4673-b653-ee5c3bb0f1e4,haute-loire,Mairie - Chanteuges,collectivite_administration,mairie collectivite,1
https://lannuaire.service-public.gouv.fr/auvergne-rhone-alpes/haute-loire/45f3d9bf-d9ce-49bc-8f20-3f29e2ba0546,haute-loire,Mairie - Cistrières,collectivite_administration,mairie collectivite,1
https://lannuaire.service-public.gouv.fr/auvergne-rhone-alpes/haute-loire/460822fe-e382-474b-864d-2668acd433fd,haute-loire,Mairie - Torsiac,collectivite_administration,mairie collectivite,1
https://lannuaire.service-public.gouv.fr/auvergne-rhone-alpes/haute-loire/46f91a0c-9c0f-43d0-a607-d3fb2703ac6c,haute-loire,Mairie - Saint-Jean-d'Aubrigoux,collectivite_administration,mairie collectivite,1
https://lannuaire.service-public.gouv.fr/auvergne-rhone-alpes/haute-loire/4764f726-ec16-4331-915b-5b2d16880b94,haute-loire,Centre communal d'action sociale (CCAS) - Saint-Paulien,collectivite_administration,mairie collectivite,1
https://lannuaire.service-public.gouv.fr/auvergne-rhone-alpes/haute-loire/47843ef6-1072-44ab-9950-ba5f9f9a7080,haute-loire,Mairie - Chavaniac-Lafayette,collectivite_administration,mairie collectivite,1
https://lannuaire.service-public.gouv.fr/auvergne-rhone-alpes/haute-loire/48383872-8db5-40b3-8207-ed05c3870563,haute-loire,Point information jeunesse - Yssingeaux,jeunesse_loisirs,PIJ information jeunesse,1
https://lannuaire.service-public.gouv.fr/auvergne-rhone-alpes/haute-loire/48446dc0-a123-4c6c-9bce-8ac3136ba4a4,haute-loire,Service départemental d'incendie et de secours (SDIS) - Haute-Loire,collectivite_administration,administration collectivite service public,1
https://lannuaire.service-public.gouv.fr/auvergne-rhone-alpes/haute-loire/499167aa-e07e-432b-99c7-6cff9e3f7bc0,haute-loire,Conseil départemental - Haute-Loire,collectivite_administration,administration collectivite service public,1
https://lannuaire.service-public.gouv.fr/auvergne-rhone-alpes/haute-loire/4adcca05-0278-4db6-8556-cb4ba25ce1e4,haute-loire,Mairie - Fontannes,collectivite_administration,mairie collectivite,1
https://lannuaire.service-public.gouv.fr/auvergne-rhone-alpes/haute-loire/4b13c98e-8342-404a-8a9c-94dec563e5a4,haute-loire,Mairie - Jax,collectivite_administration,mairie collectivite,1
https://lannuaire.service-public.gouv.fr/auvergne-rhone-alpes/haute-loire/4d6b90d8-c194-4c29-9e41-7323524749ef,haute-loire,Mairie - Lafarre,collectivite_administration,mairie collectivite,1
https://lannuaire.service-public.gouv.fr/auvergne-rhone-alpes/haute-loire/4f2629dc-b138-486c-87c7-b55ac71b40c8,haute-loire,France services - Craponne-sur-Arzon,collectivite_administration,administration collectivite service public,1
https://lannuaire.service-public.gouv.fr/auvergne-rhone-alpes/haute-loire/4f4343b9-fe91-4153-b84d-0b75c2c44153,haute-loire,Fédération française du bâtiment (FFB) - Haute-Loire,collectivite_administration,administration collectivite service public,1
https://lannuaire.service-public.gouv.fr/auvergne-rhone-alpes/haute-loire/50b25a39-7ca0-4fb6-8912-dc0f9111a31d,haute-loire,Mairie - Josat,collectivite_administration,mairie collectivite,1
https://lannuaire.service-public.gouv.fr/auvergne-rhone-alpes/haute-loire/50eb74b1-3a4e-48db-9407-659fdf9522c1,haute-loire,France services - Beauzac,collectivite_administration,administration collectivite service public,1
https://lannuaire.service-public.gouv.fr/auvergne-rhone-alpes/haute-loire/50f9ed2f-39ff-4959-8954-482beaf753a9,haute-loire,Communauté de communes - Haut-Lignon,collectivite_administration,administration collectivite service public,1
https://lannuaire.service-public.gouv.fr/auvergne-rhone-alpes/haute-loire/52077749-2dfe-4233-95b1-7266e40fa352,haute-loire,France services - Le Chambon-sur-Lignon,collectivite_administration,administration collectivite service public,1
https://lannuaire.service-public.gouv.fr/auvergne-rhone-alpes/haute-loire/5216e4a6-96c8-4c5f-a09f-f86407c8c8c0,haute-loire,Mairie - Saint-Vénérand,collectivite_administration,mairie collectivite,1
https://lannuaire.service-public.gouv.fr/auvergne-rhone-alpes/haute-loire/5222a925-ae37-4818-8e66-3acb9562a02d,haute-loire,Centre communal d'action sociale (CCAS) - Tence,collectivite_administration,mairie collectivite,1
https://lannuaire.service-public.gouv.fr/auvergne-rhone-alpes/haute-loire/52b69419-a67a-4764-a6db-5b4729eda576,haute-loire,Service de gestion comptable (SGC) - Yssingeaux,collectivite_administration,administration collectivite service public,1
https://lannuaire.service-public.gouv.fr/auvergne-rhone-alpes/haute-loire/551d6d26-f970-4699-b5d4-8d5b75c00683,haute-loire,Mairie - Saint-Privat-du-Dragon,collectivite_administration,mairie collectivite,1
https://lannuaire.service-public.gouv.fr/auvergne-rhone-alpes/haute-loire/56695658-cc88-4e85-9314-0bb17a1a2fcb,haute-loire,Centre communal d'action sociale (CCAS) - Saint-Germain-Laprade,collectivite_administration,administration collectivite service public,1
https://lannuaire.service-public.gouv.fr/auvergne-rhone-alpes/haute-loire/56cd9f9b-3467-417d-8f25-eaad35b1d7f7,haute-loire,Mairie - Saint-Pal-de-Chalencon,collectivite_administration,mairie collectivite,1
https://lannuaire.service-public.gouv.fr/auvergne-rhone-alpes/haute-loire/58c5adfc-0f05-440c-9ddf-0c880ae86965,haute-loire,Mairie - Chilhac,collectivite_administration,mairie collectivite,1
https://lannuaire.service-public.gouv.fr/auvergne-rhone-alpes/haute-loire/594b1edb-8e00-4adb-98b1-ec8f00e907e3,haute-loire,Bureau de l'éducation routière (BER) - Haute-Loire,collectivite_administration,administration collectivite service public,1
https://lannuaire.service-public.gouv.fr/auvergne-rhone-alpes/haute-loire/5a1068c3-20cc-402a-8d37-28d58870cff3,haute-loire,Mairie - Desges,collectivite_administration,mairie collectivite,1
https://lannuaire.service-public.gouv.fr/auvergne-rhone-alpes/haute-loire/5a3d02d8-a1bc-4f1c-9499-70ccd64bfd5f,haute-loire,Mairie - Saint-Ilpize,collectivite_administration,mairie collectivite,1
https://lannuaire.service-public.gouv.fr/auvergne-rhone-alpes/haute-loire/5b44d82f-510b-4869-933f-87f395c619ac,haute-loire,France services - Siaugues-Sainte-Marie,collectivite_administration,administration collectivite service public,1
https://lannuaire.service-public.gouv.fr/auvergne-rhone-alpes/haute-loire/5ecc7154-4644-49d2-8477-f68e3aff04fa,haute-loire,Mairie - Saint-Julien-Chapteuil,collectivite_administration,mairie collectivite,1
https://lannuaire.service-public.gouv.fr/auvergne-rhone-alpes/haute-loire/5ff9bf28-950f-4229-80a9-9937ebb85043,haute-loire,Mairie - Présailles,collectivite_administration,mairie collectivite,1
https://lannuaire.service-public.gouv.fr/auvergne-rhone-alpes/haute-loire/5fffc418-5ee6-4aa9-a93a-5b9f516f6132,haute-loire,France services - Dunières,collectivite_administration,administration collectivite service public,1
https://lannuaire.service-public.gouv.fr/auvergne-rhone-alpes/haute-loire/6008be63-b071-4629-9714-7cb3b3d94f89,haute-loire,Mairie - Borne,collectivite_administration,mairie collectivite,1
https://lannuaire.service-public.gouv.fr/auvergne-rhone-alpes/haute-loire/602984d6-c4dc-415c-81ab-22baec4e9bdc,haute-loire,France services - Cayres,collectivite_administration,administration collectivite service public,1
https://lannuaire.service-public.gouv.fr/auvergne-rhone-alpes/haute-loire/607fce09-08e3-49dc-b2b1-1041ce5d12f3,haute-loire,Mairie - Sanssac-l'Église,collectivite_administration,mairie collectivite,1
https://lannuaire.service-public.gouv.fr/auvergne-rhone-alpes/haute-loire/60c971e4-c753-4ea9-a4dd-f1775918054d,haute-loire,Mairie - Grèzes,collectivite_administration,mairie collectivite,1
https://lannuaire.service-public.gouv.fr/auvergne-rhone-alpes/haute-loire/63417881-cf17-41e0-bb92-d1b730113975,haute-loire,Ordre des avocats - Barreau du Puy-en-Velay,collectivite_administration,administration collectivite service public,1
https://lannuaire.service-public.gouv.fr/auvergne-rhone-alpes/haute-loire/6385b278-0b60-4ba8-90a9-682b0bc10dd9,haute-loire,Mairie - Espalem,collectivite_administration,mairie collectivite,1
https://lannuaire.service-public.gouv.fr/auvergne-rhone-alpes/haute-loire/63a1f754-4864-4cd7-843e-eb707df56307,haute-loire,Centre d'information et d'orientation (CIO) - Puy-en-Velay,collectivite_administration,administration collectivite service public,1
https://lannuaire.service-public.gouv.fr/auvergne-rhone-alpes/haute-loire/63d0f66a-c6f3-4e96-98bd-48f271a1b5ba,haute-loire,Mission locale pour l'insertion professionnelle et sociale des jeunes (16-25 ans) - Brioude,jeunesse_loisirs,mission locale jeunesse insertion,1
https://lannuaire.service-public.gouv.fr/auvergne-rhone-alpes/haute-loire/64dfa976-9127-47c6-8089-7e44fdbe92bb,haute-loire,Point d'information local dédié aux personnes âgées - Le Puy-en-Velay,collectivite_administration,administration collectivite service public,1
https://lannuaire.service-public.gouv.fr/auvergne-rhone-alpes/haute-loire/65b84b77-edb0-417a-b490-6f07e4528406,haute-loire,Mairie - Chassagnes,collectivite_administration,mairie collectivite,1
https://lannuaire.service-public.gouv.fr/auvergne-rhone-alpes/haute-loire/66b72812-347d-4a01-afe2-b9264cfed01b,haute-loire,Point conseil budget - Union départementale des associations familiales (UDAF 43) - Brioude,collectivite_administration,administration collectivite service public,1
https://lannuaire.service-public.gouv.fr/auvergne-rhone-alpes/haute-loire/66fd5692-ac72-423c-8df5-6da6e2cd893d,haute-loire,Mairie - Rauret,collectivite_administration,mairie collectivite,1
https://lannuaire.service-public.gouv.fr/auvergne-rhone-alpes/haute-loire/68539742-fd23-42dd-9c07-15686514b518,haute-loire,Mairie - Bonneval,collectivite_administration,mairie collectivite,1
https://lannuaire.service-public.gouv.fr/auvergne-rhone-alpes/haute-loire/69aa6518-7b22-403e-b4e2-c2411e9cc877,haute-loire,Mairie - Saint-Jeures,collectivite_administration,mairie collectivite,1
https://lannuaire.service-public.gouv.fr/auvergne-rhone-alpes/haute-loire/69c9313e-f3a0-472c-9075-d397bec1b6e7,haute-loire,Mairie - Polignac,collectivite_administration,mairie collectivite,1
https://lannuaire.service-public.gouv.fr/auvergne-rhone-alpes/haute-loire/6a09a8b6-8ec4-4e0c-a0d7-771ac914a169,haute-loire,Police municipale - Retournac,collectivite_administration,administration collectivite service public,1
https://lannuaire.service-public.gouv.fr/auvergne-rhone-alpes/haute-loire/6a59a8c6-3c6b-44a6-88ba-b802eaef583c,haute-loire,Mairie - Freycenet-la-Cuche,collectivite_administration,mairie collectivite,1
https://lannuaire.service-public.gouv.fr/auvergne-rhone-alpes/haute-loire/6a9ab6b9-644f-461f-868a-9326b6c3ab79,haute-loire,Mairie - Varennes-Saint-Honorat,collectivite_administration,mairie collectivite,1
https://lannuaire.service-public.gouv.fr/auvergne-rhone-alpes/haute-loire/6c006d96-680c-4c63-8bce-51ac8a6c4ecb,haute-loire,Mairie - Prades,collectivite_administration,mairie collectivite,1
https://lannuaire.service-public.gouv.fr/auvergne-rhone-alpes/haute-loire/6c180c18-f4ca-4392-9fc0-a7a1d2dbe2d0,haute-loire,Mairie - Blesle,collectivite_administration,mairie collectivite,1
https://lannuaire.service-public.gouv.fr/auvergne-rhone-alpes/haute-loire/6cd3a196-6b94-4567-8b45-1ca8e9fe67ee,haute-loire,Maison Départementale des Solidarités (MDS) Territoire de la Jeune Loire,structure,maison france services,1
https://lannuaire.service-public.gouv.fr/auvergne-rhone-alpes/haute-loire/6dceab00-29ac-4da4-a251-d04de6e480d0,haute-loire,Centre de protection maternelle et infantile (PMI) - Sainte-Sigolène,collectivite_administration,administration collectivite service public,1
https://lannuaire.service-public.gouv.fr/auvergne-rhone-alpes/haute-loire/6e6860be-3390-4373-86a7-e40516230390,haute-loire,Mairie - Saint-Didier-en-Velay,collectivite_administration,mairie collectivite,1
https://lannuaire.service-public.gouv.fr/auvergne-rhone-alpes/haute-loire/6f228ca8-06fb-48ce-9ee4-92a65a959562,haute-loire,Mairie - Lavoûte-Chilhac,collectivite_administration,mairie collectivite,1
https://lannuaire.service-public.gouv.fr/auvergne-rhone-alpes/haute-loire/6f8022fe-0548-4500-accc-2cb181a0cffd,haute-loire,Mairie - Lavaudieu,collectivite_administration,mairie collectivite,1
https://lannuaire.service-public.gouv.fr/auvergne-rhone-alpes/haute-loire/6fcf1d61-6f70-445d-b7a6-371fb01e835c,haute-loire,Point info famille - Le Puy-en-Velay,collectivite_administration,administration collectivite service public,1
https://lannuaire.service-public.gouv.fr/auvergne-rhone-alpes/haute-loire/6fd41a09-7c89-4a82-8756-05a1c1073367,haute-loire,Mairie - Saint-Julien-d'Ance,collectivite_administration,mairie collectivite,1
https://lannuaire.service-public.gouv.fr/auvergne-rhone-alpes/haute-loire/7090ce2c-0c3e-44fd-9c16-cdfe63b77e1b,haute-loire,Mairie - Connangles,collectivite_administration,mairie collectivite,1
https://lannuaire.service-public.gouv.fr/auvergne-rhone-alpes/haute-loire/714b161c-e974-4e7f-9072-da91500e082f,haute-loire,Mairie - Saint-Géron,collectivite_administration,mairie collectivite,1
https://lannuaire.service-public.gouv.fr/auvergne-rhone-alpes/haute-loire/71814bed-d3a2-4d6c-97b3-e3c6f9c92480,haute-loire,Centre de protection maternelle et infantile (PMI) - Brioude,collectivite_administration,administration collectivite service public,1
https://lannuaire.service-public.gouv.fr/auvergne-rhone-alpes/haute-loire/71cead4b-b2c2-4bd1-9938-7fa6daf0cd1c,haute-loire,Communauté de communes - Sucs,collectivite_administration,administration collectivite service public,1
https://lannuaire.service-public.gouv.fr/auvergne-rhone-alpes/haute-loire/72bf111f-b5aa-46ca-9d89-b24e24258b72,haute-loire,Centre communal d'action sociale (CCAS) - Brives-Charensac,collectivite_administration,administration collectivite service public,1
https://lannuaire.service-public.gouv.fr/auvergne-rhone-alpes/haute-loire/72ce9571-1b1a-41d4-bf37-75d71f782c43,haute-loire,Mairie - Riotord,collectivite_administration,mairie collectivite,1
https://lannuaire.service-public.gouv.fr/auvergne-rhone-alpes/haute-loire/77488c22-9617-4923-bc31-f7b813369761,haute-loire,Chambre de commerce et d'industrie (CCI) 43 - Haute-Loire - Délégation de Brioude,collectivite_administration,administration collectivite service public,1
https://lannuaire.service-public.gouv.fr/auvergne-rhone-alpes/haute-loire/77e92fa9-275c-4aa2-a799-50f168caac91,haute-loire,Mairie - Lorlanges,collectivite_administration,mairie collectivite,1
https://lannuaire.service-public.gouv.fr/auvergne-rhone-alpes/haute-loire/78468561-fa15-4947-9bd9-d910bbad27f8,haute-loire,Mairie - Auvers,collectivite_administration,mairie collectivite,1
https://lannuaire.service-public.gouv.fr/auvergne-rhone-alpes/haute-loire/789799f8-1427-4a1c-b24d-b3d53ca995b0,haute-loire,Mairie - Allègre,collectivite_administration,mairie collectivite,1
https://lannuaire.service-public.gouv.fr/auvergne-rhone-alpes/haute-loire/7991f4fc-8ba6-45ee-a80a-f62fd09529ff,haute-loire,Centre communal d'action sociale (CCAS) - Vieille-Brioude,collectivite_administration,mairie collectivite,1
https://lannuaire.service-public.gouv.fr/auvergne-rhone-alpes/haute-loire/7a1a7ad3-abe3-49ef-b4a0-d7c868b332bc,haute-loire,Mairie - Charraix,collectivite_administration,mairie collectivite,1
https://lannuaire.service-public.gouv.fr/auvergne-rhone-alpes/haute-loire/7c2f7f49-078c-42b3-9857-ab9801cfd4dd,haute-loire,Mairie - Saint-Geneys-près-Saint-Paulien,collectivite_administration,mairie collectivite,1
https://lannuaire.service-public.gouv.fr/auvergne-rhone-alpes/haute-loire/7dfabfbe-f577-4208-acfd-e49a0b75fbe3,haute-loire,Mairie - Auzon,collectivite_administration,mairie collectivite,1
https://lannuaire.service-public.gouv.fr/auvergne-rhone-alpes/haute-loire/7e2e4149-bf27-4af2-881c-bfafa6ebf61e,haute-loire,Mairie - Le Bouchet-Saint-Nicolas,collectivite_administration,mairie collectivite,1
https://lannuaire.service-public.gouv.fr/auvergne-rhone-alpes/haute-loire/7e529704-6d7f-44a1-a51e-28dba57a17b4,haute-loire,Mairie - Cussac-sur-Loire,collectivite_administration,mairie collectivite,1
https://lannuaire.service-public.gouv.fr/auvergne-rhone-alpes/haute-loire/7eaf419c-af32-4877-8b80-31607c6f0456,haute-loire,Mairie - Saint-Christophe-sur-Dolaison,collectivite_administration,mairie collectivite,1
https://lannuaire.service-public.gouv.fr/auvergne-rhone-alpes/haute-loire/7f48ed0f-3614-47d8-8ed9-91e9187153c1,haute-loire,Mairie - Saint-Georges-Lagricol,collectivite_administration,mairie collectivite,1
https://lannuaire.service-public.gouv.fr/auvergne-rhone-alpes/haute-loire/7f7a0ebe-e21f-4ef6-bb39-ef7df0a420d2,haute-loire,Mairie - Arlet,collectivite_administration,mairie collectivite,1
https://lannuaire.service-public.gouv.fr/auvergne-rhone-alpes/haute-loire/7fc2d3dc-f7b6-40d6-81ce-6aa95fdc2e95,haute-loire,Mairie - Sainte-Sigolène,collectivite_administration,mairie collectivite,1
https://lannuaire.service-public.gouv.fr/auvergne-rhone-alpes/haute-loire/7fc62222-035f-4261-a84a-2136d8559678,haute-loire,Mission d'accueil et d'information des associations (MAIA) -  Haute-Loire,collectivite_administration,administration collectivite service public,1
https://lannuaire.service-public.gouv.fr/auvergne-rhone-alpes/haute-loire/7fcf1217-c41e-4d5b-ba4d-18542502d5c5,haute-loire,Mairie - Barges,collectivite_administration,mairie collectivite,1
https://lannuaire.service-public.gouv.fr/auvergne-rhone-alpes/haute-loire/8024dd24-5760-49a1-bed6-521ed2570046,haute-loire,Mairie - Lantriac,collectivite_administration,mairie collectivite,1
https://lannuaire.service-public.gouv.fr/auvergne-rhone-alpes/haute-loire/80278dc8-ec93-4e72-905d-594c65e5fd34,haute-loire,Mairie - La Chaise-Dieu,collectivite_administration,mairie collectivite,1
https://lannuaire.service-public.gouv.fr/auvergne-rhone-alpes/haute-loire/8051f086-cf22-4349-b693-45615e0f2b5f,haute-loire,Mairie - Chadron,collectivite_administration,mairie collectivite,1
https://lannuaire.service-public.gouv.fr/auvergne-rhone-alpes/haute-loire/81d076f4-0cbe-4800-8ae1-32fd83b139dc,haute-loire,Mairie - Saint-Georges-d'Aurac,collectivite_administration,mairie collectivite,1
https://lannuaire.service-public.gouv.fr/auvergne-rhone-alpes/haute-loire/82168930-24c1-4a01-949b-9dfe8dc5e50b,haute-loire,Mairie - Cohade,collectivite_administration,mairie collectivite,1
https://lannuaire.service-public.gouv.fr/auvergne-rhone-alpes/haute-loire/82173772-e3f6-48a8-b3db-661e3b41024c,haute-loire,Mairie - Saint-Christophe-d'Allier,collectivite_administration,mairie collectivite,1
https://lannuaire.service-public.gouv.fr/auvergne-rhone-alpes/haute-loire/82c6ae9f-82a4-4e9b-8cd2-27913a265480,haute-loire,Mairie - Pont-Salomon,collectivite_administration,mairie collectivite,1
https://lannuaire.service-public.gouv.fr/auvergne-rhone-alpes/haute-loire/82d2f080-8295-410d-954d-4b38709f2616,haute-loire,Mairie - Vézézoux,collectivite_administration,mairie collectivite,1
https://lannuaire.service-public.gouv.fr/auvergne-rhone-alpes/haute-loire/83d95d6d-88bf-49d8-ad50-438191dfa32f,haute-loire,Mairie - Champclause,collectivite_administration,mairie collectivite,1
https://lannuaire.service-public.gouv.fr/auvergne-rhone-alpes/haute-loire/8534d9ee-2a5b-4cc1-a745-fb4b46153060,haute-loire,Mairie - Chaudeyrolles,collectivite_administration,mairie collectivite,1
https://lannuaire.service-public.gouv.fr/auvergne-rhone-alpes/haute-loire/8539044b-5f51-4ea4-a6d2-fb61e20159cc,haute-loire,Mairie - Saint-Vidal,collectivite_administration,mairie collectivite,1
https://lannuaire.service-public.gouv.fr/auvergne-rhone-alpes/haute-loire/86393336-9dda-4433-85ad-910e52705de7,haute-loire,"Direction régionale de l'environnement, de l'aménagement et du logement (Dréal) Auvergne-Rhône-Alpes - Unité interdépartementale Loire et Haute-Loire (Le Puy-en-Velay)",collectivite_administration,administration collectivite service public,1
https://lannuaire.service-public.gouv.fr/auvergne-rhone-alpes/haute-loire/88441deb-4836-49f3-8931-4bcbd1c096f3,haute-loire,Centre communal d'action sociale (CCAS) - Arlempdes,collectivite_administration,mairie collectivite,1
https://lannuaire.service-public.gouv.fr/auvergne-rhone-alpes/haute-loire/885ead8a-6fdf-4a05-a737-fe4ba204a868,haute-loire,Mairie - Cronce,collectivite_administration,mairie collectivite,1
https://lannuaire.service-public.gouv.fr/auvergne-rhone-alpes/haute-loire/886df5b3-b5cc-4620-bc43-075f733c124a,haute-loire,Archives départementales - Haute-Loire,collectivite_administration,administration collectivite service public,1
https://lannuaire.service-public.gouv.fr/auvergne-rhone-alpes/haute-loire/887ccd17-f263-4b8a-9077-fbfa8d17409f,haute-loire,Mairie - Saint-Pal-de-Senouire,collectivite_administration,mairie collectivite,1
https://lannuaire.service-public.gouv.fr/auvergne-rhone-alpes/haute-loire/88be90fb-f19f-4728-8805-e1989661542c,haute-loire,Centre d'information sur les droits des femmes et des familles (CIDFF) - Haute-Loire,collectivite_administration,administration collectivite service public,1
https://lannuaire.service-public.gouv.fr/auvergne-rhone-alpes/haute-loire/89a0f9a6-b476-40f3-89cd-e927f4450a94,haute-loire,Mairie - Mézères,collectivite_administration,mairie collectivite,1
https://lannuaire.service-public.gouv.fr/auvergne-rhone-alpes/haute-loire/8a377669-edc7-4b5c-af69-c4b1be03174f,haute-loire,Mairie - Beaumont,collectivite_administration,mairie collectivite,1
https://lannuaire.service-public.gouv.fr/auvergne-rhone-alpes/haute-loire/8b586a85-1c02-4a4b-99ac-1745fcb55879,haute-loire,Police municipale - Espaly-Saint-Marcel,collectivite_administration,administration collectivite service public,1
https://lannuaire.service-public.gouv.fr/auvergne-rhone-alpes/haute-loire/8b92153e-0bcd-4df1-93ff-7d99eadeebf7,haute-loire,Mairie - Langeac,collectivite_administration,mairie collectivite,1
https://lannuaire.service-public.gouv.fr/auvergne-rhone-alpes/haute-loire/8b9d3019-1449-49cc-a301-988481d2ca08,haute-loire,Police municipale - Yssingeaux,collectivite_administration,administration collectivite service public,1
https://lannuaire.service-public.gouv.fr/auvergne-rhone-alpes/haute-loire/8bd01006-3393-48a9-a037-78159d95c42f,haute-loire,Mairie - Frugères-les-Mines,collectivite_administration,mairie collectivite,1
https://lannuaire.service-public.gouv.fr/auvergne-rhone-alpes/haute-loire/8c5ea85f-56cf-436e-bfdb-e77e4c39cce4,haute-loire,Mairie - Saint-Cirgues,collectivite_administration,mairie collectivite,1
https://lannuaire.service-public.gouv.fr/auvergne-rhone-alpes/haute-loire/8c7005a6-4f90-4b23-b373-8b499eed578d,haute-loire,France services - Paulhaguet,collectivite_administration,administration collectivite service public,1
https://lannuaire.service-public.gouv.fr/auvergne-rhone-alpes/haute-loire/8c9cc53e-2f86-487f-a76b-dac9e6df65c1,haute-loire,Centre communal d'action sociale (CCAS) - Brioude,collectivite_administration,administration collectivite service public,1
https://lannuaire.service-public.gouv.fr/auvergne-rhone-alpes/haute-loire/8dfea788-0dc0-4107-a34f-639fb5f78a24,haute-loire,Mairie - Blanzac,collectivite_administration,mairie collectivite,1
https://lannuaire.service-public.gouv.fr/auvergne-rhone-alpes/haute-loire/8e183d6d-3fd2-4f87-b6a2-57a5b2f2f1f6,haute-loire,Direction départementale des territoires (DDT) - Haute-Loire,collectivite_administration,administration collectivite service public,1
https://lannuaire.service-public.gouv.fr/auvergne-rhone-alpes/haute-loire/8e7499ae-7121-4190-9ddd-f3e23e8632f4,haute-loire,Cap emploi - Haute-Loire,collectivite_administration,administration collectivite service public,1
https://lannuaire.service-public.gouv.fr/auvergne-rhone-alpes/haute-loire/8f433f93-fda1-4fcd-822c-fccbbf507c86,haute-loire,Point d'accueil numérique - Brioude (Sous-préfecture),collectivite_administration,administration collectivite service public,1
https://lannuaire.service-public.gouv.fr/auvergne-rhone-alpes/haute-loire/8f56807d-5ada-4d9d-b281-fdd885917f02,haute-loire,Mairie - Villeneuve-d'Allier,collectivite_administration,mairie collectivite,1
https://lannuaire.service-public.gouv.fr/auvergne-rhone-alpes/haute-loire/8fcb4483-50cc-4360-8641-a6d35f64f9f2,haute-loire,Mairie - Siaugues-Sainte-Marie,collectivite_administration,mairie collectivite,1
https://lannuaire.service-public.gouv.fr/auvergne-rhone-alpes/haute-loire/905b8c25-f223-4b1a-b90f-0cdeabff9644,haute-loire,Agence nationale de l'habitat (Anah) - Délégation locale - Haute-Loire,collectivite_administration,administration collectivite service public,1
https://lannuaire.service-public.gouv.fr/auvergne-rhone-alpes/haute-loire/90cba477-6ebc-4777-ba6e-bf8fd57ccbe0,haute-loire,Mairie - Sainte-Marguerite,collectivite_administration,mairie collectivite,1
https://lannuaire.service-public.gouv.fr/auvergne-rhone-alpes/haute-loire/9132ff12-b380-40e5-88f3-29a0d277193f,haute-loire,Centre communal d'action sociale (CCAS) - Sainte-Sigolène,collectivite_administration,administration collectivite service public,1
https://lannuaire.service-public.gouv.fr/auvergne-rhone-alpes/haute-loire/91a8bdef-6265-41a3-9935-3c2f1f75f0b3,haute-loire,Mairie - Mazeyrat-d'Allier,collectivite_administration,mairie collectivite,1
https://lannuaire.service-public.gouv.fr/auvergne-rhone-alpes/haute-loire/91e6d4c6-4b4a-4f7c-8129-60ab00473014,haute-loire,Maison Départementale des Solidarités (MDS) Territoire du Velay,structure,maison france services,1
https://lannuaire.service-public.gouv.fr/auvergne-rhone-alpes/haute-loire/920b1dcd-1686-42db-b210-2a62c55453f1,haute-loire,Mairie - Chastel,collectivite_administration,mairie collectivite,1
https://lannuaire.service-public.gouv.fr/auvergne-rhone-alpes/haute-loire/925c67d3-b76f-470c-8f66-625fc029f2e0,haute-loire,France services - Saint-Julien-Chapteuil,collectivite_administration,administration collectivite service public,1
https://lannuaire.service-public.gouv.fr/auvergne-rhone-alpes/haute-loire/926c5959-6d13-4634-86f4-4fe69dd592e1,haute-loire,Mairie - Beauzac,collectivite_administration,mairie collectivite,1
https://lannuaire.service-public.gouv.fr/auvergne-rhone-alpes/haute-loire/93121964-47c6-4386-8dca-077868e31918,haute-loire,Mairie - Domeyrat,collectivite_administration,mairie collectivite,1
https://lannuaire.service-public.gouv.fr/auvergne-rhone-alpes/haute-loire/931516b5-673d-4137-81da-03d6daf62002,haute-loire,Mairie - Blavozy,collectivite_administration,mairie collectivite,1
https://lannuaire.service-public.gouv.fr/auvergne-rhone-alpes/haute-loire/9440127b-d0c7-408d-9579-3dadaefe0fa0,haute-loire,Police municipale - Sainte-Florine,collectivite_administration,administration collectivite service public,1
https://lannuaire.service-public.gouv.fr/auvergne-rhone-alpes/haute-loire/9496ce59-78d5-409c-ac73-20e9041e65be,haute-loire,Mairie - La Besseyre-Saint-Mary,collectivite_administration,mairie collectivite,1
https://lannuaire.service-public.gouv.fr/auvergne-rhone-alpes/haute-loire/9520174a-0d52-4198-98d1-a0fd475763cb,haute-loire,Mairie - Saint-Julien-des-Chazes,collectivite_administration,mairie collectivite,1
https://lannuaire.service-public.gouv.fr/auvergne-rhone-alpes/haute-loire/954d2eff-0932-4594-afff-641ffa571c37,haute-loire,Mairie - Lissac,collectivite_administration,mairie collectivite,1
https://lannuaire.service-public.gouv.fr/auvergne-rhone-alpes/haute-loire/96089bbd-57b5-49cf-98c6-960fc365e309,haute-loire,Mairie - Pinols,collectivite_administration,mairie collectivite,1
https://lannuaire.service-public.gouv.fr/auvergne-rhone-alpes/haute-loire/96666565-3ce7-42f9-a8dd-2ffecc436675,haute-loire,Mairie - Vissac-Auteyrac,collectivite_administration,mairie collectivite,1
https://lannuaire.service-public.gouv.fr/auvergne-rhone-alpes/haute-loire/97036f41-3adf-44f7-b1ea-c4b26c7001af,haute-loire,Mairie - Céaux-d'Allègre,collectivite_administration,mairie collectivite,1
https://lannuaire.service-public.gouv.fr/auvergne-rhone-alpes/haute-loire/973118b8-d3e8-4485-b0d7-fce44c5cf43a,haute-loire,Mairie - Cubelles,collectivite_administration,mairie collectivite,1
https://lannuaire.service-public.gouv.fr/auvergne-rhone-alpes/haute-loire/9874d974-28cb-42e3-82c6-7105457f20e6,haute-loire,Mairie - Yssingeaux,collectivite_administration,mairie collectivite,1
https://lannuaire.service-public.gouv.fr/auvergne-rhone-alpes/haute-loire/99519e13-3983-4100-a9c6-35133a6fa32c,haute-loire,France services - Loudes,collectivite_administration,administration collectivite service public,1
https://lannuaire.service-public.gouv.fr/auvergne-rhone-alpes/haute-loire/9b23591f-de2e-416c-b60e-a81052b01c7b,haute-loire,Mairie - Queyrières,collectivite_administration,mairie collectivite,1
https://lannuaire.service-public.gouv.fr/auvergne-rhone-alpes/haute-loire/9b26d200-89cf-4f55-b29b-34af01ee83a7,haute-loire,Mairie - Le Vernet,collectivite_administration,mairie collectivite,1
https://lannuaire.service-public.gouv.fr/auvergne-rhone-alpes/haute-loire/9cf0a3d9-7463-43ae-837e-72b14ba867e8,haute-loire,Mairie - Saint-Pierre-du-Champ,collectivite_administration,mairie collectivite,1
https://lannuaire.service-public.gouv.fr/auvergne-rhone-alpes/haute-loire/9d8f0d8f-47f8-459c-b5a1-0dfaf6b1612b,haute-loire,Centre communal d'action sociale (CCAS) - Le Chambon-sur-Lignon,collectivite_administration,administration collectivite service public,1
https://lannuaire.service-public.gouv.fr/auvergne-rhone-alpes/haute-loire/9d97c846-1576-4709-bc65-72f05e4cc75d,haute-loire,Police municipale - Beauzac,collectivite_administration,administration collectivite service public,1
https://lannuaire.service-public.gouv.fr/auvergne-rhone-alpes/haute-loire/9daba497-0294-49b5-8d4f-3bc3c194a4dc,haute-loire,Mairie - Alleyras,collectivite_administration,mairie collectivite,1
https://lannuaire.service-public.gouv.fr/auvergne-rhone-alpes/haute-loire/9db7489a-770d-4e18-98dd-79022b63e1f1,haute-loire,Mairie - Paulhaguet,collectivite_administration,mairie collectivite,1
https://lannuaire.service-public.gouv.fr/auvergne-rhone-alpes/haute-loire/9e80bd82-81a2-4add-a1d4-53bedbde0c88,haute-loire,Mairie - Beaune-sur-Arzon,collectivite_administration,mairie collectivite,1
https://lannuaire.service-public.gouv.fr/auvergne-rhone-alpes/haute-loire/a004b7e0-2479-4a49-ae43-957cdc13b161,haute-loire,Mairie - Bains,collectivite_administration,mairie collectivite,1
https://lannuaire.service-public.gouv.fr/auvergne-rhone-alpes/haute-loire/a03ce2c2-2a5b-456b-94a3-36fbac790e72,haute-loire,Centre communal d'action sociale (CCAS) - Vorey,collectivite_administration,mairie collectivite,1
https://lannuaire.service-public.gouv.fr/auvergne-rhone-alpes/haute-loire/a10a85cd-2919-4a34-8aac-9a097e3e34a5,haute-loire,Conseil départemental de l'ordre des médecins - Haute-Loire,collectivite_administration,administration collectivite service public,1
https://lannuaire.service-public.gouv.fr/auvergne-rhone-alpes/haute-loire/a11bff05-f94e-4f6e-bf06-8f6683145c19,haute-loire,Mairie - Chanaleilles,collectivite_administration,mairie collectivite,1
https://lannuaire.service-public.gouv.fr/auvergne-rhone-alpes/haute-loire/a13b7298-5458-4239-a079-0a468f05a5b5,haute-loire,Mairie - Saint-Bérain,collectivite_administration,mairie collectivite,1
https://lannuaire.service-public.gouv.fr/auvergne-rhone-alpes/haute-loire/a2df3ace-982b-48b1-8a9d-a37384c8ea02,haute-loire,Mairie - Sainte-Florine,collectivite_administration,mairie collectivite,1
https://lannuaire.service-public.gouv.fr/auvergne-rhone-alpes/haute-loire/a34e1a5f-411d-4673-9354-0f711d24ea8a,haute-loire,Mairie - Mazet-Saint-Voy,collectivite_administration,mairie collectivite,1
https://lannuaire.service-public.gouv.fr/auvergne-rhone-alpes/haute-loire/a4c05424-5664-4642-85b9-34f4e9ef1418,haute-loire,Mairie - Lamothe,collectivite_administration,mairie collectivite,1
https://lannuaire.service-public.gouv.fr/auvergne-rhone-alpes/haute-loire/a5bb82e1-3f4c-4f78-a00d-05df42b0485f,haute-loire,Police municipale - Sainte-Sigolène,collectivite_administration,administration collectivite service public,1
https://lannuaire.service-public.gouv.fr/auvergne-rhone-alpes/haute-loire/a66a2617-c6f1-4819-a7fe-26585eb662d4,haute-loire,Chambre d'agriculture - Haute-Loire,collectivite_administration,administration collectivite service public,1
https://lannuaire.service-public.gouv.fr/auvergne-rhone-alpes/haute-loire/a7bccca5-6f9b-43a8-97a7-85ff6f2a72fc,haute-loire,Mairie - Blassac,collectivite_administration,mairie collectivite,1
https://lannuaire.service-public.gouv.fr/auvergne-rhone-alpes/haute-loire/a7e4a4b8-ab42-4273-956c-7d7266a440c9,haute-loire,Mairie - Beaux,collectivite_administration,mairie collectivite,1
https://lannuaire.service-public.gouv.fr/auvergne-rhone-alpes/haute-loire/a8e6b92c-b032-4eee-8e37-4f162d695348,haute-loire,France services - Allegre,collectivite_administration,administration collectivite service public,1
https://lannuaire.service-public.gouv.fr/auvergne-rhone-alpes/haute-loire/a9b84355-4b3e-49dc-bb92-449bf6b94b3f,haute-loire,France services - Des Sucs,collectivite_administration,administration collectivite service public,1
https://lannuaire.service-public.gouv.fr/auvergne-rhone-alpes/haute-loire/a9c748ab-cbcf-4f5f-bc8c-fa7ad23af336,haute-loire,Point info famille - Sainte-Florine,collectivite_administration,administration collectivite service public,1
https://lannuaire.service-public.gouv.fr/auvergne-rhone-alpes/haute-loire/aa941a60-bd58-4144-8424-19130aa38f9b,haute-loire,Mairie - Thoras,collectivite_administration,mairie collectivite,1
https://lannuaire.service-public.gouv.fr/auvergne-rhone-alpes/haute-loire/aaf84967-959f-4f5e-9b81-2fc21d7965a8,haute-loire,Mairie - Le Pertuis,collectivite_administration,mairie collectivite,1
https://lannuaire.service-public.gouv.fr/auvergne-rhone-alpes/haute-loire/abcad7e3-cab7-4ee3-a5ab-48340e9ff37e,haute-loire,Mairie - Saint-Étienne-Lardeyrol,collectivite_administration,mairie collectivite,1
https://lannuaire.service-public.gouv.fr/auvergne-rhone-alpes/haute-loire/ac660f06-5d07-49d2-9974-0fff61c31337,haute-loire,Centre de ressources et d'information des bénévoles (CRIB) - Comité départemental olympique et sportif de Haute-Loire,collectivite_administration,administration collectivite service public,1
https://lannuaire.service-public.gouv.fr/auvergne-rhone-alpes/haute-loire/ad2c7ecd-2670-449f-962c-48fd4f452b7a,haute-loire,Mairie - Rosières,collectivite_administration,mairie collectivite,1
https://lannuaire.service-public.gouv.fr/auvergne-rhone-alpes/haute-loire/adec4f3b-6dac-407f-ae79-78c7f5c0412a,haute-loire,Mairie - Vieille-Brioude,collectivite_administration,mairie collectivite,1
https://lannuaire.service-public.gouv.fr/auvergne-rhone-alpes/haute-loire/aebbf3c2-4c6c-4605-90e8-d5e68b3c9ed5,haute-loire,Mairie - Arsac-en-Velay,collectivite_administration,mairie collectivite,1
https://lannuaire.service-public.gouv.fr/auvergne-rhone-alpes/haute-loire/af32aa5d-02e6-4859-861b-03c8302a7089,haute-loire,Mairie - Laval-sur-Doulon,collectivite_administration,mairie collectivite,1
https://lannuaire.service-public.gouv.fr/auvergne-rhone-alpes/haute-loire/b0c8eabf-08c4-4de0-9094-b8cca35fed39,haute-loire,Mairie - Jullianges,collectivite_administration,mairie collectivite,1
https://lannuaire.service-public.gouv.fr/auvergne-rhone-alpes/haute-loire/b21c8421-38f2-4513-a52d-cbd8eba99b79,haute-loire,Mairie - Raucoules,collectivite_administration,mairie collectivite,1
https://lannuaire.service-public.gouv.fr/auvergne-rhone-alpes/haute-loire/b2f1b414-a945-4ab6-b770-32f561189fe6,haute-loire,Service de gestion comptable (SGC) - Monistrol-sur-Loire,collectivite_administration,administration collectivite service public,1
https://lannuaire.service-public.gouv.fr/auvergne-rhone-alpes/haute-loire/b3cbd859-b276-438a-b43c-206a4706ed8d,haute-loire,Police municipale - Aurec-sur-Loire,collectivite_administration,mairie collectivite,1
https://lannuaire.service-public.gouv.fr/auvergne-rhone-alpes/haute-loire/b434f0f7-9dc6-4301-aebc-d0b58ee0816b,haute-loire,Mairie - Chaniat,collectivite_administration,mairie collectivite,1
https://lannuaire.service-public.gouv.fr/auvergne-rhone-alpes/haute-loire/b58257c6-212a-40c2-b70f-06cd898d95dc,haute-loire,Mairie - Vergezac,collectivite_administration,mairie collectivite,1
https://lannuaire.service-public.gouv.fr/auvergne-rhone-alpes/haute-loire/b5e26e23-a79a-4d1f-8d5f-b9a1d3edc873,haute-loire,Mairie - Monlet,collectivite_administration,mairie collectivite,1
https://lannuaire.service-public.gouv.fr/auvergne-rhone-alpes/haute-loire/b6082862-9781-4e0f-b40f-50fdfae30c1a,haute-loire,Mairie - La Chapelle-Bertin,collectivite_administration,mairie collectivite,1
https://lannuaire.service-public.gouv.fr/auvergne-rhone-alpes/haute-loire/b8138dda-08c3-475e-86c8-242a51ab4ae6,haute-loire,Mairie - Aiguilhe,collectivite_administration,mairie collectivite,1
https://lannuaire.service-public.gouv.fr/auvergne-rhone-alpes/haute-loire/b859c40b-1012-477a-99d9-3290b8ea216c,haute-loire,Mairie - Lapte,collectivite_administration,mairie collectivite,1
https://lannuaire.service-public.gouv.fr/auvergne-rhone-alpes/haute-loire/b9bb7b3e-2910-408c-91d9-f7bd649594d4,haute-loire,Mairie - Loudes,collectivite_administration,mairie collectivite,1
https://lannuaire.service-public.gouv.fr/auvergne-rhone-alpes/haute-loire/baa765b3-c40a-4920-9c30-611bbd06c782,haute-loire,Mairie - Le Monastier-sur-Gazeille,collectivite_administration,mairie collectivite,1
https://lannuaire.service-public.gouv.fr/auvergne-rhone-alpes/haute-loire/bb7d8e37-abd7-4e6f-8cd8-ce592b7e5f28,haute-loire,Mairie - Malrevers,collectivite_administration,mairie collectivite,1
https://lannuaire.service-public.gouv.fr/auvergne-rhone-alpes/haute-loire/bb7e81cf-afbe-4f0a-98ec-8bcc475f4962,haute-loire,Greta Velay - Le Puy-en-Velay,collectivite_administration,administration collectivite service public,1
https://lannuaire.service-public.gouv.fr/auvergne-rhone-alpes/haute-loire/bb92d078-282b-4e8e-ae78-a9cc56cabb67,haute-loire,Agence régionale de santé (ARS) - Délégation départementale - Haute-Loire,collectivite_administration,administration collectivite service public,1
https://lannuaire.service-public.gouv.fr/auvergne-rhone-alpes/haute-loire/bb9d959d-cff3-4a22-b3ac-103815bf0835,haute-loire,Mairie - Coubon,collectivite_administration,mairie collectivite,1
https://lannuaire.service-public.gouv.fr/auvergne-rhone-alpes/haute-loire/bbe35b6e-0952-4440-bc0e-5ed510f3fca0,haute-loire,Tribunal judiciaire du Puy-en-Velay,collectivite_administration,administration collectivite service public,1
https://lannuaire.service-public.gouv.fr/auvergne-rhone-alpes/haute-loire/bc2eb42c-6d61-4345-b55d-8c68ddb5df2c,haute-loire,Mairie - Saint-Beauzire,collectivite_administration,mairie collectivite,1
https://lannuaire.service-public.gouv.fr/auvergne-rhone-alpes/haute-loire/bcbac82a-4f47-4dc7-9331-f951f21eda63,haute-loire,Centre communal d'action sociale (CCAS) - Lempdes-sur-Allagnon,collectivite_administration,mairie collectivite,1
https://lannuaire.service-public.gouv.fr/auvergne-rhone-alpes/haute-loire/be2d8ec2-8a3a-46a4-884f-12f8959567e2,haute-loire,Mairie - Ferrussac,collectivite_administration,mairie collectivite,1
https://lannuaire.service-public.gouv.fr/auvergne-rhone-alpes/haute-loire/c1340852-af91-48bf-a795-3e47235278e7,haute-loire,Mairie - Grenier-Montgon,collectivite_administration,mairie collectivite,1
https://lannuaire.service-public.gouv.fr/auvergne-rhone-alpes/haute-loire/c14be872-d7ff-461f-9436-1b43ad88808a,haute-loire,Mairie - Bournoncle-Saint-Pierre,collectivite_administration,mairie collectivite,1
https://lannuaire.service-public.gouv.fr/auvergne-rhone-alpes/haute-loire/c20d2259-11d9-4e26-b48d-a734b34fba85,haute-loire,Conseil de prud'hommes du Puy-en-Velay,collectivite_administration,administration collectivite service public,1
https://lannuaire.service-public.gouv.fr/auvergne-rhone-alpes/haute-loire/c21c7024-5b98-4093-b2a0-9f1355f8866c,haute-loire,Mairie - Chassignolles,collectivite_administration,mairie collectivite,1
https://lannuaire.service-public.gouv.fr/auvergne-rhone-alpes/haute-loire/c25263b4-5b4a-4f9e-b0e3-e4b386b099d3,haute-loire,Mairie - Les Estables,collectivite_administration,mairie collectivite,1
https://lannuaire.service-public.gouv.fr/auvergne-rhone-alpes/haute-loire/c2b385cf-0c39-45b2-8722-095233927a3e,haute-loire,Mission locale pour l'insertion professionnelle et sociale des jeunes (16-25 ans) - Yssingeaux,jeunesse_loisirs,mission locale jeunesse insertion,1
https://lannuaire.service-public.gouv.fr/auvergne-rhone-alpes/haute-loire/c4e1dcc9-bf3f-4bd3-8550-53c2ae724d02,haute-loire,Mairie - Saint-Hostien,collectivite_administration,mairie collectivite,1
https://lannuaire.service-public.gouv.fr/auvergne-rhone-alpes/haute-loire/c5431477-fd49-4690-91fb-f0e0f2555085,haute-loire,Commissariat de police du Puy-en-Velay,collectivite_administration,administration collectivite service public,1
https://lannuaire.service-public.gouv.fr/auvergne-rhone-alpes/haute-loire/c5439954-85b2-4a5a-8365-86b33af2d1fb,haute-loire,Mairie - Malvalette,collectivite_administration,mairie collectivite,1
https://lannuaire.service-public.gouv.fr/auvergne-rhone-alpes/haute-loire/c5de4352-457d-47eb-bf97-5ff7ccb6a507,haute-loire,Fédération départementale pour la pêche et la protection du milieu aquatique - Haute-Loire,collectivite_administration,administration collectivite service public,1
https://lannuaire.service-public.gouv.fr/auvergne-rhone-alpes/haute-loire/c64190c0-3ce7-44f7-bea5-f2ba0f4ba99d,haute-loire,Mairie - Chamalières-sur-Loire,collectivite_administration,mairie collectivite,1
https://lannuaire.service-public.gouv.fr/auvergne-rhone-alpes/haute-loire/c66e9d65-0335-47e1-b985-2ba0d32ecc9e,haute-loire,Mairie - Les Villettes,collectivite_administration,mairie collectivite,1
https://lannuaire.service-public.gouv.fr/auvergne-rhone-alpes/haute-loire/c67efdbd-4e59-4231-945e-25103df824ac,haute-loire,Centre communal d'action sociale (CCAS) - Le Puy-en-Velay,collectivite_administration,administration collectivite service public,1
https://lannuaire.service-public.gouv.fr/auvergne-rhone-alpes/haute-loire/c6f5e3f0-c851-414c-9713-f378df33e2c1,haute-loire,Centre communal d'action sociale (CCAS) - Vals-près-le-Puy,collectivite_administration,mairie collectivite,1
https://lannuaire.service-public.gouv.fr/auvergne-rhone-alpes/haute-loire/c7417ac6-fa2c-4547-ac95-c547b3fafdb5,haute-loire,Mairie - Saint-Bonnet-le-Froid,collectivite_administration,mairie collectivite,1
https://lannuaire.service-public.gouv.fr/auvergne-rhone-alpes/haute-loire/c75bf216-b2eb-4ba1-9108-9aadaffcbe97,haute-loire,France services - Le Monastier-sur-Gazeille,collectivite_administration,administration collectivite service public,1
https://lannuaire.service-public.gouv.fr/auvergne-rhone-alpes/haute-loire/c7eb477b-2007-472c-b982-00da8a514910,haute-loire,Mairie - Monistrol-d'Allier,collectivite_administration,mairie collectivite,1
https://lannuaire.service-public.gouv.fr/auvergne-rhone-alpes/haute-loire/c82cc7a4-c2df-4684-98ad-0ab7bd495668,haute-loire,Délégation militaire départementale (DMD) - Haute-Loire,collectivite_administration,administration collectivite service public,1
https://lannuaire.service-public.gouv.fr/auvergne-rhone-alpes/haute-loire/ccb218dd-f24d-465a-af7c-e8cd87d4bbe0,haute-loire,Mairie - Saint-Jean-Lachalm,collectivite_administration,mairie collectivite,1
https://lannuaire.service-public.gouv.fr/auvergne-rhone-alpes/haute-loire/ce00c8e5-a791-4db7-b110-b45c0bdf8b98,haute-loire,Mairie - Salzuit,collectivite_administration,mairie collectivite,1
https://lannuaire.service-public.gouv.fr/auvergne-rhone-alpes/haute-loire/ce47fa95-58d2-4534-a988-1426a5724a8d,haute-loire,Mairie - Montregard,collectivite_administration,mairie collectivite,1
https://lannuaire.service-public.gouv.fr/auvergne-rhone-alpes/haute-loire/ceb84fa0-527e-498a-a205-58ebd4316d0c,haute-loire,Mairie - Montusclat,collectivite_administration,mairie collectivite,1
https://lannuaire.service-public.gouv.fr/auvergne-rhone-alpes/haute-loire/d1057c41-6f35-47d7-94bf-3270e1e7f2dc,haute-loire,Point conseil budget - Espace solidarité passerelle - Le Puy-en-Velay,collectivite_administration,administration collectivite service public,1
https://lannuaire.service-public.gouv.fr/auvergne-rhone-alpes/haute-loire/d12d1edd-8c0e-4914-a715-3a9585f988f2,haute-loire,Mairie - Vals-le-Chastel,collectivite_administration,mairie collectivite,1
https://lannuaire.service-public.gouv.fr/auvergne-rhone-alpes/haute-loire/d2074e60-5f90-435a-a460-a412f20983bd,haute-loire,Mairie - Goudet,collectivite_administration,mairie collectivite,1
https://lannuaire.service-public.gouv.fr/auvergne-rhone-alpes/haute-loire/d34f489b-5095-4744-a3c9-1b76c48dab77,haute-loire,Point d'accueil numérique - Le Puy-en-Velay (Préfecture),collectivite_administration,administration collectivite service public,1
https://lannuaire.service-public.gouv.fr/auvergne-rhone-alpes/haute-loire/d36ba5f5-b49b-404e-aec8-36c3e44eb663,haute-loire,Mairie - Le Monteil,collectivite_administration,mairie collectivite,1
https://lannuaire.service-public.gouv.fr/auvergne-rhone-alpes/haute-loire/d38be791-c7f2-4f13-a4d2-1c6372a6ef9f,haute-loire,Mairie - la Chomette,collectivite_administration,mairie collectivite,1
https://lannuaire.service-public.gouv.fr/auvergne-rhone-alpes/haute-loire/d5ff965b-9b00-410d-8704-6acd50c7e7a3,haute-loire,France services - Fay-sur-Lignon,collectivite_administration,administration collectivite service public,1
https://lannuaire.service-public.gouv.fr/auvergne-rhone-alpes/haute-loire/d6dc4078-3042-493b-8aef-bab3058aa92a,haute-loire,"Conseil d'architecture, d'urbanisme et de l'environnement (CAUE) - Haute-Loire",collectivite_administration,administration collectivite service public,1
https://lannuaire.service-public.gouv.fr/auvergne-rhone-alpes/haute-loire/d75b43b3-c07b-4760-a9ce-ea7827c60c0a,haute-loire,Mairie - Saint-Pal-de-Mons,collectivite_administration,mairie collectivite,1
https://lannuaire.service-public.gouv.fr/auvergne-rhone-alpes/haute-loire/d7b1b1c1-0382-4c05-ba8a-3117f46c655b,haute-loire,Mairie - Mercoeur,collectivite_administration,mairie collectivite,1
https://lannuaire.service-public.gouv.fr/auvergne-rhone-alpes/haute-loire/d963813b-81c1-4346-912c-5625b415b13d,haute-loire,Mairie - Ally,collectivite_administration,mairie collectivite,1
https://lannuaire.service-public.gouv.fr/auvergne-rhone-alpes/haute-loire/d99317b8-953f-498a-93f1-737c7e92b000,haute-loire,Mairie - Vernassal,collectivite_administration,mairie collectivite,1
https://lannuaire.service-public.gouv.fr/auvergne-rhone-alpes/haute-loire/d9f4f0f5-936c-445a-9095-bf87250da2d4,haute-loire,Maison départementale des personnes handicapées (MDPH) - Haute-Loire,protection_enfance,maison france services,1
https://lannuaire.service-public.gouv.fr/auvergne-rhone-alpes/haute-loire/da3c3dc7-64c7-4daf-af7f-53e4150597f2,haute-loire,Mairie - Saint-Maurice-de-Lignon,collectivite_administration,mairie collectivite,1
https://lannuaire.service-public.gouv.fr/auvergne-rhone-alpes/haute-loire/da52cfc7-bc0b-4a37-8f8f-7151afba842b,haute-loire,Mairie - Vazeilles-Limandre,collectivite_administration,mairie collectivite,1
https://lannuaire.service-public.gouv.fr/auvergne-rhone-alpes/haute-loire/db5a7447-ad36-4471-bf0b-862b34b087de,haute-loire,Centre communal d'action sociale (CCAS) - Craponne-sur-Arzon,collectivite_administration,administration collectivite service public,1
https://lannuaire.service-public.gouv.fr/auvergne-rhone-alpes/haute-loire/dbca60ae-68bf-4140-8d1c-729bb086957a,haute-loire,Laboratoire départemental d'analyses - Haute-Loire,collectivite_administration,administration collectivite service public,1
https://lannuaire.service-public.gouv.fr/auvergne-rhone-alpes/haute-loire/dc7750c9-41d8-4c05-8f7b-0d9703460653,haute-loire,Mairie - Autrac,collectivite_administration,mairie collectivite,1
https://lannuaire.service-public.gouv.fr/auvergne-rhone-alpes/haute-loire/dcb3ac6d-0332-4df0-992f-b1fc87a2e522,haute-loire,France services - Langeac,collectivite_administration,administration collectivite service public,1
https://lannuaire.service-public.gouv.fr/auvergne-rhone-alpes/haute-loire/dd6a646b-85fd-4799-9017-0584c29ebbeb,haute-loire,Mairie - Chenereilles,collectivite_administration,mairie collectivite,1
https://lannuaire.service-public.gouv.fr/auvergne-rhone-alpes/haute-loire/de5a18bb-33a4-44bd-ab9f-f38ed9324885,haute-loire,Service de gestion comptable (SGC) - Langeac,collectivite_administration,administration collectivite service public,1
https://lannuaire.service-public.gouv.fr/auvergne-rhone-alpes/haute-loire/de712671-35bb-4119-ba82-17e4180e0a2c,haute-loire,Communauté de communes - Brioude Sud Auvergne,collectivite_administration,administration collectivite service public,1
https://lannuaire.service-public.gouv.fr/auvergne-rhone-alpes/haute-loire/de7acbc9-b1dd-44e1-9aeb-25954f431e80,haute-loire,Communauté de communes - Mézenc Loire Meygal,collectivite_administration,administration collectivite service public,1
https://lannuaire.service-public.gouv.fr/auvergne-rhone-alpes/haute-loire/dfd2e25b-20a1-40c6-b373-bb97f4e5bb25,haute-loire,Police municipale - Brioude,collectivite_administration,administration collectivite service public,1
https://lannuaire.service-public.gouv.fr/auvergne-rhone-alpes/haute-loire/e0797656-cfe0-4649-9e8c-344d8549eb82,haute-loire,Bibliothèque départementale - Haute-Loire,collectivite_administration,administration collectivite service public,1
https://lannuaire.service-public.gouv.fr/auvergne-rhone-alpes/haute-loire/e09257d2-8467-41d5-ba52-2e4ffef81919,haute-loire,France services - Tence,collectivite_administration,administration collectivite service public,1
https://lannuaire.service-public.gouv.fr/auvergne-rhone-alpes/haute-loire/e1abcbae-b5fb-471d-a781-443792726ec9,haute-loire,Mairie - Le Mas-de-Tence,collectivite_administration,mairie collectivite,1
https://lannuaire.service-public.gouv.fr/auvergne-rhone-alpes/haute-loire/e2561d12-8535-4ff9-8438-bff5d3f4f849,haute-loire,Mairie - Saint-Just-Malmont,collectivite_administration,mairie collectivite,1
https://lannuaire.service-public.gouv.fr/auvergne-rhone-alpes/haute-loire/e27c68e4-c149-42d9-821a-a7ae48737e33,haute-loire,Mairie - Saint-Vert,collectivite_administration,mairie collectivite,1
https://lannuaire.service-public.gouv.fr/auvergne-rhone-alpes/haute-loire/e366b7d5-c40b-4049-aee9-c2db09136c6d,haute-loire,Atelier Canopé 43 - Le Puy-en-Velay,collectivite_administration,administration collectivite service public,1
https://lannuaire.service-public.gouv.fr/auvergne-rhone-alpes/haute-loire/e5163a3e-540b-4c74-b337-9835bf2814f9,haute-loire,Centre d'information et d'orientation (CIO) - Yssingeaux,collectivite_administration,administration collectivite service public,1
https://lannuaire.service-public.gouv.fr/auvergne-rhone-alpes/haute-loire/e654775e-cf96-46bd-8d69-4bdf3c3b5f6b,haute-loire,Mairie - Saint-Pierre-Eynac,collectivite_administration,mairie collectivite,1
https://lannuaire.service-public.gouv.fr/auvergne-rhone-alpes/haute-loire/e6fbfecc-138b-480a-8323-2daa936a6a4c,haute-loire,Mairie - Pradelles,collectivite_administration,mairie collectivite,1
https://lannuaire.service-public.gouv.fr/auvergne-rhone-alpes/haute-loire/e887928b-e214-4423-8ff3-c5027707eeb8,haute-loire,Mairie - Venteuges,collectivite_administration,mairie collectivite,1
https://lannuaire.service-public.gouv.fr/auvergne-rhone-alpes/haute-loire/e8d207cc-4f32-4f82-b8ec-e0f562a118eb,haute-loire,Mairie - Chaspinhac,collectivite_administration,mairie collectivite,1
https://lannuaire.service-public.gouv.fr/auvergne-rhone-alpes/haute-loire/e8d5ff07-f2d9-4bab-96bf-d5a7e9bc7cb7,haute-loire,Mairie - Sainte-Eugénie-de-Villeneuve,collectivite_administration,mairie collectivite,1
https://lannuaire.service-public.gouv.fr/auvergne-rhone-alpes/haute-loire/e94d889c-a584-4e20-b59e-6aac797e9f95,haute-loire,Mairie - Retournac,collectivite_administration,mairie collectivite,1
https://lannuaire.service-public.gouv.fr/auvergne-rhone-alpes/haute-loire/e9e5c7d5-9a62-4b58-a37a-82252c68f15f,haute-loire,"Service départemental à la jeunesse, à l'engagement et aux sports (SDJES) - Haute-Loire",jeunesse_loisirs,service jeunesse,1
https://lannuaire.service-public.gouv.fr/auvergne-rhone-alpes/haute-loire/eb2db152-b54d-46ef-8d28-52ce177de7c2,haute-loire,Mairie - Fay-sur-Lignon,collectivite_administration,mairie collectivite,1
https://lannuaire.service-public.gouv.fr/auvergne-rhone-alpes/haute-loire/eb41985c-76db-45ad-9528-a325d1f3b984,haute-loire,Confédération départementale de l'artisanat et des petites entreprises du bâtiment  (Capeb) - Haute-Loire,collectivite_administration,administration collectivite service public,1
https://lannuaire.service-public.gouv.fr/auvergne-rhone-alpes/haute-loire/ee722bc2-1599-4483-9782-28d54c33dcb7,haute-loire,Mairie - Bas-en-Basset,collectivite_administration,mairie collectivite,1
https://lannuaire.service-public.gouv.fr/auvergne-rhone-alpes/haute-loire/f0a2bb7f-b7f5-4917-8e8b-3365f00d9aab,haute-loire,Mairie - Lavoûte-sur-Loire,collectivite_administration,mairie collectivite,1
https://lannuaire.service-public.gouv.fr/auvergne-rhone-alpes/haute-loire/f11b0062-c374-427f-b203-4ec220d1eb2f,haute-loire,Police municipale - Bas-en-Basset,collectivite_administration,administration collectivite service public,1
https://lannuaire.service-public.gouv.fr/auvergne-rhone-alpes/haute-loire/f22b9db7-dad0-4be8-82c9-839644e83ac1,haute-loire,Mairie - La Chapelle-d'Aurec,collectivite_administration,mairie collectivite,1
https://lannuaire.service-public.gouv.fr/auvergne-rhone-alpes/haute-loire/f323b0cb-4644-4ca3-a187-60e40bf055c7,haute-loire,Mairie - Cayres,collectivite_administration,mairie collectivite,1
https://lannuaire.service-public.gouv.fr/auvergne-rhone-alpes/haute-loire/f3dee854-d082-45bb-9ac0-090b206973c1,haute-loire,Mairie - Saint-Haon,collectivite_administration,mairie collectivite,1
https://lannuaire.service-public.gouv.fr/auvergne-rhone-alpes/haute-loire/f46e50c0-9b0c-4249-91ff-55f5d5459bc9,haute-loire,Mairie - Fix-Saint-Geneys,collectivite_administration,mairie collectivite,1
https://lannuaire.service-public.gouv.fr/auvergne-rhone-alpes/haute-loire/f4a2f4ce-cb98-433a-9d8f-3be552c77d1c,haute-loire,Point info famille - Monistrol-sur-Loire,collectivite_administration,administration collectivite service public,1
https://lannuaire.service-public.gouv.fr/auvergne-rhone-alpes/haute-loire/f4b37c62-2238-4b4f-aca1-c9d54d3effc9,haute-loire,Greffe des associations - Haute-Loire (Brioude),collectivite_administration,prefecture administration,1
https://lannuaire.service-public.gouv.fr/auvergne-rhone-alpes/haute-loire/f51fc3f8-0051-464a-9e11-49521f81617d,haute-loire,Mairie - Saint-Préjet-d'Allier,collectivite_administration,mairie collectivite,1
https://lannuaire.service-public.gouv.fr/auvergne-rhone-alpes/haute-loire/f59d7ec1-5fe7-45ff-afc8-57666e294e1d,haute-loire,Mairie - Saint-Ferréol-d'Auroure,collectivite_administration,mairie collectivite,1
https://lannuaire.service-public.gouv.fr/auvergne-rhone-alpes/haute-loire/f6a7ee62-61bf-401a-891d-f26183371f94,haute-loire,Mairie - Saint-Hilaire,collectivite_administration,mairie collectivite,1
https://lannuaire.service-public.gouv.fr/auvergne-rhone-alpes/haute-loire/f6e106f0-3cd3-42b6-801e-5567268d65f0,haute-loire,Mission locale pour l'insertion professionnelle et sociale des jeunes (16-25 ans) - Le Puy-en-Velay,jeunesse_loisirs,mission locale jeunesse insertion,1
https://lannuaire.service-public.gouv.fr/auvergne-rhone-alpes/haute-loire/f70400b9-9a06-4070-a8a1-3c12336871cb,haute-loire,France services - Montfaucon-en-Velay,collectivite_administration,administration collectivite service public,1
https://lannuaire.service-public.gouv.fr/auvergne-rhone-alpes/haute-loire/f89200c1-b060-4c8f-9a45-e38267fa4791,haute-loire,Mairie - Saint-Romain-Lachalm,collectivite_administration,mairie collectivite,1
https://lannuaire.service-public.gouv.fr/auvergne-rhone-alpes/haute-loire/f99d24b0-a882-4eae-b530-3927b6372332,haute-loire,Mairie - Aubazat,collectivite_administration,mairie collectivite,1
https://lannuaire.service-public.gouv.fr/auvergne-rhone-alpes/haute-loire/fa06e9ea-3a40-48dc-9a8c-d1a2eb1cc900,haute-loire,France services - Brioude (itinérant),collectivite_administration,administration collectivite service public,1
https://lannuaire.service-public.gouv.fr/auvergne-rhone-alpes/haute-loire/fa63acb9-c2a0-4408-bb65-0f06d3782622,haute-loire,Mairie - Laussonne,collectivite_administration,mairie collectivite,1
https://lannuaire.service-public.gouv.fr/auvergne-rhone-alpes/haute-loire/fabec451-8574-4533-9ac6-fd485c39c904,haute-loire,Mairie - Alleyrac,collectivite_administration,mairie collectivite,1
https://lannuaire.service-public.gouv.fr/auvergne-rhone-alpes/haute-loire/fac02764-6a17-4c6b-a757-6fcdeecfbff0,haute-loire,Centre de protection maternelle et infantile (PMI) - Monistrol-sur-Loire,collectivite_administration,administration collectivite service public,1
https://lannuaire.service-public.gouv.fr/auvergne-rhone-alpes/haute-loire/fbbe279a-c628-44af-a127-3c3638bf4a6a,haute-loire,Mairie - Solignac-sous-Roche,collectivite_administration,mairie collectivite,1
https://lannuaire.service-public.gouv.fr/auvergne-rhone-alpes/haute-loire/fbf081c1-37a4-4f1f-a3a0-17e5569a2b0e,haute-loire,Mairie - Tailhac,collectivite_administration,mairie collectivite,1
https://lannuaire.service-public.gouv.fr/auvergne-rhone-alpes/haute-loire/fc78c032-2fa8-4636-b7a1-d94c65c215d1,haute-loire,Greffe des associations - Haute-Loire (Yssingeaux),collectivite_administration,prefecture administration,1
https://lannuaire.service-public.gouv.fr/auvergne-rhone-alpes/haute-loire/fd1395b2-206a-4a55-b37f-ef4e745c0870,haute-loire,Unité départementale de l'architecture et du patrimoine (UDAP) - Haute-Loire,collectivite_administration,administration collectivite service public,1
https://lannuaire.service-public.gouv.fr/auvergne-rhone-alpes/haute-loire/fd157608-373b-4a93-941b-92ca75d52207,haute-loire,Centre de gestion de la fonction publique territoriale - Haute-Loire,collectivite_administration,administration collectivite service public,1
https://lannuaire.service-public.gouv.fr/auvergne-rhone-alpes/haute-loire/fd7b9ee7-d62a-49cc-9520-b8a2e13bc530,haute-loire,Communauté de communes - Haut pays du Velay,collectivite_administration,administration collectivite service public,1
https://lannuaire.service-public.gouv.fr/auvergne-rhone-alpes/haute-loire/fdf36665-b4b5-4b31-ba85-c0ae5f45cc0e,haute-loire,Mairie - Montfaucon-en-Velay,collectivite_administration,mairie collectivite,1
https://lannuaire.service-public.gouv.fr/auvergne-rhone-alpes/haute-loire/fe24a26f-c3be-4baf-8e36-32aa74975bdc,haute-loire,Mairie - Javaugues,collectivite_administration,mairie collectivite,1
https://lannuaire.service-public.gouv.fr/auvergne-rhone-alpes/haute-loire/ff79effd-91f7-457c-9a62-3c7661433e4b,haute-loire,Mairie - Cerzat,collectivite_administration,mairie collectivite,1
https://cerjep.fr/les-maisons-des-adolescents-mda/,haute-vienne,MDA de la Haute-Vienne,protection_enfance,maison des adolescents protection enfance,1
https://lannuaire.service-public.gouv.fr/nouvelle-aquitaine/haute-vienne/0048ac97-3adb-4cba-81f5-a6e9d99c3906,haute-vienne,Mairie - Eymoutiers,collectivite_administration,mairie collectivite,1
https://lannuaire.service-public.gouv.fr/nouvelle-aquitaine/haute-vienne/025f6d3c-c3bc-46ea-829c-56cbb15d09ba,haute-vienne,Mairie - Azat-le-Ris,collectivite_administration,mairie collectivite,1
https://lannuaire.service-public.gouv.fr/nouvelle-aquitaine/haute-vienne/044993e0-06c3-4cde-b218-c3dec41b82f3,haute-vienne,Mairie - Cussac,collectivite_administration,mairie collectivite,1
https://lannuaire.service-public.gouv.fr/nouvelle-aquitaine/haute-vienne/0471e954-b92b-497c-8cc4-79a623bc4342,haute-vienne,Centre communal d'action sociale (CCAS) - Rilhac-Rancon,collectivite_administration,mairie collectivite,1
https://lannuaire.service-public.gouv.fr/nouvelle-aquitaine/haute-vienne/05048df5-ab1e-4f43-a455-c8ced1c64459,haute-vienne,Mairie - Bellac,collectivite_administration,mairie collectivite,1
https://lannuaire.service-public.gouv.fr/nouvelle-aquitaine/haute-vienne/053209de-e3a9-4dde-a57a-3d4ae161bac2,haute-vienne,Mairie - Janailhac,collectivite_administration,mairie collectivite,1
https://lannuaire.service-public.gouv.fr/nouvelle-aquitaine/haute-vienne/0669b070-43e0-4f32-96ff-7c23c57b47b2,haute-vienne,Centre communal d'action sociale (CCAS) - Aixe-sur-Vienne,collectivite_administration,mairie collectivite,1
https://lannuaire.service-public.gouv.fr/nouvelle-aquitaine/haute-vienne/07d2bd25-dadd-4501-b717-796b0447639a,haute-vienne,Mairie - Le Buis,collectivite_administration,mairie collectivite,1
https://lannuaire.service-public.gouv.fr/nouvelle-aquitaine/haute-vienne/07d837fa-f51a-4f62-9c02-36259d8cfc53,haute-vienne,"APPEL, Association de prévention du Psychotrauma chez l'enfant en Limousin",collectivite_administration,administration collectivite service public,1
https://lannuaire.service-public.gouv.fr/nouvelle-aquitaine/haute-vienne/09bf3d73-e46d-402f-bcc9-afec32994e20,haute-vienne,Mairie - Saint-Priest-Ligoure,collectivite_administration,mairie collectivite,1
https://lannuaire.service-public.gouv.fr/nouvelle-aquitaine/haute-vienne/09e2c4dc-21a2-4f35-8ccc-3cff0e43ca53,haute-vienne,Mairie - Saint-Martin-le-Vieux,collectivite_administration,mairie collectivite,1
https://lannuaire.service-public.gouv.fr/nouvelle-aquitaine/haute-vienne/0a2605c9-eaad-4744-9839-e1a455e07c41,haute-vienne,Centre communal d'action sociale (CCAS) - Limoges,collectivite_administration,administration collectivite service public,1
https://lannuaire.service-public.gouv.fr/nouvelle-aquitaine/haute-vienne/0aa4ec40-29a5-40ae-a444-4da4e1957db0,haute-vienne,Point conseil budget - Union départementale des associations familiales (UDAF 87) - Bellac,collectivite_administration,administration collectivite service public,1
https://lannuaire.service-public.gouv.fr/nouvelle-aquitaine/haute-vienne/0acde6de-32e2-421b-a2e6-e62552aa3c09,haute-vienne,Mairie - Limoges,collectivite_administration,mairie collectivite,1
https://lannuaire.service-public.gouv.fr/nouvelle-aquitaine/haute-vienne/0af9713a-f30c-4e50-8abb-5d4404d1b58e,haute-vienne,Centre communal d'action sociale (CCAS) - Châlus,collectivite_administration,mairie collectivite,1
https://lannuaire.service-public.gouv.fr/nouvelle-aquitaine/haute-vienne/0c90a057-b690-468a-bfe3-0912d4cd3df9,haute-vienne,Mairie - Saint-Georges-les-Landes,collectivite_administration,mairie collectivite,1
https://lannuaire.service-public.gouv.fr/nouvelle-aquitaine/haute-vienne/0ce2315b-9baa-4aef-a657-86481b5c3018,haute-vienne,France services - Aixe-sur-Vienne,collectivite_administration,mairie collectivite,1
https://lannuaire.service-public.gouv.fr/nouvelle-aquitaine/haute-vienne/0d60b621-f020-4651-bdd4-3423a04f9dde,haute-vienne,Mairie - Saint-Léger-la-Montagne,collectivite_administration,mairie collectivite,1
https://lannuaire.service-public.gouv.fr/nouvelle-aquitaine/haute-vienne/0d60d8d4-d0b1-4033-b481-faf0316f2de9,haute-vienne,Centre communal d'action sociale (CCAS) - Ambazac,collectivite_administration,administration collectivite service public,1
https://lannuaire.service-public.gouv.fr/nouvelle-aquitaine/haute-vienne/0da8645f-bba5-44e1-9982-bdac80ec57bb,haute-vienne,Centre communal d'action sociale (CCAS) - Saint-Junien,collectivite_administration,administration collectivite service public,1
https://lannuaire.service-public.gouv.fr/nouvelle-aquitaine/haute-vienne/0dadcbe2-02ec-4e6e-89a2-da9024efebcd,haute-vienne,Mairie - Villefavard,collectivite_administration,mairie collectivite,1
https://lannuaire.service-public.gouv.fr/nouvelle-aquitaine/haute-vienne/0de06aaa-93ab-4ca2-ad9b-c1ea5c3f49a3,haute-vienne,Mairie - Oradour-sur-Glane,collectivite_administration,mairie collectivite,1
https://lannuaire.service-public.gouv.fr/nouvelle-aquitaine/haute-vienne/0e9f4f1b-3ceb-4f8c-bc57-8980d18f91c5,haute-vienne,Mairie - Sussac,collectivite_administration,mairie collectivite,1
https://lannuaire.service-public.gouv.fr/nouvelle-aquitaine/haute-vienne/10ab8d01-5be6-4085-8fe8-acbd49805ac8,haute-vienne,Centre communal d'action sociale (CCAS) - Val d'Issoire,collectivite_administration,administration collectivite service public,1
https://lannuaire.service-public.gouv.fr/nouvelle-aquitaine/haute-vienne/1122b39a-b935-4d49-bced-60213a2416c0,haute-vienne,Mairie - Saint-Junien-les-Combes,collectivite_administration,mairie collectivite,1
https://lannuaire.service-public.gouv.fr/nouvelle-aquitaine/haute-vienne/11bb9767-e2ae-4d05-aecd-cb1eb1e51f13,haute-vienne,Direction de la légalité (DL) - Haute-Vienne,collectivite_administration,administration collectivite service public,1
https://lannuaire.service-public.gouv.fr/nouvelle-aquitaine/haute-vienne/131e069b-a22b-489f-bdcd-aa07e866c92b,haute-vienne,Mairie - La Geneytouse,collectivite_administration,mairie collectivite,1
https://lannuaire.service-public.gouv.fr/nouvelle-aquitaine/haute-vienne/14e90814-2cf7-4d5b-a66d-8cecf2323fa1,haute-vienne,Centre d'information sur les droits des femmes et des familles (CIDFF) - Limousin,collectivite_administration,administration collectivite service public,1
https://lannuaire.service-public.gouv.fr/nouvelle-aquitaine/haute-vienne/17f1e644-7bc9-49f2-9819-0fe66f65b236,haute-vienne,Mairie - Oradour-Saint-Genest,collectivite_administration,mairie collectivite,1
https://lannuaire.service-public.gouv.fr/nouvelle-aquitaine/haute-vienne/1a8400ba-fa2c-4a29-ac33-c3345c5ed21f,haute-vienne,Maison du Département de Nantiat,structure,maison france services,1
https://lannuaire.service-public.gouv.fr/nouvelle-aquitaine/haute-vienne/1a8b4334-dee4-4205-ab86-e7ba0c8c8673,haute-vienne,Mairie - Les Salles-Lavauguyon,collectivite_administration,mairie collectivite,1
https://lannuaire.service-public.gouv.fr/nouvelle-aquitaine/haute-vienne/1b4abc05-d1ed-4583-83bb-6de806c22861,haute-vienne,Commission départementale de conciliation -  Haute-Vienne,collectivite_administration,administration collectivite service public,1
https://lannuaire.service-public.gouv.fr/nouvelle-aquitaine/haute-vienne/1bb1e0ce-1101-49dc-b068-2873e39c4a35,haute-vienne,Point info famille - Saint-Léonard,collectivite_administration,administration collectivite service public,1
https://lannuaire.service-public.gouv.fr/nouvelle-aquitaine/haute-vienne/1c6a0f13-04d8-4dfb-bbfb-88e2b29c9b1b,haute-vienne,Mairie - Jourgnac,collectivite_administration,mairie collectivite,1
https://lannuaire.service-public.gouv.fr/nouvelle-aquitaine/haute-vienne/1d291312-e6ca-4d78-aa6b-cc76eece9276,haute-vienne,France services - Bellac,collectivite_administration,administration collectivite service public,1
https://lannuaire.service-public.gouv.fr/nouvelle-aquitaine/haute-vienne/1e5a44f2-8bbb-487b-8e87-4a99dcad298f,haute-vienne,Mairie - Arnac-la-Poste,collectivite_administration,mairie collectivite,1
https://lannuaire.service-public.gouv.fr/nouvelle-aquitaine/haute-vienne/1ef168d5-63a3-4ede-ae3f-d53f3c3957c5,haute-vienne,Centre communal d'action sociale (CCAS) - Rochechouart,collectivite_administration,administration collectivite service public,1
https://lannuaire.service-public.gouv.fr/nouvelle-aquitaine/haute-vienne/21171d87-f457-4cd6-836e-e33ddb207fa0,haute-vienne,Crédit municipal - Limoges,collectivite_administration,administration collectivite service public,1
https://lannuaire.service-public.gouv.fr/nouvelle-aquitaine/haute-vienne/22e3caf3-6ebc-41b2-a746-1d2a9418aa95,haute-vienne,Point conseil budget - Centre Communal d'Action Sociale (CCAS 87) - Limoges,collectivite_administration,administration collectivite service public,1
https://lannuaire.service-public.gouv.fr/nouvelle-aquitaine/haute-vienne/22eb03e2-f118-4b5f-97db-5d8afbca9e77,haute-vienne,Mairie - Glanges,collectivite_administration,mairie collectivite,1
https://lannuaire.service-public.gouv.fr/nouvelle-aquitaine/haute-vienne/242da9a1-8913-4500-b5e5-7d4e4aee6f67,haute-vienne,Mairie - Peyrat-de-Bellac,collectivite_administration,mairie collectivite,1
https://lannuaire.service-public.gouv.fr/nouvelle-aquitaine/haute-vienne/25828397-a521-4df2-a3cc-1213e7aad571,haute-vienne,Mairie - Verneuil-sur-Vienne,collectivite_administration,mairie collectivite,1
https://lannuaire.service-public.gouv.fr/nouvelle-aquitaine/haute-vienne/25b726b4-ca68-4c81-b1cf-a07bcf4578ea,haute-vienne,Mairie - Maisonnais-sur-Tardoire,collectivite_administration,mairie collectivite,1
https://lannuaire.service-public.gouv.fr/nouvelle-aquitaine/haute-vienne/2619665a-2b34-4738-a3e9-12c9f681eb84,haute-vienne,Mairie - Thouron,collectivite_administration,mairie collectivite,1
https://lannuaire.service-public.gouv.fr/nouvelle-aquitaine/haute-vienne/26e9783f-5f55-4874-ada3-71f9648ee8e2,haute-vienne,Mairie - Le Châtenet-en-Dognon,collectivite_administration,mairie collectivite,1
https://lannuaire.service-public.gouv.fr/nouvelle-aquitaine/haute-vienne/26f9f889-c838-40a0-90ea-a31bf8aaf504,haute-vienne,Mairie - Chéronnac,collectivite_administration,mairie collectivite,1
https://lannuaire.service-public.gouv.fr/nouvelle-aquitaine/haute-vienne/2785e867-ca9c-41a8-8e67-83d7b7b5ddba,haute-vienne,France services - Couzeix,collectivite_administration,administration collectivite service public,1
https://lannuaire.service-public.gouv.fr/nouvelle-aquitaine/haute-vienne/28285a1f-0374-4558-85d6-0348d7da1e6a,haute-vienne,Centre de ressources et d'information des bénévoles (CRIB) - Ligue de l'enseignement de la Haute-Vienne,collectivite_administration,administration collectivite service public,1
https://lannuaire.service-public.gouv.fr/nouvelle-aquitaine/haute-vienne/29727d1b-f6a0-4251-bcb2-34ff8f1a8c46,haute-vienne,Mairie - Sainte-Marie-de-Vaux,collectivite_administration,mairie collectivite,1
https://lannuaire.service-public.gouv.fr/nouvelle-aquitaine/haute-vienne/2a716ae4-92dd-4c74-8e31-5615128a4649,haute-vienne,Maison du Département de Aixe-sur-Vienne,structure,maison france services,1
https://lannuaire.service-public.gouv.fr/nouvelle-aquitaine/haute-vienne/2c84f954-5baf-47eb-a80b-65db4a598834,haute-vienne,Mairie - Saint-Bazile,collectivite_administration,mairie collectivite,1
https://lannuaire.service-public.gouv.fr/nouvelle-aquitaine/haute-vienne/2d46d17b-5e0b-4c03-8522-51255daf288f,haute-vienne,Centre communal d'action sociale (CCAS) - Bosmie-l'Aiguille,collectivite_administration,mairie collectivite,1
https://lannuaire.service-public.gouv.fr/nouvelle-aquitaine/haute-vienne/30b60804-d995-4dbe-aaac-5e01820e3eb0,haute-vienne,Mairie déléguée - Darnac,collectivite_administration,mairie collectivite,1
https://lannuaire.service-public.gouv.fr/nouvelle-aquitaine/haute-vienne/31668c97-afee-4e81-907d-3bfbded7ee39,haute-vienne,Commission des chefs de services financiers (CCSF) - Haute-Vienne,collectivite_administration,administration collectivite service public,1
https://lannuaire.service-public.gouv.fr/nouvelle-aquitaine/haute-vienne/31922170-46a5-464a-b65c-ec2de44bad70,haute-vienne,Police municipale - Feytiat,collectivite_administration,administration collectivite service public,1
https://lannuaire.service-public.gouv.fr/nouvelle-aquitaine/haute-vienne/3346112c-d6ef-42c5-b378-45891c22337b,haute-vienne,Mairie - Augne,collectivite_administration,mairie collectivite,1
https://lannuaire.service-public.gouv.fr/nouvelle-aquitaine/haute-vienne/34361673-383c-4364-9650-fc33861c6488,haute-vienne,Mairie - Saint-Sornin-la-Marche,collectivite_administration,mairie collectivite,1
https://lannuaire.service-public.gouv.fr/nouvelle-aquitaine/haute-vienne/346cf7b2-dc5e-4e0f-8c6f-d55dfce1d24d,haute-vienne,Mairie - Neuvic-Entier,collectivite_administration,mairie collectivite,1
https://lannuaire.service-public.gouv.fr/nouvelle-aquitaine/haute-vienne/34922e8c-f987-46fa-ad03-84b3b9ad49f1,haute-vienne,Mairie - Couzeix,collectivite_administration,mairie collectivite,1
https://lannuaire.service-public.gouv.fr/nouvelle-aquitaine/haute-vienne/34c6e168-6674-4339-af5b-cfaca78549d7,haute-vienne,Maison du Département de Saint-Yrieix-la-Perche,structure,maison france services,1
https://lannuaire.service-public.gouv.fr/nouvelle-aquitaine/haute-vienne/34e636f3-a584-4504-8e8a-114b19247412,haute-vienne,Mairie - Tersannes,collectivite_administration,mairie collectivite,1
https://lannuaire.service-public.gouv.fr/nouvelle-aquitaine/haute-vienne/35252e0d-5d65-4c1d-820a-93fa8bd886d0,haute-vienne,Bureau de douane - Limoges,collectivite_administration,administration collectivite service public,1
https://lannuaire.service-public.gouv.fr/nouvelle-aquitaine/haute-vienne/36bec476-88a3-43c3-b0af-39f6a4afd43d,haute-vienne,France services - Saint-Germain-les-Belles,collectivite_administration,administration collectivite service public,1
https://lannuaire.service-public.gouv.fr/nouvelle-aquitaine/haute-vienne/3708f70b-1618-43dc-8590-806e81ddae89,haute-vienne,Mairie - Saint-Martin-de-Jussac,collectivite_administration,mairie collectivite,1
https://lannuaire.service-public.gouv.fr/nouvelle-aquitaine/haute-vienne/37ab6607-d04b-4c86-84cb-670d2d2ac85d,haute-vienne,Mairie - Nouic,collectivite_administration,mairie collectivite,1
https://lannuaire.service-public.gouv.fr/nouvelle-aquitaine/haute-vienne/38aacb95-2c79-4290-a556-c3040ca3001d,haute-vienne,Communauté de communes - Ouest Limousin,collectivite_administration,administration collectivite service public,1
https://lannuaire.service-public.gouv.fr/nouvelle-aquitaine/haute-vienne/39b7ee6d-0030-4c88-bea2-dd3fe06771bd,haute-vienne,France services - Cussac,collectivite_administration,administration collectivite service public,1
https://lannuaire.service-public.gouv.fr/nouvelle-aquitaine/haute-vienne/3a37db00-36f8-42ea-a21e-e2c3aa04b4ee,haute-vienne,Mairie - Rempnat,collectivite_administration,mairie collectivite,1
https://lannuaire.service-public.gouv.fr/nouvelle-aquitaine/haute-vienne/3c985ad3-b88a-401d-b6d6-ce70c42a5b01,haute-vienne,Mairie - La Bazeuge,collectivite_administration,mairie collectivite,1
https://lannuaire.service-public.gouv.fr/nouvelle-aquitaine/haute-vienne/3d8c2b21-2752-44b0-9c63-164cc2281364,haute-vienne,Point information jeunesse - Saint-Yrieix-la-Perche,jeunesse_loisirs,PIJ information jeunesse,1
https://lannuaire.service-public.gouv.fr/nouvelle-aquitaine/haute-vienne/3e8ca8f4-e6df-462d-8edc-4a4778bcb9e0,haute-vienne,Mairie - Feytiat,collectivite_administration,mairie collectivite,1
https://lannuaire.service-public.gouv.fr/nouvelle-aquitaine/haute-vienne/3f359d04-f1c8-497c-adbf-92613d4b812d,haute-vienne,Mairie - Mailhac-sur-Benaize,collectivite_administration,mairie collectivite,1
https://lannuaire.service-public.gouv.fr/nouvelle-aquitaine/haute-vienne/3f7fed88-fd25-4b6e-9d01-0f9179a17693,haute-vienne,Service de gestion comptable (SGC) - Saint-Yrieix-la-Perche,collectivite_administration,administration collectivite service public,1
https://lannuaire.service-public.gouv.fr/nouvelle-aquitaine/haute-vienne/3ff85978-24a2-4e2b-943b-237a680384c3,haute-vienne,Mairie - Pensol,collectivite_administration,mairie collectivite,1
https://lannuaire.service-public.gouv.fr/nouvelle-aquitaine/haute-vienne/40212f38-023a-462e-b396-d72af05ca55f,haute-vienne,Agence nationale de l'habitat (Anah) - Délégation locale - Haute-Vienne,collectivite_administration,administration collectivite service public,1
https://lannuaire.service-public.gouv.fr/nouvelle-aquitaine/haute-vienne/4121b134-baab-4e0e-a288-b54fd398dea1,haute-vienne,Centre communal d'action sociale (CCAS) - La Meyze,collectivite_administration,mairie collectivite,1
https://lannuaire.service-public.gouv.fr/nouvelle-aquitaine/haute-vienne/415a9e87-843e-4ee1-ac13-e3fdb1b2b5b7,haute-vienne,Communauté de communes - Pays de Saint-Yrieix,collectivite_administration,administration collectivite service public,1
https://lannuaire.service-public.gouv.fr/nouvelle-aquitaine/haute-vienne/423d5959-2aa5-4911-bad0-27be168f3d71,haute-vienne,Centre d'information et d'orientation (CIO) - Bellac,collectivite_administration,administration collectivite service public,1
https://lannuaire.service-public.gouv.fr/nouvelle-aquitaine/haute-vienne/42657361-b422-4c5e-a0d2-9fdc169f1530,haute-vienne,Police municipale - Condat-sur-Vienne,collectivite_administration,administration collectivite service public,1
https://lannuaire.service-public.gouv.fr/nouvelle-aquitaine/haute-vienne/42a3b3e6-f770-4159-98b4-b67ef6d52fd0,haute-vienne,Mairie - Glandon,collectivite_administration,mairie collectivite,1
https://lannuaire.service-public.gouv.fr/nouvelle-aquitaine/haute-vienne/42ac791c-c2c2-4aa1-9e43-26eaf6689092,haute-vienne,Mairie - Châteauneuf-la-Forêt,collectivite_administration,mairie collectivite,1
https://lannuaire.service-public.gouv.fr/nouvelle-aquitaine/haute-vienne/43e73d12-f95d-40ba-b939-e91e1e329143,haute-vienne,France services - Châteauneuf-la-Forêt,collectivite_administration,administration collectivite service public,1
https://lannuaire.service-public.gouv.fr/nouvelle-aquitaine/haute-vienne/45d10a7c-edea-4e9a-b1aa-f299f8e490ea,haute-vienne,Mairie - Le Chalard,collectivite_administration,mairie collectivite,1
https://lannuaire.service-public.gouv.fr/nouvelle-aquitaine/haute-vienne/45d1e16a-529f-485e-af16-d12e932579e2,haute-vienne,France services - Nexon,collectivite_administration,administration collectivite service public,1
https://lannuaire.service-public.gouv.fr/nouvelle-aquitaine/haute-vienne/4678730d-d447-4daa-b8a8-effd2eeb1288,haute-vienne,Chambre de commerce et d'industrie (CCI) 87 - Haute-Vienne - Siège de Limoges,collectivite_administration,administration collectivite service public,1
https://lannuaire.service-public.gouv.fr/nouvelle-aquitaine/haute-vienne/4736fd8a-2112-4903-aa5a-c3d14c801742,haute-vienne,Mairie - Saint-Martin-Terressus,collectivite_administration,mairie collectivite,1
https://lannuaire.service-public.gouv.fr/nouvelle-aquitaine/haute-vienne/481056b8-40bb-4d5a-ad88-9953530017dc,haute-vienne,Mairie - Saint-Ouen-sur-Gartempe,collectivite_administration,mairie collectivite,1
https://lannuaire.service-public.gouv.fr/nouvelle-aquitaine/haute-vienne/48dfdd34-39e3-4718-b7c2-b29d4ff1c1d9,haute-vienne,Mairie - Panazol,collectivite_administration,mairie collectivite,1
https://lannuaire.service-public.gouv.fr/nouvelle-aquitaine/haute-vienne/49bd8497-5c00-4314-96cb-2b1e879d0847,haute-vienne,Mairie déléguée - Saint-Barbant,collectivite_administration,mairie collectivite,1
https://lannuaire.service-public.gouv.fr/nouvelle-aquitaine/haute-vienne/4b178f0e-57c1-4a2f-9945-213ef921d9f6,haute-vienne,Communauté de communes - Pays de Nexon Monts de Chalus,collectivite_administration,administration collectivite service public,1
https://lannuaire.service-public.gouv.fr/nouvelle-aquitaine/haute-vienne/4bc054c8-34b4-4192-b022-34e4520aa25c,haute-vienne,Mairie - Saint-Léonard-de-Noblat,collectivite_administration,mairie collectivite,1
https://lannuaire.service-public.gouv.fr/nouvelle-aquitaine/haute-vienne/4bfa84da-bb92-4889-8ea9-468a2db65cb1,haute-vienne,"Service départemental à la jeunesse, à l'engagement et aux sports (SDJES) - Haute-Vienne",jeunesse_loisirs,service jeunesse,1
https://lannuaire.service-public.gouv.fr/nouvelle-aquitaine/haute-vienne/4c4a3072-4667-465f-9d74-15a287f649df,haute-vienne,France services - Rochechouart,collectivite_administration,administration collectivite service public,1
https://lannuaire.service-public.gouv.fr/nouvelle-aquitaine/haute-vienne/4c70e604-67fe-4632-9e39-053c7a7eb130,haute-vienne,Mairie - Moissannes,collectivite_administration,mairie collectivite,1
https://lannuaire.service-public.gouv.fr/nouvelle-aquitaine/haute-vienne/4f24b6ef-53be-4697-bc81-730fc2871553,haute-vienne,Mairie - Bussière-Galant,collectivite_administration,mairie collectivite,1
https://lannuaire.service-public.gouv.fr/nouvelle-aquitaine/haute-vienne/51792f96-55cf-4f17-af62-3c17c29295ce,haute-vienne,Centre d'information et d'orientation (CIO) - Saint-Yrieix-la-Perche,collectivite_administration,administration collectivite service public,1
https://lannuaire.service-public.gouv.fr/nouvelle-aquitaine/haute-vienne/537e8fe4-9c1d-42b2-bdb2-ce8d707cce0e,haute-vienne,Communauté de communes - Briance Sud Haute Vienne,collectivite_administration,administration collectivite service public,1
https://lannuaire.service-public.gouv.fr/nouvelle-aquitaine/haute-vienne/553a3e42-a122-4fd4-8a95-897d4d341826,haute-vienne,Mairie - La Roche-l'Abeille,collectivite_administration,mairie collectivite,1
https://lannuaire.service-public.gouv.fr/nouvelle-aquitaine/haute-vienne/5590652d-f5a2-4047-8f41-da0e0c9f75ad,haute-vienne,Mairie - Saint-Paul,collectivite_administration,mairie collectivite,1
https://lannuaire.service-public.gouv.fr/nouvelle-aquitaine/haute-vienne/57553710-d6f1-4909-933e-d23377f622a1,haute-vienne,Agence départementale d'information sur le logement (ADIL) - Haute-Vienne,collectivite_administration,administration collectivite service public,1
https://lannuaire.service-public.gouv.fr/nouvelle-aquitaine/haute-vienne/59995939-5484-4e08-98f2-22f6f2a16d76,haute-vienne,Mairie - Château-Chervix,collectivite_administration,mairie collectivite,1
https://lannuaire.service-public.gouv.fr/nouvelle-aquitaine/haute-vienne/5a6a8309-2033-409a-81c8-71a59d603526,haute-vienne,Mairie - Saint-Sulpice-Laurière,collectivite_administration,mairie collectivite,1
https://lannuaire.service-public.gouv.fr/nouvelle-aquitaine/haute-vienne/5acb8685-9cff-447a-8bd4-969e0d8ff746,haute-vienne,Mairie - Saint-Maurice-les-Brousses,collectivite_administration,mairie collectivite,1
https://lannuaire.service-public.gouv.fr/nouvelle-aquitaine/haute-vienne/5b53c7f0-df50-4085-aee9-62f009a5b60d,haute-vienne,Mairie - Berneuil,collectivite_administration,mairie collectivite,1
https://lannuaire.service-public.gouv.fr/nouvelle-aquitaine/haute-vienne/5c31bff7-6381-4f3c-9472-6a8fd3be23b6,haute-vienne,France services - Boisseuil,collectivite_administration,mairie collectivite,1
https://lannuaire.service-public.gouv.fr/nouvelle-aquitaine/haute-vienne/5d79730a-6a28-4322-a4cc-6e190507e30d,haute-vienne,Centre communal d'action sociale (CCAS) - Bellac,collectivite_administration,administration collectivite service public,1
https://lannuaire.service-public.gouv.fr/nouvelle-aquitaine/haute-vienne/5e2ae802-4be9-472a-94de-a020f5d2b580,haute-vienne,Agence régionale pour l’amélioration des conditions de travail (Aract) - Nouvelle-Aquitaine - Site de Limoges,collectivite_administration,administration collectivite service public,1
https://lannuaire.service-public.gouv.fr/nouvelle-aquitaine/haute-vienne/5feaa3bf-1d37-4d85-ae33-95b66e3406ed,haute-vienne,Maison du Département de Saint-Sulpice-les-Feuilles,structure,maison france services,1
https://lannuaire.service-public.gouv.fr/nouvelle-aquitaine/haute-vienne/607df43c-a944-421e-b383-c1f7a1955494,haute-vienne,Mairie déléguée - Thiat,collectivite_administration,mairie collectivite,1
https://lannuaire.service-public.gouv.fr/nouvelle-aquitaine/haute-vienne/60a9621b-9ae7-4261-8d1d-e022aa5bf710,haute-vienne,Conseil de prud'hommes de Limoges,collectivite_administration,administration collectivite service public,1
https://lannuaire.service-public.gouv.fr/nouvelle-aquitaine/haute-vienne/618463ad-e62a-40a3-95f9-95e5601d0575,haute-vienne,Mairie - Champnétery,collectivite_administration,mairie collectivite,1
https://lannuaire.service-public.gouv.fr/nouvelle-aquitaine/haute-vienne/619b8aa8-3177-4138-85b8-d0ba17a10242,haute-vienne,Mairie - Bessines-sur-Gartempe,collectivite_administration,mairie collectivite,1
https://lannuaire.service-public.gouv.fr/nouvelle-aquitaine/haute-vienne/626ef857-f7fe-4bb5-9168-8c1bacaf158e,haute-vienne,Mairie - Saint-Laurent-les-Églises,collectivite_administration,mairie collectivite,1
https://lannuaire.service-public.gouv.fr/nouvelle-aquitaine/haute-vienne/63635346-75ad-4808-9994-184776201fcf,haute-vienne,Mairie - Chaptelat,collectivite_administration,mairie collectivite,1
https://lannuaire.service-public.gouv.fr/nouvelle-aquitaine/haute-vienne/63f2bd88-e10f-4f65-bffa-09ff505b0c5d,haute-vienne,Mairie - Folles,collectivite_administration,mairie collectivite,1
https://lannuaire.service-public.gouv.fr/nouvelle-aquitaine/haute-vienne/643de48b-66e2-4e8e-82d9-83af82bc325b,haute-vienne,Maison du Département de Bessines-sur-Gartempe,structure,maison france services,1
https://lannuaire.service-public.gouv.fr/nouvelle-aquitaine/haute-vienne/6622fa2d-97aa-4d26-9a3b-161432f91829,haute-vienne,Mairie - Saint-Martin-le-Mault,collectivite_administration,mairie collectivite,1
https://lannuaire.service-public.gouv.fr/nouvelle-aquitaine/haute-vienne/66db9c43-f055-4bae-8a1b-6e967546c665,haute-vienne,Mairie - Saint-Hilaire-Bonneval,collectivite_administration,mairie collectivite,1
https://lannuaire.service-public.gouv.fr/nouvelle-aquitaine/haute-vienne/6770f715-cbb8-4d70-98ea-afa4e651ecd0,haute-vienne,Maison du Département de Limoges - Résistance Limousine,structure,maison france services,1
https://lannuaire.service-public.gouv.fr/nouvelle-aquitaine/haute-vienne/6c150bcb-445f-43f7-b612-f89ddcf5684b,haute-vienne,Centre d'information et d'orientation (CIO) - Saint-Junien,collectivite_administration,administration collectivite service public,1
https://lannuaire.service-public.gouv.fr/nouvelle-aquitaine/haute-vienne/6d096184-c256-4e39-b6c3-57eba90edefb,haute-vienne,Point info famille - Limoges - Firmin-Delage,collectivite_administration,administration collectivite service public,1
https://lannuaire.service-public.gouv.fr/nouvelle-aquitaine/haute-vienne/6e97bccd-702e-4f4e-bdda-ddc762d17864,haute-vienne,Mairie - Royères,collectivite_administration,mairie collectivite,1
https://lannuaire.service-public.gouv.fr/nouvelle-aquitaine/haute-vienne/720b1b17-806f-4b41-857e-648abf4e3cc6,haute-vienne,Mairie - Rilhac-Rancon,collectivite_administration,mairie collectivite,1
https://lannuaire.service-public.gouv.fr/nouvelle-aquitaine/haute-vienne/7331c333-78b8-46f3-a6eb-9d0871eebddf,haute-vienne,Centre communal d'action sociale (CCAS) - Magnac-Laval,collectivite_administration,mairie collectivite,1
https://lannuaire.service-public.gouv.fr/nouvelle-aquitaine/haute-vienne/74943aef-9bbe-460d-96b2-e3eff0ab18f1,haute-vienne,Agence nationale pour la formation professionnelle des adultes (Afpa) - Centre de Limoges - Babylone,collectivite_administration,administration collectivite service public,1
https://lannuaire.service-public.gouv.fr/nouvelle-aquitaine/haute-vienne/7514c175-74f7-4d2b-8c43-97315272c2c8,haute-vienne,Mairie - Saint-Amand-le-Petit,collectivite_administration,mairie collectivite,1
https://lannuaire.service-public.gouv.fr/nouvelle-aquitaine/haute-vienne/751fe10c-87f2-4a8b-9eaa-d5b0d2f56727,haute-vienne,Mairie - Dompierre-les-Églises,collectivite_administration,mairie collectivite,1
https://lannuaire.service-public.gouv.fr/nouvelle-aquitaine/haute-vienne/771fc7f9-3571-4b23-b35e-bf91ddbcef8b,haute-vienne,France services - Val-d'Oire-et-Gartempe,collectivite_administration,mairie collectivite,1
https://lannuaire.service-public.gouv.fr/nouvelle-aquitaine/haute-vienne/7b385d09-5811-48b5-b187-00bbf5b355ff,haute-vienne,Centre communal d'action sociale (CCAS) - Nantiat,collectivite_administration,administration collectivite service public,1
https://lannuaire.service-public.gouv.fr/nouvelle-aquitaine/haute-vienne/7d5dbabc-f79c-4a10-aa08-17d8160ab037,haute-vienne,Maison du Département de Limoges - Carmes,structure,maison france services,1
https://lannuaire.service-public.gouv.fr/nouvelle-aquitaine/haute-vienne/7d709446-d89a-4184-9599-4d00f445b673,haute-vienne,Mairie - Bersac-sur-Rivalier,collectivite_administration,mairie collectivite,1
https://lannuaire.service-public.gouv.fr/nouvelle-aquitaine/haute-vienne/7dcce276-b7ec-4832-8b72-8b04399847fc,haute-vienne,SERVICE DE REPARATION PENALE DE LIMOGES,collectivite_administration,administration collectivite service public,1
https://lannuaire.service-public.gouv.fr/nouvelle-aquitaine/haute-vienne/7e8ca535-0d12-4b4e-b050-fed8f52989df,haute-vienne,Mairie - Le Vigen,collectivite_administration,mairie collectivite,1
https://lannuaire.service-public.gouv.fr/nouvelle-aquitaine/haute-vienne/7f07842c-eb99-4bb4-895f-186e537ea038,haute-vienne,Conseil départemental de l'ordre des médecins - Haute-Vienne,collectivite_administration,administration collectivite service public,1
https://lannuaire.service-public.gouv.fr/nouvelle-aquitaine/haute-vienne/7f48b1b3-05bf-4812-a7a6-ca4ac4fd7439,haute-vienne,Mairie - Nedde,collectivite_administration,mairie collectivite,1
https://lannuaire.service-public.gouv.fr/nouvelle-aquitaine/haute-vienne/80f3eacd-8055-45e4-9655-61ef51dfc47f,haute-vienne,Mairie - Oradour-sur-Vayres,collectivite_administration,mairie collectivite,1
https://lannuaire.service-public.gouv.fr/nouvelle-aquitaine/haute-vienne/8283c507-77d3-43f9-8fca-08c5cf010a95,haute-vienne,Service de gestion comptable (SGC) - Bellac,collectivite_administration,administration collectivite service public,1
https://lannuaire.service-public.gouv.fr/nouvelle-aquitaine/haute-vienne/847716b6-4386-4e13-bc03-82c8971f2a03,haute-vienne,France services - Châlus,collectivite_administration,administration collectivite service public,1
https://lannuaire.service-public.gouv.fr/nouvelle-aquitaine/haute-vienne/854c89d7-4d00-44d9-b2ad-a86bab897419,haute-vienne,Mairie - Saint Gilles les Forets,collectivite_administration,mairie collectivite,1
https://lannuaire.service-public.gouv.fr/nouvelle-aquitaine/haute-vienne/85ebe913-06a7-4185-8000-da2b6ad7d35a,haute-vienne,Mairie - Flavignac,collectivite_administration,mairie collectivite,1
https://lannuaire.service-public.gouv.fr/nouvelle-aquitaine/haute-vienne/865c9208-8d02-41eb-8f16-6c1bc20dccd1,haute-vienne,Communauté de communes - Portes de Vassivière,collectivite_administration,administration collectivite service public,1
https://lannuaire.service-public.gouv.fr/nouvelle-aquitaine/haute-vienne/8893213f-dee6-49ee-b2e7-9d4078ce50d2,haute-vienne,Mairie - Coussac-Bonneval,collectivite_administration,mairie collectivite,1
https://lannuaire.service-public.gouv.fr/nouvelle-aquitaine/haute-vienne/891234c1-c63c-4b7c-8ec6-511969eede90,haute-vienne,Centre technique régional de la consommation (CTRC) - Nouvelle-Aquitaine - Site de Limoges,collectivite_administration,administration collectivite service public,1
https://lannuaire.service-public.gouv.fr/nouvelle-aquitaine/haute-vienne/8a61e830-8573-4340-b156-c1e8f7392692,haute-vienne,Mairie déléguée - Saint-Pardoux,collectivite_administration,mairie collectivite,1
https://lannuaire.service-public.gouv.fr/nouvelle-aquitaine/haute-vienne/8ab2ee04-cfc5-4e87-9655-b5e3df84a885,haute-vienne,Association de gestion du fonds pour l'insertion professionnelle des personnes handicapées (Agefiph) - Nouvelle-Aquitaine - Limoges,collectivite_administration,administration collectivite service public,1
https://lannuaire.service-public.gouv.fr/nouvelle-aquitaine/haute-vienne/8aceb391-e0bb-4e18-9978-3f2d24590eb1,haute-vienne,Point d'information local dédié aux personnes âgées - Ambazac,collectivite_administration,administration collectivite service public,1
https://lannuaire.service-public.gouv.fr/nouvelle-aquitaine/haute-vienne/8b5a7218-eac2-41a1-a168-3e909f8a3d7c,haute-vienne,Mairie - Blond,collectivite_administration,mairie collectivite,1
https://lannuaire.service-public.gouv.fr/nouvelle-aquitaine/haute-vienne/8bc21a52-1146-4065-b012-c22a339129d2,haute-vienne,"Conseil d'architecture, d'urbanisme et de l'environnement (CAUE) - Haute-Vienne",collectivite_administration,administration collectivite service public,1
https://lannuaire.service-public.gouv.fr/nouvelle-aquitaine/haute-vienne/8dbee4aa-f56b-41ee-9fb6-90a7ef30abbc,haute-vienne,Point d'information local dédié aux personnes âgées - Saint-Sulpice-les-Feuilles,collectivite_administration,administration collectivite service public,1
https://lannuaire.service-public.gouv.fr/nouvelle-aquitaine/haute-vienne/957090aa-6c8b-4fd9-b57f-56ae89578b62,haute-vienne,Mairie - Saint-Sulpice-les-Feuilles,collectivite_administration,mairie collectivite,1
https://lannuaire.service-public.gouv.fr/nouvelle-aquitaine/haute-vienne/963708ba-98ab-41da-91a8-4ad49fd4602d,haute-vienne,Communauté de communes - Val de Vienne,collectivite_administration,administration collectivite service public,1
https://lannuaire.service-public.gouv.fr/nouvelle-aquitaine/haute-vienne/97353abc-c97e-4211-9460-3f4dc830c7b3,haute-vienne,Association interprofessionnelle pour la santé au travail - Limoges,collectivite_administration,administration collectivite service public,1
https://lannuaire.service-public.gouv.fr/nouvelle-aquitaine/haute-vienne/977b2af8-97c0-43c3-9aaa-91bab027d000,haute-vienne,Mairie - Dournazac,collectivite_administration,mairie collectivite,1
https://lannuaire.service-public.gouv.fr/nouvelle-aquitaine/haute-vienne/97e2941a-d907-48db-91d5-fcc5e60e7ae7,haute-vienne,Onisep - Délégation régionale Nouvelle-Aquitaine - Site de Limoges,collectivite_administration,administration collectivite service public,1
https://lannuaire.service-public.gouv.fr/nouvelle-aquitaine/haute-vienne/9a376b2a-791a-4f3b-9f6c-ac53a87fd1c0,haute-vienne,Mairie - Sainte-Anne-Saint-Priest,collectivite_administration,mairie collectivite,1
https://lannuaire.service-public.gouv.fr/nouvelle-aquitaine/haute-vienne/9a943df8-5586-4ecc-9655-6d2dbdec39fd,haute-vienne,Mairie - Châteauponsac,collectivite_administration,mairie collectivite,1
https://lannuaire.service-public.gouv.fr/nouvelle-aquitaine/haute-vienne/9ad8beea-ac2e-4f68-92e8-345a5ab28440,haute-vienne,France services - Javerdat,collectivite_administration,administration collectivite service public,1
https://lannuaire.service-public.gouv.fr/nouvelle-aquitaine/haute-vienne/9ae6b261-7897-4a85-a6bb-6b0758c443cc,haute-vienne,Mairie - Razès,collectivite_administration,mairie collectivite,1
https://lannuaire.service-public.gouv.fr/nouvelle-aquitaine/haute-vienne/9b75b93d-5e41-4ec5-a82f-57f0c3b17f78,haute-vienne,Mairie - Saint-Genest-sur-Roselle,collectivite_administration,mairie collectivite,1
https://lannuaire.service-public.gouv.fr/nouvelle-aquitaine/haute-vienne/9b88cd46-677e-4304-821b-35b06da91ef1,haute-vienne,Point d'information local dédié aux personnes âgées - Saint-Laurent-sur-Gorre,collectivite_administration,administration collectivite service public,1
https://lannuaire.service-public.gouv.fr/nouvelle-aquitaine/haute-vienne/9bfd4437-c82f-4e5a-b87f-31db962fc864,haute-vienne,Service de renseignement en droit du travail - Haute-Vienne,collectivite_administration,administration collectivite service public,1
https://lannuaire.service-public.gouv.fr/nouvelle-aquitaine/haute-vienne/9c0bc49a-b66e-4be7-8562-b17cc778a80b,haute-vienne,Communauté de communes - Elan Limousin Avenir Nature,collectivite_administration,administration collectivite service public,1
https://lannuaire.service-public.gouv.fr/nouvelle-aquitaine/haute-vienne/9e16cc24-bc43-4498-8f7f-970d049e0995,haute-vienne,Ordre des avocats - Barreau de Limoges,collectivite_administration,administration collectivite service public,1
https://lannuaire.service-public.gouv.fr/nouvelle-aquitaine/haute-vienne/a0708c84-d93b-48e8-ac55-52719499ab2b,haute-vienne,Service de la publicité foncière et de l'enregistrement (SPFE) - Limoges,collectivite_administration,administration collectivite service public,1
https://lannuaire.service-public.gouv.fr/nouvelle-aquitaine/haute-vienne/a0af3461-a2da-4a0f-85a2-855937669204,haute-vienne,Mairie - Saint-Vitte-sur-Briance,collectivite_administration,mairie collectivite,1
https://lannuaire.service-public.gouv.fr/nouvelle-aquitaine/haute-vienne/a0cfde6d-c684-457f-b3ca-a982579a3585,haute-vienne,France services - Limoges - Nord Beaubreuil,collectivite_administration,administration collectivite service public,1
https://lannuaire.service-public.gouv.fr/nouvelle-aquitaine/haute-vienne/a0d15c41-a2ab-496d-8ebc-3af31506c817,haute-vienne,Centre communal d'action sociale (CCAS) - Eymoutiers,collectivite_administration,mairie collectivite,1
https://lannuaire.service-public.gouv.fr/nouvelle-aquitaine/haute-vienne/a14cae90-96bb-4738-b5b1-3ddabc39fd14,haute-vienne,Point information jeunesse - Nexon,jeunesse_loisirs,PIJ information jeunesse,1
https://lannuaire.service-public.gouv.fr/nouvelle-aquitaine/haute-vienne/a1551d74-47d1-4b72-96b0-da927e942afe,haute-vienne,Point information jeunesse - Limoges,jeunesse_loisirs,PIJ information jeunesse,1
https://lannuaire.service-public.gouv.fr/nouvelle-aquitaine/haute-vienne/a2bc5075-a38e-4436-919d-fac56d899c2a,haute-vienne,Centre communal d'action sociale (CCAS) - Condat-sur-Vienne,collectivite_administration,administration collectivite service public,1
https://lannuaire.service-public.gouv.fr/nouvelle-aquitaine/haute-vienne/a4cf4d3d-83ee-45a4-9062-b7b17e659c82,haute-vienne,Direction territoriale de la protection judiciaire de la jeunesse (DTPJJ) - Limousin,jeunesse_loisirs,service jeunesse,1
https://lannuaire.service-public.gouv.fr/nouvelle-aquitaine/haute-vienne/a8518824-cc77-4f6b-bda7-be0d734fb3f1,haute-vienne,Centre communal d'action sociale (CCAS) - Compreignac,collectivite_administration,mairie collectivite,1
https://lannuaire.service-public.gouv.fr/nouvelle-aquitaine/haute-vienne/a8e5800b-0a78-412c-bf6b-200d4e7b4937,haute-vienne,Centre communal d'action sociale (CCAS) - Saint-Germain-les-Belles,collectivite_administration,mairie collectivite,1
https://lannuaire.service-public.gouv.fr/nouvelle-aquitaine/haute-vienne/a8e83a23-48de-457b-ab84-62f8dccb720c,haute-vienne,Mairie - Lussac-les-Églises,collectivite_administration,mairie collectivite,1
https://lannuaire.service-public.gouv.fr/nouvelle-aquitaine/haute-vienne/a9e9229d-80fd-44c9-b199-530ed609c85f,haute-vienne,Sous-préfecture - Rochechouart,collectivite_administration,administration collectivite service public,1
https://lannuaire.service-public.gouv.fr/nouvelle-aquitaine/haute-vienne/ab5054c8-60fb-4f90-83be-6d2168cac261,haute-vienne,Institut national supérieur du professorat et de l'éducation (Inspé) - Académie de Limoges,collectivite_administration,administration collectivite service public,1
https://lannuaire.service-public.gouv.fr/nouvelle-aquitaine/haute-vienne/abd6eb89-a165-46c2-9368-bee8b4ef7643,haute-vienne,Mairie - Les Grands-Chézeaux,collectivite_administration,mairie collectivite,1
https://lannuaire.service-public.gouv.fr/nouvelle-aquitaine/haute-vienne/ad67f0f4-e238-4636-8c9f-c09b1b336ff2,haute-vienne,Mairie - Magnac-Laval,collectivite_administration,mairie collectivite,1
https://lannuaire.service-public.gouv.fr/nouvelle-aquitaine/haute-vienne/b202371f-a2d9-4397-aae3-8dc43f4f3263,haute-vienne,Communauté de communes Gartempe Saint-Pardoux,collectivite_administration,administration collectivite service public,1
https://lannuaire.service-public.gouv.fr/nouvelle-aquitaine/haute-vienne/b2384e60-2fc9-495a-8b88-0108a4c1ab3f,haute-vienne,Centre de ressources et d'information des bénévoles (CRIB) - Comité départemental olympique et sportif de la Haute-Vienne,collectivite_administration,administration collectivite service public,1
https://lannuaire.service-public.gouv.fr/nouvelle-aquitaine/haute-vienne/b4e74b92-5fb6-48b4-bdfc-27f82c33c2e4,haute-vienne,Mairie - Saint-Jean-Ligoure,collectivite_administration,mairie collectivite,1
https://lannuaire.service-public.gouv.fr/nouvelle-aquitaine/haute-vienne/b6509d4d-2135-4571-b4a4-5c5f4357d1bf,haute-vienne,Centre d'information et d'orientation (CIO) - Limoges,collectivite_administration,administration collectivite service public,1
https://lannuaire.service-public.gouv.fr/nouvelle-aquitaine/haute-vienne/b6709cf3-4fff-4961-9314-95b822ae3e3a,haute-vienne,France services - Saint-Genest-sur-Roselle,collectivite_administration,administration collectivite service public,1
https://lannuaire.service-public.gouv.fr/nouvelle-aquitaine/haute-vienne/b7a8a128-8405-4d48-afdd-66ee49668c1b,haute-vienne,Centre communal d'action sociale (CCAS) - Saint-Jouvent,collectivite_administration,administration collectivite service public,1
https://lannuaire.service-public.gouv.fr/nouvelle-aquitaine/haute-vienne/b99e5cff-9e45-4021-91d8-24ffd5605ba2,haute-vienne,France services - Le Dorat,collectivite_administration,administration collectivite service public,1
https://lannuaire.service-public.gouv.fr/nouvelle-aquitaine/haute-vienne/ba1e6c55-f545-4100-b12a-668012afa228,haute-vienne,Mairie - Peyrat-le-Château,collectivite_administration,mairie collectivite,1
https://lannuaire.service-public.gouv.fr/nouvelle-aquitaine/haute-vienne/ba7f0815-560a-4d50-98b1-119bce063a7b,haute-vienne,Maison du Département de Saint-Laurent-sur-Gorre,structure,maison france services,1
https://lannuaire.service-public.gouv.fr/nouvelle-aquitaine/haute-vienne/bc1b4ce2-2671-4385-ac70-c7e915c5ce74,haute-vienne,Mairie - Magnac-Bourg,collectivite_administration,mairie collectivite,1
https://lannuaire.service-public.gouv.fr/nouvelle-aquitaine/haute-vienne/bd5b7d91-5f8b-458d-a803-2fd3320cbd8e,haute-vienne,Maison du Département de Oradour-sur-Vayres,structure,maison france services,1
https://lannuaire.service-public.gouv.fr/nouvelle-aquitaine/haute-vienne/be3d35a0-fc84-406f-97cb-bcca06e4602d,haute-vienne,Tribunal judiciaire de Limoges,collectivite_administration,administration collectivite service public,1
https://lannuaire.service-public.gouv.fr/nouvelle-aquitaine/haute-vienne/beed11dc-d8d5-4d2e-a7e6-21a27e3dc728,haute-vienne,Mairie - Droux,collectivite_administration,mairie collectivite,1
https://lannuaire.service-public.gouv.fr/nouvelle-aquitaine/haute-vienne/bf38d023-6bc7-4feb-8a71-358c8b5a7346,haute-vienne,Mairie - Saint-Bonnet-de-Bellac,collectivite_administration,mairie collectivite,1
https://lannuaire.service-public.gouv.fr/nouvelle-aquitaine/haute-vienne/bf8211de-e46b-422c-80ea-f49bb5aaa26f,haute-vienne,Mairie - Surdoux,collectivite_administration,mairie collectivite,1
https://lannuaire.service-public.gouv.fr/nouvelle-aquitaine/haute-vienne/bfb8b483-7e2b-4088-954b-02400884b717,haute-vienne,Centre communal d'action sociale (CCAS) - Saint-Priest-Taurion,collectivite_administration,administration collectivite service public,1
https://lannuaire.service-public.gouv.fr/nouvelle-aquitaine/haute-vienne/c25e4883-6637-418a-8a05-1ee3d0b7ad20,haute-vienne,Mairie - Vicq-sur-Breuilh,collectivite_administration,mairie collectivite,1
https://lannuaire.service-public.gouv.fr/nouvelle-aquitaine/haute-vienne/c2bca8f6-f4e8-41c3-8e2a-35a41e5e9bba,haute-vienne,Délégué départemental à la vie associative (DDVA) - Haute-Vienne,collectivite_administration,administration collectivite service public,1
https://lannuaire.service-public.gouv.fr/nouvelle-aquitaine/haute-vienne/c4426400-42c0-43c3-9466-f5fae16e9125,haute-vienne,Maison du Département de Bellac,structure,maison france services,1
https://lannuaire.service-public.gouv.fr/nouvelle-aquitaine/haute-vienne/c4545951-8979-4f89-aa44-5588db59d413,haute-vienne,Maison du Département de Couzeix,social_insertion,maison france services,1
https://lannuaire.service-public.gouv.fr/nouvelle-aquitaine/haute-vienne/c60e2e13-a230-4b9a-8b37-3040a78ce141,haute-vienne,Bibliothèque départementale - Haute-Vienne,collectivite_administration,administration collectivite service public,1
https://lannuaire.service-public.gouv.fr/nouvelle-aquitaine/haute-vienne/c7684649-785f-4dd2-a32d-12b25b771488,haute-vienne,Mairie - Beaumont-du-Lac,collectivite_administration,mairie collectivite,1
https://lannuaire.service-public.gouv.fr/nouvelle-aquitaine/haute-vienne/cbd6fe49-b216-4e01-baf4-b5cb0e172fe2,haute-vienne,Mission locale pour l'insertion professionnelle et sociale des jeunes (16-25 ans) - Bellac,jeunesse_loisirs,mission locale jeunesse insertion,1
https://lannuaire.service-public.gouv.fr/nouvelle-aquitaine/haute-vienne/cc1f58bf-f18b-4e22-8b90-e56c3659b62a,haute-vienne,Maison départementale des personnes handicapées (MDPH) - Haute-Vienne,structure,maison france services,1
https://lannuaire.service-public.gouv.fr/nouvelle-aquitaine/haute-vienne/cde129e5-7668-4bac-a7aa-f8abfe4ca05a,haute-vienne,Centre de ressources et d'information des bénévoles (CRIB) - Progesport de Limoges,collectivite_administration,administration collectivite service public,1
https://lannuaire.service-public.gouv.fr/nouvelle-aquitaine/haute-vienne/cebce0c5-46e7-447f-a768-3237aecdfa05,haute-vienne,Point info famille - Saint-Junien,collectivite_administration,mairie collectivite,1
https://lannuaire.service-public.gouv.fr/nouvelle-aquitaine/haute-vienne/cefa188b-92e0-4492-92b1-22d88b4e21d9,haute-vienne,Point d'information local dédié aux personnes âgées - Oradour-sur-Vayres,collectivite_administration,administration collectivite service public,1
https://lannuaire.service-public.gouv.fr/nouvelle-aquitaine/haute-vienne/cff7ed62-37aa-49e0-b9cd-0da02edfe1f1,haute-vienne,Mairie - Meilhac,collectivite_administration,mairie collectivite,1
https://lannuaire.service-public.gouv.fr/nouvelle-aquitaine/haute-vienne/d06c99b8-7ea0-4ade-910f-6149f15f7f52,haute-vienne,Mission locale pour l'insertion professionnelle et sociale des jeunes (16-25 ans) - Limoges - Marcel-Vardelle,jeunesse_loisirs,mission locale jeunesse insertion,1
https://lannuaire.service-public.gouv.fr/nouvelle-aquitaine/haute-vienne/d0cadcac-f802-49e2-9d74-348555f4b2a9,haute-vienne,Mairie - Saint-Pardoux-le-Lac,collectivite_administration,mairie collectivite,1
https://lannuaire.service-public.gouv.fr/nouvelle-aquitaine/haute-vienne/d0e1e2ff-bf2e-4d45-84b5-e43bd6a5c5af,haute-vienne,Mairie - Le Palais-sur-Vienne,collectivite_administration,mairie collectivite,1
https://lannuaire.service-public.gouv.fr/nouvelle-aquitaine/haute-vienne/d38eda95-c2dc-444f-8983-d7f44119645c,haute-vienne,Centre communal d'action sociale (CCAS) - Saint-Victurnien,collectivite_administration,mairie collectivite,1
https://lannuaire.service-public.gouv.fr/nouvelle-aquitaine/haute-vienne/d49ab74c-9588-48d0-96ff-56c45d06f3be,haute-vienne,Centre communal d'action sociale (CCAS) - Bonnac-la-Côte,collectivite_administration,mairie collectivite,1
https://lannuaire.service-public.gouv.fr/nouvelle-aquitaine/haute-vienne/d61ef98d-e185-494b-8087-69243c977461,haute-vienne,Sous-préfecture - Bellac,collectivite_administration,administration collectivite service public,1
https://lannuaire.service-public.gouv.fr/nouvelle-aquitaine/haute-vienne/d6afd868-529f-40a0-8f2d-00428c4d319b,haute-vienne,Maison du Département de Eymoutiers,structure,maison france services,1
https://lannuaire.service-public.gouv.fr/nouvelle-aquitaine/haute-vienne/d6b9dc8a-15f7-4bda-b913-0cd8ec23c8f1,haute-vienne,Mairie - Pierre-Buffière,collectivite_administration,mairie collectivite,1
https://lannuaire.service-public.gouv.fr/nouvelle-aquitaine/haute-vienne/d6bebe08-00bd-4f92-9a12-256292383183,haute-vienne,Centre communal d'action sociale (CCAS) - Châteauponsac,collectivite_administration,mairie collectivite,1
https://lannuaire.service-public.gouv.fr/nouvelle-aquitaine/haute-vienne/dd459058-5eb0-4011-bd9a-49f26e647aeb,haute-vienne,Conseil régional de l'ordre des architectes (CROA) - Nouvelle-Aquitaine - Site de Limoges,collectivite_administration,administration collectivite service public,1
https://lannuaire.service-public.gouv.fr/nouvelle-aquitaine/haute-vienne/de623352-f6fb-440a-bec5-5f66efdd452a,haute-vienne,Mairie - Veyrac,collectivite_administration,mairie collectivite,1
https://lannuaire.service-public.gouv.fr/nouvelle-aquitaine/haute-vienne/de810c24-de62-4a01-b4f8-441985ff2f6a,haute-vienne,Centre communal d'action sociale (CCAS) - Nexon,collectivite_administration,administration collectivite service public,1
https://lannuaire.service-public.gouv.fr/nouvelle-aquitaine/haute-vienne/e057b277-806f-4e48-ae72-a54b87295f3b,haute-vienne,Point-justice Maison de la justice et du droit de Limoges,structure,maison france services,1
https://lannuaire.service-public.gouv.fr/nouvelle-aquitaine/haute-vienne/e16d72f5-3d4c-4f1d-84ae-cd8e52ebcbd5,haute-vienne,Mairie - Saint-Denis-des-Murs,collectivite_administration,mairie collectivite,1
https://lannuaire.service-public.gouv.fr/nouvelle-aquitaine/haute-vienne/e3aa07a2-190d-4980-b1f5-2a815b03bd9c,haute-vienne,Centre régional de pharmacovigilance - Limoges,collectivite_administration,administration collectivite service public,1
https://lannuaire.service-public.gouv.fr/nouvelle-aquitaine/haute-vienne/e4089279-eed3-4922-9924-8e5e1becb648,haute-vienne,Mairie - Marval,collectivite_administration,mairie collectivite,1
https://lannuaire.service-public.gouv.fr/nouvelle-aquitaine/haute-vienne/e6857d4f-e5c8-40e5-945e-2d4300e447ff,haute-vienne,Maison du Département de Magnac-Laval,structure,maison france services,1
https://lannuaire.service-public.gouv.fr/nouvelle-aquitaine/haute-vienne/e6aa78e0-7a78-4c81-81b2-48f7f892aaf6,haute-vienne,Groupement de gendarmerie départementale - Haute-Vienne,collectivite_administration,administration collectivite service public,1
https://lannuaire.service-public.gouv.fr/nouvelle-aquitaine/haute-vienne/e9016a4e-ee7e-486b-85a5-59799034ddb7,haute-vienne,Centre communal d'action sociale (CCAS) - Sauviat-sur-Vige,collectivite_administration,mairie collectivite,1
https://lannuaire.service-public.gouv.fr/nouvelle-aquitaine/haute-vienne/ea1f83a8-bdec-4bac-a4b6-1879a637f2fa,haute-vienne,Mairie - Saint-Bonnet-Briance,collectivite_administration,mairie collectivite,1
https://lannuaire.service-public.gouv.fr/nouvelle-aquitaine/haute-vienne/eaaf851c-5b1d-4993-9097-4d3f78ee41ee,haute-vienne,France services - Arnac-la-Poste,collectivite_administration,administration collectivite service public,1
https://lannuaire.service-public.gouv.fr/nouvelle-aquitaine/haute-vienne/eb4ae345-5d9b-4cd6-928c-ad18392e9854,haute-vienne,"Direction régionale de l'alimentation, de l'agriculture et de la forêt (Draaf) - Nouvelle-Aquitaine - Siège de Limoges",collectivite_administration,administration collectivite service public,1
https://lannuaire.service-public.gouv.fr/nouvelle-aquitaine/haute-vienne/ecbb4861-905e-4fa7-9612-f9d1ff0965f7,haute-vienne,Centre communal d'action sociale (CCAS) - Neuvic-Entier,collectivite_administration,mairie collectivite,1
https://lannuaire.service-public.gouv.fr/nouvelle-aquitaine/haute-vienne/ed5336c8-4353-4178-8448-2730fe2c6af6,haute-vienne,Mairie - Les Billanges,collectivite_administration,mairie collectivite,1
https://lannuaire.service-public.gouv.fr/nouvelle-aquitaine/haute-vienne/ed7020a9-b70d-4650-83a2-a96f50130252,haute-vienne,Mairie - Jouac,collectivite_administration,mairie collectivite,1
https://lannuaire.service-public.gouv.fr/nouvelle-aquitaine/haute-vienne/ee120929-f527-4360-ab92-fb32169b78e2,haute-vienne,Plateforme d'accompagnement et de répit pour les aidants de personnes âgées - Limoges - Le Castel,collectivite_administration,administration collectivite service public,1
https://lannuaire.service-public.gouv.fr/nouvelle-aquitaine/haute-vienne/f2e72a02-8c08-4d20-8339-4790a1fc7df2,haute-vienne,Mairie - Nieul,collectivite_administration,mairie collectivite,1
https://lannuaire.service-public.gouv.fr/nouvelle-aquitaine/haute-vienne/f41ff187-3509-435b-a95d-c7aa99deca50,haute-vienne,Mairie - La Jonchère-Saint-Maurice,collectivite_administration,mairie collectivite,1
https://lannuaire.service-public.gouv.fr/nouvelle-aquitaine/haute-vienne/f4637063-94be-4e44-9771-f45db774a5ee,haute-vienne,Plateforme d'accompagnement et de répit pour les aidants de personnes âgées - Limoges - Landouge,collectivite_administration,administration collectivite service public,1
https://lannuaire.service-public.gouv.fr/nouvelle-aquitaine/haute-vienne/f4cbf10c-1159-4be2-9335-d1339cde7198,haute-vienne,Service départemental d'incendie et de secours (SDIS) - Haute-Vienne,collectivite_administration,administration collectivite service public,1
https://lannuaire.service-public.gouv.fr/nouvelle-aquitaine/haute-vienne/f57a6aed-892d-4dad-9e7b-260961d69c2f,haute-vienne,Mairie - Chaillac-sur-Vienne,collectivite_administration,mairie collectivite,1
https://lannuaire.service-public.gouv.fr/nouvelle-aquitaine/haute-vienne/f610dd40-9745-43d7-aee9-5ce1ae9b93ca,haute-vienne,Point-justice des Chambres consulaires de Limoges,collectivite_administration,administration collectivite service public,1
https://lannuaire.service-public.gouv.fr/nouvelle-aquitaine/haute-vienne/f67db4f7-1316-407d-8c56-6d62545bb083,haute-vienne,Fédération départementale pour la pêche et la protection du milieu aquatique - Haute-Vienne,collectivite_administration,administration collectivite service public,1
https://lannuaire.service-public.gouv.fr/nouvelle-aquitaine/haute-vienne/f8da3294-7eff-47fc-909d-018635ce7d7c,haute-vienne,Mairie - Videix,collectivite_administration,mairie collectivite,1
https://lannuaire.service-public.gouv.fr/nouvelle-aquitaine/haute-vienne/fb4639c7-83b5-45b7-89e0-c24a65eac5f9,haute-vienne,Atelier Canopé 87 - Limoges,collectivite_administration,administration collectivite service public,1
https://lannuaire.service-public.gouv.fr/nouvelle-aquitaine/haute-vienne/fd6a909b-459c-40bc-b669-f557105221f9,haute-vienne,Mairie - La Chapelle-Montbrandeix,collectivite_administration,mairie collectivite,1
https://lannuaire.service-public.gouv.fr/nouvelle-aquitaine/haute-vienne/fdc5110c-8ad1-4dbc-9fa2-21f6fb65918b,haute-vienne,Mairie - Dinsac,collectivite_administration,mairie collectivite,1
https://www.mda87.fr/,haute-vienne,Maison des Adolescents de la Haute-Vienne,protection_enfance,maison des adolescents protection enfance,1
https://associations.clermont-ferrand.fr/association/conseil-departemental-des-parents-deleves-du-puy-de-dome-1,puy-de-dome,FCPE Puy-de-Dome,association_parents,association parents eleves,1
https://e-mouvement.snuipp.fr/63/contact,puy-de-dome,FSU-SNUipp Puy-de-Dome,syndicat,syndicat education FSU,1
https://fal63.org/nous-contacter/,puy-de-dome,Ligue de l'enseignement du Puy-de-Dome,association | jeunesse_loisirs | sport | structure,BAFA interventions educatives | culture education jeunesse | formation jeunesse animation | loisirs interventions educatives | mediation culturelle jeunesse | promeneurs du net jeunesse | sejours educatifs | sejours loisirs | service civique jeunesse | sport education populaire | vie associative | vie associative education populaire | vie associative juniors associations,15
https://lannuaire.service-public.gouv.fr/auvergne-rhone-alpes/puy-de-dome/010772ad-a145-4758-ad05-da797b1e7e81,puy-de-dome,Mairie - Ceilloux,collectivite_administration,mairie collectivite,1
https://lannuaire.service-public.gouv.fr/auvergne-rhone-alpes/puy-de-dome/013b1c63-7d6e-4da3-a620-b3c72dc634ab,puy-de-dome,Mairie - Saint-Priest-Bramefant,collectivite_administration,mairie collectivite,1
https://lannuaire.service-public.gouv.fr/auvergne-rhone-alpes/puy-de-dome/02823e40-2c01-4ed7-8249-09d1db328d70,puy-de-dome,Mairie - Saint-Maurice-près-Pionsat,collectivite_administration,mairie collectivite,1
https://lannuaire.service-public.gouv.fr/auvergne-rhone-alpes/puy-de-dome/02bc51fb-bb8d-41cd-b99b-0e7813ef6c08,puy-de-dome,Point-justice en France services de Cournon-d'Auvergne,collectivite_administration,administration collectivite service public,1
https://lannuaire.service-public.gouv.fr/auvergne-rhone-alpes/puy-de-dome/03316368-318c-496c-a9ee-35a638ddd22d,puy-de-dome,Mairie - Saint-Yvoine,collectivite_administration,mairie collectivite,1
https://lannuaire.service-public.gouv.fr/auvergne-rhone-alpes/puy-de-dome/033954ca-b817-486a-9ba0-a6b42286911c,puy-de-dome,Mairie - Veyre-Monton,collectivite_administration,mairie collectivite,1
https://lannuaire.service-public.gouv.fr/auvergne-rhone-alpes/puy-de-dome/03845a72-d3a3-4fee-8344-76ee741ab9b1,puy-de-dome,Mairie - Entraigues,collectivite_administration,mairie collectivite,1
https://lannuaire.service-public.gouv.fr/auvergne-rhone-alpes/puy-de-dome/03c775cb-616a-469d-a222-c4d8aec4f8cb,puy-de-dome,Mairie - La Bourboule,collectivite_administration,mairie collectivite,1
https://lannuaire.service-public.gouv.fr/auvergne-rhone-alpes/puy-de-dome/03f51484-119b-48ab-802a-a9bebd65d847,puy-de-dome,France services - Viverols,collectivite_administration,administration collectivite service public,1
https://lannuaire.service-public.gouv.fr/auvergne-rhone-alpes/puy-de-dome/0422624c-0450-42c0-9e32-f27f366914a2,puy-de-dome,Mairie - Bromont-Lamothe,collectivite_administration,mairie collectivite,1
https://lannuaire.service-public.gouv.fr/auvergne-rhone-alpes/puy-de-dome/0436657b-f3de-4c34-a3cb-0c21dc53c78a,puy-de-dome,Point-justice en France services de Besse et Saint Anastaise,collectivite_administration,administration collectivite service public,1
https://lannuaire.service-public.gouv.fr/auvergne-rhone-alpes/puy-de-dome/043a4f1b-4ca0-4e23-8d47-7bc470d5ff99,puy-de-dome,Mairie - Le Puy-Saint-Gulmier,collectivite_administration,mairie collectivite,1
https://lannuaire.service-public.gouv.fr/auvergne-rhone-alpes/puy-de-dome/0449e4d7-014e-4a77-b88f-cef34176577f,puy-de-dome,Direction territoriale de la protection judiciaire de la jeunesse (DTPJJ) - Auvergne,jeunesse_loisirs,service jeunesse,1
https://lannuaire.service-public.gouv.fr/auvergne-rhone-alpes/puy-de-dome/0457d7d8-c1f9-4321-9fad-7d9440b46f4b,puy-de-dome,Centre communal d'action sociale (CCAS) - Saint-Amant-Tallende,collectivite_administration,mairie collectivite,1
https://lannuaire.service-public.gouv.fr/auvergne-rhone-alpes/puy-de-dome/04f55305-d217-460d-acdf-24868da01526,puy-de-dome,Mairie - Compains,collectivite_administration,mairie collectivite,1
https://lannuaire.service-public.gouv.fr/auvergne-rhone-alpes/puy-de-dome/05f27e3c-00e4-43d5-9f69-6ff2987faaa1,puy-de-dome,Mairie - Saint-Agoulin,collectivite_administration,mairie collectivite,1
https://lannuaire.service-public.gouv.fr/auvergne-rhone-alpes/puy-de-dome/061c1d49-894c-4f14-b104-a9eb6b9675d8,puy-de-dome,Mairie - Villeneuve,collectivite_administration,mairie collectivite,1
https://lannuaire.service-public.gouv.fr/auvergne-rhone-alpes/puy-de-dome/07854056-9613-4f33-8657-e3d64d7bf891,puy-de-dome,France services - Clermont-Ferrand,collectivite_administration,administration collectivite service public,1
https://lannuaire.service-public.gouv.fr/auvergne-rhone-alpes/puy-de-dome/07b14bc9-570e-44cc-8e61-bf580d436e1b,puy-de-dome,Mairie - Pont-du-Château,collectivite_administration,mairie collectivite,1
https://lannuaire.service-public.gouv.fr/auvergne-rhone-alpes/puy-de-dome/07bca9c7-1675-43f4-8c8d-2d2a3b32f3b8,puy-de-dome,France services - Clermont-Ferrand - La Gauthière,collectivite_administration,administration collectivite service public,1
https://lannuaire.service-public.gouv.fr/auvergne-rhone-alpes/puy-de-dome/08bff354-a5f4-4b17-aede-27d493ebcaac,puy-de-dome,Mairie - La Chaulme,collectivite_administration,mairie collectivite,1
https://lannuaire.service-public.gouv.fr/auvergne-rhone-alpes/puy-de-dome/08ec6e66-a2cf-4d6b-9428-8039b44b11a8,puy-de-dome,Mairie - Beurières,collectivite_administration,mairie collectivite,1
https://lannuaire.service-public.gouv.fr/auvergne-rhone-alpes/puy-de-dome/090781f6-df67-4c81-9991-4c65bc0847a3,puy-de-dome,Mairie - Luzillat,collectivite_administration,mairie collectivite,1
https://lannuaire.service-public.gouv.fr/auvergne-rhone-alpes/puy-de-dome/090afd5d-6857-4daf-acf8-06e0204c7acd,puy-de-dome,Mairie - Moureuille,collectivite_administration,mairie collectivite,1
https://lannuaire.service-public.gouv.fr/auvergne-rhone-alpes/puy-de-dome/091364d0-1b27-4e7c-a595-27c173a3cb93,puy-de-dome,Mairie - Saint-Martin-des-Olmes,collectivite_administration,mairie collectivite,1
https://lannuaire.service-public.gouv.fr/auvergne-rhone-alpes/puy-de-dome/0aae9bf2-aa75-4885-8db5-88d7fb1b0f20,puy-de-dome,Point-justice du Tribunal de proximité de Riom,collectivite_administration,administration collectivite service public,1
https://lannuaire.service-public.gouv.fr/auvergne-rhone-alpes/puy-de-dome/0bf046a7-cdfa-4d01-9de7-48b3f89ab1ed,puy-de-dome,Mairie - Randan,collectivite_administration,mairie collectivite,1
https://lannuaire.service-public.gouv.fr/auvergne-rhone-alpes/puy-de-dome/0cb46bcd-d876-4b86-b6e8-f24b9e1fa96d,puy-de-dome,Mairie - Pouzol,collectivite_administration,mairie collectivite,1
https://lannuaire.service-public.gouv.fr/auvergne-rhone-alpes/puy-de-dome/0cef33b9-d574-4138-9ff7-b2b455bdb38b,puy-de-dome,Mairie - Ennezat,collectivite_administration,mairie collectivite,1
https://lannuaire.service-public.gouv.fr/auvergne-rhone-alpes/puy-de-dome/0cf5db2f-b352-4259-81ce-9522e85443be,puy-de-dome,Communauté de communes - Dômes Sancy Artense,collectivite_administration,administration collectivite service public,1
https://lannuaire.service-public.gouv.fr/auvergne-rhone-alpes/puy-de-dome/0db3de3f-140c-40c8-b40f-872c34ef3a07,puy-de-dome,Mairie - Parentignat,collectivite_administration,mairie collectivite,1
https://lannuaire.service-public.gouv.fr/auvergne-rhone-alpes/puy-de-dome/0dcc4bc1-485c-47ea-943d-a77c0d4d80b5,puy-de-dome,France services - Thiers,collectivite_administration,administration collectivite service public,1
https://lannuaire.service-public.gouv.fr/auvergne-rhone-alpes/puy-de-dome/0ddad4ac-f5c8-44ab-aaec-cd2eeacfb8e7,puy-de-dome,Mairie - Mauzun,collectivite_administration,mairie collectivite,1
https://lannuaire.service-public.gouv.fr/auvergne-rhone-alpes/puy-de-dome/0e6ee451-33d7-47f5-ad91-2c9b9df058ff,puy-de-dome,Service de renseignement en droit du travail - Puy-de-Dôme,collectivite_administration,administration collectivite service public,1
https://lannuaire.service-public.gouv.fr/auvergne-rhone-alpes/puy-de-dome/0e9015bf-78dd-46d4-afbe-96b556e74cde,puy-de-dome,Métropole - Clermont Auvergne,collectivite_administration,administration collectivite service public,1
https://lannuaire.service-public.gouv.fr/auvergne-rhone-alpes/puy-de-dome/0eab861d-5b97-4acf-9012-c94161615186,puy-de-dome,Mairie - Les Martres-d'Artière,collectivite_administration,mairie collectivite,1
https://lannuaire.service-public.gouv.fr/auvergne-rhone-alpes/puy-de-dome/0ed5c4c2-a038-480b-88fb-207dd5132975,puy-de-dome,Mairie - Gelles,collectivite_administration,mairie collectivite,1
https://lannuaire.service-public.gouv.fr/auvergne-rhone-alpes/puy-de-dome/0ef216f8-f49d-4e7f-903e-e267ba9ba22a,puy-de-dome,Mairie - Beaumont-lès-Randan,collectivite_administration,mairie collectivite,1
https://lannuaire.service-public.gouv.fr/auvergne-rhone-alpes/puy-de-dome/0f12cfc5-f183-43c2-8174-a1a2903ae9f1,puy-de-dome,Mairie - Marsac-en-Livradois,collectivite_administration,mairie collectivite,1
https://lannuaire.service-public.gouv.fr/auvergne-rhone-alpes/puy-de-dome/0f4576cd-8037-4ab3-bf84-0d788159ae06,puy-de-dome,Mairie - Vodable,collectivite_administration,mairie collectivite,1
https://lannuaire.service-public.gouv.fr/auvergne-rhone-alpes/puy-de-dome/0f4aaca7-cd1d-4e4a-b694-2fd936c050b9,puy-de-dome,Mairie - Neuf-Église,collectivite_administration,mairie collectivite,1
https://lannuaire.service-public.gouv.fr/auvergne-rhone-alpes/puy-de-dome/0f7cf762-fdae-43d3-9b7d-56a3e7330b95,puy-de-dome,Mairie - Beaulieu,collectivite_administration,mairie collectivite,1
https://lannuaire.service-public.gouv.fr/auvergne-rhone-alpes/puy-de-dome/0f98249c-3e0e-41c5-98c7-4365bd88c3f8,puy-de-dome,Mairie - Neuville,collectivite_administration,mairie collectivite,1
https://lannuaire.service-public.gouv.fr/auvergne-rhone-alpes/puy-de-dome/101ee7ce-7760-41a0-9ba5-febe3a22630f,puy-de-dome,Mairie - Olby,collectivite_administration,mairie collectivite,1
https://lannuaire.service-public.gouv.fr/auvergne-rhone-alpes/puy-de-dome/123b918f-4a0a-4423-84cd-ac2ab2b7fe36,puy-de-dome,Mairie - Durmignat,collectivite_administration,mairie collectivite,1
https://lannuaire.service-public.gouv.fr/auvergne-rhone-alpes/puy-de-dome/136c6c4f-10a3-4d3a-b6cb-4ad59e2da87e,puy-de-dome,Mairie - Châteldon,collectivite_administration,mairie collectivite,1
https://lannuaire.service-public.gouv.fr/auvergne-rhone-alpes/puy-de-dome/139df419-9996-4b0c-a4e3-9c541c7543fe,puy-de-dome,Mairie - Saint-Nectaire,collectivite_administration,mairie collectivite,1
https://lannuaire.service-public.gouv.fr/auvergne-rhone-alpes/puy-de-dome/13e56e6a-9f0b-40e2-8b3a-c2fd0b6e066a,puy-de-dome,Mairie - Mozac,collectivite_administration,mairie collectivite,1
https://lannuaire.service-public.gouv.fr/auvergne-rhone-alpes/puy-de-dome/14f04147-53fa-42e7-a4c7-cd2e62718154,puy-de-dome,Mairie - Sardon,collectivite_administration,mairie collectivite,1
https://lannuaire.service-public.gouv.fr/auvergne-rhone-alpes/puy-de-dome/15c1f7c6-3b62-467f-8fbf-63c605b2c1ac,puy-de-dome,Mairie - Rochefort-Montagne,collectivite_administration,mairie collectivite,1
https://lannuaire.service-public.gouv.fr/auvergne-rhone-alpes/puy-de-dome/16232e0e-df99-4087-8e09-c5bb6286ccb5,puy-de-dome,Mairie - Saint-Pierre-la-Bourlhonne,collectivite_administration,mairie collectivite,1
https://lannuaire.service-public.gouv.fr/auvergne-rhone-alpes/puy-de-dome/16d1cea0-82c8-4d61-8d22-c76ebd99767b,puy-de-dome,Police municipale - Pont-du-Château,collectivite_administration,administration collectivite service public,1
https://lannuaire.service-public.gouv.fr/auvergne-rhone-alpes/puy-de-dome/17770637-3526-414c-8fe9-625d879ab1cd,puy-de-dome,Mairie - Saint-Bonnet-lès-Allier,collectivite_administration,mairie collectivite,1
https://lannuaire.service-public.gouv.fr/auvergne-rhone-alpes/puy-de-dome/1781b84b-683a-4d19-a63c-292385537994,puy-de-dome,Mairie - Saint-Maurice-ès-Allier,collectivite_administration,mairie collectivite,1
https://lannuaire.service-public.gouv.fr/auvergne-rhone-alpes/puy-de-dome/17b37ad6-ea7d-4d6d-8d80-0aa6575537b3,puy-de-dome,Centre d'information et d'orientation (CIO) - Issoire,collectivite_administration,administration collectivite service public,1
https://lannuaire.service-public.gouv.fr/auvergne-rhone-alpes/puy-de-dome/17e47f68-cbca-473f-9dfe-308b5f396201,puy-de-dome,Mairie - Avèze,collectivite_administration,mairie collectivite,1
https://lannuaire.service-public.gouv.fr/auvergne-rhone-alpes/puy-de-dome/195648cd-b4a6-497d-8ad9-9e79ca3cd2c7,puy-de-dome,Point conseil budget - Union départementale des associations familiales (UDAF 63) - Bourg-Lastic,collectivite_administration,administration collectivite service public,1
https://lannuaire.service-public.gouv.fr/auvergne-rhone-alpes/puy-de-dome/1982fa02-b00e-48d9-8d5a-c3c37ee20976,puy-de-dome,Centre d'information et d'orientation (CIO) - Clermont-Ferrand,collectivite_administration,administration collectivite service public,1
https://lannuaire.service-public.gouv.fr/auvergne-rhone-alpes/puy-de-dome/19adab97-8a05-496c-9175-af0d05e974cc,puy-de-dome,Mairie - Rentières,collectivite_administration,mairie collectivite,1
https://lannuaire.service-public.gouv.fr/auvergne-rhone-alpes/puy-de-dome/1ad8d3ce-2a95-447d-be4d-2ea0b11fed44,puy-de-dome,Mairie - Chaumont-le-Bourg,collectivite_administration,mairie collectivite,1
https://lannuaire.service-public.gouv.fr/auvergne-rhone-alpes/puy-de-dome/1b6b1cbb-5bb3-43d9-824b-2aa11a2a63d2,puy-de-dome,Tribunal de proximité de Thiers,collectivite_administration,administration collectivite service public,1
https://lannuaire.service-public.gouv.fr/auvergne-rhone-alpes/puy-de-dome/1c0dd9fc-f18d-4bab-83f3-557731450fd6,puy-de-dome,Mairie - Davayat,collectivite_administration,mairie collectivite,1
https://lannuaire.service-public.gouv.fr/auvergne-rhone-alpes/puy-de-dome/1cefcad9-2ef7-498c-b9fd-dd76891d3c75,puy-de-dome,Mairie - Auzat-la-Combelle,collectivite_administration,mairie collectivite,1
https://lannuaire.service-public.gouv.fr/auvergne-rhone-alpes/puy-de-dome/1d96d44c-1360-4219-9fe1-b8a96e25bd0b,puy-de-dome,Mairie - Bussières-et-Pruns,collectivite_administration,mairie collectivite,1
https://lannuaire.service-public.gouv.fr/auvergne-rhone-alpes/puy-de-dome/1da0ea05-0a44-4ded-a576-dca55dd84dea,puy-de-dome,Mairie - Le Vernet-Sainte-Marguerite,collectivite_administration,mairie collectivite,1
https://lannuaire.service-public.gouv.fr/auvergne-rhone-alpes/puy-de-dome/1de52c4a-5aee-444e-bb8b-4c2d43b38497,puy-de-dome,Mairie - Saint-Bonnet-le-Bourg,collectivite_administration,mairie collectivite,1
https://lannuaire.service-public.gouv.fr/auvergne-rhone-alpes/puy-de-dome/1e03f470-8f10-4adf-b43c-a63fc94915bd,puy-de-dome,Atelier Canopé 63 - Clermont-Ferrand,collectivite_administration,administration collectivite service public,1
https://lannuaire.service-public.gouv.fr/auvergne-rhone-alpes/puy-de-dome/1e1e6991-8cf8-4242-9cbe-42f7abbcb6e5,puy-de-dome,Mairie - Vic-le-Comte,collectivite_administration,mairie collectivite,1
https://lannuaire.service-public.gouv.fr/auvergne-rhone-alpes/puy-de-dome/1e2f2d7a-dd04-4d20-86c9-eff6e4b0b1fb,puy-de-dome,Mairie - Vinzelles,collectivite_administration,mairie collectivite,1
https://lannuaire.service-public.gouv.fr/auvergne-rhone-alpes/puy-de-dome/1e70f42f-6350-46b9-84a9-a2ab6089ffc8,puy-de-dome,Centre de protection maternelle et infantile (PMI) - Rochefort-Montagne,collectivite_administration,administration collectivite service public,1
https://lannuaire.service-public.gouv.fr/auvergne-rhone-alpes/puy-de-dome/1f9f4c4e-02bf-476a-a98f-61d69c754cf3,puy-de-dome,Mairie - Landogne,collectivite_administration,mairie collectivite,1
https://lannuaire.service-public.gouv.fr/auvergne-rhone-alpes/puy-de-dome/205e6b89-b0db-4c51-bda6-153e5cac443c,puy-de-dome,France services - Randan,collectivite_administration,administration collectivite service public,1
https://lannuaire.service-public.gouv.fr/auvergne-rhone-alpes/puy-de-dome/20619d5c-e898-45bd-b1a6-aaab8ef70a2f,puy-de-dome,Agence départementale d'information sur le logement (ADIL) - Puy-de-Dôme,collectivite_administration,administration collectivite service public,1
https://lannuaire.service-public.gouv.fr/auvergne-rhone-alpes/puy-de-dome/20c4c491-0f5b-4ad7-a83a-fed6ab8fd949,puy-de-dome,Espace Autonomie 63,collectivite_administration,administration collectivite service public,1
https://lannuaire.service-public.gouv.fr/auvergne-rhone-alpes/puy-de-dome/20e7c1b4-43e1-46b0-861e-687eea455c56,puy-de-dome,Mairie - Lisseuil,collectivite_administration,mairie collectivite,1
https://lannuaire.service-public.gouv.fr/auvergne-rhone-alpes/puy-de-dome/21206c0a-6bcd-4af4-b491-f691befedcee,puy-de-dome,Chambre d'agriculture - Puy-de-Dôme,collectivite_administration,administration collectivite service public,1
https://lannuaire.service-public.gouv.fr/auvergne-rhone-alpes/puy-de-dome/2188bceb-b9fa-42ff-aa14-5737f9c4d645,puy-de-dome,Mairie - Saint-Diéry,collectivite_administration,mairie collectivite,1
https://lannuaire.service-public.gouv.fr/auvergne-rhone-alpes/puy-de-dome/21a05f96-c017-4a0c-8db2-a2f37ff234e8,puy-de-dome,Mairie - Busséol,collectivite_administration,mairie collectivite,1
https://lannuaire.service-public.gouv.fr/auvergne-rhone-alpes/puy-de-dome/21df78fc-8825-4def-8f16-0cc15ce14f6a,puy-de-dome,Mairie déléguée - Saint-Cirgues-sur-Couze,collectivite_administration,mairie collectivite,1
https://lannuaire.service-public.gouv.fr/auvergne-rhone-alpes/puy-de-dome/22f84298-2802-4d49-ad83-823633a2617a,puy-de-dome,Mairie - Saulzet-le-Froid,collectivite_administration,mairie collectivite,1
https://lannuaire.service-public.gouv.fr/auvergne-rhone-alpes/puy-de-dome/234f4875-d191-4a2b-8f69-46c18c3bd76f,puy-de-dome,Mairie - Courgoul,collectivite_administration,mairie collectivite,1
https://lannuaire.service-public.gouv.fr/auvergne-rhone-alpes/puy-de-dome/2395c2fc-e045-4576-a803-a07a8a123a4b,puy-de-dome,Centre communal d'action sociale (CCAS) - La Roche-Blanche,collectivite_administration,mairie collectivite,1
https://lannuaire.service-public.gouv.fr/auvergne-rhone-alpes/puy-de-dome/23e80747-e575-4bb3-bb90-b1e121ad6eeb,puy-de-dome,France services - Saint-Dier d’Auvergne,collectivite_administration,administration collectivite service public,1
https://lannuaire.service-public.gouv.fr/auvergne-rhone-alpes/puy-de-dome/2421c401-5c32-4033-ab4e-6ef6431d6dad,puy-de-dome,Mairie - Sainte-Agathe,collectivite_administration,mairie collectivite,1
https://lannuaire.service-public.gouv.fr/auvergne-rhone-alpes/puy-de-dome/24474627-323c-41f5-89aa-abe10a4a31fd,puy-de-dome,Mairie - Le Broc,collectivite_administration,mairie collectivite,1
https://lannuaire.service-public.gouv.fr/auvergne-rhone-alpes/puy-de-dome/248f4205-eeba-40d9-ba81-2e8673646ad1,puy-de-dome,France services - Champeix,collectivite_administration,administration collectivite service public,1
https://lannuaire.service-public.gouv.fr/auvergne-rhone-alpes/puy-de-dome/24b10abf-3ec0-4ff4-ac73-839dbc0ae1b3,puy-de-dome,Fédération départementale pour la pêche et la protection du milieu aquatique - Puy-de-Dôme,collectivite_administration,administration collectivite service public,1
https://lannuaire.service-public.gouv.fr/auvergne-rhone-alpes/puy-de-dome/24c0ab28-f4a0-45da-b479-5ce9f9497a2b,puy-de-dome,Mairie - Auzelles,collectivite_administration,mairie collectivite,1
https://lannuaire.service-public.gouv.fr/auvergne-rhone-alpes/puy-de-dome/2578d3b1-016f-47ec-b41d-0671ab38d9fd,puy-de-dome,Mairie - Billom,collectivite_administration,mairie collectivite,1
https://lannuaire.service-public.gouv.fr/auvergne-rhone-alpes/puy-de-dome/25c60df7-179a-4f31-81a7-3e1bf61f9341,puy-de-dome,Centre communal d'action sociale (CCAS) - Chambaron sur Morge,collectivite_administration,administration collectivite service public,1
https://lannuaire.service-public.gouv.fr/auvergne-rhone-alpes/puy-de-dome/2639fe15-1190-4b05-ac67-35b12e5fcb48,puy-de-dome,Mairie - Saint-Genès-la-Tourette,collectivite_administration,mairie collectivite,1
https://lannuaire.service-public.gouv.fr/auvergne-rhone-alpes/puy-de-dome/26509a9c-3436-48d5-ba16-6bf60881e30c,puy-de-dome,Mairie - Romagnat,collectivite_administration,mairie collectivite,1
https://lannuaire.service-public.gouv.fr/auvergne-rhone-alpes/puy-de-dome/26e3f2ed-375d-4379-aa67-bacdbf4f96b0,puy-de-dome,Mairie - Aubière,collectivite_administration,mairie collectivite,1
https://lannuaire.service-public.gouv.fr/auvergne-rhone-alpes/puy-de-dome/274ddbb7-f027-4a21-b16e-0867ebb414e2,puy-de-dome,Mairie - Clémensat,collectivite_administration,mairie collectivite,1
https://lannuaire.service-public.gouv.fr/auvergne-rhone-alpes/puy-de-dome/279f238d-f980-4932-8c85-68861f482207,puy-de-dome,Mairie - Saint-Donat,collectivite_administration,mairie collectivite,1
https://lannuaire.service-public.gouv.fr/auvergne-rhone-alpes/puy-de-dome/27aa9bd8-e50b-4f71-b63b-63da9dc8f257,puy-de-dome,Mairie - Valcivières,collectivite_administration,mairie collectivite,1
https://lannuaire.service-public.gouv.fr/auvergne-rhone-alpes/puy-de-dome/27f9f226-15b1-43be-9d0e-bccfae23532f,puy-de-dome,Office national des combattants et victimes de guerre (ONaCVG) - Service départemental - Puy-de-Dôme,collectivite_administration,administration collectivite service public,1
https://lannuaire.service-public.gouv.fr/auvergne-rhone-alpes/puy-de-dome/2846761d-b16e-40a3-80ad-43e0937027bf,puy-de-dome,Mairie - Seychalles,collectivite_administration,mairie collectivite,1
https://lannuaire.service-public.gouv.fr/auvergne-rhone-alpes/puy-de-dome/28a41284-ca01-4dc8-b238-30f1fb958827,puy-de-dome,Mairie - Montcel,collectivite_administration,mairie collectivite,1
https://lannuaire.service-public.gouv.fr/auvergne-rhone-alpes/puy-de-dome/2a69d58b-cd50-4c3a-b0da-e44ef3b2b614,puy-de-dome,Mairie - Charbonnier-les-Mines,collectivite_administration,mairie collectivite,1
https://lannuaire.service-public.gouv.fr/auvergne-rhone-alpes/puy-de-dome/2a91096a-12a5-4e8a-a48e-2302133149fd,puy-de-dome,Trésorerie Hospitalière du Puy-de-Dôme,collectivite_administration,administration collectivite service public,1
https://lannuaire.service-public.gouv.fr/auvergne-rhone-alpes/puy-de-dome/2abe2abc-0075-47e4-8c94-5f704ccea762,puy-de-dome,Mairie - Valz-sous-Châteauneuf,collectivite_administration,mairie collectivite,1
https://lannuaire.service-public.gouv.fr/auvergne-rhone-alpes/puy-de-dome/2b2023c1-a304-4f55-95b6-e3cbdb6c1e52,puy-de-dome,Mairie - Meilhaud,collectivite_administration,mairie collectivite,1
https://lannuaire.service-public.gouv.fr/auvergne-rhone-alpes/puy-de-dome/2c628c6b-caf8-4199-9e79-ab31bc432472,puy-de-dome,Police municipale - Ceyrat,collectivite_administration,administration collectivite service public,1
https://lannuaire.service-public.gouv.fr/auvergne-rhone-alpes/puy-de-dome/2c7f0f6f-75ff-49c1-a592-bc6f7ef336b4,puy-de-dome,Mairie - Saint-Ferréol-des-Côtes,collectivite_administration,mairie collectivite,1
https://lannuaire.service-public.gouv.fr/auvergne-rhone-alpes/puy-de-dome/2cd1e8d7-3d77-4ab5-9b42-4eafc16b0848,puy-de-dome,Mairie - Bouzel,collectivite_administration,mairie collectivite,1
https://lannuaire.service-public.gouv.fr/auvergne-rhone-alpes/puy-de-dome/2d6c8b10-98b2-4833-80cf-b596bf634dc8,puy-de-dome,Chambre de métiers et de l'artisanat (CMA) - Puy-de-Dôme,collectivite_administration,administration collectivite service public,1
https://lannuaire.service-public.gouv.fr/auvergne-rhone-alpes/puy-de-dome/2df7c058-6815-45b7-8a1e-7cf921c209cf,puy-de-dome,Mairie - Combrailles,collectivite_administration,mairie collectivite,1
https://lannuaire.service-public.gouv.fr/auvergne-rhone-alpes/puy-de-dome/2e21691a-e7d9-4ee5-8b6e-7a20152ea0b8,puy-de-dome,Centre d'information et d'orientation (CIO) - Thiers,collectivite_administration,administration collectivite service public,1
https://lannuaire.service-public.gouv.fr/auvergne-rhone-alpes/puy-de-dome/2e65bbd0-1ef0-4467-9465-8e21cf281adc,puy-de-dome,Mairie - Anzat-le-Luguet,collectivite_administration,mairie collectivite,1
https://lannuaire.service-public.gouv.fr/auvergne-rhone-alpes/puy-de-dome/2e961cdf-f614-4a2e-a59d-aab69479708b,puy-de-dome,Centre de ressources et d'information des bénévoles (CRIB) - Comité départemental olympique et sportif du Puy-de-Dôme,collectivite_administration,administration collectivite service public,1
https://lannuaire.service-public.gouv.fr/auvergne-rhone-alpes/puy-de-dome/2eff7b99-2ed2-4cee-858d-4eaea7c27168,puy-de-dome,Mairie - Le Cendre,collectivite_administration,mairie collectivite,1
https://lannuaire.service-public.gouv.fr/auvergne-rhone-alpes/puy-de-dome/2fe01e95-0ecb-471d-9286-37fa66758274,puy-de-dome,Mairie - Le Cheix-sur-Morge,collectivite_administration,mairie collectivite,1
https://lannuaire.service-public.gouv.fr/auvergne-rhone-alpes/puy-de-dome/30c1baca-68dd-40b0-b63e-cefceae4d80b,puy-de-dome,Mairie - Gignat,collectivite_administration,mairie collectivite,1
https://lannuaire.service-public.gouv.fr/auvergne-rhone-alpes/puy-de-dome/3107eeda-cbb4-4014-a826-e296616d4e1f,puy-de-dome,Mairie - Fernoël,collectivite_administration,mairie collectivite,1
https://lannuaire.service-public.gouv.fr/auvergne-rhone-alpes/puy-de-dome/313d86d7-f053-4b66-9d49-6f0ed6231c7e,puy-de-dome,Mairie - Montel-de-Gelat,collectivite_administration,mairie collectivite,1
https://lannuaire.service-public.gouv.fr/auvergne-rhone-alpes/puy-de-dome/324d3138-e5c7-44de-abf4-112de30c926a,puy-de-dome,Mairie - Ris,collectivite_administration,mairie collectivite,1
https://lannuaire.service-public.gouv.fr/auvergne-rhone-alpes/puy-de-dome/3301484c-77ad-4166-aa31-7b74eb80ef46,puy-de-dome,Mairie - Ars-les-Favets,collectivite_administration,mairie collectivite,1
https://lannuaire.service-public.gouv.fr/auvergne-rhone-alpes/puy-de-dome/34912df4-77a3-4f18-996e-b5cf9a6d4e63,puy-de-dome,Centre communal d'action sociale (CCAS) - Saint-Sauves-d'Auvergne,collectivite_administration,mairie collectivite,1
https://lannuaire.service-public.gouv.fr/auvergne-rhone-alpes/puy-de-dome/34c96d88-04eb-420f-89d4-f3f8ab3c32d8,puy-de-dome,Maison des solidarités de Riom,structure,maison france services,1
https://lannuaire.service-public.gouv.fr/auvergne-rhone-alpes/puy-de-dome/35278d81-6f1b-4c62-a3cb-b634e8bf88d2,puy-de-dome,Mairie - Vollore-Ville,collectivite_administration,mairie collectivite,1
https://lannuaire.service-public.gouv.fr/auvergne-rhone-alpes/puy-de-dome/353aa2ed-af2a-4b56-9887-829837f5eb2e,puy-de-dome,Centre intercommunal d'action sociale (CIAS) de Combrailles Sioule et Morge,collectivite_administration,administration collectivite service public,1
https://lannuaire.service-public.gouv.fr/auvergne-rhone-alpes/puy-de-dome/35424660-9f8d-4f7d-9ce2-8d5f6f6d3f83,puy-de-dome,Mairie - Marsat,collectivite_administration,mairie collectivite,1
https://lannuaire.service-public.gouv.fr/auvergne-rhone-alpes/puy-de-dome/3554fb5c-c688-41a1-86d2-30862ff2b7d2,puy-de-dome,Mairie - Celles-sur-Durolle,collectivite_administration,mairie collectivite,1
https://lannuaire.service-public.gouv.fr/auvergne-rhone-alpes/puy-de-dome/3565bc81-d2d8-44b2-bf8f-bdf5731fbd17,puy-de-dome,Mairie - Champs,collectivite_administration,mairie collectivite,1
https://lannuaire.service-public.gouv.fr/auvergne-rhone-alpes/puy-de-dome/356cf117-0657-4505-92e4-50ea0ba1513b,puy-de-dome,Mairie - Sermentizon,collectivite_administration,mairie collectivite,1
https://lannuaire.service-public.gouv.fr/auvergne-rhone-alpes/puy-de-dome/356d41b5-da01-4881-a375-f92b06fb3df3,puy-de-dome,Centre communal d'action sociale (CCAS) - La Cellette,collectivite_administration,mairie collectivite,1
https://lannuaire.service-public.gouv.fr/auvergne-rhone-alpes/puy-de-dome/3596dd0b-a9c4-4fc0-9a2b-b43655d134d7,puy-de-dome,Mairie - Nohanent,collectivite_administration,mairie collectivite,1
https://lannuaire.service-public.gouv.fr/auvergne-rhone-alpes/puy-de-dome/35b7cb0c-79ae-4339-8cea-e6e4988c1c4a,puy-de-dome,Police municipale - Romagnat,collectivite_administration,administration collectivite service public,1
https://lannuaire.service-public.gouv.fr/auvergne-rhone-alpes/puy-de-dome/35f7e790-f846-4a68-86d8-67d5e51b7b12,puy-de-dome,Point conseil budget - Union départementale des associations familiales (UDAF 63) - Giat,collectivite_administration,administration collectivite service public,1
https://lannuaire.service-public.gouv.fr/auvergne-rhone-alpes/puy-de-dome/36a3ef47-fb56-414a-b19b-68759cf378f2,puy-de-dome,Point-justice en France services de Mont-Dore,collectivite_administration,administration collectivite service public,1
https://lannuaire.service-public.gouv.fr/auvergne-rhone-alpes/puy-de-dome/36e5c58c-7c5c-4c2b-8e15-918b6ac5a534,puy-de-dome,Mairie - Beauregard-Vendon,collectivite_administration,mairie collectivite,1
https://lannuaire.service-public.gouv.fr/auvergne-rhone-alpes/puy-de-dome/3792c392-5970-4c20-96e1-2cce90034004,puy-de-dome,Tribunal pour enfants de Clermont-Ferrand,collectivite_administration,administration collectivite service public,1
https://lannuaire.service-public.gouv.fr/auvergne-rhone-alpes/puy-de-dome/382e73d4-9002-40f1-acbb-c7c2f0ff7405,puy-de-dome,Mairie - Saint-Amant-Roche-Savine,collectivite_administration,mairie collectivite,1
https://lannuaire.service-public.gouv.fr/auvergne-rhone-alpes/puy-de-dome/38e16475-436d-42b9-8955-08fea216cfcc,puy-de-dome,Mairie - Ravel,collectivite_administration,mairie collectivite,1
https://lannuaire.service-public.gouv.fr/auvergne-rhone-alpes/puy-de-dome/396aca97-3aef-48fa-903d-47955d68e7e4,puy-de-dome,Commission départementale de conciliation - Puy-de-Dôme,collectivite_administration,administration collectivite service public,1
https://lannuaire.service-public.gouv.fr/auvergne-rhone-alpes/puy-de-dome/39b42113-3bf0-41cb-ae8f-03fe2bf82a7a,puy-de-dome,Centre communal d'action sociale (CCAS) - Clermont-Ferrand,collectivite_administration,administration collectivite service public,1
https://lannuaire.service-public.gouv.fr/auvergne-rhone-alpes/puy-de-dome/39ffbe53-013c-4167-b884-b186096629f4,puy-de-dome,Centre technique régional de la consommation (CTRC) - Auvergne-Rhône-Alpes,collectivite_administration,administration collectivite service public,1
https://lannuaire.service-public.gouv.fr/auvergne-rhone-alpes/puy-de-dome/3a646da4-1c30-4248-b5e0-4a78d5a48e98,puy-de-dome,Mairie - Saint-Priest-des-Champs,collectivite_administration,mairie collectivite,1
https://lannuaire.service-public.gouv.fr/auvergne-rhone-alpes/puy-de-dome/3a7f755e-f1a4-4eba-8e51-cdf7cdf385ec,puy-de-dome,Centre communal d'action sociale (CCAS) - Châtel-Guyon,collectivite_administration,administration collectivite service public,1
https://lannuaire.service-public.gouv.fr/auvergne-rhone-alpes/puy-de-dome/3ab8df5f-8918-464a-aa16-0d094a7598d7,puy-de-dome,Mairie - Messeix,collectivite_administration,mairie collectivite,1
https://lannuaire.service-public.gouv.fr/auvergne-rhone-alpes/puy-de-dome/3b7063c1-a57f-47d2-a13e-0e71a6742d83,puy-de-dome,Mairie - Chauriat,collectivite_administration,mairie collectivite,1
https://lannuaire.service-public.gouv.fr/auvergne-rhone-alpes/puy-de-dome/3c2e8393-d82d-4864-8d1c-2c3153b2bc86,puy-de-dome,Mairie - Vollore-Montagne,collectivite_administration,mairie collectivite,1
https://lannuaire.service-public.gouv.fr/auvergne-rhone-alpes/puy-de-dome/3c3de1ad-3304-48c5-904e-74958bea9e40,puy-de-dome,Mairie - Lamontgie,collectivite_administration,mairie collectivite,1
https://lannuaire.service-public.gouv.fr/auvergne-rhone-alpes/puy-de-dome/3cd47a6d-f3b2-48b2-8138-203363d224b9,puy-de-dome,Mairie - Viscomtat,collectivite_administration,mairie collectivite,1
https://lannuaire.service-public.gouv.fr/auvergne-rhone-alpes/puy-de-dome/3ce605b1-b584-41a6-a1dd-34432b3547ec,puy-de-dome,Mairie - Bourg-Lastic,collectivite_administration,mairie collectivite,1
https://lannuaire.service-public.gouv.fr/auvergne-rhone-alpes/puy-de-dome/3d317c74-3a46-4f15-b59f-ffbcedaf8c94,puy-de-dome,Mairie - Chambon-sur-Dolore,collectivite_administration,mairie collectivite,1
https://lannuaire.service-public.gouv.fr/auvergne-rhone-alpes/puy-de-dome/3da31a74-b1a7-494d-8bc5-40707daff426,puy-de-dome,Police municipale - Riom,collectivite_administration,administration collectivite service public,1
https://lannuaire.service-public.gouv.fr/auvergne-rhone-alpes/puy-de-dome/3dfdaeeb-d3cf-4972-ac0c-f7c860b1fb54,puy-de-dome,Mairie - Mayres,collectivite_administration,mairie collectivite,1
https://lannuaire.service-public.gouv.fr/auvergne-rhone-alpes/puy-de-dome/3e16a700-08aa-4913-ba3e-092f265f8874,puy-de-dome,Point d'information local dédié aux personnes âgées - Issoire,collectivite_administration,administration collectivite service public,1
https://lannuaire.service-public.gouv.fr/auvergne-rhone-alpes/puy-de-dome/3e16b1df-9f16-4995-8d82-10f072746b1b,puy-de-dome,Mairie - Dore-l'Église,collectivite_administration,mairie collectivite,1
https://lannuaire.service-public.gouv.fr/auvergne-rhone-alpes/puy-de-dome/3e3c9625-40e0-4557-83b1-b57e21cdc80a,puy-de-dome,Mairie - Saint-Denis-Combarnazat,collectivite_administration,mairie collectivite,1
https://lannuaire.service-public.gouv.fr/auvergne-rhone-alpes/puy-de-dome/3e654b3d-fc80-4bc7-915f-76501a2df9f3,puy-de-dome,Maison des solidarités des Martres-de-Veyre,structure,maison france services,1
https://lannuaire.service-public.gouv.fr/auvergne-rhone-alpes/puy-de-dome/3ea8a7e9-585c-4add-a514-61e8bf53e11d,puy-de-dome,Mairie - Pignols,collectivite_administration,mairie collectivite,1
https://lannuaire.service-public.gouv.fr/auvergne-rhone-alpes/puy-de-dome/3ee668bf-b683-481c-92ec-96f2d1eacc0b,puy-de-dome,Mairie - Beaumont,collectivite_administration,mairie collectivite,1
https://lannuaire.service-public.gouv.fr/auvergne-rhone-alpes/puy-de-dome/3f08c7cc-97d4-4c8e-8665-27f94c760557,puy-de-dome,Agence nationale de l'habitat (Anah) - Délégation locale - Puy-de-Dôme,collectivite_administration,administration collectivite service public,1
https://lannuaire.service-public.gouv.fr/auvergne-rhone-alpes/puy-de-dome/3f81cc8e-b8c1-4de6-916e-775bf4738122,puy-de-dome,Mairie - Saint-Jean-en-Val,collectivite_administration,mairie collectivite,1
https://lannuaire.service-public.gouv.fr/auvergne-rhone-alpes/puy-de-dome/409f0ff5-4625-42be-ba2d-da220df44ee3,puy-de-dome,Plateforme d'accompagnement et de répit pour les aidants de personnes âgées - Chamalières,collectivite_administration,administration collectivite service public,1
https://lannuaire.service-public.gouv.fr/auvergne-rhone-alpes/puy-de-dome/4137deca-6600-44b6-a356-489d01b2321a,puy-de-dome,Mairie - Effiat,collectivite_administration,mairie collectivite,1
https://lannuaire.service-public.gouv.fr/auvergne-rhone-alpes/puy-de-dome/416a7832-a3fb-4b39-bae1-7341c81eeb2a,puy-de-dome,Point d'information local dédié aux personnes âgées - Clermont-Ferrand,collectivite_administration,administration collectivite service public,1
https://lannuaire.service-public.gouv.fr/auvergne-rhone-alpes/puy-de-dome/41897480-a5fd-4cdd-811e-a7e1b8204a75,puy-de-dome,Centre communal d'action sociale (CCAS) - Royat,collectivite_administration,administration collectivite service public,1
https://lannuaire.service-public.gouv.fr/auvergne-rhone-alpes/puy-de-dome/41d1f6e9-3b6d-4d94-a1cf-a13943b91fc8,puy-de-dome,Mairie - Singles,collectivite_administration,mairie collectivite,1
https://lannuaire.service-public.gouv.fr/auvergne-rhone-alpes/puy-de-dome/4213378b-2d92-4002-a82d-91b25a8c4ff6,puy-de-dome,Médiathèque départementale - Puy-de-Dôme,collectivite_administration,administration collectivite service public,1
https://lannuaire.service-public.gouv.fr/auvergne-rhone-alpes/puy-de-dome/42176b67-6688-4377-b6f7-d21af8c5246f,puy-de-dome,Mairie - Saint-Genès-du-Retz,collectivite_administration,mairie collectivite,1
https://lannuaire.service-public.gouv.fr/auvergne-rhone-alpes/puy-de-dome/4218afa3-ed26-457c-a04b-7a43915e576f,puy-de-dome,Mairie - La Chapelle-sur-Usson,collectivite_administration,mairie collectivite,1
https://lannuaire.service-public.gouv.fr/auvergne-rhone-alpes/puy-de-dome/424e9abc-af9a-49f4-8300-ac437487110f,puy-de-dome,Mairie - Ceyrat,collectivite_administration,mairie collectivite,1
https://lannuaire.service-public.gouv.fr/auvergne-rhone-alpes/puy-de-dome/4255d24f-471f-4b4a-bd9b-812ad3182ca4,puy-de-dome,Mairie - Fayet-le-Château,collectivite_administration,mairie collectivite,1
https://lannuaire.service-public.gouv.fr/auvergne-rhone-alpes/puy-de-dome/4267f141-85ba-492a-9bc8-7c50cc6eb6bd,puy-de-dome,Mairie - Saint-Jean-d'Heurs,collectivite_administration,mairie collectivite,1
https://lannuaire.service-public.gouv.fr/auvergne-rhone-alpes/puy-de-dome/428c89af-eefd-4481-a32c-e452ebefdc4a,puy-de-dome,France services - Cunlhat,collectivite_administration,administration collectivite service public,1
https://lannuaire.service-public.gouv.fr/auvergne-rhone-alpes/puy-de-dome/429c1298-4cb6-4372-a37d-f23fe480404b,puy-de-dome,Mairie - Orbeil,collectivite_administration,mairie collectivite,1
https://lannuaire.service-public.gouv.fr/auvergne-rhone-alpes/puy-de-dome/431e5a88-d896-4b69-a27e-a5f736c4d10e,puy-de-dome,Mairie - Escoutoux,collectivite_administration,mairie collectivite,1
https://lannuaire.service-public.gouv.fr/auvergne-rhone-alpes/puy-de-dome/43ec72cd-de6a-495c-8290-1c101ce37b2f,puy-de-dome,Espace conseil France Rénov' - Riom,collectivite_administration,administration collectivite service public,1
https://lannuaire.service-public.gouv.fr/auvergne-rhone-alpes/puy-de-dome/445a98b0-887d-4757-ad35-315731aafcfc,puy-de-dome,Mairie - Saint-Jacques-d'Ambur,collectivite_administration,mairie collectivite,1
https://lannuaire.service-public.gouv.fr/auvergne-rhone-alpes/puy-de-dome/44c62d26-cb67-4dc4-9225-94f53c6ef23a,puy-de-dome,Mairie - Giat,collectivite_administration,mairie collectivite,1
https://lannuaire.service-public.gouv.fr/auvergne-rhone-alpes/puy-de-dome/44f0b6bc-c080-460b-8aac-6cdb18e5a8ab,puy-de-dome,Point-justice en France services Fontaine du Bac,structure,maison france services,1
https://lannuaire.service-public.gouv.fr/auvergne-rhone-alpes/puy-de-dome/45470687-75ab-4c1f-9a0a-481a90ab20aa,puy-de-dome,Mairie - Charensat,collectivite_administration,mairie collectivite,1
https://lannuaire.service-public.gouv.fr/auvergne-rhone-alpes/puy-de-dome/456e4f0e-0eae-4781-a990-ac047be306d3,puy-de-dome,Mairie - Saint-Anthème,collectivite_administration,mairie collectivite,1
https://lannuaire.service-public.gouv.fr/auvergne-rhone-alpes/puy-de-dome/4636b64b-dd07-4fc8-a5f0-4ab1fba4a43d,puy-de-dome,Centre communal d'action sociale (CCAS) - Romagnat,collectivite_administration,administration collectivite service public,1
https://lannuaire.service-public.gouv.fr/auvergne-rhone-alpes/puy-de-dome/46966575-024a-4d17-86fb-2817f13030d2,puy-de-dome,Mairie - Volvic,collectivite_administration,mairie collectivite,1
https://lannuaire.service-public.gouv.fr/auvergne-rhone-alpes/puy-de-dome/46980d5b-f434-41b9-beb1-7eda4cab9b8f,puy-de-dome,Mairie - Les Pradeaux,collectivite_administration,mairie collectivite,1
https://lannuaire.service-public.gouv.fr/auvergne-rhone-alpes/puy-de-dome/46a43983-4147-4e49-8dc2-01d0f3f806f7,puy-de-dome,Mairie - Thiolières,collectivite_administration,mairie collectivite,1
https://lannuaire.service-public.gouv.fr/auvergne-rhone-alpes/puy-de-dome/47137dcd-ada5-430b-9a95-c8438e58ea49,puy-de-dome,Mairie - Saint-Laure,collectivite_administration,mairie collectivite,1
https://lannuaire.service-public.gouv.fr/auvergne-rhone-alpes/puy-de-dome/47282a67-b9fb-487f-bf77-f487ff5ea6bc,puy-de-dome,Centre communal d'action sociale (CCAS) - Les Martres-de-Veyre,collectivite_administration,administration collectivite service public,1
https://lannuaire.service-public.gouv.fr/auvergne-rhone-alpes/puy-de-dome/47f83e81-bd30-4575-9ca3-ebc00c5e0c8a,puy-de-dome,Mairie - Pardines,collectivite_administration,mairie collectivite,1
https://lannuaire.service-public.gouv.fr/auvergne-rhone-alpes/puy-de-dome/482674d3-2d70-469d-ae92-3bd4e9fdb688,puy-de-dome,Mairie - Valbeleix,collectivite_administration,mairie collectivite,1
https://lannuaire.service-public.gouv.fr/auvergne-rhone-alpes/puy-de-dome/4898c36a-5ee6-40ea-9a26-903d2e96b0bb,puy-de-dome,Sous-préfecture - Thiers,collectivite_administration,administration collectivite service public,1
https://lannuaire.service-public.gouv.fr/auvergne-rhone-alpes/puy-de-dome/48a4b979-bce5-4dd2-be58-351991906fb1,puy-de-dome,Mairie - Plauzat,collectivite_administration,mairie collectivite,1
https://lannuaire.service-public.gouv.fr/auvergne-rhone-alpes/puy-de-dome/48c8b6f1-d2d1-4312-989b-86aef5759518,puy-de-dome,Mairie - La Forie,collectivite_administration,mairie collectivite,1
https://lannuaire.service-public.gouv.fr/auvergne-rhone-alpes/puy-de-dome/492592fe-e7ae-4ae0-a292-1aff6080b77e,puy-de-dome,Mairie - Chappes,collectivite_administration,mairie collectivite,1
https://lannuaire.service-public.gouv.fr/auvergne-rhone-alpes/puy-de-dome/4a0909cc-f45c-4d07-a3b5-afe69661583e,puy-de-dome,Mairie - Queuille,collectivite_administration,mairie collectivite,1
https://lannuaire.service-public.gouv.fr/auvergne-rhone-alpes/puy-de-dome/4a6950b6-560e-43ad-b8cb-14631baf7c16,puy-de-dome,Mairie - Roche-Charles-la-Mayrand,collectivite_administration,mairie collectivite,1
https://lannuaire.service-public.gouv.fr/auvergne-rhone-alpes/puy-de-dome/4b9c7e9c-23ba-419a-947b-36ff9e3ffb6a,puy-de-dome,Crédit municipal - Clermont-Ferrand,collectivite_administration,administration collectivite service public,1
https://lannuaire.service-public.gouv.fr/auvergne-rhone-alpes/puy-de-dome/4c1868ff-4491-4cc6-8525-60310ddbaa8e,puy-de-dome,Mairie - Saint-Gervazy,collectivite_administration,mairie collectivite,1
https://lannuaire.service-public.gouv.fr/auvergne-rhone-alpes/puy-de-dome/4c93b6a9-940f-4c7b-a181-524979e3a3d8,puy-de-dome,Centre de protection maternelle et infantile (PMI) - Brassac-les-Mines,collectivite_administration,administration collectivite service public,1
https://lannuaire.service-public.gouv.fr/auvergne-rhone-alpes/puy-de-dome/4ce1ea3a-e127-481a-9105-daa3a869e374,puy-de-dome,Point-justice 25 Gisèle Halimi,collectivite_administration,administration collectivite service public,1
https://lannuaire.service-public.gouv.fr/auvergne-rhone-alpes/puy-de-dome/4dc727f6-02db-4fd6-af4e-00c718a57740,puy-de-dome,Mairie - Saint-Sylvestre-Pragoulin,collectivite_administration,mairie collectivite,1
https://lannuaire.service-public.gouv.fr/auvergne-rhone-alpes/puy-de-dome/4e72164a-1b86-4d68-9ba5-5a32e216eaf4,puy-de-dome,Tribunal judiciaire de Clermont-Ferrand,collectivite_administration,administration collectivite service public,1
https://lannuaire.service-public.gouv.fr/auvergne-rhone-alpes/puy-de-dome/4e7442b0-f8c4-4be4-9fc5-4d5fd348e4c0,puy-de-dome,Chambre régionale d'agriculture Auvergne-Rhône-Alpes - Site d'Aubière,collectivite_administration,administration collectivite service public,1
https://lannuaire.service-public.gouv.fr/auvergne-rhone-alpes/puy-de-dome/4f3d7f87-758d-473f-91fb-310f237d94ef,puy-de-dome,Mairie - Les Deux-Rives,collectivite_administration,mairie collectivite,1
https://lannuaire.service-public.gouv.fr/auvergne-rhone-alpes/puy-de-dome/4f4fed62-e2e7-42a5-91f7-35316ed0be94,puy-de-dome,Point d'information local dédié aux personnes âgées - Ambert,collectivite_administration,administration collectivite service public,1
https://lannuaire.service-public.gouv.fr/auvergne-rhone-alpes/puy-de-dome/501b2ed4-3925-481d-b2bd-98148b2d9f87,puy-de-dome,Mairie - Issoire,collectivite_administration,mairie collectivite,1
https://lannuaire.service-public.gouv.fr/auvergne-rhone-alpes/puy-de-dome/5060649a-a423-4953-a9d3-25c81fad3342,puy-de-dome,Mairie - Neschers,collectivite_administration,mairie collectivite,1
https://lannuaire.service-public.gouv.fr/auvergne-rhone-alpes/puy-de-dome/50c430b1-7cdb-4ec6-aa94-945adea990bc,puy-de-dome,Point-justice en France services de Saint-Gervais-d'Auvergne,structure,maison france services,1
https://lannuaire.service-public.gouv.fr/auvergne-rhone-alpes/puy-de-dome/50eced92-fbe1-461d-a73f-c1206c7bff8d,puy-de-dome,Centre communal d'action sociale (CCAS) - Pontgibaud,collectivite_administration,mairie collectivite,1
https://lannuaire.service-public.gouv.fr/auvergne-rhone-alpes/puy-de-dome/51a95a40-9995-42b6-96eb-914c3919828c,puy-de-dome,Mairie - La Crouzille,collectivite_administration,mairie collectivite,1
https://lannuaire.service-public.gouv.fr/auvergne-rhone-alpes/puy-de-dome/521789f5-a33f-469d-9a0e-8b6aaa16e5c3,puy-de-dome,Point information jeunesse - Clermont-Ferrand,jeunesse_loisirs,PIJ information jeunesse,1
https://lannuaire.service-public.gouv.fr/auvergne-rhone-alpes/puy-de-dome/523787ab-40b7-4d6e-9371-a67d34ffd35e,puy-de-dome,Confédération départementale de l'artisanat et des petites entreprises du bâtiment  (Capeb) - Puy-de-Dôme,collectivite_administration,administration collectivite service public,1
https://lannuaire.service-public.gouv.fr/auvergne-rhone-alpes/puy-de-dome/52e10d21-b0c8-4ac0-a7c2-842cae36f0a9,puy-de-dome,Mairie - Jumeaux,collectivite_administration,mairie collectivite,1
https://lannuaire.service-public.gouv.fr/auvergne-rhone-alpes/puy-de-dome/533975c5-aa59-4c81-a14a-d8faed246347,puy-de-dome,Mairie - Biollet,collectivite_administration,mairie collectivite,1
https://lannuaire.service-public.gouv.fr/auvergne-rhone-alpes/puy-de-dome/53490686-a179-4616-956f-0a00dc138a37,puy-de-dome,Mairie - Glaine-Montaigut,collectivite_administration,mairie collectivite,1
https://lannuaire.service-public.gouv.fr/auvergne-rhone-alpes/puy-de-dome/535823b4-8f4d-477c-be51-81fcd6bb1a39,puy-de-dome,Mairie - La Roche-Blanche,collectivite_administration,mairie collectivite,1
https://lannuaire.service-public.gouv.fr/auvergne-rhone-alpes/puy-de-dome/535fe480-6374-43d0-8530-43f752f7cd70,puy-de-dome,Mairie - Ménétrol,collectivite_administration,mairie collectivite,1
https://lannuaire.service-public.gouv.fr/auvergne-rhone-alpes/puy-de-dome/53b3b547-f5af-419a-9f19-7bdf100f2513,puy-de-dome,Mairie - Le Breuil-sur-Couze,collectivite_administration,mairie collectivite,1
https://lannuaire.service-public.gouv.fr/auvergne-rhone-alpes/puy-de-dome/541ea91a-3cca-4f17-a70a-78efb2d34dd5,puy-de-dome,Mairie - Saint-Ours,collectivite_administration,mairie collectivite,1
https://lannuaire.service-public.gouv.fr/auvergne-rhone-alpes/puy-de-dome/54c52d84-a4b1-4123-b5ae-506c51884a5f,puy-de-dome,Mairie - Chastreix,collectivite_administration,mairie collectivite,1
https://lannuaire.service-public.gouv.fr/auvergne-rhone-alpes/puy-de-dome/54ddac53-fb73-436b-8b7c-0c78eff8ed01,puy-de-dome,Mairie - Brenat,collectivite_administration,mairie collectivite,1
https://lannuaire.service-public.gouv.fr/auvergne-rhone-alpes/puy-de-dome/54efe8b7-b428-4517-8e90-1b1220dfe66f,puy-de-dome,Mairie - Pontaumur,collectivite_administration,mairie collectivite,1
https://lannuaire.service-public.gouv.fr/auvergne-rhone-alpes/puy-de-dome/5571d624-b85c-4247-9f69-5d67281e57b2,puy-de-dome,Mairie - Le Monestier,collectivite_administration,mairie collectivite,1
https://lannuaire.service-public.gouv.fr/auvergne-rhone-alpes/puy-de-dome/55fca1ff-60ea-44e6-8616-2ed2437d6f3e,puy-de-dome,Mairie - Arconsat,collectivite_administration,mairie collectivite,1
https://lannuaire.service-public.gouv.fr/auvergne-rhone-alpes/puy-de-dome/56a116fa-b6ce-4048-b3d8-2fe8277e1bd3,puy-de-dome,Mairie - Vassel,collectivite_administration,mairie collectivite,1
https://lannuaire.service-public.gouv.fr/auvergne-rhone-alpes/puy-de-dome/5799215a-cf75-457e-8659-82b4d13a3b10,puy-de-dome,Mairie - Saint-Myon,collectivite_administration,mairie collectivite,1
https://lannuaire.service-public.gouv.fr/auvergne-rhone-alpes/puy-de-dome/57be81f9-1bfc-431f-b5d8-647083bdc539,puy-de-dome,Mairie - Sauret-Besserve,collectivite_administration,mairie collectivite,1
https://lannuaire.service-public.gouv.fr/auvergne-rhone-alpes/puy-de-dome/58225f1c-ab82-4ab3-8afd-86587edfab8e,puy-de-dome,Mairie - Prompsat,collectivite_administration,mairie collectivite,1
https://lannuaire.service-public.gouv.fr/auvergne-rhone-alpes/puy-de-dome/583225c9-97a0-437b-8a9d-3d983470eaf6,puy-de-dome,Mairie - Herment,collectivite_administration,mairie collectivite,1
https://lannuaire.service-public.gouv.fr/auvergne-rhone-alpes/puy-de-dome/5846bf4e-bbd7-4478-af6c-cda71fc2deb9,puy-de-dome,Mairie - Peschadoires,collectivite_administration,mairie collectivite,1
https://lannuaire.service-public.gouv.fr/auvergne-rhone-alpes/puy-de-dome/58a99b61-c8d9-48a0-8a61-e9b47968ce8c,puy-de-dome,Mairie - Martres-sur-Morge,collectivite_administration,mairie collectivite,1
https://lannuaire.service-public.gouv.fr/auvergne-rhone-alpes/puy-de-dome/58b4f3cd-05a6-46cd-b7da-f638b427d319,puy-de-dome,Onisep - Délégation régionale Auvergne-Rhône-Alpes - Site de Clermont-Ferrand,collectivite_administration,administration collectivite service public,1
https://lannuaire.service-public.gouv.fr/auvergne-rhone-alpes/puy-de-dome/58bcf447-1ae8-48b3-9e86-5f95170297ad,puy-de-dome,Mairie - Bertignat,collectivite_administration,mairie collectivite,1
https://lannuaire.service-public.gouv.fr/auvergne-rhone-alpes/puy-de-dome/596d6fe9-be58-460a-ba9d-dfa2ce6918f5,puy-de-dome,Mairie - Saint-Rémy-de-Blot,collectivite_administration,mairie collectivite,1
https://lannuaire.service-public.gouv.fr/auvergne-rhone-alpes/puy-de-dome/5984c3e7-fb40-4e0a-aa4e-b848f73188fc,puy-de-dome,France services - Brassac-les-Mines,collectivite_administration,administration collectivite service public,1
https://lannuaire.service-public.gouv.fr/auvergne-rhone-alpes/puy-de-dome/59c266d7-a454-47ca-b29b-468eca36244c,puy-de-dome,"Service départemental à la jeunesse, à l'engagement et aux sports (SDJES) - Puy-de-Dôme",jeunesse_loisirs,service jeunesse,1
https://lannuaire.service-public.gouv.fr/auvergne-rhone-alpes/puy-de-dome/5a6b9b54-097a-4cb7-b4d5-cb001beb34fc,puy-de-dome,France services - Sauxillanges,collectivite_administration,administration collectivite service public,1
https://lannuaire.service-public.gouv.fr/auvergne-rhone-alpes/puy-de-dome/5b774264-0bd1-4758-932a-c67a52b7091a,puy-de-dome,Mairie - Chanonat,collectivite_administration,mairie collectivite,1
https://lannuaire.service-public.gouv.fr/auvergne-rhone-alpes/puy-de-dome/5b9545dc-2cc3-4666-94ae-02dd48d8c356,puy-de-dome,Mairie - Saint-Gervais-sous-Meymont,collectivite_administration,mairie collectivite,1
https://lannuaire.service-public.gouv.fr/auvergne-rhone-alpes/puy-de-dome/5bc0b6f9-77e5-4463-8d17-b0455cb42488,puy-de-dome,Mairie - Laqueuille,collectivite_administration,mairie collectivite,1
https://lannuaire.service-public.gouv.fr/auvergne-rhone-alpes/puy-de-dome/5be4687a-47f8-4d7c-bde7-fc02eaa347cd,puy-de-dome,Conseil départemental d'accès au droit du Puy-de-Dôme,collectivite_administration,administration collectivite service public,1
https://lannuaire.service-public.gouv.fr/auvergne-rhone-alpes/puy-de-dome/5c34884b-10ce-47bd-a674-48e97bc0e4b5,puy-de-dome,Mairie - La Roche-Noire,collectivite_administration,mairie collectivite,1
https://lannuaire.service-public.gouv.fr/auvergne-rhone-alpes/puy-de-dome/5c3cf6bf-d202-48cd-9bf7-15a0f30c2f88,puy-de-dome,Mairie - Cébazat,collectivite_administration,mairie collectivite,1
https://lannuaire.service-public.gouv.fr/auvergne-rhone-alpes/puy-de-dome/5c464758-d8c2-4267-90b6-cb49f964cd61,puy-de-dome,Mairie - Moissat,collectivite_administration,mairie collectivite,1
https://lannuaire.service-public.gouv.fr/auvergne-rhone-alpes/puy-de-dome/5c5f7ed3-b337-4e45-a493-ad7422c5b9a8,puy-de-dome,Mairie - Saint-Victor-la-Rivière,collectivite_administration,mairie collectivite,1
https://lannuaire.service-public.gouv.fr/auvergne-rhone-alpes/puy-de-dome/5c8151c5-ec09-4f5a-8b42-828a2c51efca,puy-de-dome,Mairie - Saint-Flour-l'Étang,collectivite_administration,mairie collectivite,1
https://lannuaire.service-public.gouv.fr/auvergne-rhone-alpes/puy-de-dome/5c860a4c-dc62-49fe-bdf7-5325b8187180,puy-de-dome,Direction départementale des territoires (DDT) - Puy-de-Dôme,collectivite_administration,administration collectivite service public,1
https://lannuaire.service-public.gouv.fr/auvergne-rhone-alpes/puy-de-dome/5d442256-6e08-46b6-bbdb-6404a90584eb,puy-de-dome,Conseil de prud'hommes de Clermont-Ferrand,collectivite_administration,administration collectivite service public,1
https://lannuaire.service-public.gouv.fr/auvergne-rhone-alpes/puy-de-dome/5d60015c-efe6-4784-a555-bbd46c084482,puy-de-dome,Mairie - Pessat-Villeneuve,collectivite_administration,mairie collectivite,1
https://lannuaire.service-public.gouv.fr/auvergne-rhone-alpes/puy-de-dome/5ddd327c-6aa5-4c5f-b3b2-1b60ba4b5669,puy-de-dome,Mairie - Saillant,collectivite_administration,mairie collectivite,1
https://lannuaire.service-public.gouv.fr/auvergne-rhone-alpes/puy-de-dome/5e0eb5c6-badc-48c7-b85c-d5294530e69d,puy-de-dome,Mairie - Orcet,collectivite_administration,mairie collectivite,1
https://lannuaire.service-public.gouv.fr/auvergne-rhone-alpes/puy-de-dome/5f6389d8-ba91-4d2e-91a8-d6ad6f11bf71,puy-de-dome,Direction départementale de la protection des populations (DDPP) - Puy-de-Dôme,collectivite_administration,administration collectivite service public,1
https://lannuaire.service-public.gouv.fr/auvergne-rhone-alpes/puy-de-dome/5f63a439-a93e-4539-96a9-76659116ce30,puy-de-dome,Greta Auvergne - Clermont-Ferrand,collectivite_administration,administration collectivite service public,1
https://lannuaire.service-public.gouv.fr/auvergne-rhone-alpes/puy-de-dome/5f7eac00-9547-4d8d-bb10-dd379f3231b7,puy-de-dome,Police municipale - Brassac-les-Mines,collectivite_administration,administration collectivite service public,1
https://lannuaire.service-public.gouv.fr/auvergne-rhone-alpes/puy-de-dome/5fccb835-9d24-4f4b-b974-8f4024d233e1,puy-de-dome,Centre communal d'action sociale (CCAS) - La Monnerie-le-Montel,collectivite_administration,mairie collectivite,1
https://lannuaire.service-public.gouv.fr/auvergne-rhone-alpes/puy-de-dome/60ef8c48-85db-4dde-8d54-ac97a6433b8d,puy-de-dome,Mairie - Saint-Saturnin,collectivite_administration,mairie collectivite,1
https://lannuaire.service-public.gouv.fr/auvergne-rhone-alpes/puy-de-dome/616eaf7e-36b9-4913-84a5-869fa2af8986,puy-de-dome,Mairie - Gouttières,collectivite_administration,mairie collectivite,1
https://lannuaire.service-public.gouv.fr/auvergne-rhone-alpes/puy-de-dome/61c52ba2-1e1e-4834-ac49-5d5172fcdec7,puy-de-dome,Mairie - Usson,collectivite_administration,mairie collectivite,1
https://lannuaire.service-public.gouv.fr/auvergne-rhone-alpes/puy-de-dome/61f268af-c94b-4c06-8cf5-464044014afc,puy-de-dome,Mairie - Joze,collectivite_administration,mairie collectivite,1
https://lannuaire.service-public.gouv.fr/auvergne-rhone-alpes/puy-de-dome/6224b3d4-3e12-47ef-98ea-e8f78a3c94b7,puy-de-dome,Mission locale pour l'insertion professionnelle et sociale des jeunes (16-25 ans) - Rochefort-Montagne,jeunesse_loisirs,mission locale jeunesse insertion,1
https://lannuaire.service-public.gouv.fr/auvergne-rhone-alpes/puy-de-dome/6286d726-eb1f-4d59-be1a-c8894c547672,puy-de-dome,Mairie - Mazaye,collectivite_administration,mairie collectivite,1
https://lannuaire.service-public.gouv.fr/auvergne-rhone-alpes/puy-de-dome/629dbb6f-b185-4b9f-a4cd-00cf6a621535,puy-de-dome,Mairie - Besse-et-Saint-Anastaise,collectivite_administration,mairie collectivite,1
https://lannuaire.service-public.gouv.fr/auvergne-rhone-alpes/puy-de-dome/62bb4a40-325e-4526-8068-f1df0baf9c83,puy-de-dome,Mairie - Charnat,collectivite_administration,mairie collectivite,1
https://lannuaire.service-public.gouv.fr/auvergne-rhone-alpes/puy-de-dome/636ea18d-edb1-48b8-829e-bcec031eeb7d,puy-de-dome,Mairie - Saint-Julien-de-Coppel,collectivite_administration,mairie collectivite,1
https://lannuaire.service-public.gouv.fr/auvergne-rhone-alpes/puy-de-dome/6463f0ea-5cdf-449f-8bff-315cbf287788,puy-de-dome,Centre communal d'action sociale (CCAS) - Ceyrat,collectivite_administration,administration collectivite service public,1
https://lannuaire.service-public.gouv.fr/auvergne-rhone-alpes/puy-de-dome/6499d17c-a20f-489b-aa7e-67b7f60af7dd,puy-de-dome,Mission locale pour l'insertion professionnelle et sociale des jeunes (16-25 ans) - Issoire,jeunesse_loisirs,mission locale jeunesse insertion,1
https://lannuaire.service-public.gouv.fr/auvergne-rhone-alpes/puy-de-dome/64b5d0f1-4c6f-48a8-84a3-f32aec67dc8b,puy-de-dome,Point conseil budget - Union départementale des associations familiales (UDAF 63) - Clermont-Ferrand - Claude-Bernard,collectivite_administration,administration collectivite service public,1
https://lannuaire.service-public.gouv.fr/auvergne-rhone-alpes/puy-de-dome/64c01e08-524f-4899-a41e-c46fdb9a6912,puy-de-dome,Police municipale - Beaumont,collectivite_administration,administration collectivite service public,1
https://lannuaire.service-public.gouv.fr/auvergne-rhone-alpes/puy-de-dome/6559f1a2-2735-4bf7-91ea-55acaaeb3721,puy-de-dome,Tribunal administratif - Clermont-Ferrand,collectivite_administration,administration collectivite service public,1
https://lannuaire.service-public.gouv.fr/auvergne-rhone-alpes/puy-de-dome/657d9cd9-dd62-4d81-b11f-09bb87ef01e4,puy-de-dome,Police municipale - Gerzat,collectivite_administration,administration collectivite service public,1
https://lannuaire.service-public.gouv.fr/auvergne-rhone-alpes/puy-de-dome/65b00f49-8def-4274-ba99-3ce29170c9fb,puy-de-dome,Mairie - Aulnat,collectivite_administration,mairie collectivite,1
https://lannuaire.service-public.gouv.fr/auvergne-rhone-alpes/puy-de-dome/65b2a835-7cda-40ba-8322-4cc5cd511166,puy-de-dome,Mairie - Saint-Martin-des-Plains,collectivite_administration,mairie collectivite,1
https://lannuaire.service-public.gouv.fr/auvergne-rhone-alpes/puy-de-dome/65b674ec-b4c9-43dd-aeb8-ee427a30f656,puy-de-dome,Conciliateur fiscal départemental - Puy-de-Dôme,collectivite_administration,administration collectivite service public,1
https://lannuaire.service-public.gouv.fr/auvergne-rhone-alpes/puy-de-dome/65f2ac64-6680-4c93-936d-eab021dc6655,puy-de-dome,Mairie - Picherande,collectivite_administration,mairie collectivite,1
https://lannuaire.service-public.gouv.fr/auvergne-rhone-alpes/puy-de-dome/6631208d-e07d-4983-bc8e-418e163ba7c5,puy-de-dome,Service de gestion comptable (SGC) - Issoire,collectivite_administration,administration collectivite service public,1
https://lannuaire.service-public.gouv.fr/auvergne-rhone-alpes/puy-de-dome/67008513-0826-4dd5-99b3-ce84a714df50,puy-de-dome,Mairie - La Renaudie,collectivite_administration,mairie collectivite,1
https://lannuaire.service-public.gouv.fr/auvergne-rhone-alpes/puy-de-dome/6777e629-aa41-4737-b05a-f79191ecb2da,puy-de-dome,Mairie - Chambaron-sur-Morge,collectivite_administration,mairie collectivite,1
https://lannuaire.service-public.gouv.fr/auvergne-rhone-alpes/puy-de-dome/678caeeb-131e-4b34-b174-1ab08ceecd42,puy-de-dome,Mairie - Mons,collectivite_administration,mairie collectivite,1
https://lannuaire.service-public.gouv.fr/auvergne-rhone-alpes/puy-de-dome/679b8725-1f14-422b-96db-a1ffa49be0b0,puy-de-dome,Centre de protection maternelle et infantile (PMI) - Clermont-Ferrand - Vaucanson,collectivite_administration,administration collectivite service public,1
https://lannuaire.service-public.gouv.fr/auvergne-rhone-alpes/puy-de-dome/67f5afe3-d606-4d34-9a9f-2ac706b8105e,puy-de-dome,Mairie - Madriat,collectivite_administration,mairie collectivite,1
https://lannuaire.service-public.gouv.fr/auvergne-rhone-alpes/puy-de-dome/6837692d-1e5b-49e8-88ee-ef8483598bb5,puy-de-dome,Communauté de communes - Plaine Limagne,collectivite_administration,administration collectivite service public,1
https://lannuaire.service-public.gouv.fr/auvergne-rhone-alpes/puy-de-dome/6885dc4a-2ec0-492e-8f77-4f61c3b26e7c,puy-de-dome,Bureau de douane (viticulture) - Clermont-Ferrand,collectivite_administration,administration collectivite service public,1
https://lannuaire.service-public.gouv.fr/auvergne-rhone-alpes/puy-de-dome/68b2c405-095d-4bc9-9105-723bfbed4dcc,puy-de-dome,Mairie - Vernines,collectivite_administration,mairie collectivite,1
https://lannuaire.service-public.gouv.fr/auvergne-rhone-alpes/puy-de-dome/68e5b6b3-3e3b-4003-a0cb-6b6025b0d5fc,puy-de-dome,Centre communal d'action sociale (CCAS) - La Tour-d'Auvergne,collectivite_administration,mairie collectivite,1
https://lannuaire.service-public.gouv.fr/auvergne-rhone-alpes/puy-de-dome/699abcdd-0cb1-4fdf-8453-237428d4e253,puy-de-dome,Mairie - Youx,collectivite_administration,mairie collectivite,1
https://lannuaire.service-public.gouv.fr/auvergne-rhone-alpes/puy-de-dome/6a161abd-8413-4da2-bc00-78a4d8b57342,puy-de-dome,Police municipale - Cébazat,collectivite_administration,administration collectivite service public,1
https://lannuaire.service-public.gouv.fr/auvergne-rhone-alpes/puy-de-dome/6abd4369-0ad1-4c3a-850c-3c76d2880b13,puy-de-dome,Mairie - Brassac-les-Mines,collectivite_administration,mairie collectivite,1
https://lannuaire.service-public.gouv.fr/auvergne-rhone-alpes/puy-de-dome/6c13dcae-04ea-4485-a9f9-ef7fe45a4419,puy-de-dome,Mairie - Cournols,collectivite_administration,mairie collectivite,1
https://lannuaire.service-public.gouv.fr/auvergne-rhone-alpes/puy-de-dome/6c28c6cb-100e-499c-a0bf-38b32d05ed61,puy-de-dome,Maison des solidarités de Billom,structure,maison france services,1
https://lannuaire.service-public.gouv.fr/auvergne-rhone-alpes/puy-de-dome/6c2c9e56-3611-423c-8cd5-d35cf54dece3,puy-de-dome,Mairie - Saint-Genès-Champanelle,collectivite_administration,mairie collectivite,1
https://lannuaire.service-public.gouv.fr/auvergne-rhone-alpes/puy-de-dome/6ce28a5c-e143-4fb9-bee1-665416eea10f,puy-de-dome,Maison des solidarités des Ancizes,structure,maison france services,1
https://lannuaire.service-public.gouv.fr/auvergne-rhone-alpes/puy-de-dome/6d06bfb0-da28-47d0-9760-5dc4e1d50132,puy-de-dome,Mairie - Trézioux,collectivite_administration,mairie collectivite,1
https://lannuaire.service-public.gouv.fr/auvergne-rhone-alpes/puy-de-dome/6d38bbfe-c957-4183-8c2f-4d3647774e28,puy-de-dome,Mairie - Saint-Bonnet-le-Chastel,collectivite_administration,mairie collectivite,1
https://lannuaire.service-public.gouv.fr/auvergne-rhone-alpes/puy-de-dome/6e69c512-f21c-4d2f-9abd-c030d57a05e6,puy-de-dome,Mairie - Roche-d'Agoux,collectivite_administration,mairie collectivite,1
https://lannuaire.service-public.gouv.fr/auvergne-rhone-alpes/puy-de-dome/6ed445d2-7152-4b4e-b7f4-252f04136767,puy-de-dome,Mairie - Chalus,collectivite_administration,mairie collectivite,1
https://lannuaire.service-public.gouv.fr/auvergne-rhone-alpes/puy-de-dome/6f20fbc9-7e54-4051-b094-62141b21a174,puy-de-dome,Mairie - Chamalières,collectivite_administration,mairie collectivite,1
https://lannuaire.service-public.gouv.fr/auvergne-rhone-alpes/puy-de-dome/6f76b46e-bb86-4374-8cdf-c032da29410f,puy-de-dome,Mairie - Villossanges,collectivite_administration,mairie collectivite,1
https://lannuaire.service-public.gouv.fr/auvergne-rhone-alpes/puy-de-dome/706bebfa-cf3e-4a81-afc0-a7d35ff6a822,puy-de-dome,Centre communal d'action sociale (CCAS) - Riom,collectivite_administration,administration collectivite service public,1
https://lannuaire.service-public.gouv.fr/auvergne-rhone-alpes/puy-de-dome/70963373-c43e-4b21-8c51-c2d5a220d24e,puy-de-dome,Mairie - La Sauvetat,collectivite_administration,mairie collectivite,1
https://lannuaire.service-public.gouv.fr/auvergne-rhone-alpes/puy-de-dome/70a6f4a7-c077-4d09-8b0c-93975078383a,puy-de-dome,Centre communal d'action sociale (CCAS) - Rochefort-Montagne,collectivite_administration,mairie collectivite,1
https://lannuaire.service-public.gouv.fr/auvergne-rhone-alpes/puy-de-dome/70d7d87c-616c-4f54-9e47-875d60cf04b2,puy-de-dome,Mairie - Saint-Just,collectivite_administration,mairie collectivite,1
https://lannuaire.service-public.gouv.fr/auvergne-rhone-alpes/puy-de-dome/70e4e68b-c9d9-4555-855c-47ae0e3dfea4,puy-de-dome,Centre communal d'action sociale (CCAS) - Mont-Dore,collectivite_administration,mairie collectivite,1
https://lannuaire.service-public.gouv.fr/auvergne-rhone-alpes/puy-de-dome/70f962f6-e5e4-4fdc-a8b0-a79125a46b92,puy-de-dome,Mairie - Vertolaye,collectivite_administration,mairie collectivite,1
https://lannuaire.service-public.gouv.fr/auvergne-rhone-alpes/puy-de-dome/7190b6ed-669c-4637-be9e-fd62d3db1c69,puy-de-dome,Centre communal d'action sociale (CCAS) - Pérignat-sur-Allier,collectivite_administration,administration collectivite service public,1
https://lannuaire.service-public.gouv.fr/auvergne-rhone-alpes/puy-de-dome/71b6991f-b512-4b3b-b1fd-74ed8b8107c8,puy-de-dome,Bureau de l'éducation routière (BER) - Puy-de-Dôme,collectivite_administration,administration collectivite service public,1
https://lannuaire.service-public.gouv.fr/auvergne-rhone-alpes/puy-de-dome/71c3f9e9-c423-4f37-b0b4-1933caa1b774,puy-de-dome,Mairie - Saint-Babel,collectivite_administration,mairie collectivite,1
https://lannuaire.service-public.gouv.fr/auvergne-rhone-alpes/puy-de-dome/72344b09-ea94-4f1f-b3c9-a7a50daec8ec,puy-de-dome,Service de gestion comptable (SGC) - Clermont métropole et amendes,collectivite_administration,administration collectivite service public,1
https://lannuaire.service-public.gouv.fr/auvergne-rhone-alpes/puy-de-dome/724c6877-f869-4a11-8155-4fb99e4d5181,puy-de-dome,Centre communal d'action sociale (CCAS) - Pont-du-Château,collectivite_administration,administration collectivite service public,1
https://lannuaire.service-public.gouv.fr/auvergne-rhone-alpes/puy-de-dome/726badbb-822c-46fa-885c-d1ab0c21eb09,puy-de-dome,Mairie - Bergonne,collectivite_administration,mairie collectivite,1
https://lannuaire.service-public.gouv.fr/auvergne-rhone-alpes/puy-de-dome/72fa1bc5-0693-43a8-816f-96995223d8dc,puy-de-dome,Espace conseil France Rénov' - Clermont-Ferrand,collectivite_administration,administration collectivite service public,1
https://lannuaire.service-public.gouv.fr/auvergne-rhone-alpes/puy-de-dome/72ff0ce4-158b-48a9-a011-3f91c13dd6ab,puy-de-dome,Mairie - Olmet,collectivite_administration,mairie collectivite,1
https://lannuaire.service-public.gouv.fr/auvergne-rhone-alpes/puy-de-dome/735ce53b-c57a-42c5-8185-4d572edf0ea1,puy-de-dome,Mairie - Teilhède,collectivite_administration,mairie collectivite,1
https://lannuaire.service-public.gouv.fr/auvergne-rhone-alpes/puy-de-dome/735e6e91-4d2a-4454-9532-811e3a7d940a,puy-de-dome,Point conseil budget - Union départementale des associations familiales (UDAF 63) - Pontaumur,collectivite_administration,administration collectivite service public,1
https://lannuaire.service-public.gouv.fr/auvergne-rhone-alpes/puy-de-dome/737a86b2-7430-4596-9fde-a4f84ae80118,puy-de-dome,Mairie - Perrier,collectivite_administration,mairie collectivite,1
https://lannuaire.service-public.gouv.fr/auvergne-rhone-alpes/puy-de-dome/739d5ec2-edcb-457f-8600-7aad5569df23,puy-de-dome,Mairie - Reignat,collectivite_administration,mairie collectivite,1
https://lannuaire.service-public.gouv.fr/auvergne-rhone-alpes/puy-de-dome/73a73982-72e4-4dde-99cd-63e8514ead6a,puy-de-dome,Mairie - Verrières,collectivite_administration,mairie collectivite,1
https://lannuaire.service-public.gouv.fr/auvergne-rhone-alpes/puy-de-dome/73bdd543-cdf4-4a8f-a265-fee398bef5f6,puy-de-dome,Centre communal d'action sociale (CCAS) - Vertaizon,collectivite_administration,mairie collectivite,1
https://lannuaire.service-public.gouv.fr/auvergne-rhone-alpes/puy-de-dome/73c29ed9-55d7-472b-b0a5-2d62abfd1c00,puy-de-dome,Mairie - Le Crest,collectivite_administration,mairie collectivite,1
https://lannuaire.service-public.gouv.fr/auvergne-rhone-alpes/puy-de-dome/73c6a29a-9401-453e-8206-3c3aad814ba3,puy-de-dome,"Office français de l'immigration et de l'intégration (OFII) - Direction territoriale de Clermont-Ferrand (dép. 03, 15, 43, 63)",collectivite_administration,administration collectivite service public,1
https://lannuaire.service-public.gouv.fr/auvergne-rhone-alpes/puy-de-dome/74009f28-9888-40f7-a950-0e750245de5f,puy-de-dome,Mairie - Saint-Sauves-d'Auvergne,collectivite_administration,mairie collectivite,1
https://lannuaire.service-public.gouv.fr/auvergne-rhone-alpes/puy-de-dome/75781db8-319f-4065-88fa-ef194da91775,puy-de-dome,Mairie - Tourzel-Ronzières,collectivite_administration,mairie collectivite,1
https://lannuaire.service-public.gouv.fr/auvergne-rhone-alpes/puy-de-dome/77753fd7-4877-40a1-a731-6144b15df200,puy-de-dome,Police municipale - Aubière,collectivite_administration,administration collectivite service public,1
https://lannuaire.service-public.gouv.fr/auvergne-rhone-alpes/puy-de-dome/793b3067-2062-4b69-b012-e2b7bef42b43,puy-de-dome,Service de gestion comptable (SGC) - Riom,collectivite_administration,administration collectivite service public,1
https://lannuaire.service-public.gouv.fr/auvergne-rhone-alpes/puy-de-dome/79414401-a444-459e-b5e7-00d22df0231a,puy-de-dome,Mairie - Champagnat-le-Jeune,collectivite_administration,mairie collectivite,1
https://lannuaire.service-public.gouv.fr/auvergne-rhone-alpes/puy-de-dome/7969fa79-77d8-42a6-8e07-06166733745f,puy-de-dome,"Direction régionale de l'alimentation, de l'agriculture et de la forêt (Draaf) - Auvergne-Rhône-Alpes - Siège de Lempdes Clermont-Ferrand",collectivite_administration,administration collectivite service public,1
https://lannuaire.service-public.gouv.fr/auvergne-rhone-alpes/puy-de-dome/79b913e4-c00f-46b8-8acd-6323e74ca36d,puy-de-dome,Police municipale - Royat,collectivite_administration,administration collectivite service public,1
https://lannuaire.service-public.gouv.fr/auvergne-rhone-alpes/puy-de-dome/79cfc108-d182-483c-ada1-3b95d1fca118,puy-de-dome,Mairie - Verneugheol,collectivite_administration,mairie collectivite,1
https://lannuaire.service-public.gouv.fr/auvergne-rhone-alpes/puy-de-dome/79f2ff2b-5e5e-46fe-933c-962d6229ac91,puy-de-dome,Mairie - Condat-en-Combraille,collectivite_administration,mairie collectivite,1
https://lannuaire.service-public.gouv.fr/auvergne-rhone-alpes/puy-de-dome/7a32d35c-70a8-40a3-8592-e57faa460a57,puy-de-dome,Point conseil budget - Union départementale des associations familiales (UDAF 63) - Clermont-Ferrand - Henri-Tourette,collectivite_administration,administration collectivite service public,1
https://lannuaire.service-public.gouv.fr/auvergne-rhone-alpes/puy-de-dome/7a3a725b-a379-4d13-a8e2-ec92e19ce95f,puy-de-dome,Mairie - Le Vernet-Chaméane,collectivite_administration,mairie collectivite,1
https://lannuaire.service-public.gouv.fr/auvergne-rhone-alpes/puy-de-dome/7a66356f-3d05-429a-a147-2d8a7675ca88,puy-de-dome,Centre communal d'action sociale (CCAS) - Celles-sur-Durolle,collectivite_administration,mairie collectivite,1
https://lannuaire.service-public.gouv.fr/auvergne-rhone-alpes/puy-de-dome/7c3b40b8-3c5c-4e4e-bc2e-8977fcc80f01,puy-de-dome,Banque de France - Bureau d’accueil et d’information - Clermont-Ferrand,collectivite_administration,administration collectivite service public,1
https://lannuaire.service-public.gouv.fr/auvergne-rhone-alpes/puy-de-dome/7c546359-0f1d-4130-a053-038a082231e2,puy-de-dome,Mairie - Saint-Julien-la-Geneste,collectivite_administration,mairie collectivite,1
https://lannuaire.service-public.gouv.fr/auvergne-rhone-alpes/puy-de-dome/7c9b32bc-45b8-4c65-b6e9-2e7b256f5200,puy-de-dome,Mairie - Parent,collectivite_administration,mairie collectivite,1
https://lannuaire.service-public.gouv.fr/auvergne-rhone-alpes/puy-de-dome/7cc22312-abfd-4d38-9f8f-5ebc383d49f5,puy-de-dome,Mairie - Sauviat,collectivite_administration,mairie collectivite,1
https://lannuaire.service-public.gouv.fr/auvergne-rhone-alpes/puy-de-dome/7d1e3b62-c351-4e4f-bc88-71ae4e45527a,puy-de-dome,Mairie - Chadeleuf,collectivite_administration,mairie collectivite,1
https://lannuaire.service-public.gouv.fr/auvergne-rhone-alpes/puy-de-dome/7d277f07-d61f-4c89-ae7e-a0deda9d74fc,puy-de-dome,Mairie - Saint-André-le-Coq,collectivite_administration,mairie collectivite,1
https://lannuaire.service-public.gouv.fr/auvergne-rhone-alpes/puy-de-dome/7da45a55-959b-42b8-a749-7386dd4c5cb4,puy-de-dome,Mairie - Lapeyrouse,collectivite_administration,mairie collectivite,1
https://lannuaire.service-public.gouv.fr/auvergne-rhone-alpes/puy-de-dome/7dd99446-d0b3-4fd8-a4f8-adef2f3b7ad5,puy-de-dome,Mairie - Vichel,collectivite_administration,mairie collectivite,1
https://lannuaire.service-public.gouv.fr/auvergne-rhone-alpes/puy-de-dome/7e3e0566-6a00-43fb-92f1-961ea958b6a8,puy-de-dome,Point-justice en France services de Herment,collectivite_administration,administration collectivite service public,1
https://lannuaire.service-public.gouv.fr/auvergne-rhone-alpes/puy-de-dome/7e46285b-e6fa-43c3-abc6-8422d3b850e1,puy-de-dome,Mairie - Saint-Hilaire-les-Monges,collectivite_administration,mairie collectivite,1
https://lannuaire.service-public.gouv.fr/auvergne-rhone-alpes/puy-de-dome/7e6753bf-0d0b-49aa-aeeb-7beae3b8ae20,puy-de-dome,Agence de l'environnement et de la maîtrise de l'énergie (ADEME) - Direction régionale Auvergne-Rhône-Alpes - Site de Clermont-Ferrand,collectivite_administration,administration collectivite service public,1
https://lannuaire.service-public.gouv.fr/auvergne-rhone-alpes/puy-de-dome/7eaea5bd-cf4a-4de5-a5bd-7e1d3592e331,puy-de-dome,Mairie - Mont-Dore,collectivite_administration,mairie collectivite,1
https://lannuaire.service-public.gouv.fr/auvergne-rhone-alpes/puy-de-dome/7fa915e8-d1dd-4bff-90a6-0a57b2ea16f6,puy-de-dome,Mairie - Montaigut-en-Combraille,collectivite_administration,mairie collectivite,1
https://lannuaire.service-public.gouv.fr/auvergne-rhone-alpes/puy-de-dome/80208814-b862-4aab-b688-69b025bc0217,puy-de-dome,Commissariat de police de Chamalières,cse,administration collectivite service public,1
https://lannuaire.service-public.gouv.fr/auvergne-rhone-alpes/puy-de-dome/802d0900-3066-4869-8de8-b17198a1d922,puy-de-dome,Mairie - Yssac-la-Tourette,collectivite_administration,mairie collectivite,1
https://lannuaire.service-public.gouv.fr/auvergne-rhone-alpes/puy-de-dome/8070e867-49bf-4046-9209-bb7ad14daa71,puy-de-dome,Chambre de commerce et d'industrie (CCI) 63 - Puy-de-Dôme - Siège de Clermont-Ferrand,collectivite_administration,administration collectivite service public,1
https://lannuaire.service-public.gouv.fr/auvergne-rhone-alpes/puy-de-dome/807dd630-b6ab-4a30-ae6b-d3baa378d297,puy-de-dome,Maison des solidarités d’Ambert,structure,maison france services,1
https://lannuaire.service-public.gouv.fr/auvergne-rhone-alpes/puy-de-dome/808e20e9-ec03-478d-9a39-527d4cf0b43d,puy-de-dome,Mairie - Manzat,collectivite_administration,mairie collectivite,1
https://lannuaire.service-public.gouv.fr/auvergne-rhone-alpes/puy-de-dome/80981ab9-6139-4a6a-9fc8-883be1d56c02,puy-de-dome,Centre communal d'action sociale (CCAS) - Pontaumur,collectivite_administration,mairie collectivite,1
https://lannuaire.service-public.gouv.fr/auvergne-rhone-alpes/puy-de-dome/80bb8a27-989f-4d99-b9df-abe33bf6b935,puy-de-dome,Mairie - Tralaigues,collectivite_administration,mairie collectivite,1
https://lannuaire.service-public.gouv.fr/auvergne-rhone-alpes/puy-de-dome/814e3ba7-1df7-4ef7-9d8e-5cc3abae7993,puy-de-dome,Mairie - Bussières-Prés-Pionsat,collectivite_administration,mairie collectivite,1
https://lannuaire.service-public.gouv.fr/auvergne-rhone-alpes/puy-de-dome/8154bcf5-8924-452d-9592-6fb0ffabb3e0,puy-de-dome,France services - Gerzat,collectivite_administration,administration collectivite service public,1
https://lannuaire.service-public.gouv.fr/auvergne-rhone-alpes/puy-de-dome/81b06a64-a0ff-4a11-b842-aad6826087ad,puy-de-dome,Greta Livradois Forez - Ambert,collectivite_administration,administration collectivite service public,1
https://lannuaire.service-public.gouv.fr/auvergne-rhone-alpes/puy-de-dome/81e783d8-a652-4458-b229-dc757cb06344,puy-de-dome,Mairie - Lezoux,collectivite_administration,mairie collectivite,1
https://lannuaire.service-public.gouv.fr/auvergne-rhone-alpes/puy-de-dome/821a6913-a8b9-4a0c-8e5f-83c0a968d888,puy-de-dome,Mairie - Châtel-Guyon,collectivite_administration,mairie collectivite,1
https://lannuaire.service-public.gouv.fr/auvergne-rhone-alpes/puy-de-dome/823ee0b4-99d9-4dd7-95c0-b6f5bde22d25,puy-de-dome,Mairie - Pérignat-lès-Sarliève,collectivite_administration,mairie collectivite,1
https://lannuaire.service-public.gouv.fr/auvergne-rhone-alpes/puy-de-dome/82490575-02a7-4be4-98af-833228e3b38c,puy-de-dome,Mairie - Voingt,collectivite_administration,mairie collectivite,1
https://lannuaire.service-public.gouv.fr/auvergne-rhone-alpes/puy-de-dome/829d2652-883d-4784-a5b7-d98dc419d639,puy-de-dome,Mairie - La Celle-d'Auvergne,collectivite_administration,mairie collectivite,1
https://lannuaire.service-public.gouv.fr/auvergne-rhone-alpes/puy-de-dome/82b163d5-ef4b-4ad0-925c-0e6dbb381266,puy-de-dome,Association de gestion du fonds pour l'insertion professionnelle des personnes handicapées (Agefiph) - Auvergne-Rhône-Alpes - Clermont-Ferrand,collectivite_administration,administration collectivite service public,1
https://lannuaire.service-public.gouv.fr/auvergne-rhone-alpes/puy-de-dome/8311ef21-84a6-4613-9ab7-4a496701b179,puy-de-dome,Mairie - Gerzat,collectivite_administration,mairie collectivite,1
https://lannuaire.service-public.gouv.fr/auvergne-rhone-alpes/puy-de-dome/83156bbd-85d2-4fec-ade4-f22daa4adce3,puy-de-dome,Mairie - Nonette-Orsonnette,collectivite_administration,mairie collectivite,1
https://lannuaire.service-public.gouv.fr/auvergne-rhone-alpes/puy-de-dome/839199a9-69e9-4942-be88-c1dd7f8231b3,puy-de-dome,Mairie - Cros,collectivite_administration,mairie collectivite,1
https://lannuaire.service-public.gouv.fr/auvergne-rhone-alpes/puy-de-dome/84175f23-58cc-4013-8629-706140b6534d,puy-de-dome,France services - La Tour-d'Auvergne,collectivite_administration,administration collectivite service public,1
https://lannuaire.service-public.gouv.fr/auvergne-rhone-alpes/puy-de-dome/84828004-7159-47b0-85c4-068e20244355,puy-de-dome,Communauté d'agglomération - Riom Limagne et Volcans,collectivite_administration,administration collectivite service public,1
https://lannuaire.service-public.gouv.fr/auvergne-rhone-alpes/puy-de-dome/84ac8de6-612c-44c1-b3fd-2285c80ed37d,puy-de-dome,Mairie - Sauvessanges,collectivite_administration,mairie collectivite,1
https://lannuaire.service-public.gouv.fr/auvergne-rhone-alpes/puy-de-dome/8530d202-4920-4d4c-977f-6efb59432f62,puy-de-dome,Conseil de prud'hommes de Riom,collectivite_administration,administration collectivite service public,1
https://lannuaire.service-public.gouv.fr/auvergne-rhone-alpes/puy-de-dome/854c1ed0-2da5-4c72-8aaa-72ccdceef1bc,puy-de-dome,Mairie - Saint-Floret,collectivite_administration,mairie collectivite,1
https://lannuaire.service-public.gouv.fr/auvergne-rhone-alpes/puy-de-dome/85629af7-530f-4034-907e-91beda6d814a,puy-de-dome,Mairie - Saint-Alyre-d'Arlanc,collectivite_administration,mairie collectivite,1
https://lannuaire.service-public.gouv.fr/auvergne-rhone-alpes/puy-de-dome/8572bf0c-7253-473e-b75b-406184ad5adc,puy-de-dome,Police municipale - Le Cendre,collectivite_administration,administration collectivite service public,1
https://lannuaire.service-public.gouv.fr/auvergne-rhone-alpes/puy-de-dome/85986bc7-9350-4fa0-a3b5-1638a4fd111f,puy-de-dome,Centre de protection maternelle et infantile (PMI) - Cournon,collectivite_administration,administration collectivite service public,1
https://lannuaire.service-public.gouv.fr/auvergne-rhone-alpes/puy-de-dome/85aa0d81-e3bf-4293-bce1-74147840f5f1,puy-de-dome,Commissariat de police de Clermont-Ferrand - Secteur Jaude,cse,administration collectivite service public,1
https://lannuaire.service-public.gouv.fr/auvergne-rhone-alpes/puy-de-dome/8618bc52-11ad-4969-8b9f-427827f94461,puy-de-dome,Mairie - Champétières,collectivite_administration,mairie collectivite,1
https://lannuaire.service-public.gouv.fr/auvergne-rhone-alpes/puy-de-dome/86c79cce-6ae7-4266-a1e4-8770ef575fc4,puy-de-dome,Centre communal d'action sociale (CCAS) - Chauriat,collectivite_administration,mairie collectivite,1
https://lannuaire.service-public.gouv.fr/auvergne-rhone-alpes/puy-de-dome/86eadace-2201-4b19-aca0-875df2334472,puy-de-dome,Mairie - Olloix,collectivite_administration,mairie collectivite,1
https://lannuaire.service-public.gouv.fr/auvergne-rhone-alpes/puy-de-dome/86f9abef-a8eb-419f-80b9-395b909d03a3,puy-de-dome,Point information jeunesse - Riom,jeunesse_loisirs,PIJ information jeunesse,1
https://lannuaire.service-public.gouv.fr/auvergne-rhone-alpes/puy-de-dome/87ebc892-a857-4af3-bb5a-fed4a85ba960,puy-de-dome,Mairie - Culhat,collectivite_administration,mairie collectivite,1
https://lannuaire.service-public.gouv.fr/auvergne-rhone-alpes/puy-de-dome/87fd9ede-6be2-4743-ba64-99f4ef706e9a,puy-de-dome,Mairie - Saint-Étienne-sur-Usson,collectivite_administration,mairie collectivite,1
https://lannuaire.service-public.gouv.fr/auvergne-rhone-alpes/puy-de-dome/88529110-2053-4a96-9af5-1db60a81593d,puy-de-dome,Mairie - Égliseneuve-d'Entraigues,collectivite_administration,mairie collectivite,1
https://lannuaire.service-public.gouv.fr/auvergne-rhone-alpes/puy-de-dome/8898625a-f352-4874-a63a-1bb43e4b2406,puy-de-dome,France services - Clermont-Ferrand Nord,collectivite_administration,mairie collectivite,1
https://lannuaire.service-public.gouv.fr/auvergne-rhone-alpes/puy-de-dome/88d9ee55-8535-472b-94fe-b88fb1584bc6,puy-de-dome,Centre communal d'action sociale (CCAS) - Authezat,collectivite_administration,mairie collectivite,1
https://lannuaire.service-public.gouv.fr/auvergne-rhone-alpes/puy-de-dome/88f74e64-53c2-4821-b491-3df160a2eff3,puy-de-dome,Mairie - Olliergues,collectivite_administration,mairie collectivite,1
https://lannuaire.service-public.gouv.fr/auvergne-rhone-alpes/puy-de-dome/88f96476-1a66-4b71-a5b2-15f9a2603116,puy-de-dome,Police municipale - Chamalières,collectivite_administration,administration collectivite service public,1
https://lannuaire.service-public.gouv.fr/auvergne-rhone-alpes/puy-de-dome/89e98fe7-0d53-47c7-97c2-26a9f56fc1b4,puy-de-dome,Mairie - Surat,collectivite_administration,mairie collectivite,1
https://lannuaire.service-public.gouv.fr/auvergne-rhone-alpes/puy-de-dome/8a21e01a-20d2-4146-9dd0-b7a30737a453,puy-de-dome,France services - Lezoux,collectivite_administration,administration collectivite service public,1
https://lannuaire.service-public.gouv.fr/auvergne-rhone-alpes/puy-de-dome/8a3f0ed6-a60f-43c5-bf93-fd38e8bb8d48,puy-de-dome,Mairie - Saint-Bonnet-près-Orcival,collectivite_administration,mairie collectivite,1
https://lannuaire.service-public.gouv.fr/auvergne-rhone-alpes/puy-de-dome/8ab2e886-c656-4e9a-9886-b07d08a02ff3,puy-de-dome,Fédération départementale des chasseurs - Puy-de-Dôme,collectivite_administration,administration collectivite service public,1
https://lannuaire.service-public.gouv.fr/auvergne-rhone-alpes/puy-de-dome/8b3f1470-9dd5-43ab-9415-c9ba7e9f83c1,puy-de-dome,Mairie - Saint-Hilaire-la-Croix,collectivite_administration,mairie collectivite,1
https://lannuaire.service-public.gouv.fr/auvergne-rhone-alpes/puy-de-dome/8b464987-de56-4fa8-8e29-b99a776e28b6,puy-de-dome,Mairie - Le Quartier,collectivite_administration,mairie collectivite,1
https://lannuaire.service-public.gouv.fr/auvergne-rhone-alpes/puy-de-dome/8bc9bb59-d72d-460f-abe9-7178ec164282,puy-de-dome,Mairie - Saint‑Avit‑d'Auvergne,collectivite_administration,mairie collectivite,1
https://lannuaire.service-public.gouv.fr/auvergne-rhone-alpes/puy-de-dome/8c342d21-9300-4e97-b3a7-75ccb3234087,puy-de-dome,Mairie - Saint-Rémy-sur-Durolle,collectivite_administration,mairie collectivite,1
https://lannuaire.service-public.gouv.fr/auvergne-rhone-alpes/puy-de-dome/8c462754-b0d6-470c-a5a5-dd0915840c33,puy-de-dome,Mairie - Nébouzat,collectivite_administration,mairie collectivite,1
https://lannuaire.service-public.gouv.fr/auvergne-rhone-alpes/puy-de-dome/8d15b877-f2d8-4165-b6e9-531d955c1b5f,puy-de-dome,Mairie - Blot-l'Église,collectivite_administration,mairie collectivite,1
https://lannuaire.service-public.gouv.fr/auvergne-rhone-alpes/puy-de-dome/8d8fa626-6be2-456c-8943-e0bcda429774,puy-de-dome,Mairie - Doranges,collectivite_administration,mairie collectivite,1
https://lannuaire.service-public.gouv.fr/auvergne-rhone-alpes/puy-de-dome/8dcf96a9-744a-4c49-91c6-f5a4703f8dfd,puy-de-dome,Mairie - Mirefleurs,collectivite_administration,mairie collectivite,1
https://lannuaire.service-public.gouv.fr/auvergne-rhone-alpes/puy-de-dome/8dd1eed4-190b-4321-8060-504d53bb43ab,puy-de-dome,Mairie - Saint-Gal-sur-Sioule,collectivite_administration,mairie collectivite,1
https://lannuaire.service-public.gouv.fr/auvergne-rhone-alpes/puy-de-dome/8e1c9bca-4269-4f34-8125-dcbe7db6bd63,puy-de-dome,Police municipale - Thiers,collectivite_administration,administration collectivite service public,1
https://lannuaire.service-public.gouv.fr/auvergne-rhone-alpes/puy-de-dome/8e67e7bf-1b77-4911-b3c2-5f3ee1004853,puy-de-dome,Mairie - Orléat,collectivite_administration,mairie collectivite,1
https://lannuaire.service-public.gouv.fr/auvergne-rhone-alpes/puy-de-dome/8e83f18e-4a55-4f5d-b16f-79239560c5a0,puy-de-dome,Mairie - Job,collectivite_administration,mairie collectivite,1
https://lannuaire.service-public.gouv.fr/auvergne-rhone-alpes/puy-de-dome/8f3966ff-6751-4a17-a4ff-d4f212b32cad,puy-de-dome,Point-justice Maison des Associations Issoire,protection_enfance,maison france services,1
https://lannuaire.service-public.gouv.fr/auvergne-rhone-alpes/puy-de-dome/8f42de8d-bc30-4a08-a53b-466672f770d4,puy-de-dome,Mairie - Artonne,collectivite_administration,mairie collectivite,1
https://lannuaire.service-public.gouv.fr/auvergne-rhone-alpes/puy-de-dome/8f83bad8-d06c-4737-827e-600cc4dc521d,puy-de-dome,Mairie - Saurier,collectivite_administration,mairie collectivite,1
https://lannuaire.service-public.gouv.fr/auvergne-rhone-alpes/puy-de-dome/90013ce2-4c19-4e56-9c90-f525143c0c89,puy-de-dome,Service départemental des impôts foncier (SDIF) Puy-de-Dôme - Clermont-Ferrand,collectivite_administration,administration collectivite service public,1
https://lannuaire.service-public.gouv.fr/auvergne-rhone-alpes/puy-de-dome/903b26f0-45e2-4545-bd7a-78700fbf1341,puy-de-dome,Direction départementale des finances publiques (DDFIP) - Puy-de-Dôme,collectivite_administration,administration collectivite service public,1
https://lannuaire.service-public.gouv.fr/auvergne-rhone-alpes/puy-de-dome/90bf64d2-90dc-44de-8955-92e77433c07b,puy-de-dome,Direction interdépartementale des routes (DIR) - Massif central,collectivite_administration,administration collectivite service public,1
https://lannuaire.service-public.gouv.fr/auvergne-rhone-alpes/puy-de-dome/90d0cc8d-8259-438f-86c6-fda5baba8eee,puy-de-dome,Communauté - Mont-d'Arverne,collectivite_administration,administration collectivite service public,1
https://lannuaire.service-public.gouv.fr/auvergne-rhone-alpes/puy-de-dome/90d94cfb-a5ff-4599-9bc9-64fb4b278df7,puy-de-dome,Mairie - Pérignat-ès-Allier,collectivite_administration,mairie collectivite,1
https://lannuaire.service-public.gouv.fr/auvergne-rhone-alpes/puy-de-dome/9228f6bc-5196-4d34-9caf-10eacfe93d58,puy-de-dome,Paierie départementale - Puy-de-Dôme - Clermont-Ferrand,collectivite_administration,administration collectivite service public,1
https://lannuaire.service-public.gouv.fr/auvergne-rhone-alpes/puy-de-dome/9328788b-8f75-4f15-a893-53bc34aadfbe,puy-de-dome,Mairie - Montpeyroux,collectivite_administration,mairie collectivite,1
https://lannuaire.service-public.gouv.fr/auvergne-rhone-alpes/puy-de-dome/9376f606-9747-4fa3-b306-84ec9b31138e,puy-de-dome,Centre communal d'action sociale (CCAS) - Beauregard-l'Évêque,collectivite_administration,mairie collectivite,1
https://lannuaire.service-public.gouv.fr/auvergne-rhone-alpes/puy-de-dome/93a3ac7b-78d0-45cf-ac58-1de828da9d3a,puy-de-dome,Mairie - Montmorin,collectivite_administration,mairie collectivite,1
https://lannuaire.service-public.gouv.fr/auvergne-rhone-alpes/puy-de-dome/93e7854a-76fd-40d7-a32c-99cb60766fb6,puy-de-dome,Mairie - Thuret,collectivite_administration,mairie collectivite,1
https://lannuaire.service-public.gouv.fr/auvergne-rhone-alpes/puy-de-dome/94617fdc-3c32-4e33-9d81-86cf7c78c790,puy-de-dome,Comité départemental d’examen des difficultés des entreprises (CODEFI)  - Puy-de-Dôme,collectivite_administration,administration collectivite service public,1
https://lannuaire.service-public.gouv.fr/auvergne-rhone-alpes/puy-de-dome/9516268a-c453-4f71-bd26-d406c9c6f2d0,puy-de-dome,Mairie - Isserteaux,collectivite_administration,mairie collectivite,1
https://lannuaire.service-public.gouv.fr/auvergne-rhone-alpes/puy-de-dome/9571ffb1-bf29-4554-bf68-3fd0c2da2c1b,puy-de-dome,Mairie - Brousse,collectivite_administration,mairie collectivite,1
https://lannuaire.service-public.gouv.fr/auvergne-rhone-alpes/puy-de-dome/95ac533a-7594-409c-8417-7afea4a87b6d,puy-de-dome,Mairie - Saint-Romain,collectivite_administration,mairie collectivite,1
https://lannuaire.service-public.gouv.fr/auvergne-rhone-alpes/puy-de-dome/95d85fbc-1feb-4256-a36e-4d2e304fc649,puy-de-dome,Mairie - Royat,collectivite_administration,mairie collectivite,1
https://lannuaire.service-public.gouv.fr/auvergne-rhone-alpes/puy-de-dome/96777ef1-1f98-41da-ba53-74b8182ce601,puy-de-dome,Mairie - Aurières,collectivite_administration,mairie collectivite,1
https://lannuaire.service-public.gouv.fr/auvergne-rhone-alpes/puy-de-dome/968f23a9-7471-4a75-97e6-402747ac22af,puy-de-dome,Société d'aménagement foncier et d'établissement rural (Safer) - Puy-de-Dôme,collectivite_administration,administration collectivite service public,1
https://lannuaire.service-public.gouv.fr/auvergne-rhone-alpes/puy-de-dome/987d0547-ca22-4f58-9e1f-81ca770f14c3,puy-de-dome,Mairie - Marat,collectivite_administration,mairie collectivite,1
https://lannuaire.service-public.gouv.fr/auvergne-rhone-alpes/puy-de-dome/9899ab8d-4333-46a0-9deb-2d757a355267,puy-de-dome,Point-justice du CH Sainte-Marie de Clermont-Ferrand,collectivite_administration,administration collectivite service public,1
https://lannuaire.service-public.gouv.fr/auvergne-rhone-alpes/puy-de-dome/994e9960-bedd-4661-9587-f08317fb83c7,puy-de-dome,Mairie - Chaptuzat,collectivite_administration,mairie collectivite,1
https://lannuaire.service-public.gouv.fr/auvergne-rhone-alpes/puy-de-dome/9973f287-9546-49fd-ba16-ea4fa44662e8,puy-de-dome,Mairie - Saint-Éloy-les-Mines,collectivite_administration,mairie collectivite,1
https://lannuaire.service-public.gouv.fr/auvergne-rhone-alpes/puy-de-dome/99a703c3-3e3a-4239-80bf-9eea4eda9476,puy-de-dome,Mairie - Ludesse,collectivite_administration,mairie collectivite,1
https://lannuaire.service-public.gouv.fr/auvergne-rhone-alpes/puy-de-dome/9a26523d-3179-47e5-9b45-960b1b0361fd,puy-de-dome,Centre de ressources et d'information des bénévoles (CRIB) - Chambre régionale de l'économie sociale et solidaire d'Auvergne-Rhône-Alpes,collectivite_administration,administration collectivite service public,1
https://lannuaire.service-public.gouv.fr/auvergne-rhone-alpes/puy-de-dome/9adb9771-180e-4009-8ec7-0cd03ff060de,puy-de-dome,Police municipale - Volvic,collectivite_administration,administration collectivite service public,1
https://lannuaire.service-public.gouv.fr/auvergne-rhone-alpes/puy-de-dome/9ae07dc8-0c55-4820-b32d-10c55575c738,puy-de-dome,Mairie - Durtol,collectivite_administration,mairie collectivite,1
https://lannuaire.service-public.gouv.fr/auvergne-rhone-alpes/puy-de-dome/9af5b42c-6e1f-4733-a59c-a4886121cc21,puy-de-dome,Service de gestion comptable (SGC) - Thiers,collectivite_administration,administration collectivite service public,1
https://lannuaire.service-public.gouv.fr/auvergne-rhone-alpes/puy-de-dome/9b0ead58-535d-4bc7-8a9a-c30e5ac97227,puy-de-dome,Mairie - Saint-Ignat,collectivite_administration,mairie collectivite,1
https://lannuaire.service-public.gouv.fr/auvergne-rhone-alpes/puy-de-dome/9b1e9786-0c31-4297-8aed-b5b1975a1591,puy-de-dome,Mairie - Ayat-sur-Sioule,collectivite_administration,mairie collectivite,1
https://lannuaire.service-public.gouv.fr/auvergne-rhone-alpes/puy-de-dome/9b579f0f-9bdc-40e2-957b-11e793c03b39,puy-de-dome,Mairie - Yronde-et-Buron,collectivite_administration,mairie collectivite,1
https://lannuaire.service-public.gouv.fr/auvergne-rhone-alpes/puy-de-dome/9b5d9f98-f760-4111-8d7b-803d1384c03b,puy-de-dome,France services - Cournon-d'Auvergne,structure,maison france services,1
https://lannuaire.service-public.gouv.fr/auvergne-rhone-alpes/puy-de-dome/9beda32a-fe8d-4785-a934-3036869e54b6,puy-de-dome,Communauté de communes - Thiers Dore et Montagne,collectivite_administration,administration collectivite service public,1
https://lannuaire.service-public.gouv.fr/auvergne-rhone-alpes/puy-de-dome/9cd0bd34-198b-4fb9-9535-7cc84b607c6c,puy-de-dome,Mairie - Novacelles,collectivite_administration,mairie collectivite,1
https://lannuaire.service-public.gouv.fr/auvergne-rhone-alpes/puy-de-dome/9d02a3b8-5247-4c51-893a-6fd2ef1450c0,puy-de-dome,Maison départementale des personnes handicapées (MDPH) - Puy-de-Dôme,structure,maison france services,1
https://lannuaire.service-public.gouv.fr/auvergne-rhone-alpes/puy-de-dome/9db3cb45-686c-4c62-9228-e95a12539b7e,puy-de-dome,Mairie - Pionsat,collectivite_administration,mairie collectivite,1
https://lannuaire.service-public.gouv.fr/auvergne-rhone-alpes/puy-de-dome/9e256620-00aa-44a1-9cfe-11e63105e549,puy-de-dome,Police municipale - Lezoux,collectivite_administration,administration collectivite service public,1
https://lannuaire.service-public.gouv.fr/auvergne-rhone-alpes/puy-de-dome/9e824346-86b7-4516-8754-7c9483775cbe,puy-de-dome,Mairie - Medeyrolles,collectivite_administration,mairie collectivite,1
https://lannuaire.service-public.gouv.fr/auvergne-rhone-alpes/puy-de-dome/9e9215ff-0d94-4d16-b73f-f86d6fddf8e2,puy-de-dome,Mairie - Courpière,collectivite_administration,mairie collectivite,1
https://lannuaire.service-public.gouv.fr/auvergne-rhone-alpes/puy-de-dome/9f142bbb-ec27-4454-9b05-81281bba2fa6,puy-de-dome,Mairie - Pulvérières,collectivite_administration,mairie collectivite,1
https://lannuaire.service-public.gouv.fr/auvergne-rhone-alpes/puy-de-dome/a0a405bc-c47c-4f05-8105-1aaf1a9d0587,puy-de-dome,Mairie - Enval,collectivite_administration,mairie collectivite,1
https://lannuaire.service-public.gouv.fr/auvergne-rhone-alpes/puy-de-dome/a0f48d74-ca5d-456b-96eb-d0b67335637f,puy-de-dome,Mairie - Dauzat-sur-Vodable,collectivite_administration,mairie collectivite,1
https://lannuaire.service-public.gouv.fr/auvergne-rhone-alpes/puy-de-dome/a192870c-595b-4b18-b6a6-199b1c17501e,puy-de-dome,Mairie - Château-sur-Cher,collectivite_administration,mairie collectivite,1
https://lannuaire.service-public.gouv.fr/auvergne-rhone-alpes/puy-de-dome/a1b3f59e-9ffd-4dd0-a7a8-efbb6b900acd,puy-de-dome,Mairie - Aubusson-d'Auvergne,collectivite_administration,mairie collectivite,1
https://lannuaire.service-public.gouv.fr/auvergne-rhone-alpes/puy-de-dome/a1d6f10c-195f-4a27-9357-973d0249fa59,puy-de-dome,Mairie - Chabreloche,collectivite_administration,mairie collectivite,1
https://lannuaire.service-public.gouv.fr/auvergne-rhone-alpes/puy-de-dome/a1ed11fd-824a-4d03-8917-318be143a447,puy-de-dome,Mairie - Chanat-la-Mouteyre,collectivite_administration,mairie collectivite,1
https://lannuaire.service-public.gouv.fr/auvergne-rhone-alpes/puy-de-dome/a245e396-aec4-4d98-befb-7722482278fc,puy-de-dome,Mairie - Saint-Martin-d'Ollières,collectivite_administration,mairie collectivite,1
https://lannuaire.service-public.gouv.fr/auvergne-rhone-alpes/puy-de-dome/a29b6778-f10f-4898-9e6e-664e281178a4,puy-de-dome,Mairie - Aigueperse,collectivite_administration,mairie collectivite,1
https://lannuaire.service-public.gouv.fr/auvergne-rhone-alpes/puy-de-dome/a2caeeca-47d6-4638-ade3-2b107dd5ec0f,puy-de-dome,Mairie - Estandeuil,collectivite_administration,mairie collectivite,1
https://lannuaire.service-public.gouv.fr/auvergne-rhone-alpes/puy-de-dome/a3231e16-5280-4702-a8c4-f425d68341d6,puy-de-dome,Mairie - Saint-Pierre-Colamine,collectivite_administration,mairie collectivite,1
https://lannuaire.service-public.gouv.fr/auvergne-rhone-alpes/puy-de-dome/a3f5a857-1025-405f-995d-4c451bc9651f,puy-de-dome,Point conseil budget - Croix Marine 63,collectivite_administration,administration collectivite service public,1
https://lannuaire.service-public.gouv.fr/auvergne-rhone-alpes/puy-de-dome/a4214775-fd52-4b09-a791-8a83a801158a,puy-de-dome,Mairie - La Chapelle-Agnon,collectivite_administration,mairie collectivite,1
https://lannuaire.service-public.gouv.fr/auvergne-rhone-alpes/puy-de-dome/a432f565-772f-4c47-b8d9-6013b1505b1b,puy-de-dome,Mairie - Murol,collectivite_administration,mairie collectivite,1
https://lannuaire.service-public.gouv.fr/auvergne-rhone-alpes/puy-de-dome/a477837a-7e4b-4364-9119-a01da774362a,puy-de-dome,Mairie - Combronde,collectivite_administration,mairie collectivite,1
https://lannuaire.service-public.gouv.fr/auvergne-rhone-alpes/puy-de-dome/a482d7a4-8bb1-4866-b940-cbba7db504e7,puy-de-dome,Mairie - Bas-et-Lezat,collectivite_administration,mairie collectivite,1
https://lannuaire.service-public.gouv.fr/auvergne-rhone-alpes/puy-de-dome/a4849789-d1c7-4ba2-a5b0-671ca4b5ba17,puy-de-dome,Conseil départemental de l'ordre des médecins - Puy-de-Dôme,collectivite_administration,administration collectivite service public,1
https://lannuaire.service-public.gouv.fr/auvergne-rhone-alpes/puy-de-dome/a4899f7f-5f6f-4e38-b357-5309d05241ef,puy-de-dome,Centre de protection maternelle et infantile (PMI) - Clermont-Ferrand - Michel-de-l'Hospital,collectivite_administration,administration collectivite service public,1
https://lannuaire.service-public.gouv.fr/auvergne-rhone-alpes/puy-de-dome/a4e4dbf7-193d-459f-87eb-f81856d5b428,puy-de-dome,Mairie - Saint-Pardoux,collectivite_administration,mairie collectivite,1
https://lannuaire.service-public.gouv.fr/auvergne-rhone-alpes/puy-de-dome/a537f759-2630-4f99-9a4d-0e0c453ad09d,puy-de-dome,Mairie - Saint-Clément-de-Valorgue,collectivite_administration,mairie collectivite,1
https://lannuaire.service-public.gouv.fr/auvergne-rhone-alpes/puy-de-dome/a66e68cf-0043-4266-bf4b-1437858510b9,puy-de-dome,Police municipale - Issoire,collectivite_administration,administration collectivite service public,1
https://lannuaire.service-public.gouv.fr/auvergne-rhone-alpes/puy-de-dome/a6b19fa4-a5b9-4331-a9b5-6336ca9b0797,puy-de-dome,Mairie - Orcival,collectivite_administration,mairie collectivite,1
https://lannuaire.service-public.gouv.fr/auvergne-rhone-alpes/puy-de-dome/a6fd803c-fdaf-4e9b-b595-3cb658ccbd8d,puy-de-dome,Centre communal d'action sociale (CCAS) - Le Cendre,collectivite_administration,administration collectivite service public,1
https://lannuaire.service-public.gouv.fr/auvergne-rhone-alpes/puy-de-dome/a755cd2b-3105-4468-874a-bb1214e2e4d5,puy-de-dome,Mairie - Aubiat,collectivite_administration,mairie collectivite,1
https://lannuaire.service-public.gouv.fr/auvergne-rhone-alpes/puy-de-dome/a761fca5-ef3f-4a17-ae26-b62162cabbdd,puy-de-dome,Centre communal d'action sociale (CCAS) - Courpière,collectivite_administration,administration collectivite service public,1
https://lannuaire.service-public.gouv.fr/auvergne-rhone-alpes/puy-de-dome/a78d8518-f68d-4844-8fc1-7673c680cf44,puy-de-dome,Mairie - Saint-Hérent,collectivite_administration,mairie collectivite,1
https://lannuaire.service-public.gouv.fr/auvergne-rhone-alpes/puy-de-dome/a8faeedf-0e96-42b1-94f2-542604a1a781,puy-de-dome,Mairie déléguée - Chaméane,collectivite_administration,mairie collectivite,1
https://lannuaire.service-public.gouv.fr/auvergne-rhone-alpes/puy-de-dome/a9162970-0c94-4db5-8445-91e409b4c6e7,puy-de-dome,Mairie - Ternant-les-Eaux,collectivite_administration,mairie collectivite,1
https://lannuaire.service-public.gouv.fr/auvergne-rhone-alpes/puy-de-dome/a9f618a7-302f-4940-b8f6-5e7419f1e370,puy-de-dome,Greta Val d'Allier - Issoire,collectivite_administration,administration collectivite service public,1
https://lannuaire.service-public.gouv.fr/auvergne-rhone-alpes/puy-de-dome/aa1730d7-0a25-4de0-8c21-01cf4b7f0b2b,puy-de-dome,Mairie - Lussat,collectivite_administration,mairie collectivite,1
https://lannuaire.service-public.gouv.fr/auvergne-rhone-alpes/puy-de-dome/aa48b3e0-cdae-48b5-818f-d5cb8c55dac1,puy-de-dome,Mairie - Saint-Jean-Saint-Gervais,collectivite_administration,mairie collectivite,1
https://lannuaire.service-public.gouv.fr/auvergne-rhone-alpes/puy-de-dome/aa885a10-064f-4dfb-8ad2-036cc5e270a0,puy-de-dome,Centre communal d'action sociale (CCAS) - Saint-Sandoux,collectivite_administration,mairie collectivite,1
https://lannuaire.service-public.gouv.fr/auvergne-rhone-alpes/puy-de-dome/aa95816a-793c-43c9-9014-7d9b4271a5e5,puy-de-dome,Mairie - Saint-Éloy-la-Glacière,collectivite_administration,mairie collectivite,1
https://lannuaire.service-public.gouv.fr/auvergne-rhone-alpes/puy-de-dome/aaa9ee5d-9c03-46db-b037-610361839115,puy-de-dome,Mairie - Chassagne,collectivite_administration,mairie collectivite,1
https://lannuaire.service-public.gouv.fr/auvergne-rhone-alpes/puy-de-dome/aab22896-5b46-4c4d-bfa0-a2f08b3cc8cf,puy-de-dome,Mission locale pour l'insertion professionnelle et sociale des jeunes (16-25 ans) - Billom,jeunesse_loisirs,mission locale jeunesse insertion,1
https://lannuaire.service-public.gouv.fr/auvergne-rhone-alpes/puy-de-dome/ab712512-2fed-4e89-900b-6bd96e739e83,puy-de-dome,France services - Olliergues (itinérant),collectivite_administration,administration collectivite service public,1
https://lannuaire.service-public.gouv.fr/auvergne-rhone-alpes/puy-de-dome/abc84c97-6092-4d31-90ca-ff3c079c3315,puy-de-dome,Mairie - Saint-Victor-Montvianeix,collectivite_administration,mairie collectivite,1
https://lannuaire.service-public.gouv.fr/auvergne-rhone-alpes/puy-de-dome/abd4ac12-66d7-44b6-905f-b9991d252c6f,puy-de-dome,Mairie déléguée - Dallet,collectivite_administration,mairie collectivite,1
https://lannuaire.service-public.gouv.fr/auvergne-rhone-alpes/puy-de-dome/ace7fa0c-4162-4e0e-ac6e-4e8b29631bf0,puy-de-dome,Service départemental d'incendie et de secours (SDIS) - Puy-de-Dôme,collectivite_administration,administration collectivite service public,1
https://lannuaire.service-public.gouv.fr/auvergne-rhone-alpes/puy-de-dome/acfe65ee-0f4f-4939-b628-0969a69376bd,puy-de-dome,France services - Volvic,collectivite_administration,administration collectivite service public,1
https://lannuaire.service-public.gouv.fr/auvergne-rhone-alpes/puy-de-dome/ad3cb403-cf6b-481f-8699-935647f05c71,puy-de-dome,France services - Saint-Éloy-les-Mines,collectivite_administration,administration collectivite service public,1
https://lannuaire.service-public.gouv.fr/auvergne-rhone-alpes/puy-de-dome/ad4a8a08-23b6-4603-87e0-dd8f989775c0,puy-de-dome,Sous-préfecture - Issoire,collectivite_administration,administration collectivite service public,1
https://lannuaire.service-public.gouv.fr/auvergne-rhone-alpes/puy-de-dome/ad8cd836-0467-44fb-8557-64d9cbb1cb36,puy-de-dome,Mairie - Coudes,collectivite_administration,mairie collectivite,1
https://lannuaire.service-public.gouv.fr/auvergne-rhone-alpes/puy-de-dome/adb72cc9-2841-46e7-9559-f7af3d3b50a6,puy-de-dome,Mairie - Augerolles,collectivite_administration,mairie collectivite,1
https://lannuaire.service-public.gouv.fr/auvergne-rhone-alpes/puy-de-dome/ade8000b-ab0f-4e66-917a-2269b00b43b5,puy-de-dome,Centre communal d'action sociale (CCAS) - Lempdes,collectivite_administration,mairie collectivite,1
https://lannuaire.service-public.gouv.fr/auvergne-rhone-alpes/puy-de-dome/ae7a5160-6598-40fd-8dd7-1af04e979b5f,puy-de-dome,Mairie - Servant,collectivite_administration,mairie collectivite,1
https://lannuaire.service-public.gouv.fr/auvergne-rhone-alpes/puy-de-dome/afde670b-1656-44fb-95d4-cd9c9e49b24d,puy-de-dome,Mairie - Saint-Sauveur-la-Sagne,collectivite_administration,mairie collectivite,1
https://lannuaire.service-public.gouv.fr/auvergne-rhone-alpes/puy-de-dome/aff86351-6891-4723-bef1-56b688f64e40,puy-de-dome,Mairie - Saint-Bonnet-près-Riom,collectivite_administration,mairie collectivite,1
https://lannuaire.service-public.gouv.fr/auvergne-rhone-alpes/puy-de-dome/b0aa52ef-41b4-461b-8c3d-9b3baeb96bfb,puy-de-dome,Mairie - Blanzat,collectivite_administration,mairie collectivite,1
https://lannuaire.service-public.gouv.fr/auvergne-rhone-alpes/puy-de-dome/b0ae774d-916e-4836-a86a-2137b3d438df,puy-de-dome,Centre communal d'action sociale (CCAS) - Aubière,collectivite_administration,administration collectivite service public,1
https://lannuaire.service-public.gouv.fr/auvergne-rhone-alpes/puy-de-dome/b0c23301-bb65-4f0a-915f-fdfdb3024956,puy-de-dome,"Chambre interdépartementale des notaires - Allier, Cantal, Haute-Loire et Puy-de-Dôme",collectivite_administration,administration collectivite service public,1
https://lannuaire.service-public.gouv.fr/auvergne-rhone-alpes/puy-de-dome/b0e4b277-7c08-4a01-a145-40aad728369b,puy-de-dome,Mairie - Châteauneuf-les-Bains,collectivite_administration,mairie collectivite,1
https://lannuaire.service-public.gouv.fr/auvergne-rhone-alpes/puy-de-dome/b1362332-2c99-48d9-b150-9edb13c3624b,puy-de-dome,France services - Manzat,collectivite_administration,administration collectivite service public,1
https://lannuaire.service-public.gouv.fr/auvergne-rhone-alpes/puy-de-dome/b1473c04-ce8b-4ace-8f41-015e409db225,puy-de-dome,Mairie - Bagnols,collectivite_administration,mairie collectivite,1
https://lannuaire.service-public.gouv.fr/auvergne-rhone-alpes/puy-de-dome/b2720bd9-10e6-40c3-94c7-730ee58e3a44,puy-de-dome,Centre communal d'action sociale (CCAS) - Châteaugay,collectivite_administration,mairie collectivite,1
https://lannuaire.service-public.gouv.fr/auvergne-rhone-alpes/puy-de-dome/b30f259f-ae5b-4233-a008-baf88869ed87,puy-de-dome,Mairie - Augnat,collectivite_administration,mairie collectivite,1
https://lannuaire.service-public.gouv.fr/auvergne-rhone-alpes/puy-de-dome/b315457d-3c08-4faf-ae2b-d81916d5723f,puy-de-dome,Mairie - La Chapelle-Marcousse,collectivite_administration,mairie collectivite,1
https://lannuaire.service-public.gouv.fr/auvergne-rhone-alpes/puy-de-dome/b35896eb-56b8-444d-8cd8-b3476ce85e46,puy-de-dome,Groupement de gendarmerie départementale - Puy-de-Dôme,collectivite_administration,administration collectivite service public,1
https://lannuaire.service-public.gouv.fr/auvergne-rhone-alpes/puy-de-dome/b3b084e6-7488-45b6-9232-ce4433d0fa6a,puy-de-dome,Mairie - Menat,collectivite_administration,mairie collectivite,1
https://lannuaire.service-public.gouv.fr/auvergne-rhone-alpes/puy-de-dome/b3de19c0-9b64-40f9-89d0-a3f57d521d45,puy-de-dome,Point conseil budget - Union départementale des associations familiales (UDAF 63) - Herment,collectivite_administration,administration collectivite service public,1
https://lannuaire.service-public.gouv.fr/auvergne-rhone-alpes/puy-de-dome/b41172ac-31e0-4d35-ace5-c59323359f4b,puy-de-dome,Mission locale pour l'insertion professionnelle et sociale des jeunes (16-25 ans) - Thiers,jeunesse_loisirs,mission locale jeunesse insertion,1
https://lannuaire.service-public.gouv.fr/auvergne-rhone-alpes/puy-de-dome/b45bfb83-455e-4873-a60f-13a4c46f821f,puy-de-dome,Centre communal d'action sociale (CCAS) - Vic-le-Comte,collectivite_administration,mairie collectivite,1
https://lannuaire.service-public.gouv.fr/auvergne-rhone-alpes/puy-de-dome/b49470c4-1c67-4b1b-8a57-8766816e88a7,puy-de-dome,Mairie - Crevant-Laveine,collectivite_administration,mairie collectivite,1
https://lannuaire.service-public.gouv.fr/auvergne-rhone-alpes/puy-de-dome/b4a57124-8c7b-40e4-b435-5578dd1b14da,puy-de-dome,Mairie - Solignat,collectivite_administration,mairie collectivite,1
https://lannuaire.service-public.gouv.fr/auvergne-rhone-alpes/puy-de-dome/b4ebcd10-8a2b-4eb7-a532-fdd73040df39,puy-de-dome,Mairie - Mareugheol,collectivite_administration,mairie collectivite,1
https://lannuaire.service-public.gouv.fr/auvergne-rhone-alpes/puy-de-dome/b52c489d-e0df-4301-b391-f37729fde3ae,puy-de-dome,Tribunal de proximité de Riom,collectivite_administration,administration collectivite service public,1
https://lannuaire.service-public.gouv.fr/auvergne-rhone-alpes/puy-de-dome/b59599ea-ccca-46da-a168-e9a919f18d67,puy-de-dome,Mairie - Échandelys,collectivite_administration,mairie collectivite,1
https://lannuaire.service-public.gouv.fr/auvergne-rhone-alpes/puy-de-dome/b633a320-182f-451f-88e9-f2ca86700044,puy-de-dome,Mairie - La Goutelle,collectivite_administration,mairie collectivite,1
https://lannuaire.service-public.gouv.fr/auvergne-rhone-alpes/puy-de-dome/b6fcda31-d907-4dde-8967-81d250337316,puy-de-dome,Mairie - Sainte-Christine,collectivite_administration,mairie collectivite,1
https://lannuaire.service-public.gouv.fr/auvergne-rhone-alpes/puy-de-dome/b77cd000-6584-4fad-b341-5b59409aca46,puy-de-dome,Parc naturel régional - Livradois-Forez,collectivite_administration,administration collectivite service public,1
https://lannuaire.service-public.gouv.fr/auvergne-rhone-alpes/puy-de-dome/b78cbc20-0671-4433-a5d5-43d2e38eb83c,puy-de-dome,Mairie - Briffons,collectivite_administration,mairie collectivite,1
https://lannuaire.service-public.gouv.fr/auvergne-rhone-alpes/puy-de-dome/b7c0d060-b5e2-4328-8c3c-5502d3a7fbd3,puy-de-dome,Police municipale - La Roche-Blanche,collectivite_administration,mairie collectivite,1
https://lannuaire.service-public.gouv.fr/auvergne-rhone-alpes/puy-de-dome/b8420e81-d6f6-4ada-b025-e7ade7bf619d,puy-de-dome,Mairie - Labessette,collectivite_administration,mairie collectivite,1
https://lannuaire.service-public.gouv.fr/auvergne-rhone-alpes/puy-de-dome/b8434568-208e-4f78-88e2-ea6d6e9a3d1a,puy-de-dome,Mairie - Sauvagnat,collectivite_administration,mairie collectivite,1
https://lannuaire.service-public.gouv.fr/auvergne-rhone-alpes/puy-de-dome/b851a029-9eed-4281-91aa-3568078c8328,puy-de-dome,Mairie - Larodde,collectivite_administration,mairie collectivite,1
https://lannuaire.service-public.gouv.fr/auvergne-rhone-alpes/puy-de-dome/b8a97da4-0a5c-4689-81ba-cd49ec9a2aac,puy-de-dome,Mairie - Cunlhat,collectivite_administration,mairie collectivite,1
https://lannuaire.service-public.gouv.fr/auvergne-rhone-alpes/puy-de-dome/b9206ec1-cff9-40c3-aa50-34ac731839c7,puy-de-dome,Mairie - Saint-Sulpice,collectivite_administration,mairie collectivite,1
https://lannuaire.service-public.gouv.fr/auvergne-rhone-alpes/puy-de-dome/b9295536-d66a-45ad-8952-bb5d549d01d9,puy-de-dome,Communauté d'agglomération - Agglo Pays d'Issoire (API),collectivite_administration,administration collectivite service public,1
https://lannuaire.service-public.gouv.fr/auvergne-rhone-alpes/puy-de-dome/b9d155c6-8776-4871-b28f-7a96497c461c,puy-de-dome,Mairie - Esteil,collectivite_administration,mairie collectivite,1
https://lannuaire.service-public.gouv.fr/auvergne-rhone-alpes/puy-de-dome/bb070dbb-4544-4979-9a7c-fd73074f479c,puy-de-dome,Mairie - Grandval,collectivite_administration,mairie collectivite,1
https://lannuaire.service-public.gouv.fr/auvergne-rhone-alpes/puy-de-dome/bb0a8db9-229f-4f51-8b64-34bbea91d8d2,puy-de-dome,Mairie - Buxières-sous-Montaigut,collectivite_administration,mairie collectivite,1
https://lannuaire.service-public.gouv.fr/auvergne-rhone-alpes/puy-de-dome/bb95fbfd-8cd2-4f5a-a0c9-c0cb7a74711d,puy-de-dome,Mairie - Sauvagnat-Sainte-Marthe,collectivite_administration,mairie collectivite,1
https://lannuaire.service-public.gouv.fr/auvergne-rhone-alpes/puy-de-dome/bbe64510-1150-4912-84ad-6a8baf16e861,puy-de-dome,Délégation militaire départementale (DMD) - Puy-de-Dôme,collectivite_administration,administration collectivite service public,1
https://lannuaire.service-public.gouv.fr/auvergne-rhone-alpes/puy-de-dome/bc3d519f-ce2b-474d-8e0a-b0c2b5d4aade,puy-de-dome,Mairie - Cournon-d'Auvergne,collectivite_administration,mairie collectivite,1
https://lannuaire.service-public.gouv.fr/auvergne-rhone-alpes/puy-de-dome/bc616b1a-9f6e-4552-add2-0fcbb99b9ab6,puy-de-dome,Mairie - Moriat,collectivite_administration,mairie collectivite,1
https://lannuaire.service-public.gouv.fr/auvergne-rhone-alpes/puy-de-dome/bd2bb918-5a6c-476c-8406-68e2c1b8d8f8,puy-de-dome,Mairie - Limons,collectivite_administration,mairie collectivite,1
https://lannuaire.service-public.gouv.fr/auvergne-rhone-alpes/puy-de-dome/bd6b3c8a-5c10-4e2f-a025-5908483e9e6a,puy-de-dome,Mairie - Grandrif,collectivite_administration,mairie collectivite,1
https://lannuaire.service-public.gouv.fr/auvergne-rhone-alpes/puy-de-dome/bdab95c9-a989-48af-8a8d-efddd5908224,puy-de-dome,Mairie - Perpezat,collectivite_administration,mairie collectivite,1
https://lannuaire.service-public.gouv.fr/auvergne-rhone-alpes/puy-de-dome/bdc5506c-7886-46b0-9853-8436b7675751,puy-de-dome,Mairie - Tallende,collectivite_administration,mairie collectivite,1
https://lannuaire.service-public.gouv.fr/auvergne-rhone-alpes/puy-de-dome/be3388bb-ed18-4dd8-9d75-ee5466e6d3e9,puy-de-dome,Mairie - Saint-Julien-Puy-Lavèze,collectivite_administration,mairie collectivite,1
https://lannuaire.service-public.gouv.fr/auvergne-rhone-alpes/puy-de-dome/be5d846c-c17e-4040-8488-6bdf7f6651a8,puy-de-dome,Mairie - Saint-Rémy-de-Chargnat,collectivite_administration,mairie collectivite,1
https://lannuaire.service-public.gouv.fr/auvergne-rhone-alpes/puy-de-dome/be62467d-1faf-49d7-965a-223c242a49be,puy-de-dome,Mairie - Saint-Germain-près-Herment,collectivite_administration,mairie collectivite,1
https://lannuaire.service-public.gouv.fr/auvergne-rhone-alpes/puy-de-dome/beb8cf70-3030-4d31-aa3b-eae4db728968,puy-de-dome,Secrétariat général commun départemental - Puy-de-Dôme,collectivite_administration,administration collectivite service public,1
https://lannuaire.service-public.gouv.fr/auvergne-rhone-alpes/puy-de-dome/bf04a4eb-abf3-44f5-82e8-0e57696406c7,puy-de-dome,Mairie - Montaigut-le-Blanc,collectivite_administration,mairie collectivite,1
https://lannuaire.service-public.gouv.fr/auvergne-rhone-alpes/puy-de-dome/c071b20a-e22a-4e2e-901d-357a987f07fe,puy-de-dome,Mairie - Sayat,collectivite_administration,mairie collectivite,1
https://lannuaire.service-public.gouv.fr/auvergne-rhone-alpes/puy-de-dome/c0a36a19-af0b-4c9e-8048-f0cee30594f5,puy-de-dome,Mairie - Manglieu,collectivite_administration,mairie collectivite,1
https://lannuaire.service-public.gouv.fr/auvergne-rhone-alpes/puy-de-dome/c109728b-d82b-403c-86cb-754d6965039e,puy-de-dome,Communauté de communes - Entre Dore et Allier,collectivite_administration,administration collectivite service public,1
https://lannuaire.service-public.gouv.fr/auvergne-rhone-alpes/puy-de-dome/c1548aec-75fa-4f62-bba3-a19ad364f749,puy-de-dome,Centre communal d'action sociale (CCAS) - Sauxillanges,collectivite_administration,mairie collectivite,1
https://lannuaire.service-public.gouv.fr/auvergne-rhone-alpes/puy-de-dome/c23f85bd-e190-4205-983b-3d280edb267e,puy-de-dome,Agence régionale de santé (ARS) - Délégation départementale - Puy-de-Dôme,collectivite_administration,administration collectivite service public,1
https://lannuaire.service-public.gouv.fr/auvergne-rhone-alpes/puy-de-dome/c266da63-e83b-41c7-98a4-30d030640a6b,puy-de-dome,Mairie - Collanges,collectivite_administration,mairie collectivite,1
https://lannuaire.service-public.gouv.fr/auvergne-rhone-alpes/puy-de-dome/c2996c6e-fd6f-42fe-984f-57f3d54aa2d2,puy-de-dome,Mairie - Viverols,collectivite_administration,mairie collectivite,1
https://lannuaire.service-public.gouv.fr/auvergne-rhone-alpes/puy-de-dome/c31b3f59-7c32-420f-8571-02264810a780,puy-de-dome,Mission locale pour l'insertion professionnelle et sociale des jeunes (16-25 ans) - Riom,jeunesse_loisirs,mission locale jeunesse insertion,1
https://lannuaire.service-public.gouv.fr/auvergne-rhone-alpes/puy-de-dome/c49a3ce0-4f9f-4918-9553-c627d9b7dbe0,puy-de-dome,Mairie - Sugères,collectivite_administration,mairie collectivite,1
https://lannuaire.service-public.gouv.fr/auvergne-rhone-alpes/puy-de-dome/c4e14bcc-1c4d-47b2-af64-a1dc29b08b36,puy-de-dome,Mairie - Vergheas,collectivite_administration,mairie collectivite,1
https://lannuaire.service-public.gouv.fr/auvergne-rhone-alpes/puy-de-dome/c4f0bbd7-0cbc-4a13-bb63-37e57c1b7671,puy-de-dome,Mairie - Lempdes,collectivite_administration,mairie collectivite,1
https://lannuaire.service-public.gouv.fr/auvergne-rhone-alpes/puy-de-dome/c53b0361-48b2-4b2b-a982-14d65c55a646,puy-de-dome,Communauté de communes - Massif du Sancy,collectivite_administration,administration collectivite service public,1
https://lannuaire.service-public.gouv.fr/auvergne-rhone-alpes/puy-de-dome/c567beda-0b9c-4586-9e76-772b3895bd17,puy-de-dome,Mairie - Saint-Hilaire-de-Pionsat,collectivite_administration,mairie collectivite,1
https://lannuaire.service-public.gouv.fr/auvergne-rhone-alpes/puy-de-dome/c657a587-33ff-4499-99aa-9bcac89c731a,puy-de-dome,Point-justice en France services de Giat,collectivite_administration,administration collectivite service public,1
https://lannuaire.service-public.gouv.fr/auvergne-rhone-alpes/puy-de-dome/c65f4e58-7d7e-421d-bc4b-966b509de680,puy-de-dome,Mairie - Chavaroux,collectivite_administration,mairie collectivite,1
https://lannuaire.service-public.gouv.fr/auvergne-rhone-alpes/puy-de-dome/c6c23ce8-98e0-4492-84a8-b5eebaec11d9,puy-de-dome,Mairie - Bansat,collectivite_administration,mairie collectivite,1
https://lannuaire.service-public.gouv.fr/auvergne-rhone-alpes/puy-de-dome/c6e044a7-8f64-4751-8cac-1b9c6082451b,puy-de-dome,Relais Autonomie - CLIC Senior-Montagne,collectivite_administration,administration collectivite service public,1
https://lannuaire.service-public.gouv.fr/auvergne-rhone-alpes/puy-de-dome/c6ee9acc-e0fc-468c-b415-2390db533a69,puy-de-dome,Mairie - Saint-Beauzire,collectivite_administration,mairie collectivite,1
https://lannuaire.service-public.gouv.fr/auvergne-rhone-alpes/puy-de-dome/c80fd0f9-3e42-4c03-8097-96c02461cae9,puy-de-dome,Mairie - Loubeyrat,collectivite_administration,mairie collectivite,1
https://lannuaire.service-public.gouv.fr/auvergne-rhone-alpes/puy-de-dome/c89fc11d-dbac-4210-b87f-277e5882d9b1,puy-de-dome,Mairie - Ceyssat,collectivite_administration,mairie collectivite,1
https://lannuaire.service-public.gouv.fr/auvergne-rhone-alpes/puy-de-dome/c8da3dd5-f203-4fe8-9cd4-d08cb9f0bd20,puy-de-dome,Mairie - Saint-Germain-Lembron,collectivite_administration,mairie collectivite,1
https://lannuaire.service-public.gouv.fr/auvergne-rhone-alpes/puy-de-dome/c9742e69-0a6b-4348-9fbd-8daeb95206e7,puy-de-dome,Service de gestion comptable (SGC) - Ambert,collectivite_administration,administration collectivite service public,1
https://lannuaire.service-public.gouv.fr/auvergne-rhone-alpes/puy-de-dome/c9a96346-55e3-40b9-9434-dec5511af174,puy-de-dome,Mairie - Espinchal,collectivite_administration,mairie collectivite,1
https://lannuaire.service-public.gouv.fr/auvergne-rhone-alpes/puy-de-dome/c9c79594-5013-4125-a60f-6d93069e5933,puy-de-dome,Mairie - Aydat,collectivite_administration,mairie collectivite,1
https://lannuaire.service-public.gouv.fr/auvergne-rhone-alpes/puy-de-dome/ca5c28ef-a663-4fdf-809f-c93e515d68a1,puy-de-dome,Centre intercommunal d'action sociale (CIAS) de Riom Limagne et Volcans,collectivite_administration,administration collectivite service public,1
https://lannuaire.service-public.gouv.fr/auvergne-rhone-alpes/puy-de-dome/cb4fffe9-10ca-443e-b8f4-7e1ea1b63a03,puy-de-dome,Mairie - Aix-la-Fayette,collectivite_administration,mairie collectivite,1
https://lannuaire.service-public.gouv.fr/auvergne-rhone-alpes/puy-de-dome/cb691346-866f-4356-b3e3-e08b6b33ee15,puy-de-dome,Relais Autonomie - CLIC Riom-Limagne-Combrailles,collectivite_administration,administration collectivite service public,1
https://lannuaire.service-public.gouv.fr/auvergne-rhone-alpes/puy-de-dome/cf0ffd73-ff50-4b28-b25e-1a1ad8f526d9,puy-de-dome,Délégué départemental à la vie associative (DDVA) - Puy-de-Dôme,collectivite_administration,administration collectivite service public,1
https://lannuaire.service-public.gouv.fr/auvergne-rhone-alpes/puy-de-dome/cf957382-cf58-49e4-b6d0-08ccf9729f77,puy-de-dome,Mairie - Antoingt,collectivite_administration,mairie collectivite,1
https://lannuaire.service-public.gouv.fr/auvergne-rhone-alpes/puy-de-dome/d02526b4-0604-42f3-8eb4-c146c35e157c,puy-de-dome,Centre intercommunal d'action sociale (CIAS) du Pays Saint-Éloy,collectivite_administration,administration collectivite service public,1
https://lannuaire.service-public.gouv.fr/auvergne-rhone-alpes/puy-de-dome/d0880afd-6203-447d-910d-813fc78b4728,puy-de-dome,Mairie - Saint-Georges-de-Mons,collectivite_administration,mairie collectivite,1
https://lannuaire.service-public.gouv.fr/auvergne-rhone-alpes/puy-de-dome/d143968c-affd-48d4-a275-530b1655efde,puy-de-dome,Mairie - Villeneuve-les-Cerfs,collectivite_administration,mairie collectivite,1
https://lannuaire.service-public.gouv.fr/auvergne-rhone-alpes/puy-de-dome/d14aa3ef-6f61-4f1a-88d9-56e7a6d13fae,puy-de-dome,Point-justice du CCAS de Clermont-Ferrand,collectivite_administration,administration collectivite service public,1
https://lannuaire.service-public.gouv.fr/auvergne-rhone-alpes/puy-de-dome/d15edb04-13e1-4104-833c-13a0d0531af1,puy-de-dome,Mairie - Chas,collectivite_administration,mairie collectivite,1
https://lannuaire.service-public.gouv.fr/auvergne-rhone-alpes/puy-de-dome/d1f14ebf-7cc3-4307-a9a9-c470cf3277e1,puy-de-dome,Mairie - Peslières,collectivite_administration,mairie collectivite,1
https://lannuaire.service-public.gouv.fr/auvergne-rhone-alpes/puy-de-dome/d216b03a-a8fe-46e1-8987-c249f8c1609d,puy-de-dome,Communauté de communes - Chavanon Combrailles et Volcans,collectivite_administration,administration collectivite service public,1
https://lannuaire.service-public.gouv.fr/auvergne-rhone-alpes/puy-de-dome/d22e0cfb-3e4b-4dd3-9e34-a6d38bf00e27,puy-de-dome,Mairie - Saint-Genès-Champespe,collectivite_administration,mairie collectivite,1
https://lannuaire.service-public.gouv.fr/auvergne-rhone-alpes/puy-de-dome/d2aae1b0-8d73-44e7-9b50-5b2411bc5094,puy-de-dome,Mairie - Saint-Georges-sur-Allier,collectivite_administration,mairie collectivite,1
https://lannuaire.service-public.gouv.fr/auvergne-rhone-alpes/puy-de-dome/d329c634-5cd0-4749-b624-40bd4b22f5a1,puy-de-dome,Centre communal d'action sociale (CCAS) - Champeix,collectivite_administration,administration collectivite service public,1
https://lannuaire.service-public.gouv.fr/auvergne-rhone-alpes/puy-de-dome/d3889b0a-f4df-4ede-bd52-0a34e4b915ad,puy-de-dome,Mairie - Charbonnières-les-Vieilles,collectivite_administration,mairie collectivite,1
https://lannuaire.service-public.gouv.fr/auvergne-rhone-alpes/puy-de-dome/d38b685e-4939-4dba-b089-f1abdfbb1e5d,puy-de-dome,France services - Billom,collectivite_administration,administration collectivite service public,1
https://lannuaire.service-public.gouv.fr/auvergne-rhone-alpes/puy-de-dome/d414127b-4544-4b21-8cc2-13faaae73544,puy-de-dome,Mairie - Aulhat-Flat,collectivite_administration,mairie collectivite,1
https://lannuaire.service-public.gouv.fr/auvergne-rhone-alpes/puy-de-dome/d47160b6-14fe-4c44-8c69-58fea7624e78,puy-de-dome,France services - Luzillat,collectivite_administration,administration collectivite service public,1
https://lannuaire.service-public.gouv.fr/auvergne-rhone-alpes/puy-de-dome/d49638b4-5a69-49d1-97f3-32c1753d6c76,puy-de-dome,Aist - La prévention active - Clermont-Ferrand,collectivite_administration,administration collectivite service public,1
https://lannuaire.service-public.gouv.fr/auvergne-rhone-alpes/puy-de-dome/d4d3a7ad-0e83-4c20-9768-d1118fb20a27,puy-de-dome,Mairie - Bulhon,collectivite_administration,mairie collectivite,1
https://lannuaire.service-public.gouv.fr/auvergne-rhone-alpes/puy-de-dome/d58366c4-e957-4abc-989b-d0da32124915,puy-de-dome,Mairie - Malintrat,collectivite_administration,mairie collectivite,1
https://lannuaire.service-public.gouv.fr/auvergne-rhone-alpes/puy-de-dome/d5e5794c-7f68-4ef3-9c93-55b13676697c,puy-de-dome,Mairie - Ambert,collectivite_administration,mairie collectivite,1
https://lannuaire.service-public.gouv.fr/auvergne-rhone-alpes/puy-de-dome/d6476518-bd1d-4994-bcc7-96406194d586,puy-de-dome,Mairie - Espirat,collectivite_administration,mairie collectivite,1
https://lannuaire.service-public.gouv.fr/auvergne-rhone-alpes/puy-de-dome/d65b39c0-409b-4cb0-9bb4-3cc73c9eeba9,puy-de-dome,Relais Autonomie - CLIC Livradois Forez,collectivite_administration,administration collectivite service public,1
https://lannuaire.service-public.gouv.fr/auvergne-rhone-alpes/puy-de-dome/d6805fed-62af-4ffe-b9ad-73ff62b37181,puy-de-dome,Centre de gestion de la fonction publique territoriale - Puy-de-Dôme,collectivite_administration,administration collectivite service public,1
https://lannuaire.service-public.gouv.fr/auvergne-rhone-alpes/puy-de-dome/d680b20f-1fd4-4b8a-9338-a32f3a329344,puy-de-dome,Mairie - Charbonnières-les-Varennes,collectivite_administration,mairie collectivite,1
https://lannuaire.service-public.gouv.fr/auvergne-rhone-alpes/puy-de-dome/d6fdd0bb-c5a8-47b3-8d6c-e4729022a01b,puy-de-dome,Ordre des avocats - Barreau de Clermont-Ferrand,collectivite_administration,administration collectivite service public,1
https://lannuaire.service-public.gouv.fr/auvergne-rhone-alpes/puy-de-dome/d7798718-093a-46f6-95e3-14dd1e5692d7,puy-de-dome,Maison des solidarités de Thiers,structure,maison france services,1
https://lannuaire.service-public.gouv.fr/auvergne-rhone-alpes/puy-de-dome/d7c356d5-74ff-40b3-9509-c42d263700da,puy-de-dome,Cap emploi - Puy-de-Dôme,collectivite_administration,administration collectivite service public,1
https://lannuaire.service-public.gouv.fr/auvergne-rhone-alpes/puy-de-dome/d7d720c5-99b8-454d-9b15-360a0b7e6256,puy-de-dome,Fédération française du bâtiment (FFB) - Puy-de-Dôme,collectivite_administration,administration collectivite service public,1
https://lannuaire.service-public.gouv.fr/auvergne-rhone-alpes/puy-de-dome/d8482ffb-7ffb-413f-9366-cc911d072fd7,puy-de-dome,Mairie - Marcillat,collectivite_administration,mairie collectivite,1
https://lannuaire.service-public.gouv.fr/auvergne-rhone-alpes/puy-de-dome/d89b9ca9-30bd-4871-b177-326e0a6ad5b0,puy-de-dome,Centre communal d'action sociale (CCAS) - Saint-Germain-l'Herm,collectivite_administration,mairie collectivite,1
https://lannuaire.service-public.gouv.fr/auvergne-rhone-alpes/puy-de-dome/d8a4a09d-89b3-4bea-80d5-a437a3f467b6,puy-de-dome,Direction des services départementaux de l'Éducation nationale (DSDEN) - Puy-de-Dôme,collectivite_administration,administration collectivite service public,1
https://lannuaire.service-public.gouv.fr/auvergne-rhone-alpes/puy-de-dome/d8e66a4a-3b1c-4779-ab3c-27a8cadd5c55,puy-de-dome,Point d'information local dédié aux personnes âgées - Billom,collectivite_administration,administration collectivite service public,1
https://lannuaire.service-public.gouv.fr/auvergne-rhone-alpes/puy-de-dome/d99289e3-2e45-4b9e-9bcf-73a3d3578d5f,puy-de-dome,Mairie - Saint-Pierre-Roche,collectivite_administration,mairie collectivite,1
https://lannuaire.service-public.gouv.fr/auvergne-rhone-alpes/puy-de-dome/d9947931-9587-464d-87c7-49222e72121e,puy-de-dome,Mairie - Trémouille-Saint-Loup,collectivite_administration,mairie collectivite,1
https://lannuaire.service-public.gouv.fr/auvergne-rhone-alpes/puy-de-dome/da4dccc6-e68f-4774-aed8-fdc22097a6db,puy-de-dome,Mairie - Bongheat,collectivite_administration,mairie collectivite,1
https://lannuaire.service-public.gouv.fr/auvergne-rhone-alpes/puy-de-dome/dbfd7c51-27c1-4f68-b86d-9d7edb2aeab4,puy-de-dome,Mairie - Clerlande,collectivite_administration,mairie collectivite,1
https://lannuaire.service-public.gouv.fr/auvergne-rhone-alpes/puy-de-dome/dc52da8a-bd0f-4042-bd45-ec4060ca3dcd,puy-de-dome,Centre intercommunal d'action sociale (CIAS) de Chavanon Combrailles et Volcans,collectivite_administration,administration collectivite service public,1
https://lannuaire.service-public.gouv.fr/auvergne-rhone-alpes/puy-de-dome/dc6d9cfa-18f4-430f-9d3c-7946ad47c13c,puy-de-dome,Mairie - Ardes-sur-Couze,collectivite_administration,mairie collectivite,1
https://lannuaire.service-public.gouv.fr/auvergne-rhone-alpes/puy-de-dome/dc715e21-4ded-4ec3-b4d4-a08bdee808fa,puy-de-dome,Mairie - Les Martres-de-Veyre,collectivite_administration,mairie collectivite,1
https://lannuaire.service-public.gouv.fr/auvergne-rhone-alpes/puy-de-dome/dcc8d402-9f21-49ca-ba29-62327bbb0bb1,puy-de-dome,Mairie - Saint-Dier-d'Auvergne,collectivite_administration,mairie collectivite,1
https://lannuaire.service-public.gouv.fr/auvergne-rhone-alpes/puy-de-dome/dce2627c-c8c3-443c-ab33-fd7fa824e6ad,puy-de-dome,Mairie - Tauves,collectivite_administration,mairie collectivite,1
https://lannuaire.service-public.gouv.fr/auvergne-rhone-alpes/puy-de-dome/dcfb97b2-b474-431a-b9e1-f3ff5b1358a8,puy-de-dome,Mairie - Chapdes-Beaufort,collectivite_administration,mairie collectivite,1
https://lannuaire.service-public.gouv.fr/auvergne-rhone-alpes/puy-de-dome/dd10611f-cd50-44c5-be89-88cddd0b537a,puy-de-dome,Mairie - Paslières,collectivite_administration,mairie collectivite,1
https://lannuaire.service-public.gouv.fr/auvergne-rhone-alpes/puy-de-dome/dd46146a-8f0f-4dea-9264-0d51bf984394,puy-de-dome,France services - Ambert,collectivite_administration,administration collectivite service public,1
https://lannuaire.service-public.gouv.fr/auvergne-rhone-alpes/puy-de-dome/dd6d0cac-ca1f-4698-a230-b06815f2948e,puy-de-dome,Centre d'information sur les droits des femmes et des familles (CIDFF) - Puy-de-Dôme,collectivite_administration,administration collectivite service public,1
https://lannuaire.service-public.gouv.fr/auvergne-rhone-alpes/puy-de-dome/ddb5b973-bd6f-4ee4-b377-f9b1a8914047,puy-de-dome,Centre communal d'action sociale (CCAS) - Saint-Éloy-les-Mines,collectivite_administration,administration collectivite service public,1
https://lannuaire.service-public.gouv.fr/auvergne-rhone-alpes/puy-de-dome/de5a2a73-ccc2-4acd-a1d1-83dc5b967f6a,puy-de-dome,Mairie - Boudes,collectivite_administration,mairie collectivite,1
https://lannuaire.service-public.gouv.fr/auvergne-rhone-alpes/puy-de-dome/de792d25-8b04-4ba5-9bef-d049822bee7a,puy-de-dome,Mairie - Apchat,collectivite_administration,mairie collectivite,1
https://lannuaire.service-public.gouv.fr/auvergne-rhone-alpes/puy-de-dome/deec5d6f-a2b7-45ff-8552-58ad46c8b68c,puy-de-dome,Mairie - Jozerand,collectivite_administration,mairie collectivite,1
https://lannuaire.service-public.gouv.fr/auvergne-rhone-alpes/puy-de-dome/def450d3-8c49-4847-af43-1f286c08e4f4,puy-de-dome,Mairie - Montfermy,collectivite_administration,mairie collectivite,1
https://lannuaire.service-public.gouv.fr/auvergne-rhone-alpes/puy-de-dome/df3e7c63-044a-413d-be81-80c71519aa8c,puy-de-dome,Mairie - Savennes,collectivite_administration,mairie collectivite,1
https://lannuaire.service-public.gouv.fr/auvergne-rhone-alpes/puy-de-dome/df5ec5d0-9663-4ea1-851d-dfb4434d04f8,puy-de-dome,Parc naturel régional - Volcans d'Auvergne,collectivite_administration,administration collectivite service public,1
https://lannuaire.service-public.gouv.fr/auvergne-rhone-alpes/puy-de-dome/df63d73a-92a8-4c27-9453-349117a56898,puy-de-dome,Mairie - Grandeyrolles,collectivite_administration,mairie collectivite,1
https://lannuaire.service-public.gouv.fr/auvergne-rhone-alpes/puy-de-dome/dfd320a2-9983-4cb2-b0c1-245aa743d162,puy-de-dome,Mairie - Saint-Jean-des-Ollières,collectivite_administration,mairie collectivite,1
https://lannuaire.service-public.gouv.fr/auvergne-rhone-alpes/puy-de-dome/e0fc171c-eb41-4fcf-b677-0c68335601f3,puy-de-dome,Mairie - Palladuc,collectivite_administration,mairie collectivite,1
https://lannuaire.service-public.gouv.fr/auvergne-rhone-alpes/puy-de-dome/e2853edb-a82f-4c72-b970-161f6a5d9159,puy-de-dome,Mairie - Mazoires,collectivite_administration,mairie collectivite,1
https://lannuaire.service-public.gouv.fr/auvergne-rhone-alpes/puy-de-dome/e2b29f0b-80a9-43ce-8639-10f8827d7f79,puy-de-dome,Sous-préfecture - Ambert,collectivite_administration,administration collectivite service public,1
https://lannuaire.service-public.gouv.fr/auvergne-rhone-alpes/puy-de-dome/e2c4e494-abd1-428b-bbe1-471bf3d50038,puy-de-dome,Mairie - Clermont-Ferrand,collectivite_administration,mairie collectivite,1
https://lannuaire.service-public.gouv.fr/auvergne-rhone-alpes/puy-de-dome/e3288f0d-f713-404a-91a1-91437286cf73,puy-de-dome,Mairie - Virlet,collectivite_administration,mairie collectivite,1
https://lannuaire.service-public.gouv.fr/auvergne-rhone-alpes/puy-de-dome/e3777bb3-701f-4f66-a909-dc096f739ceb,puy-de-dome,Mairie - Noalhat,collectivite_administration,mairie collectivite,1
https://lannuaire.service-public.gouv.fr/auvergne-rhone-alpes/puy-de-dome/e3bfa0cb-9f7e-4520-a3da-af875277440d,puy-de-dome,Mairie - Murat-le-Quaire,collectivite_administration,mairie collectivite,1
https://lannuaire.service-public.gouv.fr/auvergne-rhone-alpes/puy-de-dome/e41887de-3615-460a-ada9-020e40ee4971,puy-de-dome,Archives départementales - Puy-de-Dôme,collectivite_administration,administration collectivite service public,1
https://lannuaire.service-public.gouv.fr/auvergne-rhone-alpes/puy-de-dome/e4476278-3da9-4b9b-9c25-b5a620ac366e,puy-de-dome,Mairie - Églisolles,collectivite_administration,mairie collectivite,1
https://lannuaire.service-public.gouv.fr/auvergne-rhone-alpes/puy-de-dome/e45497ae-2350-4697-9b2f-cca6699313fe,puy-de-dome,Mairie - Tortebesse,collectivite_administration,mairie collectivite,1
https://lannuaire.service-public.gouv.fr/auvergne-rhone-alpes/puy-de-dome/e48073c3-cb60-40f8-a385-d5a73f380686,puy-de-dome,Centre régional de pharmacovigilance - Clermont-Ferrand,collectivite_administration,administration collectivite service public,1
https://lannuaire.service-public.gouv.fr/auvergne-rhone-alpes/puy-de-dome/e49fc3f0-1fb5-47b4-a3f4-a0e7b9ca9255,puy-de-dome,Mairie - Gimeaux,collectivite_administration,mairie collectivite,1
https://lannuaire.service-public.gouv.fr/auvergne-rhone-alpes/puy-de-dome/e51fe948-c634-4b3a-a591-9094ccbf4890,puy-de-dome,Commissariat de police de Clermont-Ferrand – Secteur Saint-Jacques,cse,administration collectivite service public,1
https://lannuaire.service-public.gouv.fr/auvergne-rhone-alpes/puy-de-dome/e5727966-7f01-48a5-a9cd-59397bd19ca9,puy-de-dome,Mairie - La Godivelle,collectivite_administration,mairie collectivite,1
https://lannuaire.service-public.gouv.fr/auvergne-rhone-alpes/puy-de-dome/e59e6405-b954-4bce-8f4c-dd181f14f232,puy-de-dome,Mairie - Saint-Alyre-ès-Montagne,collectivite_administration,mairie collectivite,1
https://lannuaire.service-public.gouv.fr/auvergne-rhone-alpes/puy-de-dome/e63ff0a8-6df0-4c8d-a2a7-f1d53c272a2f,puy-de-dome,Mairie - Les Ancizes-Comps,collectivite_administration,mairie collectivite,1
https://lannuaire.service-public.gouv.fr/auvergne-rhone-alpes/puy-de-dome/e659981f-c052-4319-b5cc-d98d78a36471,puy-de-dome,Mairie - Égliseneuve-des-Liards,collectivite_administration,mairie collectivite,1
https://lannuaire.service-public.gouv.fr/auvergne-rhone-alpes/puy-de-dome/e6965a92-a797-4867-ab17-0ed9ddf6133e,puy-de-dome,Mairie - Saint-Angel,collectivite_administration,mairie collectivite,1
https://lannuaire.service-public.gouv.fr/auvergne-rhone-alpes/puy-de-dome/e71781ac-271c-4d75-baca-ab7dec3de5cb,puy-de-dome,Mairie - Chambon-sur-Lac,collectivite_administration,mairie collectivite,1
https://lannuaire.service-public.gouv.fr/auvergne-rhone-alpes/puy-de-dome/e7664443-e208-4a66-9e4f-9747d3df7f56,puy-de-dome,Centre communal d'action sociale (CCAS) - Orcines,collectivite_administration,mairie collectivite,1
https://lannuaire.service-public.gouv.fr/auvergne-rhone-alpes/puy-de-dome/e7a771db-4f67-4d9a-b0c1-6f904ffcb1b2,puy-de-dome,France services - Saint-Gervais-d'Auvergne,collectivite_administration,administration collectivite service public,1
https://lannuaire.service-public.gouv.fr/auvergne-rhone-alpes/puy-de-dome/e7b1bad3-83cc-47d6-8897-44c91ccf1a83,puy-de-dome,Plateforme de naturalisation - Auvergne,collectivite_administration,administration collectivite service public,1
https://lannuaire.service-public.gouv.fr/auvergne-rhone-alpes/puy-de-dome/e85a064f-e530-40f5-ae7c-cf0b0f5006b3,puy-de-dome,Mairie - Malauzat,collectivite_administration,mairie collectivite,1
https://lannuaire.service-public.gouv.fr/auvergne-rhone-alpes/puy-de-dome/e8e72983-d5db-44b9-b8f7-981079b15432,puy-de-dome,Mairie - Lempty,collectivite_administration,mairie collectivite,1
https://lannuaire.service-public.gouv.fr/auvergne-rhone-alpes/puy-de-dome/e94383df-6a2a-4e91-b129-1043c53029d6,puy-de-dome,Mairie - Domaize,collectivite_administration,mairie collectivite,1
https://lannuaire.service-public.gouv.fr/auvergne-rhone-alpes/puy-de-dome/e9fc95aa-2908-46bd-aa1a-a8e46f1ad276,puy-de-dome,Mairie - Heume-l'Église,collectivite_administration,mairie collectivite,1
https://lannuaire.service-public.gouv.fr/auvergne-rhone-alpes/puy-de-dome/ea83a7e5-05fa-4fb7-8055-4e461c5a12f8,puy-de-dome,Point d'information local dédié aux personnes âgées - Thiers,collectivite_administration,administration collectivite service public,1
https://lannuaire.service-public.gouv.fr/auvergne-rhone-alpes/puy-de-dome/eafcdbf0-c64d-44c3-aecc-0589c077c0df,puy-de-dome,Mairie - Baffie,collectivite_administration,mairie collectivite,1
https://lannuaire.service-public.gouv.fr/auvergne-rhone-alpes/puy-de-dome/eb31f1ec-f038-4473-b838-d3ffac7c7e19,puy-de-dome,Mairie - Champeix,collectivite_administration,mairie collectivite,1
https://lannuaire.service-public.gouv.fr/auvergne-rhone-alpes/puy-de-dome/ec2078fd-7d33-400f-8863-f61a03a04694,puy-de-dome,Maison des solidarités de Pontaumur,structure,maison france services,1
https://lannuaire.service-public.gouv.fr/auvergne-rhone-alpes/puy-de-dome/ec2dd71e-39d6-4471-9b02-04d6db386151,puy-de-dome,Mairie - Laps,collectivite_administration,mairie collectivite,1
https://lannuaire.service-public.gouv.fr/auvergne-rhone-alpes/puy-de-dome/ec5aae97-9f79-4dba-a5ed-eb8e09b732d2,puy-de-dome,Centre communal d'action sociale (CCAS) - Gerzat,collectivite_administration,administration collectivite service public,1
https://lannuaire.service-public.gouv.fr/auvergne-rhone-alpes/puy-de-dome/ed0bd948-66d3-4a50-8f49-d0ac6d8f84f8,puy-de-dome,Unité départementale de l'architecture et du patrimoine (UDAP) - Puy-de-Dôme,collectivite_administration,administration collectivite service public,1
https://lannuaire.service-public.gouv.fr/auvergne-rhone-alpes/puy-de-dome/ed193acb-49c6-43be-a0e6-55701eb21dba,puy-de-dome,Mairie - Miremont,collectivite_administration,mairie collectivite,1
https://lannuaire.service-public.gouv.fr/auvergne-rhone-alpes/puy-de-dome/ede7a37e-b825-4fd1-9110-ca36f05ce07c,puy-de-dome,Mairie - Varennes-sur-Usson,collectivite_administration,mairie collectivite,1
https://lannuaire.service-public.gouv.fr/auvergne-rhone-alpes/puy-de-dome/ee25d5f9-e709-4454-8f5c-45d4b974855b,puy-de-dome,Communauté de communes - Ambert Livradois Forez,collectivite_administration,administration collectivite service public,1
https://lannuaire.service-public.gouv.fr/auvergne-rhone-alpes/puy-de-dome/ee53655f-90ad-4a5e-bfe0-1644ec794cdd,puy-de-dome,Mairie - Vensat,collectivite_administration,mairie collectivite,1
https://lannuaire.service-public.gouv.fr/auvergne-rhone-alpes/puy-de-dome/ee53f4e1-66df-4a9c-a140-a50fa2740bb0,puy-de-dome,Mairie - Corent,collectivite_administration,mairie collectivite,1
https://lannuaire.service-public.gouv.fr/auvergne-rhone-alpes/puy-de-dome/ee602687-53f7-4c19-811e-3034ff6405bf,puy-de-dome,Mairie - Saint-Quentin-sur-Sauxillanges,collectivite_administration,mairie collectivite,1
https://lannuaire.service-public.gouv.fr/auvergne-rhone-alpes/puy-de-dome/ef416dd6-bda8-45d9-827f-c474da42090b,puy-de-dome,Mairie - Saint-Clément-de-Régnat,collectivite_administration,mairie collectivite,1
https://lannuaire.service-public.gouv.fr/auvergne-rhone-alpes/puy-de-dome/ef50f921-eb90-4019-8176-d10c8186685a,puy-de-dome,Mairie - Puy-Guillaume,collectivite_administration,mairie collectivite,1
https://lannuaire.service-public.gouv.fr/auvergne-rhone-alpes/puy-de-dome/efa05ff2-a4df-4a99-a9a4-9dccc907192d,puy-de-dome,Centre d'information et d'orientation (CIO) - Riom,collectivite_administration,administration collectivite service public,1
https://lannuaire.service-public.gouv.fr/auvergne-rhone-alpes/puy-de-dome/f0d4f5f6-256c-4315-b711-b95f0c5ab13f,puy-de-dome,Mairie - Vitrac,collectivite_administration,mairie collectivite,1
https://lannuaire.service-public.gouv.fr/auvergne-rhone-alpes/puy-de-dome/f0fa3ced-af66-47d2-8aec-9dc18841e9c9,puy-de-dome,Mairie - Prondines,collectivite_administration,mairie collectivite,1
https://lannuaire.service-public.gouv.fr/auvergne-rhone-alpes/puy-de-dome/f221313a-7fca-47be-9e3a-7b2aaf8c4da7,puy-de-dome,Mairie - Saint-Gervais-d'Auvergne,collectivite_administration,mairie collectivite,1
https://lannuaire.service-public.gouv.fr/auvergne-rhone-alpes/puy-de-dome/f268c3ca-5a4d-4f84-823b-25ace893e206,puy-de-dome,Laboratoire départemental d'analyses - Puy-de-Dôme,collectivite_administration,administration collectivite service public,1
https://lannuaire.service-public.gouv.fr/auvergne-rhone-alpes/puy-de-dome/f26d62b5-1537-4446-a217-1392175c0847,puy-de-dome,France services - Saint-Germain-Lembron,collectivite_administration,administration collectivite service public,1
https://lannuaire.service-public.gouv.fr/auvergne-rhone-alpes/puy-de-dome/f27e8900-8074-45ce-97c0-0e2d514192cd,puy-de-dome,Direction interdépartementale de la police nationale (DIPN) - Puy-de-Dôme,collectivite_administration,administration collectivite service public,1
https://lannuaire.service-public.gouv.fr/auvergne-rhone-alpes/puy-de-dome/f2ad1993-a32e-46ab-838c-e172caa20167,puy-de-dome,Mairie - Maringues,collectivite_administration,mairie collectivite,1
https://lannuaire.service-public.gouv.fr/auvergne-rhone-alpes/puy-de-dome/f2e66cd4-e3cb-4da6-9f04-5185eed42dac,puy-de-dome,Mairie - Le Brugeron,collectivite_administration,mairie collectivite,1
https://lannuaire.service-public.gouv.fr/auvergne-rhone-alpes/puy-de-dome/f328a99f-51af-437e-8313-27f24e5621fb,puy-de-dome,"Conseil d'architecture, d'urbanisme et de l'environnement (CAUE) - Puy-de-Dôme",collectivite_administration,administration collectivite service public,1
https://lannuaire.service-public.gouv.fr/auvergne-rhone-alpes/puy-de-dome/f377a5a6-7b3f-4b2d-b939-926a01238b37,puy-de-dome,Mairie - Cisternes-la-Forêt,collectivite_administration,mairie collectivite,1
https://lannuaire.service-public.gouv.fr/auvergne-rhone-alpes/puy-de-dome/f4a1d74d-fca8-47f6-b79e-5f6640ce1ca8,puy-de-dome,France services - Ardes-sur-Couze,collectivite_administration,administration collectivite service public,1
https://lannuaire.service-public.gouv.fr/auvergne-rhone-alpes/puy-de-dome/f58cf609-fc55-4e81-84a8-46ab83b89f48,puy-de-dome,Centre communal d'action sociale (CCAS) - Cébazat,collectivite_administration,administration collectivite service public,1
https://lannuaire.service-public.gouv.fr/auvergne-rhone-alpes/puy-de-dome/f5d87792-3697-4164-876d-2f4a93204fb3,puy-de-dome,Greffe des associations - Puy-de-Dôme (Riom),collectivite_administration,prefecture administration,1
https://lannuaire.service-public.gouv.fr/auvergne-rhone-alpes/puy-de-dome/f64c3c8b-e041-4a78-a534-979401c65c7a,puy-de-dome,Mairie - Tours-sur-Meymont,collectivite_administration,mairie collectivite,1
https://lannuaire.service-public.gouv.fr/auvergne-rhone-alpes/puy-de-dome/f6980a3c-f869-4dde-aa78-38003a33b26d,puy-de-dome,Mairie - Égliseneuve-près-Billom,collectivite_administration,mairie collectivite,1
https://lannuaire.service-public.gouv.fr/auvergne-rhone-alpes/puy-de-dome/f6aaace4-d85d-4ebf-a531-207155921be8,puy-de-dome,Mairie - Saint-Pierre-le-Chastel,collectivite_administration,mairie collectivite,1
https://lannuaire.service-public.gouv.fr/auvergne-rhone-alpes/puy-de-dome/f6f7ad63-1fce-4cd3-af92-86362c71c1bb,puy-de-dome,Mairie - Espinasse,collectivite_administration,mairie collectivite,1
https://lannuaire.service-public.gouv.fr/auvergne-rhone-alpes/puy-de-dome/f6fcdbc9-fe3d-4bac-ad1c-9b04f4a7151c,puy-de-dome,France services - Vic-le-Comte,collectivite_administration,mairie collectivite,1
https://lannuaire.service-public.gouv.fr/auvergne-rhone-alpes/puy-de-dome/f725423c-6fb7-4810-8625-95844ea78d47,puy-de-dome,Mairie - Arlanc,collectivite_administration,mairie collectivite,1
https://lannuaire.service-public.gouv.fr/auvergne-rhone-alpes/puy-de-dome/f7626161-235a-4176-a1a5-2c028ea7bae3,puy-de-dome,Mairie - Dorat,collectivite_administration,mairie collectivite,1
https://lannuaire.service-public.gouv.fr/auvergne-rhone-alpes/puy-de-dome/f7a88e6d-0c10-4eb5-91f1-1f2b6cc26e79,puy-de-dome,Direction territoriale de police judiciaire - Clermont-Ferrand,collectivite_administration,administration collectivite service public,1
https://lannuaire.service-public.gouv.fr/auvergne-rhone-alpes/puy-de-dome/f80bf744-1df4-4bca-b0ba-52d3864f127c,puy-de-dome,Mairie - Saint-Étienne-des-Champs,collectivite_administration,mairie collectivite,1
https://lannuaire.service-public.gouv.fr/auvergne-rhone-alpes/puy-de-dome/f817d1f2-7b6e-4daa-acde-6a6d78db7bd3,puy-de-dome,Mairie - Saint-Maigner,collectivite_administration,mairie collectivite,1
https://lannuaire.service-public.gouv.fr/auvergne-rhone-alpes/puy-de-dome/f926cb3f-0f4c-435b-bd1e-5d7b1f0a19a8,puy-de-dome,Mairie - Montpensier,collectivite_administration,mairie collectivite,1
https://lannuaire.service-public.gouv.fr/auvergne-rhone-alpes/puy-de-dome/f9f17295-1b27-4445-8308-f6fcc15e4554,puy-de-dome,Point conseil budget - Union départementale des associations familiales (UDAF 63) - Pontgibaud,collectivite_administration,administration collectivite service public,1
https://lannuaire.service-public.gouv.fr/auvergne-rhone-alpes/puy-de-dome/fac5384a-3564-46f0-87b5-77b888eb015e,puy-de-dome,Mairie - Néronde-sur-Dore,collectivite_administration,mairie collectivite,1
https://lannuaire.service-public.gouv.fr/auvergne-rhone-alpes/puy-de-dome/fafef1b4-5021-45aa-85db-7e425d6e5440,puy-de-dome,Mairie - Condat-lès-Montboissier,collectivite_administration,mairie collectivite,1
https://lannuaire.service-public.gouv.fr/auvergne-rhone-alpes/puy-de-dome/fb5e2450-080f-429b-a989-0db2c0037606,puy-de-dome,Service de la publicité foncière (SPF) - Clermont-Ferrand,collectivite_administration,administration collectivite service public,1
https://lannuaire.service-public.gouv.fr/auvergne-rhone-alpes/puy-de-dome/fb7ad605-15c8-46d2-bf19-75feeec8b67d,puy-de-dome,Mission locale pour l'insertion professionnelle et sociale des jeunes (16-25 ans) - Ambert,jeunesse_loisirs,mission locale jeunesse insertion,1
https://lannuaire.service-public.gouv.fr/auvergne-rhone-alpes/puy-de-dome/fc8a0852-2650-4db1-b485-3b2a4f2f8b94,puy-de-dome,Mairie - Sallèdes,collectivite_administration,mairie collectivite,1
https://lannuaire.service-public.gouv.fr/auvergne-rhone-alpes/puy-de-dome/fd350db8-f23e-4cd3-a3d8-bab96fb77f49,puy-de-dome,Sous-préfecture - Riom,collectivite_administration,administration collectivite service public,1
https://lannuaire.service-public.gouv.fr/auvergne-rhone-alpes/puy-de-dome/fda32937-5edc-4632-a338-8caf945f7e57,puy-de-dome,Mairie - Teilhet,collectivite_administration,mairie collectivite,1
https://lannuaire.service-public.gouv.fr/auvergne-rhone-alpes/puy-de-dome/fdd94983-958c-4f40-a991-2934a9d31df3,puy-de-dome,Communauté de communes - Billom Communauté,collectivite_administration,administration collectivite service public,1
https://lannuaire.service-public.gouv.fr/auvergne-rhone-alpes/puy-de-dome/fe042174-c137-436e-943d-5b50a30d344e,puy-de-dome,Police municipale - Aulnat,collectivite_administration,administration collectivite service public,1
https://lannuaire.service-public.gouv.fr/auvergne-rhone-alpes/puy-de-dome/fe306783-4de4-464f-84e8-ced5833694da,puy-de-dome,France services - Puy-Guillaume,collectivite_administration,administration collectivite service public,1
https://lannuaire.service-public.gouv.fr/auvergne-rhone-alpes/puy-de-dome/feae7402-388f-4bb6-9867-b9a689d05e80,puy-de-dome,Mairie - Sainte-Catherine-du-Fraisse,collectivite_administration,mairie collectivite,1
https://lannuaire.service-public.gouv.fr/auvergne-rhone-alpes/puy-de-dome/feb5851a-036f-4857-bedc-f9e6e557d16b,puy-de-dome,Point-justice en France services de Pontgibaud,collectivite_administration,administration collectivite service public,1
https://lannuaire.service-public.gouv.fr/auvergne-rhone-alpes/puy-de-dome/fecc20b7-6142-44cb-bcdc-a6bce04c8d4f,puy-de-dome,Mairie - Varennes-sur-Morge,collectivite_administration,mairie collectivite,1
https://lannuaire.service-public.gouv.fr/auvergne-rhone-alpes/puy-de-dome/ff8362ce-3de8-4109-81b0-2d75a73d6e18,puy-de-dome,Mairie - Lastic,collectivite_administration,mairie collectivite,1
https://lannuaire.service-public.gouv.fr/auvergne-rhone-alpes/puy-de-dome/fff6f663-d1e9-43a7-b63a-2ff248ba1436,puy-de-dome,Mairie - Fayet-Ronaye,collectivite_administration,mairie collectivite,1
https://pontaumur.fr/centre-de-loisirs-garderie/,puy-de-dome,Centre de loisirs - Pontaumur,jeunesse_loisirs,ALSH centre de loisirs,2
https://puydedome.franceolympique.com/comites.php,puy-de-dome,CDOS Puy-de-Dome - comites,sport,club sportif,3
https://vollore-ville.fr/association-des-parents-deleves/,puy-de-dome,APE Vollore-Ville,association_parents,association parents eleves,1
https://www.allbiz.fr/association-des-parents-del%C3%A8ves-de_1D-04-73-17-35-27,puy-de-dome,PEEP Puy-de-Dome,association_parents,association parents eleves,1
https://www.allbiz.fr/comit%C3%A9-d%C3%A9partemental-olympique-et_27j-04-73-14-09-61,puy-de-dome,CDOS Puy-de-Dome,sport,CDOS sport,2
https://www.associations.gouv.fr/comite-departemental-olympique-et-sportif-du-puy-de-dome.html,puy-de-dome,CDOS Puy-de-Dome - Associations.gouv.fr,sport,CDOS sport animation | vie associative sport,2
https://www.e2c-puydedome.fr/contact/,puy-de-dome,E2C Puy-de-Dome,jeunesse_loisirs,structure jeunesse insertion,1
https://www.sayat.fr/enfance-et-jeunesse/accueil-de-loisirs-3-18-ans/,puy-de-dome,Accueil de loisirs - Sayat,jeunesse_loisirs,ALSH jeunesse | periscolaire enfance jeunesse,2
https://www.thuret.fr/le-centre-de-loisirs/,puy-de-dome,Accueil de loisirs - Thuret,jeunesse_loisirs,ALSH centre de loisirs | ALSH periscolaire,2
